[rosmaster.main][INFO] 2025-12-04 21:54:29,129: initialization complete, waiting for shutdown
[rosmaster.main][INFO] 2025-12-04 21:54:29,130: Starting ROS Master Node
[xmlrpc][INFO] 2025-12-04 21:54:29,131: XML-RPC server binding to 127.0.0.1:11311
[xmlrpc][INFO] 2025-12-04 21:54:29,131: Started XML-RPC server [http://127.0.0.1:11311/]
[xmlrpc][INFO] 2025-12-04 21:54:29,132: xml rpc node: starting XML-RPC server
[rosmaster.master][INFO] 2025-12-04 21:54:29,131: Master initialized: port[11311], uri[http://127.0.0.1:11311/]
[rosmaster.master][INFO] 2025-12-04 21:54:29,166: +PARAM [/run_id] by /roslaunch
[rosmaster.master][INFO] 2025-12-04 21:54:29,167: +PARAM [/roslaunch/uris/host_127_0_0_1__40033] by /roslaunch
[rosmaster.master][INFO] 2025-12-04 21:54:29,259: +SERVICE [/rosout/get_loggers] /rosout http://127.0.0.1:37845/
[rosmaster.master][INFO] 2025-12-04 21:54:29,272: +PARAM [/rosversion] by /roslaunch
[rosmaster.master][INFO] 2025-12-04 21:54:29,272: +SERVICE [/rosout/set_logger_level] /rosout http://127.0.0.1:37845/
[rosmaster.master][INFO] 2025-12-04 21:54:29,272: +PARAM [/rosdistro] by /roslaunch
[rosmaster.master][INFO] 2025-12-04 21:54:29,273: +PARAM [/use_sim_time] by /roslaunch
[rosmaster.master][INFO] 2025-12-04 21:54:29,273: +PARAM [/pal_robot_info/type] by /roslaunch
[rosmaster.master][INFO] 2025-12-04 21:54:29,273: +PARAM [/pal_robot_info/end_effector] by /roslaunch
[rosmaster.master][INFO] 2025-12-04 21:54:29,273: +PARAM [/pal_robot_info/ft_sensor] by /roslaunch
[rosmaster.master][INFO] 2025-12-04 21:54:29,273: +PARAM [/pal_robot_info/laser_model] by /roslaunch
[rosmaster.master][INFO] 2025-12-04 21:54:29,273: +PARAM [/pal_robot_info/camera_model] by /roslaunch
[rosmaster.master][INFO] 2025-12-04 21:54:29,274: +PARAM [/pal_robot_info/base_type] by /roslaunch
[rosmaster.master][INFO] 2025-12-04 21:54:29,274: +PARAM [/pal_robot_info/arm] by /roslaunch
[rosmaster.master][INFO] 2025-12-04 21:54:29,274: +PARAM [/gains/suspension_left_joint/p] by /roslaunch
[rosmaster.master][INFO] 2025-12-04 21:54:29,274: +PARAM [/gains/suspension_left_joint/d] by /roslaunch
[rosmaster.master][INFO] 2025-12-04 21:54:29,274: +PARAM [/gains/suspension_left_joint/i] by /roslaunch
[rosmaster.master][INFO] 2025-12-04 21:54:29,274: +PARAM [/gains/suspension_left_joint/i_clamp] by /roslaunch
[rosmaster.master][INFO] 2025-12-04 21:54:29,274: +PARAM [/gains/suspension_right_joint/p] by /roslaunch
[rosmaster.master][INFO] 2025-12-04 21:54:29,275: +PARAM [/gains/suspension_right_joint/d] by /roslaunch
[rosmaster.master][INFO] 2025-12-04 21:54:29,275: +PARAM [/gains/suspension_right_joint/i] by /roslaunch
[rosmaster.master][INFO] 2025-12-04 21:54:29,275: +PARAM [/gains/suspension_right_joint/i_clamp] by /roslaunch
[rosmaster.master][INFO] 2025-12-04 21:54:29,275: +PARAM [/gains/torso_lift_joint/p] by /roslaunch
[rosmaster.master][INFO] 2025-12-04 21:54:29,275: +PARAM [/gains/torso_lift_joint/d] by /roslaunch
[rosmaster.master][INFO] 2025-12-04 21:54:29,275: +SUB [/clock] /rosout http://127.0.0.1:37845/
[rosmaster.master][INFO] 2025-12-04 21:54:29,275: +PARAM [/gains/torso_lift_joint/i] by /roslaunch
[rosmaster.master][INFO] 2025-12-04 21:54:29,276: +PARAM [/gains/torso_lift_joint/i_clamp] by /roslaunch
[rosmaster.master][INFO] 2025-12-04 21:54:29,276: +PARAM [/gains/head_1_joint/p] by /roslaunch
[rosmaster.master][INFO] 2025-12-04 21:54:29,276: +PARAM [/gains/head_1_joint/d] by /roslaunch
[rosmaster.master][INFO] 2025-12-04 21:54:29,276: +PARAM [/gains/head_1_joint/i] by /roslaunch
[rosmaster.master][INFO] 2025-12-04 21:54:29,276: +PARAM [/gains/head_1_joint/i_clamp] by /roslaunch
[rosmaster.master][INFO] 2025-12-04 21:54:29,276: +PARAM [/gains/head_2_joint/p] by /roslaunch
[rosmaster.master][INFO] 2025-12-04 21:54:29,276: +PARAM [/gains/head_2_joint/d] by /roslaunch
[rosmaster.master][INFO] 2025-12-04 21:54:29,276: +PARAM [/gains/head_2_joint/i] by /roslaunch
[rosmaster.master][INFO] 2025-12-04 21:54:29,276: +PARAM [/gains/head_2_joint/i_clamp] by /roslaunch
[rosmaster.master][INFO] 2025-12-04 21:54:29,276: +PUB [/rosout_agg] /rosout http://127.0.0.1:37845/
[rosmaster.master][INFO] 2025-12-04 21:54:29,277: +PARAM [/gains/xtion_frame_joint/p] by /roslaunch
[rosmaster.master][INFO] 2025-12-04 21:54:29,277: +PARAM [/gains/xtion_frame_joint/d] by /roslaunch
[rosmaster.master][INFO] 2025-12-04 21:54:29,277: +PARAM [/gains/xtion_frame_joint/i] by /roslaunch
[rosmaster.master][INFO] 2025-12-04 21:54:29,277: +PARAM [/gains/xtion_frame_joint/i_clamp] by /roslaunch
[rosmaster.master][INFO] 2025-12-04 21:54:29,278: +PARAM [/gains/arm_1_joint/p] by /roslaunch
[rosmaster.master][INFO] 2025-12-04 21:54:29,278: +PARAM [/gains/arm_1_joint/d] by /roslaunch
[rosmaster.master][INFO] 2025-12-04 21:54:29,278: +PARAM [/gains/arm_1_joint/i] by /roslaunch
[rosmaster.master][INFO] 2025-12-04 21:54:29,278: +PARAM [/gains/arm_1_joint/i_clamp] by /roslaunch
[rosmaster.master][INFO] 2025-12-04 21:54:29,278: +PARAM [/gains/arm_1_joint/torque_clamp] by /roslaunch
[rosmaster.master][INFO] 2025-12-04 21:54:29,278: +PARAM [/gains/arm_2_joint/p] by /roslaunch
[rosmaster.master][INFO] 2025-12-04 21:54:29,279: +SUB [/rosout] /rosout http://127.0.0.1:37845/
[rosmaster.master][INFO] 2025-12-04 21:54:29,279: +PARAM [/gains/arm_2_joint/d] by /roslaunch
[rosmaster.master][INFO] 2025-12-04 21:54:29,279: +PARAM [/gains/arm_2_joint/i] by /roslaunch
[rosmaster.master][INFO] 2025-12-04 21:54:29,279: +PARAM [/gains/arm_2_joint/i_clamp] by /roslaunch
[rosmaster.master][INFO] 2025-12-04 21:54:29,279: +PARAM [/gains/arm_2_joint/torque_clamp] by /roslaunch
[rosmaster.master][INFO] 2025-12-04 21:54:29,279: +PARAM [/gains/arm_3_joint/p] by /roslaunch
[rosmaster.master][INFO] 2025-12-04 21:54:29,279: +PARAM [/gains/arm_3_joint/d] by /roslaunch
[rosmaster.master][INFO] 2025-12-04 21:54:29,279: +PARAM [/gains/arm_3_joint/i] by /roslaunch
[rosmaster.master][INFO] 2025-12-04 21:54:29,279: +PARAM [/gains/arm_3_joint/i_clamp] by /roslaunch
[rosmaster.master][INFO] 2025-12-04 21:54:29,279: +PARAM [/gains/arm_3_joint/torque_clamp] by /roslaunch
[rosmaster.master][INFO] 2025-12-04 21:54:29,279: +PARAM [/gains/arm_4_joint/p] by /roslaunch
[rosmaster.master][INFO] 2025-12-04 21:54:29,279: +PARAM [/gains/arm_4_joint/d] by /roslaunch
[rosmaster.master][INFO] 2025-12-04 21:54:29,279: +PARAM [/gains/arm_4_joint/i] by /roslaunch
[rosmaster.master][INFO] 2025-12-04 21:54:29,279: +PARAM [/gains/arm_4_joint/i_clamp] by /roslaunch
[rosmaster.master][INFO] 2025-12-04 21:54:29,279: +PARAM [/gains/arm_4_joint/torque_clamp] by /roslaunch
[rosmaster.master][INFO] 2025-12-04 21:54:29,279: +PARAM [/gains/arm_5_joint/p] by /roslaunch
[rosmaster.master][INFO] 2025-12-04 21:54:29,280: +PARAM [/gains/arm_5_joint/d] by /roslaunch
[rosmaster.master][INFO] 2025-12-04 21:54:29,280: +PARAM [/gains/arm_5_joint/i] by /roslaunch
[rosmaster.master][INFO] 2025-12-04 21:54:29,280: +PARAM [/gains/arm_5_joint/i_clamp] by /roslaunch
[rosmaster.master][INFO] 2025-12-04 21:54:29,280: +PARAM [/gains/arm_5_joint/torque_clamp] by /roslaunch
[rosmaster.master][INFO] 2025-12-04 21:54:29,280: +PARAM [/gains/arm_6_joint/p] by /roslaunch
[rosmaster.master][INFO] 2025-12-04 21:54:29,280: +PARAM [/gains/arm_6_joint/d] by /roslaunch
[rosmaster.master][INFO] 2025-12-04 21:54:29,280: +PARAM [/gains/arm_6_joint/i] by /roslaunch
[rosmaster.master][INFO] 2025-12-04 21:54:29,280: +PARAM [/gains/arm_6_joint/i_clamp] by /roslaunch
[rosmaster.master][INFO] 2025-12-04 21:54:29,280: +PARAM [/gains/arm_6_joint/torque_clamp] by /roslaunch
[rosmaster.master][INFO] 2025-12-04 21:54:29,280: +PARAM [/gains/arm_7_joint/p] by /roslaunch
[rosmaster.master][INFO] 2025-12-04 21:54:29,280: +PARAM [/gains/arm_7_joint/d] by /roslaunch
[rosmaster.master][INFO] 2025-12-04 21:54:29,280: +PARAM [/gains/arm_7_joint/i] by /roslaunch
[rosmaster.master][INFO] 2025-12-04 21:54:29,280: +PARAM [/gains/arm_7_joint/i_clamp] by /roslaunch
[rosmaster.master][INFO] 2025-12-04 21:54:29,280: +PARAM [/gains/arm_7_joint/torque_clamp] by /roslaunch
[rosmaster.master][INFO] 2025-12-04 21:54:29,280: +PARAM [/gains/hand_index_joint/p] by /roslaunch
[rosmaster.master][INFO] 2025-12-04 21:54:29,280: +PARAM [/gains/hand_index_joint/d] by /roslaunch
[rosmaster.master][INFO] 2025-12-04 21:54:29,280: +PARAM [/gains/hand_index_joint/i] by /roslaunch
[rosmaster.master][INFO] 2025-12-04 21:54:29,280: +PARAM [/gains/hand_index_joint/i_clamp] by /roslaunch
[rosmaster.master][INFO] 2025-12-04 21:54:29,281: +PARAM [/gains/hand_thumb_joint/p] by /roslaunch
[rosmaster.master][INFO] 2025-12-04 21:54:29,281: +PARAM [/gains/hand_thumb_joint/d] by /roslaunch
[rosmaster.master][INFO] 2025-12-04 21:54:29,281: +PARAM [/gains/hand_thumb_joint/i] by /roslaunch
[rosmaster.master][INFO] 2025-12-04 21:54:29,281: +PARAM [/gains/hand_thumb_joint/i_clamp] by /roslaunch
[rosmaster.master][INFO] 2025-12-04 21:54:29,281: +PARAM [/gains/hand_mrl_joint/p] by /roslaunch
[rosmaster.master][INFO] 2025-12-04 21:54:29,281: +PARAM [/gains/hand_mrl_joint/d] by /roslaunch
[rosmaster.master][INFO] 2025-12-04 21:54:29,281: +PARAM [/gains/hand_mrl_joint/i] by /roslaunch
[rosmaster.master][INFO] 2025-12-04 21:54:29,281: +PARAM [/gains/hand_mrl_joint/i_clamp] by /roslaunch
[rosmaster.master][INFO] 2025-12-04 21:54:29,281: +PARAM [/gains/hand_index_abd_joint/p] by /roslaunch
[rosmaster.master][INFO] 2025-12-04 21:54:29,281: +PARAM [/gains/hand_index_abd_joint/d] by /roslaunch
[rosmaster.master][INFO] 2025-12-04 21:54:29,281: +PARAM [/gains/hand_index_abd_joint/i] by /roslaunch
[rosmaster.master][INFO] 2025-12-04 21:54:29,281: +PARAM [/gains/hand_index_abd_joint/i_clamp] by /roslaunch
[rosmaster.master][INFO] 2025-12-04 21:54:29,281: +PARAM [/gains/hand_index_virtual_1_joint/p] by /roslaunch
[rosmaster.master][INFO] 2025-12-04 21:54:29,281: +PARAM [/gains/hand_index_virtual_1_joint/d] by /roslaunch
[rosmaster.master][INFO] 2025-12-04 21:54:29,281: +PARAM [/gains/hand_index_virtual_1_joint/i] by /roslaunch
[rosmaster.master][INFO] 2025-12-04 21:54:29,281: +PARAM [/gains/hand_index_virtual_1_joint/i_clamp] by /roslaunch
[rosmaster.master][INFO] 2025-12-04 21:54:29,282: +PARAM [/gains/hand_index_virtual_2_joint/p] by /roslaunch
[rosmaster.master][INFO] 2025-12-04 21:54:29,282: +PARAM [/gains/hand_index_virtual_2_joint/d] by /roslaunch
[rosmaster.master][INFO] 2025-12-04 21:54:29,282: +PARAM [/gains/hand_index_virtual_2_joint/i] by /roslaunch
[rosmaster.master][INFO] 2025-12-04 21:54:29,282: +PARAM [/gains/hand_index_virtual_2_joint/i_clamp] by /roslaunch
[rosmaster.master][INFO] 2025-12-04 21:54:29,282: +PARAM [/gains/hand_index_virtual_3_joint/p] by /roslaunch
[rosmaster.master][INFO] 2025-12-04 21:54:29,282: +PARAM [/gains/hand_index_virtual_3_joint/d] by /roslaunch
[rosmaster.master][INFO] 2025-12-04 21:54:29,282: +PARAM [/gains/hand_index_virtual_3_joint/i] by /roslaunch
[rosmaster.master][INFO] 2025-12-04 21:54:29,282: +PARAM [/gains/hand_index_virtual_3_joint/i_clamp] by /roslaunch
[rosmaster.master][INFO] 2025-12-04 21:54:29,282: +PARAM [/gains/hand_index_flex_1_joint/p] by /roslaunch
[rosmaster.master][INFO] 2025-12-04 21:54:29,282: +PARAM [/gains/hand_index_flex_1_joint/d] by /roslaunch
[rosmaster.master][INFO] 2025-12-04 21:54:29,282: +PARAM [/gains/hand_index_flex_1_joint/i] by /roslaunch
[rosmaster.master][INFO] 2025-12-04 21:54:29,282: +PARAM [/gains/hand_index_flex_1_joint/i_clamp] by /roslaunch
[rosmaster.master][INFO] 2025-12-04 21:54:29,282: +PARAM [/gains/hand_index_flex_2_joint/p] by /roslaunch
[rosmaster.master][INFO] 2025-12-04 21:54:29,282: +PARAM [/gains/hand_index_flex_2_joint/d] by /roslaunch
[rosmaster.master][INFO] 2025-12-04 21:54:29,282: +PARAM [/gains/hand_index_flex_2_joint/i] by /roslaunch
[rosmaster.master][INFO] 2025-12-04 21:54:29,282: +PARAM [/gains/hand_index_flex_2_joint/i_clamp] by /roslaunch
[rosmaster.master][INFO] 2025-12-04 21:54:29,282: +PARAM [/gains/hand_index_flex_3_joint/p] by /roslaunch
[rosmaster.master][INFO] 2025-12-04 21:54:29,282: +PARAM [/gains/hand_index_flex_3_joint/d] by /roslaunch
[rosmaster.master][INFO] 2025-12-04 21:54:29,283: +PARAM [/gains/hand_index_flex_3_joint/i] by /roslaunch
[rosmaster.master][INFO] 2025-12-04 21:54:29,283: +PARAM [/gains/hand_index_flex_3_joint/i_clamp] by /roslaunch
[rosmaster.master][INFO] 2025-12-04 21:54:29,283: +PARAM [/gains/hand_little_abd_joint/p] by /roslaunch
[rosmaster.master][INFO] 2025-12-04 21:54:29,283: +PARAM [/gains/hand_little_abd_joint/d] by /roslaunch
[rosmaster.master][INFO] 2025-12-04 21:54:29,283: +PARAM [/gains/hand_little_abd_joint/i] by /roslaunch
[rosmaster.master][INFO] 2025-12-04 21:54:29,283: +PARAM [/gains/hand_little_abd_joint/i_clamp] by /roslaunch
[rosmaster.master][INFO] 2025-12-04 21:54:29,283: +PARAM [/gains/hand_little_virtual_1_joint/p] by /roslaunch
[rosmaster.master][INFO] 2025-12-04 21:54:29,283: +PARAM [/gains/hand_little_virtual_1_joint/d] by /roslaunch
[rosmaster.master][INFO] 2025-12-04 21:54:29,283: +PARAM [/gains/hand_little_virtual_1_joint/i] by /roslaunch
[rosmaster.master][INFO] 2025-12-04 21:54:29,283: +PARAM [/gains/hand_little_virtual_1_joint/i_clamp] by /roslaunch
[rosmaster.master][INFO] 2025-12-04 21:54:29,283: +PARAM [/gains/hand_little_virtual_2_joint/p] by /roslaunch
[rosmaster.master][INFO] 2025-12-04 21:54:29,283: +PARAM [/gains/hand_little_virtual_2_joint/d] by /roslaunch
[rosmaster.master][INFO] 2025-12-04 21:54:29,283: +PARAM [/gains/hand_little_virtual_2_joint/i] by /roslaunch
[rosmaster.master][INFO] 2025-12-04 21:54:29,283: +PARAM [/gains/hand_little_virtual_2_joint/i_clamp] by /roslaunch
[rosmaster.master][INFO] 2025-12-04 21:54:29,283: +PARAM [/gains/hand_little_virtual_3_joint/p] by /roslaunch
[rosmaster.master][INFO] 2025-12-04 21:54:29,283: +PARAM [/gains/hand_little_virtual_3_joint/d] by /roslaunch
[rosmaster.master][INFO] 2025-12-04 21:54:29,283: +PARAM [/gains/hand_little_virtual_3_joint/i] by /roslaunch
[rosmaster.master][INFO] 2025-12-04 21:54:29,284: +PARAM [/gains/hand_little_virtual_3_joint/i_clamp] by /roslaunch
[rosmaster.master][INFO] 2025-12-04 21:54:29,284: +PARAM [/gains/hand_little_flex_1_joint/p] by /roslaunch
[rosmaster.master][INFO] 2025-12-04 21:54:29,284: +PARAM [/gains/hand_little_flex_1_joint/d] by /roslaunch
[rosmaster.master][INFO] 2025-12-04 21:54:29,284: +PARAM [/gains/hand_little_flex_1_joint/i] by /roslaunch
[rosmaster.master][INFO] 2025-12-04 21:54:29,284: +PARAM [/gains/hand_little_flex_1_joint/i_clamp] by /roslaunch
[rosmaster.master][INFO] 2025-12-04 21:54:29,284: +PARAM [/gains/hand_little_flex_2_joint/p] by /roslaunch
[rosmaster.master][INFO] 2025-12-04 21:54:29,284: +PARAM [/gains/hand_little_flex_2_joint/d] by /roslaunch
[rosmaster.master][INFO] 2025-12-04 21:54:29,284: +PARAM [/gains/hand_little_flex_2_joint/i] by /roslaunch
[rosmaster.master][INFO] 2025-12-04 21:54:29,284: +PARAM [/gains/hand_little_flex_2_joint/i_clamp] by /roslaunch
[rosmaster.master][INFO] 2025-12-04 21:54:29,284: +PARAM [/gains/hand_little_flex_3_joint/p] by /roslaunch
[rosmaster.master][INFO] 2025-12-04 21:54:29,284: +PARAM [/gains/hand_little_flex_3_joint/d] by /roslaunch
[rosmaster.master][INFO] 2025-12-04 21:54:29,284: +PARAM [/gains/hand_little_flex_3_joint/i] by /roslaunch
[rosmaster.master][INFO] 2025-12-04 21:54:29,284: +PARAM [/gains/hand_little_flex_3_joint/i_clamp] by /roslaunch
[rosmaster.master][INFO] 2025-12-04 21:54:29,284: +PARAM [/gains/hand_middle_abd_joint/p] by /roslaunch
[rosmaster.master][INFO] 2025-12-04 21:54:29,284: +PARAM [/gains/hand_middle_abd_joint/d] by /roslaunch
[rosmaster.master][INFO] 2025-12-04 21:54:29,284: +PARAM [/gains/hand_middle_abd_joint/i] by /roslaunch
[rosmaster.master][INFO] 2025-12-04 21:54:29,284: +PARAM [/gains/hand_middle_abd_joint/i_clamp] by /roslaunch
[rosmaster.master][INFO] 2025-12-04 21:54:29,284: +PARAM [/gains/hand_middle_virtual_1_joint/p] by /roslaunch
[rosmaster.master][INFO] 2025-12-04 21:54:29,285: +PARAM [/gains/hand_middle_virtual_1_joint/d] by /roslaunch
[rosmaster.master][INFO] 2025-12-04 21:54:29,285: +PARAM [/gains/hand_middle_virtual_1_joint/i] by /roslaunch
[rosmaster.master][INFO] 2025-12-04 21:54:29,285: +PARAM [/gains/hand_middle_virtual_1_joint/i_clamp] by /roslaunch
[rosmaster.master][INFO] 2025-12-04 21:54:29,285: +PARAM [/gains/hand_middle_virtual_2_joint/p] by /roslaunch
[rosmaster.master][INFO] 2025-12-04 21:54:29,285: +PARAM [/gains/hand_middle_virtual_2_joint/d] by /roslaunch
[rosmaster.master][INFO] 2025-12-04 21:54:29,285: +PARAM [/gains/hand_middle_virtual_2_joint/i] by /roslaunch
[rosmaster.master][INFO] 2025-12-04 21:54:29,285: +PARAM [/gains/hand_middle_virtual_2_joint/i_clamp] by /roslaunch
[rosmaster.master][INFO] 2025-12-04 21:54:29,285: +PARAM [/gains/hand_middle_virtual_3_joint/p] by /roslaunch
[rosmaster.master][INFO] 2025-12-04 21:54:29,285: +PARAM [/gains/hand_middle_virtual_3_joint/d] by /roslaunch
[rosmaster.master][INFO] 2025-12-04 21:54:29,285: +PARAM [/gains/hand_middle_virtual_3_joint/i] by /roslaunch
[rosmaster.master][INFO] 2025-12-04 21:54:29,285: +PARAM [/gains/hand_middle_virtual_3_joint/i_clamp] by /roslaunch
[rosmaster.master][INFO] 2025-12-04 21:54:29,285: +PARAM [/gains/hand_middle_flex_1_joint/p] by /roslaunch
[rosmaster.master][INFO] 2025-12-04 21:54:29,285: +PARAM [/gains/hand_middle_flex_1_joint/d] by /roslaunch
[rosmaster.master][INFO] 2025-12-04 21:54:29,285: +PARAM [/gains/hand_middle_flex_1_joint/i] by /roslaunch
[rosmaster.master][INFO] 2025-12-04 21:54:29,285: +PARAM [/gains/hand_middle_flex_1_joint/i_clamp] by /roslaunch
[rosmaster.master][INFO] 2025-12-04 21:54:29,285: +PARAM [/gains/hand_middle_flex_2_joint/p] by /roslaunch
[rosmaster.master][INFO] 2025-12-04 21:54:29,285: +PARAM [/gains/hand_middle_flex_2_joint/d] by /roslaunch
[rosmaster.master][INFO] 2025-12-04 21:54:29,286: +PARAM [/gains/hand_middle_flex_2_joint/i] by /roslaunch
[rosmaster.master][INFO] 2025-12-04 21:54:29,286: +PARAM [/gains/hand_middle_flex_2_joint/i_clamp] by /roslaunch
[rosmaster.master][INFO] 2025-12-04 21:54:29,286: +PARAM [/gains/hand_middle_flex_3_joint/p] by /roslaunch
[rosmaster.master][INFO] 2025-12-04 21:54:29,286: +PARAM [/gains/hand_middle_flex_3_joint/d] by /roslaunch
[rosmaster.master][INFO] 2025-12-04 21:54:29,286: +PARAM [/gains/hand_middle_flex_3_joint/i] by /roslaunch
[rosmaster.master][INFO] 2025-12-04 21:54:29,286: +PARAM [/gains/hand_middle_flex_3_joint/i_clamp] by /roslaunch
[rosmaster.master][INFO] 2025-12-04 21:54:29,286: +PARAM [/gains/hand_ring_abd_joint/p] by /roslaunch
[rosmaster.master][INFO] 2025-12-04 21:54:29,286: +PARAM [/gains/hand_ring_abd_joint/d] by /roslaunch
[rosmaster.master][INFO] 2025-12-04 21:54:29,286: +PARAM [/gains/hand_ring_abd_joint/i] by /roslaunch
[rosmaster.master][INFO] 2025-12-04 21:54:29,286: +PARAM [/gains/hand_ring_abd_joint/i_clamp] by /roslaunch
[rosmaster.master][INFO] 2025-12-04 21:54:29,286: +PARAM [/gains/hand_ring_virtual_1_joint/p] by /roslaunch
[rosmaster.master][INFO] 2025-12-04 21:54:29,286: +PARAM [/gains/hand_ring_virtual_1_joint/d] by /roslaunch
[rosmaster.master][INFO] 2025-12-04 21:54:29,286: +PARAM [/gains/hand_ring_virtual_1_joint/i] by /roslaunch
[rosmaster.master][INFO] 2025-12-04 21:54:29,286: +PARAM [/gains/hand_ring_virtual_1_joint/i_clamp] by /roslaunch
[rosmaster.master][INFO] 2025-12-04 21:54:29,286: +PARAM [/gains/hand_ring_virtual_2_joint/p] by /roslaunch
[rosmaster.master][INFO] 2025-12-04 21:54:29,286: +PARAM [/gains/hand_ring_virtual_2_joint/d] by /roslaunch
[rosmaster.master][INFO] 2025-12-04 21:54:29,286: +PARAM [/gains/hand_ring_virtual_2_joint/i] by /roslaunch
[rosmaster.master][INFO] 2025-12-04 21:54:29,287: +PARAM [/gains/hand_ring_virtual_2_joint/i_clamp] by /roslaunch
[rosmaster.master][INFO] 2025-12-04 21:54:29,287: +PARAM [/gains/hand_ring_virtual_3_joint/p] by /roslaunch
[rosmaster.master][INFO] 2025-12-04 21:54:29,287: +PARAM [/gains/hand_ring_virtual_3_joint/d] by /roslaunch
[rosmaster.master][INFO] 2025-12-04 21:54:29,287: +PARAM [/gains/hand_ring_virtual_3_joint/i] by /roslaunch
[rosmaster.master][INFO] 2025-12-04 21:54:29,287: +PARAM [/gains/hand_ring_virtual_3_joint/i_clamp] by /roslaunch
[rosmaster.master][INFO] 2025-12-04 21:54:29,287: +PARAM [/gains/hand_ring_flex_1_joint/p] by /roslaunch
[rosmaster.master][INFO] 2025-12-04 21:54:29,287: +PARAM [/gains/hand_ring_flex_1_joint/d] by /roslaunch
[rosmaster.master][INFO] 2025-12-04 21:54:29,287: +PARAM [/gains/hand_ring_flex_1_joint/i] by /roslaunch
[rosmaster.master][INFO] 2025-12-04 21:54:29,287: +PARAM [/gains/hand_ring_flex_1_joint/i_clamp] by /roslaunch
[rosmaster.master][INFO] 2025-12-04 21:54:29,287: +PARAM [/gains/hand_ring_flex_2_joint/p] by /roslaunch
[rosmaster.master][INFO] 2025-12-04 21:54:29,287: +PARAM [/gains/hand_ring_flex_2_joint/d] by /roslaunch
[rosmaster.master][INFO] 2025-12-04 21:54:29,287: +PARAM [/gains/hand_ring_flex_2_joint/i] by /roslaunch
[rosmaster.master][INFO] 2025-12-04 21:54:29,287: +PARAM [/gains/hand_ring_flex_2_joint/i_clamp] by /roslaunch
[rosmaster.master][INFO] 2025-12-04 21:54:29,287: +PARAM [/gains/hand_ring_flex_3_joint/p] by /roslaunch
[rosmaster.master][INFO] 2025-12-04 21:54:29,287: +PARAM [/gains/hand_ring_flex_3_joint/d] by /roslaunch
[rosmaster.master][INFO] 2025-12-04 21:54:29,287: +PARAM [/gains/hand_ring_flex_3_joint/i] by /roslaunch
[rosmaster.master][INFO] 2025-12-04 21:54:29,287: +PARAM [/gains/hand_ring_flex_3_joint/i_clamp] by /roslaunch
[rosmaster.master][INFO] 2025-12-04 21:54:29,288: +PARAM [/gains/hand_thumb_abd_joint/p] by /roslaunch
[rosmaster.master][INFO] 2025-12-04 21:54:29,288: +PARAM [/gains/hand_thumb_abd_joint/d] by /roslaunch
[rosmaster.master][INFO] 2025-12-04 21:54:29,288: +PARAM [/gains/hand_thumb_abd_joint/i] by /roslaunch
[rosmaster.master][INFO] 2025-12-04 21:54:29,288: +PARAM [/gains/hand_thumb_abd_joint/i_clamp] by /roslaunch
[rosmaster.master][INFO] 2025-12-04 21:54:29,288: +PARAM [/gains/hand_thumb_virtual_1_joint/p] by /roslaunch
[rosmaster.master][INFO] 2025-12-04 21:54:29,288: +PARAM [/gains/hand_thumb_virtual_1_joint/d] by /roslaunch
[rosmaster.master][INFO] 2025-12-04 21:54:29,288: +PARAM [/gains/hand_thumb_virtual_1_joint/i] by /roslaunch
[rosmaster.master][INFO] 2025-12-04 21:54:29,288: +PARAM [/gains/hand_thumb_virtual_1_joint/i_clamp] by /roslaunch
[rosmaster.master][INFO] 2025-12-04 21:54:29,288: +PARAM [/gains/hand_thumb_virtual_2_joint/p] by /roslaunch
[rosmaster.master][INFO] 2025-12-04 21:54:29,288: +PARAM [/gains/hand_thumb_virtual_2_joint/d] by /roslaunch
[rosmaster.master][INFO] 2025-12-04 21:54:29,288: +PARAM [/gains/hand_thumb_virtual_2_joint/i] by /roslaunch
[rosmaster.master][INFO] 2025-12-04 21:54:29,288: +PARAM [/gains/hand_thumb_virtual_2_joint/i_clamp] by /roslaunch
[rosmaster.master][INFO] 2025-12-04 21:54:29,288: +PARAM [/gains/hand_thumb_virtual_3_joint/p] by /roslaunch
[rosmaster.master][INFO] 2025-12-04 21:54:29,288: +PARAM [/gains/hand_thumb_virtual_3_joint/d] by /roslaunch
[rosmaster.master][INFO] 2025-12-04 21:54:29,288: +PARAM [/gains/hand_thumb_virtual_3_joint/i] by /roslaunch
[rosmaster.master][INFO] 2025-12-04 21:54:29,288: +PARAM [/gains/hand_thumb_virtual_3_joint/i_clamp] by /roslaunch
[rosmaster.master][INFO] 2025-12-04 21:54:29,288: +PARAM [/gains/hand_thumb_flex_1_joint/p] by /roslaunch
[rosmaster.master][INFO] 2025-12-04 21:54:29,289: +PARAM [/gains/hand_thumb_flex_1_joint/d] by /roslaunch
[rosmaster.master][INFO] 2025-12-04 21:54:29,289: +PARAM [/gains/hand_thumb_flex_1_joint/i] by /roslaunch
[rosmaster.master][INFO] 2025-12-04 21:54:29,289: +PARAM [/gains/hand_thumb_flex_1_joint/i_clamp] by /roslaunch
[rosmaster.master][INFO] 2025-12-04 21:54:29,289: +PARAM [/gains/hand_thumb_flex_2_joint/p] by /roslaunch
[rosmaster.master][INFO] 2025-12-04 21:54:29,289: +PARAM [/gains/hand_thumb_flex_2_joint/d] by /roslaunch
[rosmaster.master][INFO] 2025-12-04 21:54:29,289: +PARAM [/gains/hand_thumb_flex_2_joint/i] by /roslaunch
[rosmaster.master][INFO] 2025-12-04 21:54:29,289: +PARAM [/gains/hand_thumb_flex_2_joint/i_clamp] by /roslaunch
[rosmaster.master][INFO] 2025-12-04 21:54:29,289: +PARAM [/gains/hand_thumb_flex_3_joint/p] by /roslaunch
[rosmaster.master][INFO] 2025-12-04 21:54:29,289: +PARAM [/gains/hand_thumb_flex_3_joint/d] by /roslaunch
[rosmaster.master][INFO] 2025-12-04 21:54:29,289: +PARAM [/gains/hand_thumb_flex_3_joint/i] by /roslaunch
[rosmaster.master][INFO] 2025-12-04 21:54:29,289: +PARAM [/gains/hand_thumb_flex_3_joint/i_clamp] by /roslaunch
[rosmaster.master][INFO] 2025-12-04 21:54:29,289: +PARAM [/gains/gripper_left_finger_joint/p] by /roslaunch
[rosmaster.master][INFO] 2025-12-04 21:54:29,289: +PARAM [/gains/gripper_left_finger_joint/d] by /roslaunch
[rosmaster.master][INFO] 2025-12-04 21:54:29,289: +PARAM [/gains/gripper_left_finger_joint/i] by /roslaunch
[rosmaster.master][INFO] 2025-12-04 21:54:29,289: +PARAM [/gains/gripper_left_finger_joint/p_gain] by /roslaunch
[rosmaster.master][INFO] 2025-12-04 21:54:29,290: +PARAM [/gains/gripper_right_finger_joint/p] by /roslaunch
[rosmaster.master][INFO] 2025-12-04 21:54:29,290: +PARAM [/gains/gripper_right_finger_joint/d] by /roslaunch
[rosmaster.master][INFO] 2025-12-04 21:54:29,290: +PARAM [/gains/gripper_right_finger_joint/i] by /roslaunch
[rosmaster.master][INFO] 2025-12-04 21:54:29,290: +PARAM [/gains/gripper_right_finger_joint/p_gain] by /roslaunch
[rosmaster.master][INFO] 2025-12-04 21:54:29,290: +PARAM [/gains/gripper_finger_joint/p] by /roslaunch
[rosmaster.master][INFO] 2025-12-04 21:54:29,290: +PARAM [/gains/gripper_finger_joint/d] by /roslaunch
[rosmaster.master][INFO] 2025-12-04 21:54:29,290: +PARAM [/gains/gripper_finger_joint/i] by /roslaunch
[rosmaster.master][INFO] 2025-12-04 21:54:29,290: +PARAM [/gains/gripper_finger_joint/p_gain] by /roslaunch
[rosmaster.master][INFO] 2025-12-04 21:54:29,290: +PARAM [/gains/FFJ4/p] by /roslaunch
[rosmaster.master][INFO] 2025-12-04 21:54:29,290: +PARAM [/gains/FFJ4/d] by /roslaunch
[rosmaster.master][INFO] 2025-12-04 21:54:29,290: +PARAM [/gains/FFJ4/i] by /roslaunch
[rosmaster.master][INFO] 2025-12-04 21:54:29,290: +PARAM [/gains/FFJ3/p] by /roslaunch
[rosmaster.master][INFO] 2025-12-04 21:54:29,290: +PARAM [/gains/FFJ3/d] by /roslaunch
[rosmaster.master][INFO] 2025-12-04 21:54:29,290: +PARAM [/gains/FFJ3/i] by /roslaunch
[rosmaster.master][INFO] 2025-12-04 21:54:29,290: +PARAM [/gains/FFJ2/p] by /roslaunch
[rosmaster.master][INFO] 2025-12-04 21:54:29,290: +PARAM [/gains/FFJ2/d] by /roslaunch
[rosmaster.master][INFO] 2025-12-04 21:54:29,290: +PARAM [/gains/FFJ2/i] by /roslaunch
[rosmaster.master][INFO] 2025-12-04 21:54:29,291: +PARAM [/gains/FFJ1/p] by /roslaunch
[rosmaster.master][INFO] 2025-12-04 21:54:29,291: +PARAM [/gains/FFJ1/d] by /roslaunch
[rosmaster.master][INFO] 2025-12-04 21:54:29,291: +PARAM [/gains/FFJ1/i] by /roslaunch
[rosmaster.master][INFO] 2025-12-04 21:54:29,291: +PARAM [/gains/MFJ4/p] by /roslaunch
[rosmaster.master][INFO] 2025-12-04 21:54:29,291: +PARAM [/gains/MFJ4/d] by /roslaunch
[rosmaster.master][INFO] 2025-12-04 21:54:29,291: +PARAM [/gains/MFJ4/i] by /roslaunch
[rosmaster.master][INFO] 2025-12-04 21:54:29,291: +PARAM [/gains/MFJ3/p] by /roslaunch
[rosmaster.master][INFO] 2025-12-04 21:54:29,291: +PARAM [/gains/MFJ3/d] by /roslaunch
[rosmaster.master][INFO] 2025-12-04 21:54:29,291: +PARAM [/gains/MFJ3/i] by /roslaunch
[rosmaster.master][INFO] 2025-12-04 21:54:29,291: +PARAM [/gains/MFJ2/p] by /roslaunch
[rosmaster.master][INFO] 2025-12-04 21:54:29,291: +PARAM [/gains/MFJ2/d] by /roslaunch
[rosmaster.master][INFO] 2025-12-04 21:54:29,291: +PARAM [/gains/MFJ2/i] by /roslaunch
[rosmaster.master][INFO] 2025-12-04 21:54:29,291: +PARAM [/gains/MFJ1/p] by /roslaunch
[rosmaster.master][INFO] 2025-12-04 21:54:29,291: +PARAM [/gains/MFJ1/d] by /roslaunch
[rosmaster.master][INFO] 2025-12-04 21:54:29,291: +PARAM [/gains/MFJ1/i] by /roslaunch
[rosmaster.master][INFO] 2025-12-04 21:54:29,291: +PARAM [/gains/RFJ4/p] by /roslaunch
[rosmaster.master][INFO] 2025-12-04 21:54:29,291: +PARAM [/gains/RFJ4/d] by /roslaunch
[rosmaster.master][INFO] 2025-12-04 21:54:29,291: +PARAM [/gains/RFJ4/i] by /roslaunch
[rosmaster.master][INFO] 2025-12-04 21:54:29,292: +PARAM [/gains/RFJ3/p] by /roslaunch
[rosmaster.master][INFO] 2025-12-04 21:54:29,292: +PARAM [/gains/RFJ3/d] by /roslaunch
[rosmaster.master][INFO] 2025-12-04 21:54:29,292: +PARAM [/gains/RFJ3/i] by /roslaunch
[rosmaster.master][INFO] 2025-12-04 21:54:29,292: +PARAM [/gains/RFJ2/p] by /roslaunch
[rosmaster.master][INFO] 2025-12-04 21:54:29,292: +PARAM [/gains/RFJ2/d] by /roslaunch
[rosmaster.master][INFO] 2025-12-04 21:54:29,292: +PARAM [/gains/RFJ2/i] by /roslaunch
[rosmaster.master][INFO] 2025-12-04 21:54:29,292: +PARAM [/gains/RFJ1/p] by /roslaunch
[rosmaster.master][INFO] 2025-12-04 21:54:29,292: +PARAM [/gains/RFJ1/d] by /roslaunch
[rosmaster.master][INFO] 2025-12-04 21:54:29,292: +PARAM [/gains/RFJ1/i] by /roslaunch
[rosmaster.master][INFO] 2025-12-04 21:54:29,292: +PARAM [/gains/THJ5/p] by /roslaunch
[rosmaster.master][INFO] 2025-12-04 21:54:29,292: +PARAM [/gains/THJ5/d] by /roslaunch
[rosmaster.master][INFO] 2025-12-04 21:54:29,292: +PARAM [/gains/THJ5/i] by /roslaunch
[rosmaster.master][INFO] 2025-12-04 21:54:29,292: +PARAM [/gains/THJ4/p] by /roslaunch
[rosmaster.master][INFO] 2025-12-04 21:54:29,292: +PARAM [/gains/THJ4/d] by /roslaunch
[rosmaster.master][INFO] 2025-12-04 21:54:29,292: +PARAM [/gains/THJ4/i] by /roslaunch
[rosmaster.master][INFO] 2025-12-04 21:54:29,292: +PARAM [/gains/THJ2/p] by /roslaunch
[rosmaster.master][INFO] 2025-12-04 21:54:29,292: +PARAM [/gains/THJ2/d] by /roslaunch
[rosmaster.master][INFO] 2025-12-04 21:54:29,293: +PARAM [/gains/THJ2/i] by /roslaunch
[rosmaster.master][INFO] 2025-12-04 21:54:29,293: +PARAM [/gains/THJ1/p] by /roslaunch
[rosmaster.master][INFO] 2025-12-04 21:54:29,293: +PARAM [/gains/THJ1/d] by /roslaunch
[rosmaster.master][INFO] 2025-12-04 21:54:29,293: +PARAM [/gains/THJ1/i] by /roslaunch
[rosmaster.master][INFO] 2025-12-04 21:54:29,293: +PARAM [/velocity/pid_gains/wheel_right_joint/p] by /roslaunch
[rosmaster.master][INFO] 2025-12-04 21:54:29,293: +PARAM [/velocity/pid_gains/wheel_right_joint/d] by /roslaunch
[rosmaster.master][INFO] 2025-12-04 21:54:29,293: +PARAM [/velocity/pid_gains/wheel_right_joint/i] by /roslaunch
[rosmaster.master][INFO] 2025-12-04 21:54:29,293: +PARAM [/velocity/pid_gains/wheel_right_joint/i_clamp] by /roslaunch
[rosmaster.master][INFO] 2025-12-04 21:54:29,293: +PARAM [/velocity/pid_gains/wheel_left_joint/p] by /roslaunch
[rosmaster.master][INFO] 2025-12-04 21:54:29,293: +PARAM [/velocity/pid_gains/wheel_left_joint/d] by /roslaunch
[rosmaster.master][INFO] 2025-12-04 21:54:29,293: +PARAM [/velocity/pid_gains/wheel_left_joint/i] by /roslaunch
[rosmaster.master][INFO] 2025-12-04 21:54:29,293: +PARAM [/velocity/pid_gains/wheel_left_joint/i_clamp] by /roslaunch
[rosmaster.master][INFO] 2025-12-04 21:54:29,293: +PARAM [/velocity/pid_gains/caster_front_right_1_joint/p] by /roslaunch
[rosmaster.master][INFO] 2025-12-04 21:54:29,293: +PARAM [/velocity/pid_gains/caster_front_right_1_joint/d] by /roslaunch
[rosmaster.master][INFO] 2025-12-04 21:54:29,293: +PARAM [/velocity/pid_gains/caster_front_right_1_joint/i] by /roslaunch
[rosmaster.master][INFO] 2025-12-04 21:54:29,293: +PARAM [/velocity/pid_gains/caster_front_right_1_joint/i_clamp] by /roslaunch
[rosmaster.master][INFO] 2025-12-04 21:54:29,293: +PARAM [/velocity/pid_gains/caster_front_right_2_joint/p] by /roslaunch
[rosmaster.master][INFO] 2025-12-04 21:54:29,294: +PARAM [/velocity/pid_gains/caster_front_right_2_joint/d] by /roslaunch
[rosmaster.master][INFO] 2025-12-04 21:54:29,294: +PARAM [/velocity/pid_gains/caster_front_right_2_joint/i] by /roslaunch
[rosmaster.master][INFO] 2025-12-04 21:54:29,294: +PARAM [/velocity/pid_gains/caster_front_right_2_joint/i_clamp] by /roslaunch
[rosmaster.master][INFO] 2025-12-04 21:54:29,294: +PARAM [/velocity/pid_gains/caster_front_left_1_joint/p] by /roslaunch
[rosmaster.master][INFO] 2025-12-04 21:54:29,294: +PARAM [/velocity/pid_gains/caster_front_left_1_joint/d] by /roslaunch
[rosmaster.master][INFO] 2025-12-04 21:54:29,294: +PARAM [/velocity/pid_gains/caster_front_left_1_joint/i] by /roslaunch
[rosmaster.master][INFO] 2025-12-04 21:54:29,294: +PARAM [/velocity/pid_gains/caster_front_left_1_joint/i_clamp] by /roslaunch
[rosmaster.master][INFO] 2025-12-04 21:54:29,294: +PARAM [/velocity/pid_gains/caster_front_left_2_joint/p] by /roslaunch
[rosmaster.master][INFO] 2025-12-04 21:54:29,294: +PARAM [/velocity/pid_gains/caster_front_left_2_joint/d] by /roslaunch
[rosmaster.master][INFO] 2025-12-04 21:54:29,294: +PARAM [/velocity/pid_gains/caster_front_left_2_joint/i] by /roslaunch
[rosmaster.master][INFO] 2025-12-04 21:54:29,294: +PARAM [/velocity/pid_gains/caster_front_left_2_joint/i_clamp] by /roslaunch
[rosmaster.master][INFO] 2025-12-04 21:54:29,294: +PARAM [/velocity/pid_gains/caster_back_right_1_joint/p] by /roslaunch
[rosmaster.master][INFO] 2025-12-04 21:54:29,294: +PARAM [/velocity/pid_gains/caster_back_right_1_joint/d] by /roslaunch
[rosmaster.master][INFO] 2025-12-04 21:54:29,294: +PARAM [/velocity/pid_gains/caster_back_right_1_joint/i] by /roslaunch
[rosmaster.master][INFO] 2025-12-04 21:54:29,294: +PARAM [/velocity/pid_gains/caster_back_right_1_joint/i_clamp] by /roslaunch
[rosmaster.master][INFO] 2025-12-04 21:54:29,295: +PARAM [/velocity/pid_gains/caster_back_right_2_joint/p] by /roslaunch
[rosmaster.master][INFO] 2025-12-04 21:54:29,295: +PARAM [/velocity/pid_gains/caster_back_right_2_joint/d] by /roslaunch
[rosmaster.master][INFO] 2025-12-04 21:54:29,295: +PARAM [/velocity/pid_gains/caster_back_right_2_joint/i] by /roslaunch
[rosmaster.master][INFO] 2025-12-04 21:54:29,295: +PARAM [/velocity/pid_gains/caster_back_right_2_joint/i_clamp] by /roslaunch
[rosmaster.master][INFO] 2025-12-04 21:54:29,295: +PARAM [/velocity/pid_gains/caster_back_left_1_joint/p] by /roslaunch
[rosmaster.master][INFO] 2025-12-04 21:54:29,295: +PARAM [/velocity/pid_gains/caster_back_left_1_joint/d] by /roslaunch
[rosmaster.master][INFO] 2025-12-04 21:54:29,295: +PARAM [/velocity/pid_gains/caster_back_left_1_joint/i] by /roslaunch
[rosmaster.master][INFO] 2025-12-04 21:54:29,295: +PARAM [/velocity/pid_gains/caster_back_left_1_joint/i_clamp] by /roslaunch
[rosmaster.master][INFO] 2025-12-04 21:54:29,295: +PARAM [/velocity/pid_gains/caster_back_left_2_joint/p] by /roslaunch
[rosmaster.master][INFO] 2025-12-04 21:54:29,295: +PARAM [/velocity/pid_gains/caster_back_left_2_joint/d] by /roslaunch
[rosmaster.master][INFO] 2025-12-04 21:54:29,295: +PARAM [/velocity/pid_gains/caster_back_left_2_joint/i] by /roslaunch
[rosmaster.master][INFO] 2025-12-04 21:54:29,295: +PARAM [/velocity/pid_gains/caster_back_left_2_joint/i_clamp] by /roslaunch
[rosmaster.master][INFO] 2025-12-04 21:54:29,295: +PARAM [/force_torque/wrist_ft/sensor_joint] by /roslaunch
[rosmaster.master][INFO] 2025-12-04 21:54:29,295: +PARAM [/force_torque/wrist_ft/frame] by /roslaunch
[rosmaster.master][INFO] 2025-12-04 21:54:29,295: +PARAM [/imu/base_imu/frame] by /roslaunch
[rosmaster.master][INFO] 2025-12-04 21:54:29,295: +PARAM [/imu/base_imu/gazebo_sensor_name] by /roslaunch
[rosmaster.master][INFO] 2025-12-04 21:54:29,295: +PARAM [/robot_description] by /roslaunch
[rosmaster.master][INFO] 2025-12-04 21:54:29,295: +PARAM [/collision_model_parameters/padding] by /roslaunch
[rosmaster.master][INFO] 2025-12-04 21:54:29,296: +PARAM [/collision_model_parameters/links_with_padding] by /roslaunch
[rosmaster.master][INFO] 2025-12-04 21:54:29,296: +PARAM [/collision_model_parameters/blacklist/default] by /roslaunch
[rosmaster.master][INFO] 2025-12-04 21:54:29,296: +PARAM [/mobile_base_controller/type] by /roslaunch
[rosmaster.master][INFO] 2025-12-04 21:54:29,296: +PARAM [/mobile_base_controller/left_front_wheel] by /roslaunch
[rosmaster.master][INFO] 2025-12-04 21:54:29,296: +PARAM [/mobile_base_controller/left_back_wheel] by /roslaunch
[rosmaster.master][INFO] 2025-12-04 21:54:29,296: +PARAM [/mobile_base_controller/right_front_wheel] by /roslaunch
[rosmaster.master][INFO] 2025-12-04 21:54:29,296: +PARAM [/mobile_base_controller/right_back_wheel] by /roslaunch
[rosmaster.master][INFO] 2025-12-04 21:54:29,296: +PARAM [/mobile_base_controller/publish_rate] by /roslaunch
[rosmaster.master][INFO] 2025-12-04 21:54:29,296: +PARAM [/mobile_base_controller/pose_covariance_diagonal] by /roslaunch
[rosmaster.master][INFO] 2025-12-04 21:54:29,296: +PARAM [/mobile_base_controller/twist_covariance_diagonal] by /roslaunch
[rosmaster.master][INFO] 2025-12-04 21:54:29,296: +PARAM [/mobile_base_controller/enable_pose_covariance_update] by /roslaunch
[rosmaster.master][INFO] 2025-12-04 21:54:29,296: +PARAM [/mobile_base_controller/error_constant_left] by /roslaunch
[rosmaster.master][INFO] 2025-12-04 21:54:29,296: +PARAM [/mobile_base_controller/error_constant_right] by /roslaunch
[rosmaster.master][INFO] 2025-12-04 21:54:29,296: +PARAM [/mobile_base_controller/cmd_vel_timeout] by /roslaunch
[rosmaster.master][INFO] 2025-12-04 21:54:29,296: +PARAM [/mobile_base_controller/base_frame_id] by /roslaunch
[rosmaster.master][INFO] 2025-12-04 21:54:29,296: +PARAM [/mobile_base_controller/odom_frame_id] by /roslaunch
[rosmaster.master][INFO] 2025-12-04 21:54:29,296: +PARAM [/mobile_base_controller/preserve_turning_radius] by /roslaunch
[rosmaster.master][INFO] 2025-12-04 21:54:29,296: +PARAM [/mobile_base_controller/publish_cmd] by /roslaunch
[rosmaster.master][INFO] 2025-12-04 21:54:29,297: +PARAM [/mobile_base_controller/publish_wheel_data] by /roslaunch
[rosmaster.master][INFO] 2025-12-04 21:54:29,297: +PARAM [/mobile_base_controller/linear/x/has_velocity_limits] by /roslaunch
[rosmaster.master][INFO] 2025-12-04 21:54:29,297: +PARAM [/mobile_base_controller/linear/x/max_velocity] by /roslaunch
[rosmaster.master][INFO] 2025-12-04 21:54:29,297: +PARAM [/mobile_base_controller/linear/x/min_velocity] by /roslaunch
[rosmaster.master][INFO] 2025-12-04 21:54:29,297: +PARAM [/mobile_base_controller/linear/x/has_acceleration_limits] by /roslaunch
[rosmaster.master][INFO] 2025-12-04 21:54:29,297: +PARAM [/mobile_base_controller/linear/x/max_acceleration] by /roslaunch
[rosmaster.master][INFO] 2025-12-04 21:54:29,297: +PARAM [/mobile_base_controller/linear/x/has_jerk_limits] by /roslaunch
[rosmaster.master][INFO] 2025-12-04 21:54:29,297: +PARAM [/mobile_base_controller/linear/x/max_jerk] by /roslaunch
[rosmaster.master][INFO] 2025-12-04 21:54:29,297: +PARAM [/mobile_base_controller/linear/y/has_velocity_limits] by /roslaunch
[rosmaster.master][INFO] 2025-12-04 21:54:29,297: +PARAM [/mobile_base_controller/linear/y/max_velocity] by /roslaunch
[rosmaster.master][INFO] 2025-12-04 21:54:29,297: +PARAM [/mobile_base_controller/linear/y/min_velocity] by /roslaunch
[rosmaster.master][INFO] 2025-12-04 21:54:29,297: +PARAM [/mobile_base_controller/linear/y/has_acceleration_limits] by /roslaunch
[rosmaster.master][INFO] 2025-12-04 21:54:29,297: +PARAM [/mobile_base_controller/linear/y/max_acceleration] by /roslaunch
[rosmaster.master][INFO] 2025-12-04 21:54:29,297: +PARAM [/mobile_base_controller/linear/y/has_jerk_limits] by /roslaunch
[rosmaster.master][INFO] 2025-12-04 21:54:29,297: +PARAM [/mobile_base_controller/linear/y/max_jerk] by /roslaunch
[rosmaster.master][INFO] 2025-12-04 21:54:29,297: +PARAM [/mobile_base_controller/angular/z/has_velocity_limits] by /roslaunch
[rosmaster.master][INFO] 2025-12-04 21:54:29,297: +PARAM [/mobile_base_controller/angular/z/max_velocity] by /roslaunch
[rosmaster.master][INFO] 2025-12-04 21:54:29,297: +PARAM [/mobile_base_controller/angular/z/has_acceleration_limits] by /roslaunch
[rosmaster.master][INFO] 2025-12-04 21:54:29,297: +PARAM [/mobile_base_controller/angular/z/max_acceleration] by /roslaunch
[rosmaster.master][INFO] 2025-12-04 21:54:29,298: +PARAM [/mobile_base_controller/angular/z/has_jerk_limits] by /roslaunch
[rosmaster.master][INFO] 2025-12-04 21:54:29,298: +PARAM [/mobile_base_controller/angular/z/max_jerk] by /roslaunch
[rosmaster.master][INFO] 2025-12-04 21:54:29,298: +PARAM [/mobile_base_controller/space/xy/max_velocity] by /roslaunch
[rosmaster.master][INFO] 2025-12-04 21:54:29,298: +PARAM [/mobile_base_controller/space/xz/max_velocity] by /roslaunch
[rosmaster.master][INFO] 2025-12-04 21:54:29,298: +PARAM [/mobile_base_controller/space/xyz/max_velocity] by /roslaunch
[rosmaster.master][INFO] 2025-12-04 21:54:29,298: +PARAM [/torso_controller/type] by /roslaunch
[rosmaster.master][INFO] 2025-12-04 21:54:29,298: +PARAM [/torso_controller/joints] by /roslaunch
[rosmaster.master][INFO] 2025-12-04 21:54:29,298: +PARAM [/torso_controller/constraints/goal_time] by /roslaunch
[rosmaster.master][INFO] 2025-12-04 21:54:29,298: +PARAM [/torso_controller/constraints/stopped_velocity_tolerance] by /roslaunch
[rosmaster.master][INFO] 2025-12-04 21:54:29,298: +PARAM [/torso_controller/constraints/torso_lift_joint/goal] by /roslaunch
[rosmaster.master][INFO] 2025-12-04 21:54:29,298: +PARAM [/head_controller/type] by /roslaunch
[rosmaster.master][INFO] 2025-12-04 21:54:29,298: +PARAM [/head_controller/joints] by /roslaunch
[rosmaster.master][INFO] 2025-12-04 21:54:29,298: +PARAM [/head_controller/constraints/goal_time] by /roslaunch
[rosmaster.master][INFO] 2025-12-04 21:54:29,298: +PARAM [/head_controller/constraints/stopped_velocity_tolerance] by /roslaunch
[rosmaster.master][INFO] 2025-12-04 21:54:29,298: +PARAM [/head_controller/constraints/head_1_joint/goal] by /roslaunch
[rosmaster.master][INFO] 2025-12-04 21:54:29,298: +PARAM [/head_controller/constraints/head_2_joint/goal] by /roslaunch
[rosmaster.master][INFO] 2025-12-04 21:54:29,298: +PARAM [/arm_controller/type] by /roslaunch
[rosmaster.master][INFO] 2025-12-04 21:54:29,298: +PARAM [/arm_controller/joints] by /roslaunch
[rosmaster.master][INFO] 2025-12-04 21:54:29,298: +PARAM [/arm_controller/constraints/goal_time] by /roslaunch
[rosmaster.master][INFO] 2025-12-04 21:54:29,298: +PARAM [/arm_controller/constraints/stopped_velocity_tolerance] by /roslaunch
[rosmaster.master][INFO] 2025-12-04 21:54:29,298: +PARAM [/arm_controller/constraints/arm_1_joint/goal] by /roslaunch
[rosmaster.master][INFO] 2025-12-04 21:54:29,299: +PARAM [/arm_controller/constraints/arm_2_joint/goal] by /roslaunch
[rosmaster.master][INFO] 2025-12-04 21:54:29,299: +PARAM [/arm_controller/constraints/arm_3_joint/goal] by /roslaunch
[rosmaster.master][INFO] 2025-12-04 21:54:29,299: +PARAM [/arm_controller/constraints/arm_4_joint/goal] by /roslaunch
[rosmaster.master][INFO] 2025-12-04 21:54:29,299: +PARAM [/arm_controller/constraints/arm_5_joint/goal] by /roslaunch
[rosmaster.master][INFO] 2025-12-04 21:54:29,299: +PARAM [/arm_controller/constraints/arm_6_joint/goal] by /roslaunch
[rosmaster.master][INFO] 2025-12-04 21:54:29,299: +PARAM [/arm_controller/constraints/arm_7_joint/goal] by /roslaunch
[rosmaster.master][INFO] 2025-12-04 21:54:29,299: +PARAM [/joint_state_controller/type] by /roslaunch
[rosmaster.master][INFO] 2025-12-04 21:54:29,299: +PARAM [/joint_state_controller/publish_rate] by /roslaunch
[rosmaster.master][INFO] 2025-12-04 21:54:29,299: +PARAM [/head_controller/point_head_action/pan_link] by /roslaunch
[rosmaster.master][INFO] 2025-12-04 21:54:29,299: +PARAM [/head_controller/point_head_action/tilt_link] by /roslaunch
[rosmaster.master][INFO] 2025-12-04 21:54:29,299: +PARAM [/head_controller/point_head_action/success_angle_threshold] by /roslaunch
[rosmaster.master][INFO] 2025-12-04 21:54:29,299: +PARAM [/imu_sensor_controller/type] by /roslaunch
[rosmaster.master][INFO] 2025-12-04 21:54:29,299: +PARAM [/imu_sensor_controller/publish_rate] by /roslaunch
[rosmaster.master][INFO] 2025-12-04 21:54:29,299: +PARAM [/force_torque_sensor_controller/type] by /roslaunch
[rosmaster.master][INFO] 2025-12-04 21:54:29,299: +PARAM [/force_torque_sensor_controller/publish_rate] by /roslaunch
[rosmaster.master][INFO] 2025-12-04 21:54:29,299: +PARAM [/gripper_controller/type] by /roslaunch
[rosmaster.master][INFO] 2025-12-04 21:54:29,299: +PARAM [/gripper_controller/joints] by /roslaunch
[rosmaster.master][INFO] 2025-12-04 21:54:29,299: +PARAM [/gripper_controller/constraints/goal_time] by /roslaunch
[rosmaster.master][INFO] 2025-12-04 21:54:29,299: +PARAM [/gripper_controller/constraints/stopped_velocity_tolerance] by /roslaunch
[rosmaster.master][INFO] 2025-12-04 21:54:29,299: +PARAM [/gripper_controller/constraints/gripper_right_finger_joint/goal] by /roslaunch
[rosmaster.master][INFO] 2025-12-04 21:54:29,299: +PARAM [/gripper_controller/constraints/gripper_left_finger_joint/goal] by /roslaunch
[rosmaster.master][INFO] 2025-12-04 21:54:29,299: +PARAM [/home_gripper/suffix] by /roslaunch
[rosmaster.master][INFO] 2025-12-04 21:54:29,300: +PARAM [/play_motion/controllers] by /roslaunch
[rosmaster.master][INFO] 2025-12-04 21:54:29,300: +PARAM [/play_motion/motions/home/joints] by /roslaunch
[rosmaster.master][INFO] 2025-12-04 21:54:29,300: +PARAM [/play_motion/motions/home/points] by /roslaunch
[rosmaster.master][INFO] 2025-12-04 21:54:29,300: +PARAM [/play_motion/motions/home/meta/name] by /roslaunch
[rosmaster.master][INFO] 2025-12-04 21:54:29,300: +PARAM [/play_motion/motions/home/meta/usage] by /roslaunch
[rosmaster.master][INFO] 2025-12-04 21:54:29,300: +PARAM [/play_motion/motions/home/meta/description] by /roslaunch
[rosmaster.master][INFO] 2025-12-04 21:54:29,300: +PARAM [/play_motion/motions/unfold_arm/joints] by /roslaunch
[rosmaster.master][INFO] 2025-12-04 21:54:29,300: +PARAM [/play_motion/motions/unfold_arm/points] by /roslaunch
[rosmaster.master][INFO] 2025-12-04 21:54:29,300: +PARAM [/play_motion/motions/unfold_arm/meta/name] by /roslaunch
[rosmaster.master][INFO] 2025-12-04 21:54:29,300: +PARAM [/play_motion/motions/unfold_arm/meta/usage] by /roslaunch
[rosmaster.master][INFO] 2025-12-04 21:54:29,300: +PARAM [/play_motion/motions/unfold_arm/meta/description] by /roslaunch
[rosmaster.master][INFO] 2025-12-04 21:54:29,300: +PARAM [/play_motion/motions/reach_floor/joints] by /roslaunch
[rosmaster.master][INFO] 2025-12-04 21:54:29,300: +PARAM [/play_motion/motions/reach_floor/points] by /roslaunch
[rosmaster.master][INFO] 2025-12-04 21:54:29,300: +PARAM [/play_motion/motions/reach_floor/meta/name] by /roslaunch
[rosmaster.master][INFO] 2025-12-04 21:54:29,300: +PARAM [/play_motion/motions/reach_floor/meta/usage] by /roslaunch
[rosmaster.master][INFO] 2025-12-04 21:54:29,300: +PARAM [/play_motion/motions/reach_floor/meta/description] by /roslaunch
[rosmaster.master][INFO] 2025-12-04 21:54:29,300: +PARAM [/play_motion/motions/reach_max/joints] by /roslaunch
[rosmaster.master][INFO] 2025-12-04 21:54:29,300: +PARAM [/play_motion/motions/reach_max/points] by /roslaunch
[rosmaster.master][INFO] 2025-12-04 21:54:29,300: +PARAM [/play_motion/motions/reach_max/meta/name] by /roslaunch
[rosmaster.master][INFO] 2025-12-04 21:54:29,300: +PARAM [/play_motion/motions/reach_max/meta/usage] by /roslaunch
[rosmaster.master][INFO] 2025-12-04 21:54:29,300: +PARAM [/play_motion/motions/reach_max/meta/description] by /roslaunch
[rosmaster.master][INFO] 2025-12-04 21:54:29,300: +PARAM [/play_motion/motions/prepare_grasp/joints] by /roslaunch
[rosmaster.master][INFO] 2025-12-04 21:54:29,301: +PARAM [/play_motion/motions/prepare_grasp/points] by /roslaunch
[rosmaster.master][INFO] 2025-12-04 21:54:29,301: +PARAM [/play_motion/motions/prepare_grasp/meta/name] by /roslaunch
[rosmaster.master][INFO] 2025-12-04 21:54:29,301: +PARAM [/play_motion/motions/prepare_grasp/meta/usage] by /roslaunch
[rosmaster.master][INFO] 2025-12-04 21:54:29,301: +PARAM [/play_motion/motions/prepare_grasp/meta/description] by /roslaunch
[rosmaster.master][INFO] 2025-12-04 21:54:29,301: +PARAM [/play_motion/motions/inspect_surroundings/joints] by /roslaunch
[rosmaster.master][INFO] 2025-12-04 21:54:29,301: +PARAM [/play_motion/motions/inspect_surroundings/points] by /roslaunch
[rosmaster.master][INFO] 2025-12-04 21:54:29,301: +PARAM [/play_motion/motions/inspect_surroundings/meta/name] by /roslaunch
[rosmaster.master][INFO] 2025-12-04 21:54:29,301: +PARAM [/play_motion/motions/inspect_surroundings/meta/usage] by /roslaunch
[rosmaster.master][INFO] 2025-12-04 21:54:29,301: +PARAM [/play_motion/motions/inspect_surroundings/meta/description] by /roslaunch
[rosmaster.master][INFO] 2025-12-04 21:54:29,301: +PARAM [/play_motion/motions/close_gripper/joints] by /roslaunch
[rosmaster.master][INFO] 2025-12-04 21:54:29,301: +PARAM [/play_motion/motions/close_gripper/points] by /roslaunch
[rosmaster.master][INFO] 2025-12-04 21:54:29,301: +PARAM [/play_motion/motions/close/joints] by /roslaunch
[rosmaster.master][INFO] 2025-12-04 21:54:29,301: +PARAM [/play_motion/motions/close/points] by /roslaunch
[rosmaster.master][INFO] 2025-12-04 21:54:29,301: +PARAM [/play_motion/motions/close/meta/name] by /roslaunch
[rosmaster.master][INFO] 2025-12-04 21:54:29,301: +PARAM [/play_motion/motions/close/meta/usage] by /roslaunch
[rosmaster.master][INFO] 2025-12-04 21:54:29,301: +PARAM [/play_motion/motions/close/meta/description] by /roslaunch
[rosmaster.master][INFO] 2025-12-04 21:54:29,301: +PARAM [/play_motion/motions/close_gripper_half/joints] by /roslaunch
[rosmaster.master][INFO] 2025-12-04 21:54:29,301: +PARAM [/play_motion/motions/close_gripper_half/points] by /roslaunch
[rosmaster.master][INFO] 2025-12-04 21:54:29,301: +PARAM [/play_motion/motions/close_half/joints] by /roslaunch
[rosmaster.master][INFO] 2025-12-04 21:54:29,301: +PARAM [/play_motion/motions/close_half/points] by /roslaunch
[rosmaster.master][INFO] 2025-12-04 21:54:29,301: +PARAM [/play_motion/motions/close_half/meta/name] by /roslaunch
[rosmaster.master][INFO] 2025-12-04 21:54:29,301: +PARAM [/play_motion/motions/close_half/meta/usage] by /roslaunch
[rosmaster.master][INFO] 2025-12-04 21:54:29,302: +PARAM [/play_motion/motions/close_half/meta/description] by /roslaunch
[rosmaster.master][INFO] 2025-12-04 21:54:29,302: +PARAM [/play_motion/motions/open_gripper/joints] by /roslaunch
[rosmaster.master][INFO] 2025-12-04 21:54:29,302: +PARAM [/play_motion/motions/open_gripper/points] by /roslaunch
[rosmaster.master][INFO] 2025-12-04 21:54:29,302: +PARAM [/play_motion/motions/open/joints] by /roslaunch
[rosmaster.master][INFO] 2025-12-04 21:54:29,302: +PARAM [/play_motion/motions/open/points] by /roslaunch
[rosmaster.master][INFO] 2025-12-04 21:54:29,302: +PARAM [/play_motion/motions/open/meta/name] by /roslaunch
[rosmaster.master][INFO] 2025-12-04 21:54:29,302: +PARAM [/play_motion/motions/open/meta/usage] by /roslaunch
[rosmaster.master][INFO] 2025-12-04 21:54:29,302: +PARAM [/play_motion/motions/open/meta/description] by /roslaunch
[rosmaster.master][INFO] 2025-12-04 21:54:29,302: +PARAM [/play_motion/motions/point/joints] by /roslaunch
[rosmaster.master][INFO] 2025-12-04 21:54:29,302: +PARAM [/play_motion/motions/point/points] by /roslaunch
[rosmaster.master][INFO] 2025-12-04 21:54:29,302: +PARAM [/play_motion/motions/point/meta/name] by /roslaunch
[rosmaster.master][INFO] 2025-12-04 21:54:29,302: +PARAM [/play_motion/motions/point/meta/usage] by /roslaunch
[rosmaster.master][INFO] 2025-12-04 21:54:29,302: +PARAM [/play_motion/motions/point/meta/description] by /roslaunch
[rosmaster.master][INFO] 2025-12-04 21:54:29,302: +PARAM [/play_motion/motions/wave/joints] by /roslaunch
[rosmaster.master][INFO] 2025-12-04 21:54:29,302: +PARAM [/play_motion/motions/wave/points] by /roslaunch
[rosmaster.master][INFO] 2025-12-04 21:54:29,302: +PARAM [/play_motion/motions/wave/meta/name] by /roslaunch
[rosmaster.master][INFO] 2025-12-04 21:54:29,302: +PARAM [/play_motion/motions/wave/meta/usage] by /roslaunch
[rosmaster.master][INFO] 2025-12-04 21:54:29,302: +PARAM [/play_motion/motions/wave/meta/description] by /roslaunch
[rosmaster.master][INFO] 2025-12-04 21:54:29,302: +PARAM [/play_motion/motions/pregrasp_weight/joints] by /roslaunch
[rosmaster.master][INFO] 2025-12-04 21:54:29,302: +PARAM [/play_motion/motions/pregrasp_weight/points] by /roslaunch
[rosmaster.master][INFO] 2025-12-04 21:54:29,302: +PARAM [/play_motion/motions/pregrasp_weight/meta/name] by /roslaunch
[rosmaster.master][INFO] 2025-12-04 21:54:29,302: +PARAM [/play_motion/motions/pregrasp_weight/meta/usage] by /roslaunch
[rosmaster.master][INFO] 2025-12-04 21:54:29,303: +PARAM [/play_motion/motions/pregrasp_weight/meta/description] by /roslaunch
[rosmaster.master][INFO] 2025-12-04 21:54:29,303: +PARAM [/play_motion/motions/do_weights/joints] by /roslaunch
[rosmaster.master][INFO] 2025-12-04 21:54:29,303: +PARAM [/play_motion/motions/do_weights/points] by /roslaunch
[rosmaster.master][INFO] 2025-12-04 21:54:29,303: +PARAM [/play_motion/motions/do_weights/meta/name] by /roslaunch
[rosmaster.master][INFO] 2025-12-04 21:54:29,303: +PARAM [/play_motion/motions/do_weights/meta/usage] by /roslaunch
[rosmaster.master][INFO] 2025-12-04 21:54:29,303: +PARAM [/play_motion/motions/do_weights/meta/description] by /roslaunch
[rosmaster.master][INFO] 2025-12-04 21:54:29,303: +PARAM [/play_motion/motions/offer_gripper/joints] by /roslaunch
[rosmaster.master][INFO] 2025-12-04 21:54:29,303: +PARAM [/play_motion/motions/offer_gripper/points] by /roslaunch
[rosmaster.master][INFO] 2025-12-04 21:54:29,303: +PARAM [/play_motion/motions/offer/joints] by /roslaunch
[rosmaster.master][INFO] 2025-12-04 21:54:29,303: +PARAM [/play_motion/motions/offer/points] by /roslaunch
[rosmaster.master][INFO] 2025-12-04 21:54:29,303: +PARAM [/play_motion/motions/offer/meta/name] by /roslaunch
[rosmaster.master][INFO] 2025-12-04 21:54:29,303: +PARAM [/play_motion/motions/offer/meta/usage] by /roslaunch
[rosmaster.master][INFO] 2025-12-04 21:54:29,303: +PARAM [/play_motion/motions/offer/meta/description] by /roslaunch
[rosmaster.master][INFO] 2025-12-04 21:54:29,303: +PARAM [/play_motion/motions/shake_hands/joints] by /roslaunch
[rosmaster.master][INFO] 2025-12-04 21:54:29,303: +PARAM [/play_motion/motions/shake_hands/points] by /roslaunch
[rosmaster.master][INFO] 2025-12-04 21:54:29,303: +PARAM [/play_motion/motions/shake_hands/meta/name] by /roslaunch
[rosmaster.master][INFO] 2025-12-04 21:54:29,303: +PARAM [/play_motion/motions/shake_hands/meta/usage] by /roslaunch
[rosmaster.master][INFO] 2025-12-04 21:54:29,303: +PARAM [/play_motion/motions/shake_hands/meta/description] by /roslaunch
[rosmaster.master][INFO] 2025-12-04 21:54:29,303: +PARAM [/play_motion/motions/pick_from_floor/joints] by /roslaunch
[rosmaster.master][INFO] 2025-12-04 21:54:29,303: +PARAM [/play_motion/motions/pick_from_floor/points] by /roslaunch
[rosmaster.master][INFO] 2025-12-04 21:54:29,303: +PARAM [/play_motion/motions/pick_from_floor/meta/name] by /roslaunch
[rosmaster.master][INFO] 2025-12-04 21:54:29,303: +PARAM [/play_motion/motions/pick_from_floor/meta/usage] by /roslaunch
[rosmaster.master][INFO] 2025-12-04 21:54:29,304: +PARAM [/play_motion/motions/pick_from_floor/meta/description] by /roslaunch
[rosmaster.master][INFO] 2025-12-04 21:54:29,304: +PARAM [/play_motion/motions/head_tour/joints] by /roslaunch
[rosmaster.master][INFO] 2025-12-04 21:54:29,304: +PARAM [/play_motion/motions/head_tour/points] by /roslaunch
[rosmaster.master][INFO] 2025-12-04 21:54:29,304: +PARAM [/play_motion/motions/head_tour/meta/name] by /roslaunch
[rosmaster.master][INFO] 2025-12-04 21:54:29,304: +PARAM [/play_motion/motions/head_tour/meta/usage] by /roslaunch
[rosmaster.master][INFO] 2025-12-04 21:54:29,304: +PARAM [/play_motion/motions/head_tour/meta/description] by /roslaunch
[rosmaster.master][INFO] 2025-12-04 21:54:29,304: +PARAM [/play_motion/disable_motion_planning] by /roslaunch
[rosmaster.master][INFO] 2025-12-04 21:54:29,304: +PARAM [/play_motion/approach_planner/planning_groups] by /roslaunch
[rosmaster.master][INFO] 2025-12-04 21:54:29,304: +PARAM [/play_motion/approach_planner/exclude_from_planning_joints] by /roslaunch
[rosmaster.master][INFO] 2025-12-04 21:54:29,304: +PARAM [/play_motion/approach_planner/joint_tolerance] by /roslaunch
[rosmaster.master][INFO] 2025-12-04 21:54:29,304: +PARAM [/play_motion/approach_planner/skip_planning_approach_vel] by /roslaunch
[rosmaster.master][INFO] 2025-12-04 21:54:29,304: +PARAM [/play_motion/approach_planner/skip_planning_approach_min_dur] by /roslaunch
[rosmaster.master][INFO] 2025-12-04 21:54:29,304: +PARAM [/robot_description_semantic] by /roslaunch
[rosmaster.master][INFO] 2025-12-04 21:54:29,304: +PARAM [/move_group/robot_description_planning/default_robot_link_padding/arm_5_link] by /roslaunch
[rosmaster.master][INFO] 2025-12-04 21:54:29,304: +PARAM [/robot_description_planning/default_velocity_scaling_factor] by /roslaunch
[rosmaster.master][INFO] 2025-12-04 21:54:29,304: +PARAM [/robot_description_planning/joint_limits/arm_2_joint/has_velocity_limits] by /roslaunch
[rosmaster.master][INFO] 2025-12-04 21:54:29,304: +PARAM [/robot_description_planning/joint_limits/arm_2_joint/max_velocity] by /roslaunch
[rosmaster.master][INFO] 2025-12-04 21:54:29,304: +PARAM [/robot_description_planning/joint_limits/arm_2_joint/has_acceleration_limits] by /roslaunch
[rosmaster.master][INFO] 2025-12-04 21:54:29,304: +PARAM [/robot_description_planning/joint_limits/arm_2_joint/max_acceleration] by /roslaunch
[rosmaster.master][INFO] 2025-12-04 21:54:29,304: +PARAM [/robot_description_planning/joint_limits/arm_1_joint/has_velocity_limits] by /roslaunch
[rosmaster.master][INFO] 2025-12-04 21:54:29,304: +PARAM [/robot_description_planning/joint_limits/arm_1_joint/max_velocity] by /roslaunch
[rosmaster.master][INFO] 2025-12-04 21:54:29,304: +PARAM [/robot_description_planning/joint_limits/arm_1_joint/has_acceleration_limits] by /roslaunch
[rosmaster.master][INFO] 2025-12-04 21:54:29,304: +PARAM [/robot_description_planning/joint_limits/arm_1_joint/max_acceleration] by /roslaunch
[rosmaster.master][INFO] 2025-12-04 21:54:29,305: +PARAM [/robot_description_planning/joint_limits/arm_6_joint/has_velocity_limits] by /roslaunch
[rosmaster.master][INFO] 2025-12-04 21:54:29,305: +PARAM [/robot_description_planning/joint_limits/arm_6_joint/max_velocity] by /roslaunch
[rosmaster.master][INFO] 2025-12-04 21:54:29,305: +PARAM [/robot_description_planning/joint_limits/arm_6_joint/has_acceleration_limits] by /roslaunch
[rosmaster.master][INFO] 2025-12-04 21:54:29,305: +PARAM [/robot_description_planning/joint_limits/arm_6_joint/max_acceleration] by /roslaunch
[rosmaster.master][INFO] 2025-12-04 21:54:29,305: +PARAM [/robot_description_planning/joint_limits/arm_7_joint/has_velocity_limits] by /roslaunch
[rosmaster.master][INFO] 2025-12-04 21:54:29,305: +PARAM [/robot_description_planning/joint_limits/arm_7_joint/max_velocity] by /roslaunch
[rosmaster.master][INFO] 2025-12-04 21:54:29,305: +PARAM [/robot_description_planning/joint_limits/arm_7_joint/has_acceleration_limits] by /roslaunch
[rosmaster.master][INFO] 2025-12-04 21:54:29,305: +PARAM [/robot_description_planning/joint_limits/arm_7_joint/max_acceleration] by /roslaunch
[rosmaster.master][INFO] 2025-12-04 21:54:29,305: +PARAM [/robot_description_planning/joint_limits/arm_4_joint/has_velocity_limits] by /roslaunch
[rosmaster.master][INFO] 2025-12-04 21:54:29,305: +PARAM [/robot_description_planning/joint_limits/arm_4_joint/max_velocity] by /roslaunch
[rosmaster.master][INFO] 2025-12-04 21:54:29,305: +PARAM [/robot_description_planning/joint_limits/arm_4_joint/has_acceleration_limits] by /roslaunch
[rosmaster.master][INFO] 2025-12-04 21:54:29,305: +PARAM [/robot_description_planning/joint_limits/arm_4_joint/max_acceleration] by /roslaunch
[rosmaster.master][INFO] 2025-12-04 21:54:29,305: +PARAM [/robot_description_planning/joint_limits/arm_5_joint/has_velocity_limits] by /roslaunch
[rosmaster.master][INFO] 2025-12-04 21:54:29,305: +PARAM [/robot_description_planning/joint_limits/arm_5_joint/max_velocity] by /roslaunch
[rosmaster.master][INFO] 2025-12-04 21:54:29,305: +PARAM [/robot_description_planning/joint_limits/arm_5_joint/has_acceleration_limits] by /roslaunch
[rosmaster.master][INFO] 2025-12-04 21:54:29,305: +PARAM [/robot_description_planning/joint_limits/arm_5_joint/max_acceleration] by /roslaunch
[rosmaster.master][INFO] 2025-12-04 21:54:29,305: +PARAM [/robot_description_planning/joint_limits/arm_3_joint/has_velocity_limits] by /roslaunch
[rosmaster.master][INFO] 2025-12-04 21:54:29,305: +PARAM [/robot_description_planning/joint_limits/arm_3_joint/max_velocity] by /roslaunch
[rosmaster.master][INFO] 2025-12-04 21:54:29,305: +PARAM [/robot_description_planning/joint_limits/arm_3_joint/has_acceleration_limits] by /roslaunch
[rosmaster.master][INFO] 2025-12-04 21:54:29,305: +PARAM [/robot_description_planning/joint_limits/arm_3_joint/max_acceleration] by /roslaunch
[rosmaster.master][INFO] 2025-12-04 21:54:29,305: +PARAM [/robot_description_planning/joint_limits/torso_lift_joint/has_velocity_limits] by /roslaunch
[rosmaster.master][INFO] 2025-12-04 21:54:29,305: +PARAM [/robot_description_planning/joint_limits/torso_lift_joint/max_velocity] by /roslaunch
[rosmaster.master][INFO] 2025-12-04 21:54:29,305: +PARAM [/robot_description_planning/joint_limits/torso_lift_joint/has_acceleration_limits] by /roslaunch
[rosmaster.master][INFO] 2025-12-04 21:54:29,306: +PARAM [/robot_description_planning/joint_limits/torso_lift_joint/max_acceleration] by /roslaunch
[rosmaster.master][INFO] 2025-12-04 21:54:29,306: +PARAM [/robot_description_planning/joint_limits/gripper_left_finger_joint/has_velocity_limits] by /roslaunch
[rosmaster.master][INFO] 2025-12-04 21:54:29,306: +PARAM [/robot_description_planning/joint_limits/gripper_left_finger_joint/max_velocity] by /roslaunch
[rosmaster.master][INFO] 2025-12-04 21:54:29,306: +PARAM [/robot_description_planning/joint_limits/gripper_left_finger_joint/has_acceleration_limits] by /roslaunch
[rosmaster.master][INFO] 2025-12-04 21:54:29,306: +PARAM [/robot_description_planning/joint_limits/gripper_left_finger_joint/max_acceleration] by /roslaunch
[rosmaster.master][INFO] 2025-12-04 21:54:29,306: +PARAM [/robot_description_planning/joint_limits/gripper_right_finger_joint/has_velocity_limits] by /roslaunch
[rosmaster.master][INFO] 2025-12-04 21:54:29,306: +PARAM [/robot_description_planning/joint_limits/gripper_right_finger_joint/max_velocity] by /roslaunch
[rosmaster.master][INFO] 2025-12-04 21:54:29,306: +PARAM [/robot_description_planning/joint_limits/gripper_right_finger_joint/has_acceleration_limits] by /roslaunch
[rosmaster.master][INFO] 2025-12-04 21:54:29,306: +PARAM [/robot_description_planning/joint_limits/gripper_right_finger_joint/max_acceleration] by /roslaunch
[rosmaster.master][INFO] 2025-12-04 21:54:29,306: +PARAM [/robot_description_planning/joint_limits/gripper_finger_joint/has_velocity_limits] by /roslaunch
[rosmaster.master][INFO] 2025-12-04 21:54:29,306: +PARAM [/robot_description_planning/joint_limits/gripper_finger_joint/max_velocity] by /roslaunch
[rosmaster.master][INFO] 2025-12-04 21:54:29,306: +PARAM [/robot_description_planning/joint_limits/gripper_finger_joint/has_acceleration_limits] by /roslaunch
[rosmaster.master][INFO] 2025-12-04 21:54:29,306: +PARAM [/robot_description_planning/joint_limits/gripper_finger_joint/max_acceleration] by /roslaunch
[rosmaster.master][INFO] 2025-12-04 21:54:29,306: +PARAM [/robot_description_kinematics/arm_torso/kinematics_solver] by /roslaunch
[rosmaster.master][INFO] 2025-12-04 21:54:29,306: +PARAM [/robot_description_kinematics/arm_torso/kinematics_solver_search_resolution] by /roslaunch
[rosmaster.master][INFO] 2025-12-04 21:54:29,306: +PARAM [/robot_description_kinematics/arm_torso/kinematics_solver_timeout] by /roslaunch
[rosmaster.master][INFO] 2025-12-04 21:54:29,306: +PARAM [/robot_description_kinematics/arm_torso/kinematics_solver_attempts] by /roslaunch
[rosmaster.master][INFO] 2025-12-04 21:54:29,306: +PARAM [/robot_description_kinematics/arm/kinematics_solver] by /roslaunch
[rosmaster.master][INFO] 2025-12-04 21:54:29,306: +PARAM [/robot_description_kinematics/arm/kinematics_solver_search_resolution] by /roslaunch
[rosmaster.master][INFO] 2025-12-04 21:54:29,306: +PARAM [/robot_description_kinematics/arm/kinematics_solver_timeout] by /roslaunch
[rosmaster.master][INFO] 2025-12-04 21:54:29,306: +PARAM [/robot_description_kinematics/arm/kinematics_solver_attempts] by /roslaunch
[rosmaster.master][INFO] 2025-12-04 21:54:29,306: +PARAM [/move_group/planning_plugin] by /roslaunch
[rosmaster.master][INFO] 2025-12-04 21:54:29,306: +PARAM [/move_group/request_adapters] by /roslaunch
[rosmaster.master][INFO] 2025-12-04 21:54:29,307: +PARAM [/move_group/start_state_max_bounds_error] by /roslaunch
[rosmaster.master][INFO] 2025-12-04 21:54:29,307: +PARAM [/move_group/planner_configs/SBLkConfigDefault/type] by /roslaunch
[rosmaster.master][INFO] 2025-12-04 21:54:29,307: +PARAM [/move_group/planner_configs/ESTkConfigDefault/type] by /roslaunch
[rosmaster.master][INFO] 2025-12-04 21:54:29,307: +PARAM [/move_group/planner_configs/LBKPIECEkConfigDefault/type] by /roslaunch
[rosmaster.master][INFO] 2025-12-04 21:54:29,307: +PARAM [/move_group/planner_configs/BKPIECEkConfigDefault/type] by /roslaunch
[rosmaster.master][INFO] 2025-12-04 21:54:29,307: +PARAM [/move_group/planner_configs/KPIECEkConfigDefault/type] by /roslaunch
[rosmaster.master][INFO] 2025-12-04 21:54:29,307: +PARAM [/move_group/planner_configs/RRTkConfigDefault/type] by /roslaunch
[rosmaster.master][INFO] 2025-12-04 21:54:29,307: +PARAM [/move_group/planner_configs/RRTConnectkConfigDefault/type] by /roslaunch
[rosmaster.master][INFO] 2025-12-04 21:54:29,307: +PARAM [/move_group/planner_configs/RRTstarkConfigDefault/type] by /roslaunch
[rosmaster.master][INFO] 2025-12-04 21:54:29,307: +PARAM [/move_group/planner_configs/TRRTkConfigDefault/type] by /roslaunch
[rosmaster.master][INFO] 2025-12-04 21:54:29,307: +PARAM [/move_group/planner_configs/PRMkConfigDefault/type] by /roslaunch
[rosmaster.master][INFO] 2025-12-04 21:54:29,307: +PARAM [/move_group/planner_configs/PRMstarkConfigDefault/type] by /roslaunch
[rosmaster.master][INFO] 2025-12-04 21:54:29,307: +PARAM [/move_group/arm_torso/planner_configs] by /roslaunch
[rosmaster.master][INFO] 2025-12-04 21:54:29,307: +PARAM [/move_group/arm_torso/projection_evaluator] by /roslaunch
[rosmaster.master][INFO] 2025-12-04 21:54:29,307: +PARAM [/move_group/arm_torso/longest_valid_segment_fraction] by /roslaunch
[rosmaster.master][INFO] 2025-12-04 21:54:29,307: +PARAM [/move_group/arm/planner_configs] by /roslaunch
[rosmaster.master][INFO] 2025-12-04 21:54:29,307: +PARAM [/move_group/arm/projection_evaluator] by /roslaunch
[rosmaster.master][INFO] 2025-12-04 21:54:29,307: +PARAM [/move_group/arm/longest_valid_segment_fraction] by /roslaunch
[rosmaster.master][INFO] 2025-12-04 21:54:29,307: +PARAM [/move_group/moveit_manage_controllers] by /roslaunch
[rosmaster.master][INFO] 2025-12-04 21:54:29,307: +PARAM [/move_group/trajectory_execution/allowed_execution_duration_scaling] by /roslaunch
[rosmaster.master][INFO] 2025-12-04 21:54:29,307: +PARAM [/move_group/trajectory_execution/allowed_goal_duration_margin] by /roslaunch
[rosmaster.master][INFO] 2025-12-04 21:54:29,307: +PARAM [/move_group/moveit_controller_manager] by /roslaunch
[rosmaster.master][INFO] 2025-12-04 21:54:29,307: +PARAM [/move_group/controller_manager_name] by /roslaunch
[rosmaster.master][INFO] 2025-12-04 21:54:29,308: +PARAM [/move_group/use_controller_manager] by /roslaunch
[rosmaster.master][INFO] 2025-12-04 21:54:29,308: +PARAM [/move_group/controller_manager_ns] by /roslaunch
[rosmaster.master][INFO] 2025-12-04 21:54:29,308: +PARAM [/move_group/controller_list] by /roslaunch
[rosmaster.master][INFO] 2025-12-04 21:54:29,308: +PARAM [/move_group/allow_trajectory_execution] by /roslaunch
[rosmaster.master][INFO] 2025-12-04 21:54:29,308: +PARAM [/move_group/max_safe_path_cost] by /roslaunch
[rosmaster.master][INFO] 2025-12-04 21:54:29,308: +PARAM [/move_group/jiggle_fraction] by /roslaunch
[rosmaster.master][INFO] 2025-12-04 21:54:29,308: +PARAM [/move_group/capabilities] by /roslaunch
[rosmaster.master][INFO] 2025-12-04 21:54:29,308: +PARAM [/move_group/disable_capabilities] by /roslaunch
[rosmaster.master][INFO] 2025-12-04 21:54:29,308: +PARAM [/move_group/planning_scene_monitor/publish_planning_scene] by /roslaunch
[rosmaster.master][INFO] 2025-12-04 21:54:29,308: +PARAM [/move_group/planning_scene_monitor/publish_geometry_updates] by /roslaunch
[rosmaster.master][INFO] 2025-12-04 21:54:29,308: +PARAM [/move_group/planning_scene_monitor/publish_state_updates] by /roslaunch
[rosmaster.master][INFO] 2025-12-04 21:54:29,308: +PARAM [/move_group/planning_scene_monitor/publish_transforms_updates] by /roslaunch
[rosmaster.master][INFO] 2025-12-04 21:54:29,308: +PARAM [/robot_state_publisher/publish_frequency] by /roslaunch
[rosmaster.master][INFO] 2025-12-04 21:54:29,308: +PARAM [/robot_state_publisher/tf_prefix] by /roslaunch
[rosmaster.master][INFO] 2025-12-04 21:54:29,308: +PARAM [/twist_mux/locks] by /roslaunch
[rosmaster.master][INFO] 2025-12-04 21:54:29,308: +PARAM [/twist_mux/topics] by /roslaunch
[rosmaster.master][INFO] 2025-12-04 21:54:29,308: +PARAM [/joystick_relay/priority] by /roslaunch
[rosmaster.master][INFO] 2025-12-04 21:54:29,308: +PARAM [/joystick_relay/turbo/linear_forward_min] by /roslaunch
[rosmaster.master][INFO] 2025-12-04 21:54:29,308: +PARAM [/joystick_relay/turbo/linear_forward_max] by /roslaunch
[rosmaster.master][INFO] 2025-12-04 21:54:29,308: +PARAM [/joystick_relay/turbo/linear_backward_min] by /roslaunch
[rosmaster.master][INFO] 2025-12-04 21:54:29,308: +PARAM [/joystick_relay/turbo/linear_backward_max] by /roslaunch
[rosmaster.master][INFO] 2025-12-04 21:54:29,308: +PARAM [/joystick_relay/turbo/angular_min] by /roslaunch
[rosmaster.master][INFO] 2025-12-04 21:54:29,308: +PARAM [/joystick_relay/turbo/angular_max] by /roslaunch
[rosmaster.master][INFO] 2025-12-04 21:54:29,309: +PARAM [/joystick_relay/turbo/steps] by /roslaunch
[rosmaster.master][INFO] 2025-12-04 21:54:29,309: +PARAM [/dynamic_footprint_publisher/footprint] by /roslaunch
[rosmaster.master][INFO] 2025-12-04 21:54:29,309: +PARAM [/dynamic_footprint_publisher/link_list] by /roslaunch
[rosmaster.master][INFO] 2025-12-04 21:54:29,309: +PARAM [/dynamic_footprint_publisher/padding] by /roslaunch
[rosmaster.master][INFO] 2025-12-04 21:54:29,309: +PARAM [/collision_decomposition_description] by /roslaunch
[rosmaster.master][INFO] 2025-12-04 21:54:29,309: +PARAM [/extra_capsule_descriptions/arm_7_link/position] by /roslaunch
[rosmaster.master][INFO] 2025-12-04 21:54:29,309: +PARAM [/extra_capsule_descriptions/arm_7_link/orientation] by /roslaunch
[rosmaster.master][INFO] 2025-12-04 21:54:29,309: +PARAM [/extra_capsule_descriptions/arm_7_link/l] by /roslaunch
[rosmaster.master][INFO] 2025-12-04 21:54:29,309: +PARAM [/extra_capsule_descriptions/arm_7_link/r] by /roslaunch
[rosmaster.master][INFO] 2025-12-04 21:54:29,309: +PARAM [/capsule_collision_operations] by /roslaunch
[rosmaster.master][INFO] 2025-12-04 21:54:29,309: +PARAM [/whole_body_kinematic_controller/type] by /roslaunch
[rosmaster.master][INFO] 2025-12-04 21:54:29,309: +PARAM [/whole_body_kinematic_controller/useHead] by /roslaunch
[rosmaster.master][INFO] 2025-12-04 21:54:29,309: +PARAM [/whole_body_kinematic_controller/force_torque/wrist_ft/frame] by /roslaunch
[rosmaster.master][INFO] 2025-12-04 21:54:29,309: +PARAM [/whole_body_kinematic_controller/dt] by /roslaunch
[rosmaster.master][INFO] 2025-12-04 21:54:29,309: +PARAM [/whole_body_kinematic_controller/floating_base] by /roslaunch
[rosmaster.master][INFO] 2025-12-04 21:54:29,309: +PARAM [/whole_body_kinematic_controller/formulation] by /roslaunch
[rosmaster.master][INFO] 2025-12-04 21:54:29,309: +PARAM [/whole_body_kinematic_controller/stack_configuration] by /roslaunch
[rosmaster.master][INFO] 2025-12-04 21:54:29,309: +PARAM [/whole_body_kinematic_controller/solver_type] by /roslaunch
[rosmaster.master][INFO] 2025-12-04 21:54:29,309: +PARAM [/whole_body_kinematic_controller/initialize_bfp_tf] by /roslaunch
[rosmaster.master][INFO] 2025-12-04 21:54:29,309: +PARAM [/whole_body_kinematic_controller/use_home_posture] by /roslaunch
[rosmaster.master][INFO] 2025-12-04 21:54:29,309: +PARAM [/whole_body_kinematic_controller/use_odom] by /roslaunch
[rosmaster.master][INFO] 2025-12-04 21:54:29,309: +PARAM [/whole_body_kinematic_controller/robot_model_chains] by /roslaunch
[rosmaster.master][INFO] 2025-12-04 21:54:29,309: +PARAM [/whole_body_kinematic_controller/default_configuration/arm_1_joint] by /roslaunch
[rosmaster.master][INFO] 2025-12-04 21:54:29,309: +PARAM [/whole_body_kinematic_controller/default_configuration/arm_2_joint] by /roslaunch
[rosmaster.master][INFO] 2025-12-04 21:54:29,310: +PARAM [/whole_body_kinematic_controller/default_configuration/arm_3_joint] by /roslaunch
[rosmaster.master][INFO] 2025-12-04 21:54:29,310: +PARAM [/whole_body_kinematic_controller/default_configuration/arm_4_joint] by /roslaunch
[rosmaster.master][INFO] 2025-12-04 21:54:29,310: +PARAM [/whole_body_kinematic_controller/default_configuration/arm_5_joint] by /roslaunch
[rosmaster.master][INFO] 2025-12-04 21:54:29,310: +PARAM [/whole_body_kinematic_controller/default_configuration/arm_6_joint] by /roslaunch
[rosmaster.master][INFO] 2025-12-04 21:54:29,310: +PARAM [/whole_body_kinematic_controller/default_configuration/arm_7_joint] by /roslaunch
[rosmaster.master][INFO] 2025-12-04 21:54:29,310: +PARAM [/whole_body_kinematic_controller/default_configuration/head_1_joint] by /roslaunch
[rosmaster.master][INFO] 2025-12-04 21:54:29,310: +PARAM [/whole_body_kinematic_controller/default_configuration/head_2_joint] by /roslaunch
[rosmaster.master][INFO] 2025-12-04 21:54:29,310: +PARAM [/whole_body_kinematic_controller/default_configuration/torso_lift_joint] by /roslaunch
[rosmaster.master][INFO] 2025-12-04 21:54:29,310: +PARAM [/whole_body_kinematic_controller/joints/arm_1_joint/actuator_params/ball_screw_efficiency] by /roslaunch
[rosmaster.master][INFO] 2025-12-04 21:54:29,310: +PARAM [/whole_body_kinematic_controller/joints/arm_1_joint/actuator_params/ball_screw_lead] by /roslaunch
[rosmaster.master][INFO] 2025-12-04 21:54:29,310: +PARAM [/whole_body_kinematic_controller/joints/arm_1_joint/actuator_params/motor_torque_constant] by /roslaunch
[rosmaster.master][INFO] 2025-12-04 21:54:29,310: +PARAM [/whole_body_kinematic_controller/joints/arm_1_joint/actuator_params/torque_sensor_offset] by /roslaunch
[rosmaster.master][INFO] 2025-12-04 21:54:29,310: +PARAM [/whole_body_kinematic_controller/joints/arm_1_joint/actuator_params/reduction_ratio] by /roslaunch
[rosmaster.master][INFO] 2025-12-04 21:54:29,310: +PARAM [/whole_body_kinematic_controller/joints/arm_1_joint/actuator_params/actuator_names] by /roslaunch
[rosmaster.master][INFO] 2025-12-04 21:54:29,310: +PARAM [/whole_body_kinematic_controller/joints/arm_1_joint/actuator_params/check_mode] by /roslaunch
[rosmaster.master][INFO] 2025-12-04 21:54:29,310: +PARAM [/whole_body_kinematic_controller/joints/arm_1_joint/actuator_params/motor_inertia] by /roslaunch
[rosmaster.master][INFO] 2025-12-04 21:54:29,310: +PARAM [/whole_body_kinematic_controller/joints/arm_1_joint/actuator_params/static_friction] by /roslaunch
[rosmaster.master][INFO] 2025-12-04 21:54:29,310: +PARAM [/whole_body_kinematic_controller/joints/arm_1_joint/actuator_params/viscous_friction] by /roslaunch
[rosmaster.master][INFO] 2025-12-04 21:54:29,310: +PARAM [/whole_body_kinematic_controller/joints/arm_1_joint/actuator_params/joint_elasticity] by /roslaunch
[rosmaster.master][INFO] 2025-12-04 21:54:29,310: +PARAM [/whole_body_kinematic_controller/joints/arm_1_joint/actuator_params/joint_elasticity_damping] by /roslaunch
[rosmaster.master][INFO] 2025-12-04 21:54:29,310: +PARAM [/whole_body_kinematic_controller/joints/arm_1_joint/type] by /roslaunch
[rosmaster.master][INFO] 2025-12-04 21:54:29,310: +PARAM [/whole_body_kinematic_controller/joints/arm_1_joint/check_mode] by /roslaunch
[rosmaster.master][INFO] 2025-12-04 21:54:29,310: +PARAM [/whole_body_kinematic_controller/joints/arm_1_joint/open_loop] by /roslaunch
[rosmaster.master][INFO] 2025-12-04 21:54:29,311: +PARAM [/whole_body_kinematic_controller/joints/arm_2_joint/actuator_params/ball_screw_efficiency] by /roslaunch
[rosmaster.master][INFO] 2025-12-04 21:54:29,311: +PARAM [/whole_body_kinematic_controller/joints/arm_2_joint/actuator_params/ball_screw_lead] by /roslaunch
[rosmaster.master][INFO] 2025-12-04 21:54:29,311: +PARAM [/whole_body_kinematic_controller/joints/arm_2_joint/actuator_params/motor_torque_constant] by /roslaunch
[rosmaster.master][INFO] 2025-12-04 21:54:29,311: +PARAM [/whole_body_kinematic_controller/joints/arm_2_joint/actuator_params/torque_sensor_offset] by /roslaunch
[rosmaster.master][INFO] 2025-12-04 21:54:29,311: +PARAM [/whole_body_kinematic_controller/joints/arm_2_joint/actuator_params/reduction_ratio] by /roslaunch
[rosmaster.master][INFO] 2025-12-04 21:54:29,311: +PARAM [/whole_body_kinematic_controller/joints/arm_2_joint/actuator_params/actuator_names] by /roslaunch
[rosmaster.master][INFO] 2025-12-04 21:54:29,311: +PARAM [/whole_body_kinematic_controller/joints/arm_2_joint/actuator_params/check_mode] by /roslaunch
[rosmaster.master][INFO] 2025-12-04 21:54:29,311: +PARAM [/whole_body_kinematic_controller/joints/arm_2_joint/actuator_params/motor_inertia] by /roslaunch
[rosmaster.master][INFO] 2025-12-04 21:54:29,311: +PARAM [/whole_body_kinematic_controller/joints/arm_2_joint/actuator_params/static_friction] by /roslaunch
[rosmaster.master][INFO] 2025-12-04 21:54:29,311: +PARAM [/whole_body_kinematic_controller/joints/arm_2_joint/actuator_params/viscous_friction] by /roslaunch
[rosmaster.master][INFO] 2025-12-04 21:54:29,311: +PARAM [/whole_body_kinematic_controller/joints/arm_2_joint/actuator_params/joint_elasticity] by /roslaunch
[rosmaster.master][INFO] 2025-12-04 21:54:29,311: +PARAM [/whole_body_kinematic_controller/joints/arm_2_joint/actuator_params/joint_elasticity_damping] by /roslaunch
[rosmaster.master][INFO] 2025-12-04 21:54:29,311: +PARAM [/whole_body_kinematic_controller/joints/arm_2_joint/type] by /roslaunch
[rosmaster.master][INFO] 2025-12-04 21:54:29,311: +PARAM [/whole_body_kinematic_controller/joints/arm_2_joint/check_mode] by /roslaunch
[rosmaster.master][INFO] 2025-12-04 21:54:29,311: +PARAM [/whole_body_kinematic_controller/joints/arm_2_joint/open_loop] by /roslaunch
[rosmaster.master][INFO] 2025-12-04 21:54:29,311: +PARAM [/whole_body_kinematic_controller/joints/arm_3_joint/actuator_params/ball_screw_efficiency] by /roslaunch
[rosmaster.master][INFO] 2025-12-04 21:54:29,311: +PARAM [/whole_body_kinematic_controller/joints/arm_3_joint/actuator_params/ball_screw_lead] by /roslaunch
[rosmaster.master][INFO] 2025-12-04 21:54:29,311: +PARAM [/whole_body_kinematic_controller/joints/arm_3_joint/actuator_params/motor_torque_constant] by /roslaunch
[rosmaster.master][INFO] 2025-12-04 21:54:29,311: +PARAM [/whole_body_kinematic_controller/joints/arm_3_joint/actuator_params/torque_sensor_offset] by /roslaunch
[rosmaster.master][INFO] 2025-12-04 21:54:29,311: +PARAM [/whole_body_kinematic_controller/joints/arm_3_joint/actuator_params/reduction_ratio] by /roslaunch
[rosmaster.master][INFO] 2025-12-04 21:54:29,311: +PARAM [/whole_body_kinematic_controller/joints/arm_3_joint/actuator_params/actuator_names] by /roslaunch
[rosmaster.master][INFO] 2025-12-04 21:54:29,312: +PARAM [/whole_body_kinematic_controller/joints/arm_3_joint/actuator_params/check_mode] by /roslaunch
[rosmaster.master][INFO] 2025-12-04 21:54:29,312: +PARAM [/whole_body_kinematic_controller/joints/arm_3_joint/actuator_params/motor_inertia] by /roslaunch
[rosmaster.master][INFO] 2025-12-04 21:54:29,312: +PARAM [/whole_body_kinematic_controller/joints/arm_3_joint/actuator_params/static_friction] by /roslaunch
[rosmaster.master][INFO] 2025-12-04 21:54:29,312: +PARAM [/whole_body_kinematic_controller/joints/arm_3_joint/actuator_params/viscous_friction] by /roslaunch
[rosmaster.master][INFO] 2025-12-04 21:54:29,312: +PARAM [/whole_body_kinematic_controller/joints/arm_3_joint/actuator_params/joint_elasticity] by /roslaunch
[rosmaster.master][INFO] 2025-12-04 21:54:29,312: +PARAM [/whole_body_kinematic_controller/joints/arm_3_joint/actuator_params/joint_elasticity_damping] by /roslaunch
[rosmaster.master][INFO] 2025-12-04 21:54:29,312: +PARAM [/whole_body_kinematic_controller/joints/arm_3_joint/type] by /roslaunch
[rosmaster.master][INFO] 2025-12-04 21:54:29,312: +PARAM [/whole_body_kinematic_controller/joints/arm_3_joint/check_mode] by /roslaunch
[rosmaster.master][INFO] 2025-12-04 21:54:29,312: +PARAM [/whole_body_kinematic_controller/joints/arm_3_joint/open_loop] by /roslaunch
[rosmaster.master][INFO] 2025-12-04 21:54:29,312: +PARAM [/whole_body_kinematic_controller/joints/arm_4_joint/actuator_params/ball_screw_efficiency] by /roslaunch
[rosmaster.master][INFO] 2025-12-04 21:54:29,312: +PARAM [/whole_body_kinematic_controller/joints/arm_4_joint/actuator_params/ball_screw_lead] by /roslaunch
[rosmaster.master][INFO] 2025-12-04 21:54:29,312: +PARAM [/whole_body_kinematic_controller/joints/arm_4_joint/actuator_params/motor_torque_constant] by /roslaunch
[rosmaster.master][INFO] 2025-12-04 21:54:29,312: +PARAM [/whole_body_kinematic_controller/joints/arm_4_joint/actuator_params/torque_sensor_offset] by /roslaunch
[rosmaster.master][INFO] 2025-12-04 21:54:29,312: +PARAM [/whole_body_kinematic_controller/joints/arm_4_joint/actuator_params/reduction_ratio] by /roslaunch
[rosmaster.master][INFO] 2025-12-04 21:54:29,312: +PARAM [/whole_body_kinematic_controller/joints/arm_4_joint/actuator_params/actuator_names] by /roslaunch
[rosmaster.master][INFO] 2025-12-04 21:54:29,312: +PARAM [/whole_body_kinematic_controller/joints/arm_4_joint/actuator_params/check_mode] by /roslaunch
[rosmaster.master][INFO] 2025-12-04 21:54:29,312: +PARAM [/whole_body_kinematic_controller/joints/arm_4_joint/actuator_params/motor_inertia] by /roslaunch
[rosmaster.master][INFO] 2025-12-04 21:54:29,312: +PARAM [/whole_body_kinematic_controller/joints/arm_4_joint/actuator_params/static_friction] by /roslaunch
[rosmaster.master][INFO] 2025-12-04 21:54:29,312: +PARAM [/whole_body_kinematic_controller/joints/arm_4_joint/actuator_params/viscous_friction] by /roslaunch
[rosmaster.master][INFO] 2025-12-04 21:54:29,312: +PARAM [/whole_body_kinematic_controller/joints/arm_4_joint/actuator_params/joint_elasticity] by /roslaunch
[rosmaster.master][INFO] 2025-12-04 21:54:29,312: +PARAM [/whole_body_kinematic_controller/joints/arm_4_joint/actuator_params/joint_elasticity_damping] by /roslaunch
[rosmaster.master][INFO] 2025-12-04 21:54:29,312: +PARAM [/whole_body_kinematic_controller/joints/arm_4_joint/type] by /roslaunch
[rosmaster.master][INFO] 2025-12-04 21:54:29,312: +PARAM [/whole_body_kinematic_controller/joints/arm_4_joint/check_mode] by /roslaunch
[rosmaster.master][INFO] 2025-12-04 21:54:29,312: +PARAM [/whole_body_kinematic_controller/joints/arm_4_joint/open_loop] by /roslaunch
[rosmaster.master][INFO] 2025-12-04 21:54:29,313: +PARAM [/whole_body_kinematic_controller/joints/arm_5_joint/actuator_params/ball_screw_efficiency] by /roslaunch
[rosmaster.master][INFO] 2025-12-04 21:54:29,313: +PARAM [/whole_body_kinematic_controller/joints/arm_5_joint/actuator_params/ball_screw_lead] by /roslaunch
[rosmaster.master][INFO] 2025-12-04 21:54:29,313: +PARAM [/whole_body_kinematic_controller/joints/arm_5_joint/actuator_params/motor_torque_constant] by /roslaunch
[rosmaster.master][INFO] 2025-12-04 21:54:29,313: +PARAM [/whole_body_kinematic_controller/joints/arm_5_joint/actuator_params/torque_sensor_offset] by /roslaunch
[rosmaster.master][INFO] 2025-12-04 21:54:29,313: +PARAM [/whole_body_kinematic_controller/joints/arm_5_joint/actuator_params/reduction_ratio] by /roslaunch
[rosmaster.master][INFO] 2025-12-04 21:54:29,313: +PARAM [/whole_body_kinematic_controller/joints/arm_5_joint/actuator_params/actuator_names] by /roslaunch
[rosmaster.master][INFO] 2025-12-04 21:54:29,313: +PARAM [/whole_body_kinematic_controller/joints/arm_5_joint/actuator_params/check_mode] by /roslaunch
[rosmaster.master][INFO] 2025-12-04 21:54:29,313: +PARAM [/whole_body_kinematic_controller/joints/arm_5_joint/actuator_params/motor_inertia] by /roslaunch
[rosmaster.master][INFO] 2025-12-04 21:54:29,313: +PARAM [/whole_body_kinematic_controller/joints/arm_5_joint/actuator_params/static_friction] by /roslaunch
[rosmaster.master][INFO] 2025-12-04 21:54:29,313: +PARAM [/whole_body_kinematic_controller/joints/arm_5_joint/actuator_params/viscous_friction] by /roslaunch
[rosmaster.master][INFO] 2025-12-04 21:54:29,313: +PARAM [/whole_body_kinematic_controller/joints/arm_5_joint/actuator_params/joint_elasticity] by /roslaunch
[rosmaster.master][INFO] 2025-12-04 21:54:29,313: +PARAM [/whole_body_kinematic_controller/joints/arm_5_joint/actuator_params/joint_elasticity_damping] by /roslaunch
[rosmaster.master][INFO] 2025-12-04 21:54:29,313: +PARAM [/whole_body_kinematic_controller/joints/arm_5_joint/type] by /roslaunch
[rosmaster.master][INFO] 2025-12-04 21:54:29,313: +PARAM [/whole_body_kinematic_controller/joints/arm_5_joint/check_mode] by /roslaunch
[rosmaster.master][INFO] 2025-12-04 21:54:29,313: +PARAM [/whole_body_kinematic_controller/joints/arm_5_joint/open_loop] by /roslaunch
[rosmaster.master][INFO] 2025-12-04 21:54:29,313: +PARAM [/whole_body_kinematic_controller/joints/arm_6_joint/actuator_params/ball_screw_efficiency] by /roslaunch
[rosmaster.master][INFO] 2025-12-04 21:54:29,313: +PARAM [/whole_body_kinematic_controller/joints/arm_6_joint/actuator_params/ball_screw_lead] by /roslaunch
[rosmaster.master][INFO] 2025-12-04 21:54:29,313: +PARAM [/whole_body_kinematic_controller/joints/arm_6_joint/actuator_params/motor_torque_constant] by /roslaunch
[rosmaster.master][INFO] 2025-12-04 21:54:29,313: +PARAM [/whole_body_kinematic_controller/joints/arm_6_joint/actuator_params/torque_sensor_offset] by /roslaunch
[rosmaster.master][INFO] 2025-12-04 21:54:29,313: +PARAM [/whole_body_kinematic_controller/joints/arm_6_joint/actuator_params/reduction_ratio] by /roslaunch
[rosmaster.master][INFO] 2025-12-04 21:54:29,313: +PARAM [/whole_body_kinematic_controller/joints/arm_6_joint/actuator_params/actuator_names] by /roslaunch
[rosmaster.master][INFO] 2025-12-04 21:54:29,313: +PARAM [/whole_body_kinematic_controller/joints/arm_6_joint/actuator_params/check_mode] by /roslaunch
[rosmaster.master][INFO] 2025-12-04 21:54:29,313: +PARAM [/whole_body_kinematic_controller/joints/arm_6_joint/actuator_params/motor_inertia] by /roslaunch
[rosmaster.master][INFO] 2025-12-04 21:54:29,313: +PARAM [/whole_body_kinematic_controller/joints/arm_6_joint/actuator_params/static_friction] by /roslaunch
[rosmaster.master][INFO] 2025-12-04 21:54:29,314: +PARAM [/whole_body_kinematic_controller/joints/arm_6_joint/actuator_params/viscous_friction] by /roslaunch
[rosmaster.master][INFO] 2025-12-04 21:54:29,314: +PARAM [/whole_body_kinematic_controller/joints/arm_6_joint/actuator_params/joint_elasticity] by /roslaunch
[rosmaster.master][INFO] 2025-12-04 21:54:29,314: +PARAM [/whole_body_kinematic_controller/joints/arm_6_joint/actuator_params/joint_elasticity_damping] by /roslaunch
[rosmaster.master][INFO] 2025-12-04 21:54:29,314: +PARAM [/whole_body_kinematic_controller/joints/arm_6_joint/type] by /roslaunch
[rosmaster.master][INFO] 2025-12-04 21:54:29,314: +PARAM [/whole_body_kinematic_controller/joints/arm_6_joint/check_mode] by /roslaunch
[rosmaster.master][INFO] 2025-12-04 21:54:29,314: +PARAM [/whole_body_kinematic_controller/joints/arm_6_joint/open_loop] by /roslaunch
[rosmaster.master][INFO] 2025-12-04 21:54:29,314: +PARAM [/whole_body_kinematic_controller/joints/arm_7_joint/actuator_params/ball_screw_efficiency] by /roslaunch
[rosmaster.master][INFO] 2025-12-04 21:54:29,314: +PARAM [/whole_body_kinematic_controller/joints/arm_7_joint/actuator_params/ball_screw_lead] by /roslaunch
[rosmaster.master][INFO] 2025-12-04 21:54:29,314: +PARAM [/whole_body_kinematic_controller/joints/arm_7_joint/actuator_params/motor_torque_constant] by /roslaunch
[rosmaster.master][INFO] 2025-12-04 21:54:29,314: +PARAM [/whole_body_kinematic_controller/joints/arm_7_joint/actuator_params/torque_sensor_offset] by /roslaunch
[rosmaster.master][INFO] 2025-12-04 21:54:29,314: +PARAM [/whole_body_kinematic_controller/joints/arm_7_joint/actuator_params/reduction_ratio] by /roslaunch
[rosmaster.master][INFO] 2025-12-04 21:54:29,314: +PARAM [/whole_body_kinematic_controller/joints/arm_7_joint/actuator_params/actuator_names] by /roslaunch
[rosmaster.master][INFO] 2025-12-04 21:54:29,314: +PARAM [/whole_body_kinematic_controller/joints/arm_7_joint/actuator_params/check_mode] by /roslaunch
[rosmaster.master][INFO] 2025-12-04 21:54:29,314: +PARAM [/whole_body_kinematic_controller/joints/arm_7_joint/actuator_params/motor_inertia] by /roslaunch
[rosmaster.master][INFO] 2025-12-04 21:54:29,314: +PARAM [/whole_body_kinematic_controller/joints/arm_7_joint/actuator_params/static_friction] by /roslaunch
[rosmaster.master][INFO] 2025-12-04 21:54:29,314: +PARAM [/whole_body_kinematic_controller/joints/arm_7_joint/actuator_params/viscous_friction] by /roslaunch
[rosmaster.master][INFO] 2025-12-04 21:54:29,314: +PARAM [/whole_body_kinematic_controller/joints/arm_7_joint/actuator_params/joint_elasticity] by /roslaunch
[rosmaster.master][INFO] 2025-12-04 21:54:29,314: +PARAM [/whole_body_kinematic_controller/joints/arm_7_joint/actuator_params/joint_elasticity_damping] by /roslaunch
[rosmaster.master][INFO] 2025-12-04 21:54:29,314: +PARAM [/whole_body_kinematic_controller/joints/arm_7_joint/type] by /roslaunch
[rosmaster.master][INFO] 2025-12-04 21:54:29,314: +PARAM [/whole_body_kinematic_controller/joints/arm_7_joint/check_mode] by /roslaunch
[rosmaster.master][INFO] 2025-12-04 21:54:29,314: +PARAM [/whole_body_kinematic_controller/joints/arm_7_joint/open_loop] by /roslaunch
[rosmaster.master][INFO] 2025-12-04 21:54:29,314: +PARAM [/whole_body_kinematic_controller/joints/head_1_joint/actuator_params/ball_screw_efficiency] by /roslaunch
[rosmaster.master][INFO] 2025-12-04 21:54:29,314: +PARAM [/whole_body_kinematic_controller/joints/head_1_joint/actuator_params/ball_screw_lead] by /roslaunch
[rosmaster.master][INFO] 2025-12-04 21:54:29,315: +PARAM [/whole_body_kinematic_controller/joints/head_1_joint/actuator_params/motor_torque_constant] by /roslaunch
[rosmaster.master][INFO] 2025-12-04 21:54:29,315: +PARAM [/whole_body_kinematic_controller/joints/head_1_joint/actuator_params/torque_sensor_offset] by /roslaunch
[rosmaster.master][INFO] 2025-12-04 21:54:29,315: +PARAM [/whole_body_kinematic_controller/joints/head_1_joint/actuator_params/reduction_ratio] by /roslaunch
[rosmaster.master][INFO] 2025-12-04 21:54:29,315: +PARAM [/whole_body_kinematic_controller/joints/head_1_joint/actuator_params/actuator_names] by /roslaunch
[rosmaster.master][INFO] 2025-12-04 21:54:29,315: +PARAM [/whole_body_kinematic_controller/joints/head_1_joint/actuator_params/check_mode] by /roslaunch
[rosmaster.master][INFO] 2025-12-04 21:54:29,315: +PARAM [/whole_body_kinematic_controller/joints/head_1_joint/actuator_params/motor_inertia] by /roslaunch
[rosmaster.master][INFO] 2025-12-04 21:54:29,315: +PARAM [/whole_body_kinematic_controller/joints/head_1_joint/actuator_params/static_friction] by /roslaunch
[rosmaster.master][INFO] 2025-12-04 21:54:29,315: +PARAM [/whole_body_kinematic_controller/joints/head_1_joint/actuator_params/viscous_friction] by /roslaunch
[rosmaster.master][INFO] 2025-12-04 21:54:29,315: +PARAM [/whole_body_kinematic_controller/joints/head_1_joint/actuator_params/joint_elasticity] by /roslaunch
[rosmaster.master][INFO] 2025-12-04 21:54:29,315: +PARAM [/whole_body_kinematic_controller/joints/head_1_joint/actuator_params/joint_elasticity_damping] by /roslaunch
[rosmaster.master][INFO] 2025-12-04 21:54:29,315: +PARAM [/whole_body_kinematic_controller/joints/head_1_joint/type] by /roslaunch
[rosmaster.master][INFO] 2025-12-04 21:54:29,315: +PARAM [/whole_body_kinematic_controller/joints/head_1_joint/check_mode] by /roslaunch
[rosmaster.master][INFO] 2025-12-04 21:54:29,315: +PARAM [/whole_body_kinematic_controller/joints/head_1_joint/open_loop] by /roslaunch
[rosmaster.master][INFO] 2025-12-04 21:54:29,315: +PARAM [/whole_body_kinematic_controller/joints/head_2_joint/actuator_params/ball_screw_efficiency] by /roslaunch
[rosmaster.master][INFO] 2025-12-04 21:54:29,315: +PARAM [/whole_body_kinematic_controller/joints/head_2_joint/actuator_params/ball_screw_lead] by /roslaunch
[rosmaster.master][INFO] 2025-12-04 21:54:29,315: +PARAM [/whole_body_kinematic_controller/joints/head_2_joint/actuator_params/motor_torque_constant] by /roslaunch
[rosmaster.master][INFO] 2025-12-04 21:54:29,315: +PARAM [/whole_body_kinematic_controller/joints/head_2_joint/actuator_params/torque_sensor_offset] by /roslaunch
[rosmaster.master][INFO] 2025-12-04 21:54:29,315: +PARAM [/whole_body_kinematic_controller/joints/head_2_joint/actuator_params/reduction_ratio] by /roslaunch
[rosmaster.master][INFO] 2025-12-04 21:54:29,315: +PARAM [/whole_body_kinematic_controller/joints/head_2_joint/actuator_params/actuator_names] by /roslaunch
[rosmaster.master][INFO] 2025-12-04 21:54:29,315: +PARAM [/whole_body_kinematic_controller/joints/head_2_joint/actuator_params/check_mode] by /roslaunch
[rosmaster.master][INFO] 2025-12-04 21:54:29,315: +PARAM [/whole_body_kinematic_controller/joints/head_2_joint/actuator_params/motor_inertia] by /roslaunch
[rosmaster.master][INFO] 2025-12-04 21:54:29,315: +PARAM [/whole_body_kinematic_controller/joints/head_2_joint/actuator_params/static_friction] by /roslaunch
[rosmaster.master][INFO] 2025-12-04 21:54:29,315: +PARAM [/whole_body_kinematic_controller/joints/head_2_joint/actuator_params/viscous_friction] by /roslaunch
[rosmaster.master][INFO] 2025-12-04 21:54:29,315: +PARAM [/whole_body_kinematic_controller/joints/head_2_joint/actuator_params/joint_elasticity] by /roslaunch
[rosmaster.master][INFO] 2025-12-04 21:54:29,316: +PARAM [/whole_body_kinematic_controller/joints/head_2_joint/actuator_params/joint_elasticity_damping] by /roslaunch
[rosmaster.master][INFO] 2025-12-04 21:54:29,316: +PARAM [/whole_body_kinematic_controller/joints/head_2_joint/type] by /roslaunch
[rosmaster.master][INFO] 2025-12-04 21:54:29,316: +PARAM [/whole_body_kinematic_controller/joints/head_2_joint/check_mode] by /roslaunch
[rosmaster.master][INFO] 2025-12-04 21:54:29,316: +PARAM [/whole_body_kinematic_controller/joints/head_2_joint/open_loop] by /roslaunch
[rosmaster.master][INFO] 2025-12-04 21:54:29,316: +PARAM [/whole_body_kinematic_controller/joints/torso_lift_joint/actuator_params/ball_screw_efficiency] by /roslaunch
[rosmaster.master][INFO] 2025-12-04 21:54:29,316: +PARAM [/whole_body_kinematic_controller/joints/torso_lift_joint/actuator_params/ball_screw_lead] by /roslaunch
[rosmaster.master][INFO] 2025-12-04 21:54:29,316: +PARAM [/whole_body_kinematic_controller/joints/torso_lift_joint/actuator_params/motor_torque_constant] by /roslaunch
[rosmaster.master][INFO] 2025-12-04 21:54:29,316: +PARAM [/whole_body_kinematic_controller/joints/torso_lift_joint/actuator_params/torque_sensor_offset] by /roslaunch
[rosmaster.master][INFO] 2025-12-04 21:54:29,316: +PARAM [/whole_body_kinematic_controller/joints/torso_lift_joint/actuator_params/reduction_ratio] by /roslaunch
[rosmaster.master][INFO] 2025-12-04 21:54:29,316: +PARAM [/whole_body_kinematic_controller/joints/torso_lift_joint/actuator_params/actuator_names] by /roslaunch
[rosmaster.master][INFO] 2025-12-04 21:54:29,316: +PARAM [/whole_body_kinematic_controller/joints/torso_lift_joint/actuator_params/check_mode] by /roslaunch
[rosmaster.master][INFO] 2025-12-04 21:54:29,316: +PARAM [/whole_body_kinematic_controller/joints/torso_lift_joint/actuator_params/motor_inertia] by /roslaunch
[rosmaster.master][INFO] 2025-12-04 21:54:29,316: +PARAM [/whole_body_kinematic_controller/joints/torso_lift_joint/actuator_params/static_friction] by /roslaunch
[rosmaster.master][INFO] 2025-12-04 21:54:29,316: +PARAM [/whole_body_kinematic_controller/joints/torso_lift_joint/actuator_params/viscous_friction] by /roslaunch
[rosmaster.master][INFO] 2025-12-04 21:54:29,316: +PARAM [/whole_body_kinematic_controller/joints/torso_lift_joint/actuator_params/joint_elasticity] by /roslaunch
[rosmaster.master][INFO] 2025-12-04 21:54:29,316: +PARAM [/whole_body_kinematic_controller/joints/torso_lift_joint/actuator_params/joint_elasticity_damping] by /roslaunch
[rosmaster.master][INFO] 2025-12-04 21:54:29,316: +PARAM [/whole_body_kinematic_controller/joints/torso_lift_joint/type] by /roslaunch
[rosmaster.master][INFO] 2025-12-04 21:54:29,316: +PARAM [/whole_body_kinematic_controller/joints/torso_lift_joint/check_mode] by /roslaunch
[rosmaster.master][INFO] 2025-12-04 21:54:29,316: +PARAM [/whole_body_kinematic_controller/joints/torso_lift_joint/open_loop] by /roslaunch
[rosmaster.master][INFO] 2025-12-04 21:54:29,436: +PUB [/rosout] /head_controller/point_head_action http://127.0.0.1:34099/
[rosmaster.master][INFO] 2025-12-04 21:54:29,437: +SERVICE [/head_controller/point_head_action/get_loggers] /head_controller/point_head_action http://127.0.0.1:34099/
[rosmaster.master][INFO] 2025-12-04 21:54:29,438: +SERVICE [/head_controller/point_head_action/set_logger_level] /head_controller/point_head_action http://127.0.0.1:34099/
[rosmaster.master][INFO] 2025-12-04 21:54:29,442: +SUB [/clock] /head_controller/point_head_action http://127.0.0.1:34099/
[rosmaster.master][INFO] 2025-12-04 21:54:29,446: +SUB [/tf] /head_controller/point_head_action http://127.0.0.1:34099/
[rosmaster.master][INFO] 2025-12-04 21:54:29,450: +SUB [/tf_static] /head_controller/point_head_action http://127.0.0.1:34099/
[rosmaster.master][INFO] 2025-12-04 21:54:29,453: +PUB [/head_controller/command] /head_controller/point_head_action http://127.0.0.1:34099/
[rosmaster.master][INFO] 2025-12-04 21:54:29,457: +SUB [/head_controller/state] /head_controller/point_head_action http://127.0.0.1:34099/
[rosmaster.master][INFO] 2025-12-04 21:54:29,459: +CACHEDPARAM [/rosout_disable_topics_generation] by /head_controller/point_head_action
[rosmaster.master][INFO] 2025-12-04 21:54:29,494: +PUB [/head_controller/point_head_action/result] /head_controller/point_head_action http://127.0.0.1:34099/
[rosmaster.master][INFO] 2025-12-04 21:54:29,496: +PUB [/head_controller/point_head_action/feedback] /head_controller/point_head_action http://127.0.0.1:34099/
[rosmaster.master][INFO] 2025-12-04 21:54:29,497: +PUB [/head_controller/point_head_action/status] /head_controller/point_head_action http://127.0.0.1:34099/
[rosmaster.master][INFO] 2025-12-04 21:54:29,505: +SUB [/head_controller/point_head_action/goal] /head_controller/point_head_action http://127.0.0.1:34099/
[rosmaster.master][INFO] 2025-12-04 21:54:29,512: +SUB [/head_controller/point_head_action/cancel] /head_controller/point_head_action http://127.0.0.1:34099/
[rosmaster.master][INFO] 2025-12-04 21:54:29,532: publisherUpdate[/rosout] -> http://127.0.0.1:37845/ ['http://127.0.0.1:34099/']
[rosmaster.master][INFO] 2025-12-04 21:54:29,612: publisherUpdate[/rosout] -> http://127.0.0.1:37845/ ['http://127.0.0.1:34099/']: sec=0.08, result=[1, '', 0]
[rosmaster.master][INFO] 2025-12-04 21:54:29,649: +PUB [/rosout] /robot_state_publisher http://127.0.0.1:34537/
[rosmaster.master][INFO] 2025-12-04 21:54:29,649: +SERVICE [/robot_state_publisher/get_loggers] /robot_state_publisher http://127.0.0.1:34537/
[rosmaster.master][INFO] 2025-12-04 21:54:29,650: +SERVICE [/robot_state_publisher/set_logger_level] /robot_state_publisher http://127.0.0.1:34537/
[rosmaster.master][INFO] 2025-12-04 21:54:29,662: +SUB [/clock] /robot_state_publisher http://127.0.0.1:34537/
[rosmaster.master][INFO] 2025-12-04 21:54:29,679: +PUB [/tf] /robot_state_publisher http://127.0.0.1:34537/
[rosmaster.master][INFO] 2025-12-04 21:54:29,680: +PUB [/tf_static] /robot_state_publisher http://127.0.0.1:34537/
[rosmaster.master][INFO] 2025-12-04 21:54:29,686: +SUB [/joint_states] /robot_state_publisher http://127.0.0.1:34537/
[rosmaster.master][INFO] 2025-12-04 21:54:29,731: publisherUpdate[/rosout] -> http://127.0.0.1:37845/ ['http://127.0.0.1:34099/', 'http://127.0.0.1:34537/']
[rosmaster.master][INFO] 2025-12-04 21:54:29,736: publisherUpdate[/rosout] -> http://127.0.0.1:37845/ ['http://127.0.0.1:34099/', 'http://127.0.0.1:34537/']: sec=0.00, result=[1, '', 0]
[rosmaster.master][INFO] 2025-12-04 21:54:29,737: publisherUpdate[/tf] -> http://127.0.0.1:34099/ ['http://127.0.0.1:34537/']
[rosmaster.master][INFO] 2025-12-04 21:54:29,757: +PUB [/rosout] /move_group http://127.0.0.1:33721/
[rosmaster.master][INFO] 2025-12-04 21:54:29,762: +SERVICE [/move_group/get_loggers] /move_group http://127.0.0.1:33721/
[rosmaster.master][INFO] 2025-12-04 21:54:29,770: +SERVICE [/move_group/set_logger_level] /move_group http://127.0.0.1:33721/
[rosmaster.master][INFO] 2025-12-04 21:54:29,789: +SUB [/clock] /move_group http://127.0.0.1:33721/
[rosmaster.master][INFO] 2025-12-04 21:54:29,803: +PUB [/rosout] /tf_lookup http://127.0.0.1:40329/
[rosmaster.master][INFO] 2025-12-04 21:54:29,804: +SERVICE [/tf_lookup/get_loggers] /tf_lookup http://127.0.0.1:40329/
[rosmaster.master][INFO] 2025-12-04 21:54:29,807: publisherUpdate[/tf] -> http://127.0.0.1:34099/ ['http://127.0.0.1:34537/']: sec=0.07, result=[1, '', 0]
[rosmaster.master][INFO] 2025-12-04 21:54:29,813: publisherUpdate[/tf_static] -> http://127.0.0.1:34099/ ['http://127.0.0.1:34537/']
[rosmaster.master][INFO] 2025-12-04 21:54:29,811: +SERVICE [/tf_lookup/set_logger_level] /tf_lookup http://127.0.0.1:40329/
[rosmaster.master][INFO] 2025-12-04 21:54:29,817: +PUB [/rosout] /twist_mux http://127.0.0.1:35099/
[rosmaster.master][INFO] 2025-12-04 21:54:29,818: publisherUpdate[/tf_static] -> http://127.0.0.1:34099/ ['http://127.0.0.1:34537/']: sec=0.00, result=[1, '', 0]
[rosmaster.master][INFO] 2025-12-04 21:54:29,827: +PUB [/rosout] /play_motion http://127.0.0.1:39587/
[rosmaster.master][INFO] 2025-12-04 21:54:29,832: +SERVICE [/twist_mux/get_loggers] /twist_mux http://127.0.0.1:35099/
[rosmaster.master][INFO] 2025-12-04 21:54:29,832: +SERVICE [/play_motion/get_loggers] /play_motion http://127.0.0.1:39587/
[rosmaster.master][INFO] 2025-12-04 21:54:29,831: publisherUpdate[/rosout] -> http://127.0.0.1:37845/ ['http://127.0.0.1:34099/', 'http://127.0.0.1:34537/', 'http://127.0.0.1:33721/']
[rosmaster.master][INFO] 2025-12-04 21:54:29,833: +SERVICE [/twist_mux/set_logger_level] /twist_mux http://127.0.0.1:35099/
[rosmaster.master][INFO] 2025-12-04 21:54:29,843: +SERVICE [/play_motion/set_logger_level] /play_motion http://127.0.0.1:39587/
[rosmaster.master][INFO] 2025-12-04 21:54:29,846: publisherUpdate[/rosout] -> http://127.0.0.1:37845/ ['http://127.0.0.1:34099/', 'http://127.0.0.1:34537/', 'http://127.0.0.1:33721/']: sec=0.01, result=[1, '', 0]
[rosmaster.master][INFO] 2025-12-04 21:54:29,854: publisherUpdate[/rosout] -> http://127.0.0.1:37845/ ['http://127.0.0.1:34099/', 'http://127.0.0.1:34537/', 'http://127.0.0.1:33721/', 'http://127.0.0.1:40329/']
[rosmaster.master][INFO] 2025-12-04 21:54:29,853: +SUB [/clock] /tf_lookup http://127.0.0.1:40329/
[rosmaster.master][INFO] 2025-12-04 21:54:29,853: +CACHEDPARAM [/rosout_disable_topics_generation] by /move_group
[rosmaster.master][INFO] 2025-12-04 21:54:29,856: +PUB [/rosout] /twist_marker http://127.0.0.1:38211/
[rosmaster.master][INFO] 2025-12-04 21:54:29,860: +PARAM [/move_group/default_planning_pipeline] by /move_group
[rosmaster.master][INFO] 2025-12-04 21:54:29,873: publisherUpdate[/rosout] -> http://127.0.0.1:37845/ ['http://127.0.0.1:34099/', 'http://127.0.0.1:34537/', 'http://127.0.0.1:33721/', 'http://127.0.0.1:40329/']: sec=0.02, result=[1, '', 0]
[rosmaster.master][INFO] 2025-12-04 21:54:29,873: publisherUpdate[/rosout] -> http://127.0.0.1:37845/ ['http://127.0.0.1:34099/', 'http://127.0.0.1:34537/', 'http://127.0.0.1:33721/', 'http://127.0.0.1:40329/', 'http://127.0.0.1:35099/']
[rosmaster.master][INFO] 2025-12-04 21:54:29,876: +SERVICE [/twist_marker/get_loggers] /twist_marker http://127.0.0.1:38211/
[rosmaster.master][INFO] 2025-12-04 21:54:29,884: +SUB [/clock] /twist_mux http://127.0.0.1:35099/
[rosmaster.master][INFO] 2025-12-04 21:54:29,888: publisherUpdate[/rosout] -> http://127.0.0.1:37845/ ['http://127.0.0.1:34099/', 'http://127.0.0.1:34537/', 'http://127.0.0.1:33721/', 'http://127.0.0.1:40329/', 'http://127.0.0.1:35099/']: sec=0.01, result=[1, '', 0]
[rosmaster.master][INFO] 2025-12-04 21:54:29,889: publisherUpdate[/rosout] -> http://127.0.0.1:37845/ ['http://127.0.0.1:34099/', 'http://127.0.0.1:34537/', 'http://127.0.0.1:33721/', 'http://127.0.0.1:40329/', 'http://127.0.0.1:35099/', 'http://127.0.0.1:39587/']
[rosmaster.master][INFO] 2025-12-04 21:54:29,890: +SUB [/tf] /tf_lookup http://127.0.0.1:40329/
[rosmaster.master][INFO] 2025-12-04 21:54:29,891: +SERVICE [/twist_marker/set_logger_level] /twist_marker http://127.0.0.1:38211/
[rosmaster.master][INFO] 2025-12-04 21:54:29,891: +SUB [/clock] /play_motion http://127.0.0.1:39587/
[rosmaster.master][INFO] 2025-12-04 21:54:29,892: +SUB [/tf] /move_group http://127.0.0.1:33721/
[rosmaster.master][INFO] 2025-12-04 21:54:29,892: +CACHEDPARAM [/twist_mux/topics] by /twist_mux
[rosmaster.master][INFO] 2025-12-04 21:54:29,892: publisherUpdate[/rosout] -> http://127.0.0.1:37845/ ['http://127.0.0.1:34099/', 'http://127.0.0.1:34537/', 'http://127.0.0.1:33721/', 'http://127.0.0.1:40329/', 'http://127.0.0.1:35099/', 'http://127.0.0.1:39587/']: sec=0.00, result=[1, '', 0]
[rosmaster.master][INFO] 2025-12-04 21:54:29,893: publisherUpdate[/rosout] -> http://127.0.0.1:37845/ ['http://127.0.0.1:34099/', 'http://127.0.0.1:34537/', 'http://127.0.0.1:33721/', 'http://127.0.0.1:40329/', 'http://127.0.0.1:35099/', 'http://127.0.0.1:39587/', 'http://127.0.0.1:38211/']
[rosmaster.master][INFO] 2025-12-04 21:54:29,920: +SUB [/joint_states] /play_motion http://127.0.0.1:39587/
[rosmaster.master][INFO] 2025-12-04 21:54:29,929: +SUB [/tf_static] /tf_lookup http://127.0.0.1:40329/
[rosmaster.master][INFO] 2025-12-04 21:54:29,949: +CACHEDPARAM [/rosout_disable_topics_generation] by /tf_lookup
[rosmaster.master][INFO] 2025-12-04 21:54:29,951: +SERVICE [/lookupTransform] /tf_lookup http://127.0.0.1:40329/
[rosmaster.master][INFO] 2025-12-04 21:54:29,956: +SUB [/tf] /play_motion http://127.0.0.1:39587/
[rosmaster.master][INFO] 2025-12-04 21:54:29,957: +PUB [/tf_lookup/result] /tf_lookup http://127.0.0.1:40329/
[rosmaster.master][INFO] 2025-12-04 21:54:29,959: +PUB [/tf_lookup/feedback] /tf_lookup http://127.0.0.1:40329/
[rosmaster.master][INFO] 2025-12-04 21:54:29,960: +PUB [/tf_lookup/status] /tf_lookup http://127.0.0.1:40329/
[rosmaster.master][INFO] 2025-12-04 21:54:29,962: +SUB [/tf_static] /play_motion http://127.0.0.1:39587/
[rosmaster.master][INFO] 2025-12-04 21:54:29,977: +SUB [/tf_lookup/goal] /tf_lookup http://127.0.0.1:40329/
[rosmaster.master][INFO] 2025-12-04 21:54:29,978: +CACHEDPARAM [/rosout_disable_topics_generation] by /twist_mux
[rosmaster.master][INFO] 2025-12-04 21:54:29,979: publisherUpdate[/rosout] -> http://127.0.0.1:37845/ ['http://127.0.0.1:34099/', 'http://127.0.0.1:34537/', 'http://127.0.0.1:33721/', 'http://127.0.0.1:40329/', 'http://127.0.0.1:35099/', 'http://127.0.0.1:39587/', 'http://127.0.0.1:38211/']: sec=0.07, result=[1, '', 0]
[rosmaster.master][INFO] 2025-12-04 21:54:29,987: +SUB [/tf_static] /move_group http://127.0.0.1:33721/
[rosmaster.master][INFO] 2025-12-04 21:54:29,990: +CACHEDPARAM [/rosout_disable_topics_generation] by /play_motion
[rosmaster.master][INFO] 2025-12-04 21:54:30,065: +SUB [/nav_vel] /twist_mux http://127.0.0.1:35099/
[rosmaster.master][INFO] 2025-12-04 21:54:30,072: +SUB [/clock] /twist_marker http://127.0.0.1:38211/
[rosmaster.master][INFO] 2025-12-04 21:54:30,073: +PUB [/twist_marker] /twist_marker http://127.0.0.1:38211/
[rosmaster.master][INFO] 2025-12-04 21:54:30,081: +SUB [/tf_lookup/cancel] /tf_lookup http://127.0.0.1:40329/
[rosmaster.master][INFO] 2025-12-04 21:54:30,083: +SUB [/joy_vel] /twist_mux http://127.0.0.1:35099/
[rosmaster.master][INFO] 2025-12-04 21:54:30,092: +SUB [/mobile_base_controller/cmd_vel] /twist_marker http://127.0.0.1:38211/
[rosmaster.master][INFO] 2025-12-04 21:54:30,094: +PUB [/tf_stream/result] /tf_lookup http://127.0.0.1:40329/
[rosmaster.master][INFO] 2025-12-04 21:54:30,102: +PUB [/tf_stream/feedback] /tf_lookup http://127.0.0.1:40329/
[rosmaster.master][INFO] 2025-12-04 21:54:30,105: +PUB [/rosout] /image_raw_to_rect_color_relay http://127.0.0.1:41753/
[rosmaster.master][INFO] 2025-12-04 21:54:30,111: +SUB [/key_vel] /twist_mux http://127.0.0.1:35099/
[rosmaster.master][INFO] 2025-12-04 21:54:30,119: +PUB [/tf_stream/status] /tf_lookup http://127.0.0.1:40329/
[rosmaster.master][INFO] 2025-12-04 21:54:30,127: +SERVICE [/image_raw_to_rect_color_relay/get_loggers] /image_raw_to_rect_color_relay http://127.0.0.1:41753/
[rosmaster.master][INFO] 2025-12-04 21:54:30,132: +SERVICE [/image_raw_to_rect_color_relay/set_logger_level] /image_raw_to_rect_color_relay http://127.0.0.1:41753/
[rosmaster.master][INFO] 2025-12-04 21:54:30,137: +SUB [/tab_vel] /twist_mux http://127.0.0.1:35099/
[rosmaster.master][INFO] 2025-12-04 21:54:30,153: +SUB [/tf_stream/goal] /tf_lookup http://127.0.0.1:40329/
[rosmaster.master][INFO] 2025-12-04 21:54:30,156: +SUB [/marker_vel] /twist_mux http://127.0.0.1:35099/
[rosmaster.master][INFO] 2025-12-04 21:54:30,169: +SUB [/clock] /image_raw_to_rect_color_relay http://127.0.0.1:41753/
[rosmaster.master][INFO] 2025-12-04 21:54:30,170: publisherUpdate[/rosout] -> http://127.0.0.1:37845/ ['http://127.0.0.1:34099/', 'http://127.0.0.1:34537/', 'http://127.0.0.1:33721/', 'http://127.0.0.1:40329/', 'http://127.0.0.1:35099/', 'http://127.0.0.1:39587/', 'http://127.0.0.1:38211/', 'http://127.0.0.1:41753/']
[rosmaster.master][INFO] 2025-12-04 21:54:30,173: +SUB [/phone_vel] /twist_mux http://127.0.0.1:35099/
[rosmaster.master][INFO] 2025-12-04 21:54:30,176: +SUB [/tf_stream/cancel] /tf_lookup http://127.0.0.1:40329/
[rosmaster.master][INFO] 2025-12-04 21:54:30,180: +CACHEDPARAM [/rosout/omit_topics] by /rosout
[rosmaster.master][INFO] 2025-12-04 21:54:30,195: +SUB [/rviz_joy_vel] /twist_mux http://127.0.0.1:35099/
[rosmaster.master][INFO] 2025-12-04 21:54:30,220: +SUB [/xtion/rgb/image_raw] /image_raw_to_rect_color_relay http://127.0.0.1:41753/
[rosmaster.master][INFO] 2025-12-04 21:54:30,230: +SUB [/servoing_cmd_vel] /twist_mux http://127.0.0.1:35099/
[rosmaster.master][INFO] 2025-12-04 21:54:30,237: +CACHEDPARAM [/twist_mux/locks] by /twist_mux
[rosmaster.master][INFO] 2025-12-04 21:54:30,239: +PUB [/rosout] /spawn_model http://127.0.0.1:43465/
[rosmaster.master][INFO] 2025-12-04 21:54:30,251: +SUB [/clock] /spawn_model http://127.0.0.1:43465/
[rosmaster.master][INFO] 2025-12-04 21:54:30,259: +SUB [/pause_navigation] /twist_mux http://127.0.0.1:35099/
[rosmaster.master][INFO] 2025-12-04 21:54:30,263: +SUB [/stop_closing_loop] /twist_mux http://127.0.0.1:35099/
[rosmaster.master][INFO] 2025-12-04 21:54:30,265: +SERVICE [/spawn_model/get_loggers] /spawn_model http://127.0.0.1:43465/
[rosmaster.master][INFO] 2025-12-04 21:54:30,271: +SERVICE [/spawn_model/set_logger_level] /spawn_model http://127.0.0.1:43465/
[rosmaster.master][INFO] 2025-12-04 21:54:30,276: +CACHEDPARAM [/rosout_disable_topics_generation] by /spawn_model
[rosmaster.master][INFO] 2025-12-04 21:54:30,279: +SUB [/joy_priority] /twist_mux http://127.0.0.1:35099/
[rosmaster.master][INFO] 2025-12-04 21:54:30,285: +PUB [/mobile_base_controller/cmd_vel] /twist_mux http://127.0.0.1:35099/
[rosmaster.master][INFO] 2025-12-04 21:54:30,286: +PUB [/diagnostics] /twist_mux http://127.0.0.1:35099/
[rosmaster.master][INFO] 2025-12-04 21:54:30,288: +CACHEDPARAM [/twist_mux/diagnostic_period] by /twist_mux
[rosmaster.master][INFO] 2025-12-04 21:54:30,293: publisherUpdate[/mobile_base_controller/cmd_vel] -> http://127.0.0.1:38211/ ['http://127.0.0.1:35099/']
[rosmaster.master][INFO] 2025-12-04 21:54:30,301: +CACHEDPARAM [/rosout_disable_topics_generation] by /spawn_model
[rosmaster.master][INFO] 2025-12-04 21:54:30,336: publisherUpdate[/rosout] -> http://127.0.0.1:37845/ ['http://127.0.0.1:34099/', 'http://127.0.0.1:34537/', 'http://127.0.0.1:33721/', 'http://127.0.0.1:40329/', 'http://127.0.0.1:35099/', 'http://127.0.0.1:39587/', 'http://127.0.0.1:38211/', 'http://127.0.0.1:41753/']: sec=0.16, result=[1, '', 0]
[rosmaster.master][INFO] 2025-12-04 21:54:30,336: publisherUpdate[/rosout] -> http://127.0.0.1:37845/ ['http://127.0.0.1:34099/', 'http://127.0.0.1:34537/', 'http://127.0.0.1:33721/', 'http://127.0.0.1:40329/', 'http://127.0.0.1:35099/', 'http://127.0.0.1:39587/', 'http://127.0.0.1:38211/', 'http://127.0.0.1:41753/', 'http://127.0.0.1:43465/']
[rosmaster.master][INFO] 2025-12-04 21:54:30,337: publisherUpdate[/rosout] -> http://127.0.0.1:37845/ ['http://127.0.0.1:34099/', 'http://127.0.0.1:34537/', 'http://127.0.0.1:33721/', 'http://127.0.0.1:40329/', 'http://127.0.0.1:35099/', 'http://127.0.0.1:39587/', 'http://127.0.0.1:38211/', 'http://127.0.0.1:41753/', 'http://127.0.0.1:43465/']: sec=0.00, result=[1, '', 0]
[rosmaster.master][INFO] 2025-12-04 21:54:30,363: +PUB [/rosout] /throttle_filtering_points http://127.0.0.1:34465/
[rosmaster.master][INFO] 2025-12-04 21:54:30,364: +SERVICE [/throttle_filtering_points/get_loggers] /throttle_filtering_points http://127.0.0.1:34465/
[rosmaster.master][INFO] 2025-12-04 21:54:30,368: +SERVICE [/throttle_filtering_points/set_logger_level] /throttle_filtering_points http://127.0.0.1:34465/
[rosmaster.master][INFO] 2025-12-04 21:54:30,376: +SUB [/clock] /throttle_filtering_points http://127.0.0.1:34465/
[rosmaster.master][INFO] 2025-12-04 21:54:30,416: publisherUpdate[/rosout] -> http://127.0.0.1:37845/ ['http://127.0.0.1:34099/', 'http://127.0.0.1:34537/', 'http://127.0.0.1:33721/', 'http://127.0.0.1:40329/', 'http://127.0.0.1:35099/', 'http://127.0.0.1:39587/', 'http://127.0.0.1:38211/', 'http://127.0.0.1:41753/', 'http://127.0.0.1:43465/', 'http://127.0.0.1:34465/']
[rosmaster.master][INFO] 2025-12-04 21:54:30,418: publisherUpdate[/rosout] -> http://127.0.0.1:37845/ ['http://127.0.0.1:34099/', 'http://127.0.0.1:34537/', 'http://127.0.0.1:33721/', 'http://127.0.0.1:40329/', 'http://127.0.0.1:35099/', 'http://127.0.0.1:39587/', 'http://127.0.0.1:38211/', 'http://127.0.0.1:41753/', 'http://127.0.0.1:43465/', 'http://127.0.0.1:34465/']: sec=0.00, result=[1, '', 0]
[rosmaster.master][INFO] 2025-12-04 21:54:30,420: publisherUpdate[/mobile_base_controller/cmd_vel] -> http://127.0.0.1:38211/ ['http://127.0.0.1:35099/']: sec=0.13, result=[1, '', 0]
[rosmaster.master][INFO] 2025-12-04 21:54:30,489: +PUB [/rosout] /home_gripper http://127.0.0.1:39263/
[rosmaster.master][INFO] 2025-12-04 21:54:30,505: +SUB [/clock] /home_gripper http://127.0.0.1:39263/
[rosmaster.master][INFO] 2025-12-04 21:54:30,511: +SERVICE [/home_gripper/get_loggers] /home_gripper http://127.0.0.1:39263/
[rosmaster.master][INFO] 2025-12-04 21:54:30,516: +SERVICE [/home_gripper/set_logger_level] /home_gripper http://127.0.0.1:39263/
[rosmaster.master][INFO] 2025-12-04 21:54:30,520: +CACHEDPARAM [/rosout_disable_topics_generation] by /home_gripper
[rosmaster.master][INFO] 2025-12-04 21:54:30,520: publisherUpdate[/rosout] -> http://127.0.0.1:37845/ ['http://127.0.0.1:34099/', 'http://127.0.0.1:34537/', 'http://127.0.0.1:33721/', 'http://127.0.0.1:40329/', 'http://127.0.0.1:35099/', 'http://127.0.0.1:39587/', 'http://127.0.0.1:38211/', 'http://127.0.0.1:41753/', 'http://127.0.0.1:43465/', 'http://127.0.0.1:34465/', 'http://127.0.0.1:39263/']
[rosmaster.master][INFO] 2025-12-04 21:54:30,525: publisherUpdate[/rosout] -> http://127.0.0.1:37845/ ['http://127.0.0.1:34099/', 'http://127.0.0.1:34537/', 'http://127.0.0.1:33721/', 'http://127.0.0.1:40329/', 'http://127.0.0.1:35099/', 'http://127.0.0.1:39587/', 'http://127.0.0.1:38211/', 'http://127.0.0.1:41753/', 'http://127.0.0.1:43465/', 'http://127.0.0.1:34465/', 'http://127.0.0.1:39263/']: sec=0.00, result=[1, '', 0]
[rosmaster.master][INFO] 2025-12-04 21:54:30,532: +PUB [/gripper_controller/follow_joint_trajectory/goal] /home_gripper http://127.0.0.1:39263/
[rosmaster.master][INFO] 2025-12-04 21:54:30,537: +PUB [/gripper_controller/follow_joint_trajectory/cancel] /home_gripper http://127.0.0.1:39263/
[rosmaster.master][INFO] 2025-12-04 21:54:30,543: +PUB [/trajectory_execution_event] /play_motion http://127.0.0.1:39587/
[rosmaster.master][INFO] 2025-12-04 21:54:30,546: +SUB [/gripper_controller/follow_joint_trajectory/status] /home_gripper http://127.0.0.1:39263/
[rosmaster.master][INFO] 2025-12-04 21:54:30,547: +PUB [/attached_collision_object] /play_motion http://127.0.0.1:39587/
[rosmaster.master][INFO] 2025-12-04 21:54:30,551: +SUB [/gripper_controller/follow_joint_trajectory/result] /home_gripper http://127.0.0.1:39263/
[rosmaster.master][INFO] 2025-12-04 21:54:30,556: +SUB [/gripper_controller/follow_joint_trajectory/feedback] /home_gripper http://127.0.0.1:39263/
[rosmaster.master][INFO] 2025-12-04 21:54:30,607: +PUB [/rosout] /is_already_there http://127.0.0.1:36043/
[rosmaster.master][INFO] 2025-12-04 21:54:30,622: publisherUpdate[/rosout] -> http://127.0.0.1:37845/ ['http://127.0.0.1:34099/', 'http://127.0.0.1:34537/', 'http://127.0.0.1:33721/', 'http://127.0.0.1:40329/', 'http://127.0.0.1:35099/', 'http://127.0.0.1:39587/', 'http://127.0.0.1:38211/', 'http://127.0.0.1:41753/', 'http://127.0.0.1:43465/', 'http://127.0.0.1:34465/', 'http://127.0.0.1:39263/', 'http://127.0.0.1:36043/']
[rosmaster.master][INFO] 2025-12-04 21:54:30,631: +SUB [/clock] /is_already_there http://127.0.0.1:36043/
[rosmaster.master][INFO] 2025-12-04 21:54:30,638: +SERVICE [/is_already_there/get_loggers] /is_already_there http://127.0.0.1:36043/
[rosmaster.master][INFO] 2025-12-04 21:54:30,640: +SERVICE [/is_already_there/set_logger_level] /is_already_there http://127.0.0.1:36043/
[rosmaster.master][INFO] 2025-12-04 21:54:30,649: +PUB [/rosout] /xtion/rgb/image_proc http://127.0.0.1:35305/
[rosmaster.master][INFO] 2025-12-04 21:54:30,652: +SERVICE [/play_motion/is_already_there] /is_already_there http://127.0.0.1:36043/
[rosmaster.master][INFO] 2025-12-04 21:54:30,653: +SERVICE [/xtion/rgb/image_proc/get_loggers] /xtion/rgb/image_proc http://127.0.0.1:35305/
[rosmaster.master][INFO] 2025-12-04 21:54:30,663: +SUB [/joint_states] /is_already_there http://127.0.0.1:36043/
[rosmaster.master][INFO] 2025-12-04 21:54:30,664: +SERVICE [/xtion/rgb/image_proc/set_logger_level] /xtion/rgb/image_proc http://127.0.0.1:35305/
[rosmaster.master][INFO] 2025-12-04 21:54:30,682: +SUB [/clock] /xtion/rgb/image_proc http://127.0.0.1:35305/
[rosmaster.master][INFO] 2025-12-04 21:54:30,702: publisherUpdate[/rosout] -> http://127.0.0.1:37845/ ['http://127.0.0.1:34099/', 'http://127.0.0.1:34537/', 'http://127.0.0.1:33721/', 'http://127.0.0.1:40329/', 'http://127.0.0.1:35099/', 'http://127.0.0.1:39587/', 'http://127.0.0.1:38211/', 'http://127.0.0.1:41753/', 'http://127.0.0.1:43465/', 'http://127.0.0.1:34465/', 'http://127.0.0.1:39263/', 'http://127.0.0.1:36043/']: sec=0.08, result=[1, '', 0]
[rosmaster.master][INFO] 2025-12-04 21:54:30,702: publisherUpdate[/rosout] -> http://127.0.0.1:37845/ ['http://127.0.0.1:34099/', 'http://127.0.0.1:34537/', 'http://127.0.0.1:33721/', 'http://127.0.0.1:40329/', 'http://127.0.0.1:35099/', 'http://127.0.0.1:39587/', 'http://127.0.0.1:38211/', 'http://127.0.0.1:41753/', 'http://127.0.0.1:43465/', 'http://127.0.0.1:34465/', 'http://127.0.0.1:39263/', 'http://127.0.0.1:36043/', 'http://127.0.0.1:35305/']
[rosmaster.master][INFO] 2025-12-04 21:54:30,708: publisherUpdate[/rosout] -> http://127.0.0.1:37845/ ['http://127.0.0.1:34099/', 'http://127.0.0.1:34537/', 'http://127.0.0.1:33721/', 'http://127.0.0.1:40329/', 'http://127.0.0.1:35099/', 'http://127.0.0.1:39587/', 'http://127.0.0.1:38211/', 'http://127.0.0.1:41753/', 'http://127.0.0.1:43465/', 'http://127.0.0.1:34465/', 'http://127.0.0.1:39263/', 'http://127.0.0.1:36043/', 'http://127.0.0.1:35305/']: sec=0.00, result=[1, '', 0]
[rosmaster.master][INFO] 2025-12-04 21:54:30,795: +SERVICE [/move_group/planning_scene_monitor/set_parameters] /move_group http://127.0.0.1:33721/
[rosmaster.master][INFO] 2025-12-04 21:54:30,796: +PUB [/move_group/planning_scene_monitor/parameter_descriptions] /move_group http://127.0.0.1:33721/
[rosmaster.master][INFO] 2025-12-04 21:54:30,797: +PUB [/move_group/planning_scene_monitor/parameter_updates] /move_group http://127.0.0.1:33721/
[rosmaster.master][INFO] 2025-12-04 21:54:30,801: +PARAM [/move_group/planning_scene_monitor/publish_planning_scene] by /move_group
[rosmaster.master][INFO] 2025-12-04 21:54:30,802: +PARAM [/move_group/planning_scene_monitor/publish_planning_scene_hz] by /move_group
[rosmaster.master][INFO] 2025-12-04 21:54:30,803: +PARAM [/move_group/planning_scene_monitor/publish_geometry_updates] by /move_group
[rosmaster.master][INFO] 2025-12-04 21:54:30,804: +PARAM [/move_group/planning_scene_monitor/publish_state_updates] by /move_group
[rosmaster.master][INFO] 2025-12-04 21:54:30,805: +PARAM [/move_group/planning_scene_monitor/publish_transforms_updates] by /move_group
[rosmaster.master][INFO] 2025-12-04 21:54:30,806: +PUB [/move_group/monitored_planning_scene] /move_group http://127.0.0.1:33721/
[rosmaster.master][INFO] 2025-12-04 21:54:30,808: +PARAM [/move_group/planning_scene_monitor/publish_planning_scene] by /move_group
[rosmaster.master][INFO] 2025-12-04 21:54:30,809: +PARAM [/move_group/planning_scene_monitor/publish_planning_scene_hz] by /move_group
[rosmaster.master][INFO] 2025-12-04 21:54:30,810: +PARAM [/move_group/planning_scene_monitor/publish_geometry_updates] by /move_group
[rosmaster.master][INFO] 2025-12-04 21:54:30,812: +PARAM [/move_group/planning_scene_monitor/publish_state_updates] by /move_group
[rosmaster.master][INFO] 2025-12-04 21:54:30,813: +PARAM [/move_group/planning_scene_monitor/publish_transforms_updates] by /move_group
[rosmaster.master][INFO] 2025-12-04 21:54:30,818: +SUB [/joint_states] /move_group http://127.0.0.1:33721/
[rosmaster.master][INFO] 2025-12-04 21:54:30,822: +SUB [/attached_collision_object] /move_group http://127.0.0.1:33721/
[rosmaster.master][INFO] 2025-12-04 21:54:30,837: +SUB [/planning_scene] /move_group http://127.0.0.1:33721/
[rosmaster.master][INFO] 2025-12-04 21:54:30,840: +SUB [/collision_object] /move_group http://127.0.0.1:33721/
[rosmaster.master][INFO] 2025-12-04 21:54:30,843: +SUB [/planning_scene_world] /move_group http://127.0.0.1:33721/
[rosmaster.master][INFO] 2025-12-04 21:54:30,845: +SERVICE [/move_group/save_map] /move_group http://127.0.0.1:33721/
[rosmaster.master][INFO] 2025-12-04 21:54:30,846: +SERVICE [/move_group/load_map] /move_group http://127.0.0.1:33721/
[rosmaster.master][INFO] 2025-12-04 21:54:30,925: +PUB [/rosout] /joystick_relay http://127.0.0.1:37317/
[rosmaster.master][INFO] 2025-12-04 21:54:30,926: publisherUpdate[/rosout] -> http://127.0.0.1:37845/ ['http://127.0.0.1:34099/', 'http://127.0.0.1:34537/', 'http://127.0.0.1:33721/', 'http://127.0.0.1:40329/', 'http://127.0.0.1:35099/', 'http://127.0.0.1:39587/', 'http://127.0.0.1:38211/', 'http://127.0.0.1:41753/', 'http://127.0.0.1:43465/', 'http://127.0.0.1:34465/', 'http://127.0.0.1:39263/', 'http://127.0.0.1:36043/', 'http://127.0.0.1:35305/', 'http://127.0.0.1:37317/']
[rosmaster.master][INFO] 2025-12-04 21:54:30,928: publisherUpdate[/rosout] -> http://127.0.0.1:37845/ ['http://127.0.0.1:34099/', 'http://127.0.0.1:34537/', 'http://127.0.0.1:33721/', 'http://127.0.0.1:40329/', 'http://127.0.0.1:35099/', 'http://127.0.0.1:39587/', 'http://127.0.0.1:38211/', 'http://127.0.0.1:41753/', 'http://127.0.0.1:43465/', 'http://127.0.0.1:34465/', 'http://127.0.0.1:39263/', 'http://127.0.0.1:36043/', 'http://127.0.0.1:35305/', 'http://127.0.0.1:37317/']: sec=0.00, result=[1, '', 0]
[rosmaster.master][INFO] 2025-12-04 21:54:30,936: +SUB [/clock] /joystick_relay http://127.0.0.1:37317/
[rosmaster.master][INFO] 2025-12-04 21:54:30,940: +SERVICE [/joystick_relay/get_loggers] /joystick_relay http://127.0.0.1:37317/
[rosmaster.master][INFO] 2025-12-04 21:54:30,943: +SERVICE [/joystick_relay/set_logger_level] /joystick_relay http://127.0.0.1:37317/
[rosmaster.master][INFO] 2025-12-04 21:54:30,965: +SERVICE [/xtion/rgb/image_proc_debayer/set_parameters] /xtion/rgb/image_proc http://127.0.0.1:35305/
[rosmaster.master][INFO] 2025-12-04 21:54:30,967: +PUB [/text_marker] /joystick_relay http://127.0.0.1:37317/
[rosmaster.master][INFO] 2025-12-04 21:54:30,968: +PUB [/xtion/rgb/image_proc_debayer/parameter_descriptions] /xtion/rgb/image_proc http://127.0.0.1:35305/
[rosmaster.master][INFO] 2025-12-04 21:54:30,971: +PUB [/xtion/rgb/image_proc_debayer/parameter_updates] /xtion/rgb/image_proc http://127.0.0.1:35305/
[rosmaster.master][INFO] 2025-12-04 21:54:30,972: +PUB [/joy_vel] /joystick_relay http://127.0.0.1:37317/
[rosmaster.master][INFO] 2025-12-04 21:54:30,975: +PARAM [/xtion/rgb/image_proc_debayer/debayer] by /xtion/rgb/image_proc
[rosmaster.master][INFO] 2025-12-04 21:54:30,976: +SUB [/input_joy/cmd_vel] /joystick_relay http://127.0.0.1:37317/
[rosmaster.master][INFO] 2025-12-04 21:54:30,977: +PARAM [/xtion/rgb/image_proc_debayer/debayer] by /xtion/rgb/image_proc
[rosmaster.master][INFO] 2025-12-04 21:54:30,980: +PUB [/joy_priority] /joystick_relay http://127.0.0.1:37317/
[rosmaster.master][INFO] 2025-12-04 21:54:30,985: +PUB [/xtion/rgb/image_mono/compressedDepth] /xtion/rgb/image_proc http://127.0.0.1:35305/
[rosmaster.master][INFO] 2025-12-04 21:54:30,987: +PUB [/joy_priority_action/status] /joystick_relay http://127.0.0.1:37317/
[rosmaster.master][INFO] 2025-12-04 21:54:30,990: +SERVICE [/xtion/rgb/image_mono/compressedDepth/set_parameters] /xtion/rgb/image_proc http://127.0.0.1:35305/
[rosmaster.master][INFO] 2025-12-04 21:54:30,992: +PUB [/joy_priority_action/result] /joystick_relay http://127.0.0.1:37317/
[rosmaster.master][INFO] 2025-12-04 21:54:31,007: +SERVICE [/move_group/ompl/set_parameters] /move_group http://127.0.0.1:33721/
[rosmaster.master][INFO] 2025-12-04 21:54:31,025: publisherUpdate[/joy_vel] -> http://127.0.0.1:35099/ ['http://127.0.0.1:37317/']
[rosmaster.master][INFO] 2025-12-04 21:54:31,031: +PUB [/xtion/rgb/image_mono/compressedDepth/parameter_descriptions] /xtion/rgb/image_proc http://127.0.0.1:35305/
[rosmaster.master][INFO] 2025-12-04 21:54:31,032: +PUB [/xtion/rgb/image_mono/compressedDepth/parameter_updates] /xtion/rgb/image_proc http://127.0.0.1:35305/
[rosmaster.master][INFO] 2025-12-04 21:54:31,037: +PARAM [/xtion/rgb/image_mono/compressedDepth/format] by /xtion/rgb/image_proc
[rosmaster.master][INFO] 2025-12-04 21:54:31,038: +PARAM [/xtion/rgb/image_mono/compressedDepth/depth_max] by /xtion/rgb/image_proc
[rosmaster.master][INFO] 2025-12-04 21:54:31,038: +PARAM [/xtion/rgb/image_mono/compressedDepth/depth_quantization] by /xtion/rgb/image_proc
[rosmaster.master][INFO] 2025-12-04 21:54:31,039: +PARAM [/xtion/rgb/image_mono/compressedDepth/png_level] by /xtion/rgb/image_proc
[rosmaster.master][INFO] 2025-12-04 21:54:31,041: +PARAM [/xtion/rgb/image_mono/compressedDepth/format] by /xtion/rgb/image_proc
[rosmaster.master][INFO] 2025-12-04 21:54:31,041: +PARAM [/xtion/rgb/image_mono/compressedDepth/depth_max] by /xtion/rgb/image_proc
[rosmaster.master][INFO] 2025-12-04 21:54:31,043: +PARAM [/xtion/rgb/image_mono/compressedDepth/depth_quantization] by /xtion/rgb/image_proc
[rosmaster.master][INFO] 2025-12-04 21:54:31,044: +PARAM [/xtion/rgb/image_mono/compressedDepth/png_level] by /xtion/rgb/image_proc
[rosmaster.master][INFO] 2025-12-04 21:54:31,047: +PUB [/xtion/rgb/image_mono/compressed] /xtion/rgb/image_proc http://127.0.0.1:35305/
[rosmaster.master][INFO] 2025-12-04 21:54:31,051: +SERVICE [/xtion/rgb/image_mono/compressed/set_parameters] /xtion/rgb/image_proc http://127.0.0.1:35305/
[rosmaster.master][INFO] 2025-12-04 21:54:31,051: +PUB [/xtion/rgb/image_mono/compressed/parameter_descriptions] /xtion/rgb/image_proc http://127.0.0.1:35305/
[rosmaster.master][INFO] 2025-12-04 21:54:31,052: +PUB [/joy_priority_action/feedback] /joystick_relay http://127.0.0.1:37317/
[rosmaster.master][INFO] 2025-12-04 21:54:31,053: +PUB [/xtion/rgb/image_mono/compressed/parameter_updates] /xtion/rgb/image_proc http://127.0.0.1:35305/
[rosmaster.master][INFO] 2025-12-04 21:54:31,054: +PUB [/move_group/ompl/parameter_descriptions] /move_group http://127.0.0.1:33721/
[rosmaster.master][INFO] 2025-12-04 21:54:31,058: +PUB [/move_group/ompl/parameter_updates] /move_group http://127.0.0.1:33721/
[rosmaster.master][INFO] 2025-12-04 21:54:31,061: +SUB [/joy_priority_action/goal] /joystick_relay http://127.0.0.1:37317/
[rosmaster.master][INFO] 2025-12-04 21:54:31,070: +PARAM [/xtion/rgb/image_mono/compressed/format] by /xtion/rgb/image_proc
[rosmaster.master][INFO] 2025-12-04 21:54:31,072: +SUB [/joy_priority_action/cancel] /joystick_relay http://127.0.0.1:37317/
[rosmaster.master][INFO] 2025-12-04 21:54:31,075: +PARAM [/xtion/rgb/image_mono/compressed/jpeg_quality] by /xtion/rgb/image_proc
[rosmaster.master][INFO] 2025-12-04 21:54:31,075: +PARAM [/xtion/rgb/image_mono/compressed/jpeg_progressive] by /xtion/rgb/image_proc
[rosmaster.master][INFO] 2025-12-04 21:54:31,076: +PARAM [/xtion/rgb/image_mono/compressed/jpeg_optimize] by /xtion/rgb/image_proc
[rosmaster.master][INFO] 2025-12-04 21:54:31,077: +PARAM [/move_group/ompl/simplify_solutions] by /move_group
[rosmaster.master][INFO] 2025-12-04 21:54:31,078: +PARAM [/xtion/rgb/image_mono/compressed/jpeg_restart_interval] by /xtion/rgb/image_proc
[rosmaster.master][INFO] 2025-12-04 21:54:31,088: +PARAM [/move_group/ompl/minimum_waypoint_count] by /move_group
[rosmaster.master][INFO] 2025-12-04 21:54:31,089: +PARAM [/xtion/rgb/image_mono/compressed/png_level] by /xtion/rgb/image_proc
[rosmaster.master][INFO] 2025-12-04 21:54:31,090: +PUB [/rosout] /dynamic_footprint_publisher http://127.0.0.1:34199/
[rosmaster.master][INFO] 2025-12-04 21:54:31,091: publisherUpdate[/joy_vel] -> http://127.0.0.1:35099/ ['http://127.0.0.1:37317/']: sec=0.06, result=[1, '', 0]
[rosmaster.master][INFO] 2025-12-04 21:54:31,091: publisherUpdate[/joy_priority] -> http://127.0.0.1:35099/ ['http://127.0.0.1:37317/']
[rosmaster.master][INFO] 2025-12-04 21:54:31,093: publisherUpdate[/joy_priority] -> http://127.0.0.1:35099/ ['http://127.0.0.1:37317/']: sec=0.00, result=[1, '', 0]
[rosmaster.master][INFO] 2025-12-04 21:54:31,094: publisherUpdate[/rosout] -> http://127.0.0.1:37845/ ['http://127.0.0.1:34099/', 'http://127.0.0.1:34537/', 'http://127.0.0.1:33721/', 'http://127.0.0.1:40329/', 'http://127.0.0.1:35099/', 'http://127.0.0.1:39587/', 'http://127.0.0.1:38211/', 'http://127.0.0.1:41753/', 'http://127.0.0.1:43465/', 'http://127.0.0.1:34465/', 'http://127.0.0.1:39263/', 'http://127.0.0.1:36043/', 'http://127.0.0.1:35305/', 'http://127.0.0.1:37317/', 'http://127.0.0.1:34199/']
[rosmaster.master][INFO] 2025-12-04 21:54:31,094: +PARAM [/move_group/ompl/maximum_waypoint_distance] by /move_group
[rosmaster.master][INFO] 2025-12-04 21:54:31,094: +PARAM [/xtion/rgb/image_mono/compressed/format] by /xtion/rgb/image_proc
[rosmaster.master][INFO] 2025-12-04 21:54:31,099: +PARAM [/xtion/rgb/image_mono/compressed/jpeg_quality] by /xtion/rgb/image_proc
[rosmaster.master][INFO] 2025-12-04 21:54:31,100: publisherUpdate[/rosout] -> http://127.0.0.1:37845/ ['http://127.0.0.1:34099/', 'http://127.0.0.1:34537/', 'http://127.0.0.1:33721/', 'http://127.0.0.1:40329/', 'http://127.0.0.1:35099/', 'http://127.0.0.1:39587/', 'http://127.0.0.1:38211/', 'http://127.0.0.1:41753/', 'http://127.0.0.1:43465/', 'http://127.0.0.1:34465/', 'http://127.0.0.1:39263/', 'http://127.0.0.1:36043/', 'http://127.0.0.1:35305/', 'http://127.0.0.1:37317/', 'http://127.0.0.1:34199/']: sec=0.00, result=[1, '', 0]
[rosmaster.master][INFO] 2025-12-04 21:54:31,101: +PARAM [/move_group/ompl/link_for_exploration_tree] by /move_group
[rosmaster.master][INFO] 2025-12-04 21:54:31,104: +PARAM [/move_group/ompl/display_random_valid_states] by /move_group
[rosmaster.master][INFO] 2025-12-04 21:54:31,107: +PARAM [/move_group/ompl/simplify_solutions] by /move_group
[rosmaster.master][INFO] 2025-12-04 21:54:31,102: +PARAM [/xtion/rgb/image_mono/compressed/jpeg_progressive] by /xtion/rgb/image_proc
[rosmaster.master][INFO] 2025-12-04 21:54:31,101: +PUB [/joy_turbo_increase/status] /joystick_relay http://127.0.0.1:37317/
[rosmaster.master][INFO] 2025-12-04 21:54:31,113: +SUB [/clock] /dynamic_footprint_publisher http://127.0.0.1:34199/
[rosmaster.master][INFO] 2025-12-04 21:54:31,114: +PARAM [/xtion/rgb/image_mono/compressed/jpeg_optimize] by /xtion/rgb/image_proc
[rosmaster.master][INFO] 2025-12-04 21:54:31,114: +PARAM [/move_group/ompl/minimum_waypoint_count] by /move_group
[rosmaster.master][INFO] 2025-12-04 21:54:31,117: +PARAM [/xtion/rgb/image_mono/compressed/jpeg_restart_interval] by /xtion/rgb/image_proc
[rosmaster.master][INFO] 2025-12-04 21:54:31,117: +PUB [/joy_turbo_increase/result] /joystick_relay http://127.0.0.1:37317/
[rosmaster.master][INFO] 2025-12-04 21:54:31,118: +PARAM [/move_group/ompl/maximum_waypoint_distance] by /move_group
[rosmaster.master][INFO] 2025-12-04 21:54:31,119: +PARAM [/move_group/ompl/link_for_exploration_tree] by /move_group
[rosmaster.master][INFO] 2025-12-04 21:54:31,124: +SERVICE [/dynamic_footprint_publisher/get_loggers] /dynamic_footprint_publisher http://127.0.0.1:34199/
[rosmaster.master][INFO] 2025-12-04 21:54:31,127: +SERVICE [/dynamic_footprint_publisher/set_logger_level] /dynamic_footprint_publisher http://127.0.0.1:34199/
[rosmaster.master][INFO] 2025-12-04 21:54:31,119: +PARAM [/xtion/rgb/image_mono/compressed/png_level] by /xtion/rgb/image_proc
[rosmaster.master][INFO] 2025-12-04 21:54:31,131: +PUB [/joy_turbo_increase/feedback] /joystick_relay http://127.0.0.1:37317/
[rosmaster.master][INFO] 2025-12-04 21:54:31,125: +PARAM [/move_group/ompl/display_random_valid_states] by /move_group
[rosmaster.master][INFO] 2025-12-04 21:54:31,141: +PUB [/xtion/rgb/image_mono] /xtion/rgb/image_proc http://127.0.0.1:35305/
[rosmaster.master][INFO] 2025-12-04 21:54:31,152: +SUB [/joy_turbo_increase/goal] /joystick_relay http://127.0.0.1:37317/
[rosmaster.master][INFO] 2025-12-04 21:54:31,162: +SUB [/joy_turbo_increase/cancel] /joystick_relay http://127.0.0.1:37317/
[rosmaster.master][INFO] 2025-12-04 21:54:31,169: +PUB [/xtion/rgb/image_mono/theora] /xtion/rgb/image_proc http://127.0.0.1:35305/
[rosmaster.master][INFO] 2025-12-04 21:54:31,171: +PUB [/tf_stream/goal] /dynamic_footprint_publisher http://127.0.0.1:34199/
[rosmaster.master][INFO] 2025-12-04 21:54:31,175: +PUB [/move_group/display_planned_path] /move_group http://127.0.0.1:33721/
[rosmaster.master][INFO] 2025-12-04 21:54:31,178: +PUB [/move_group/display_contacts] /move_group http://127.0.0.1:33721/
[rosmaster.master][INFO] 2025-12-04 21:54:31,181: +PUB [/tf_stream/cancel] /dynamic_footprint_publisher http://127.0.0.1:34199/
[rosmaster.master][INFO] 2025-12-04 21:54:31,190: +SERVICE [/xtion/rgb/image_mono/theora/set_parameters] /xtion/rgb/image_proc http://127.0.0.1:35305/
[rosmaster.master][INFO] 2025-12-04 21:54:31,193: +SUB [/tf_stream/status] /dynamic_footprint_publisher http://127.0.0.1:34199/
[rosmaster.master][INFO] 2025-12-04 21:54:31,197: +PUB [/joy_turbo_decrease/status] /joystick_relay http://127.0.0.1:37317/
[rosmaster.master][INFO] 2025-12-04 21:54:31,198: +PUB [/xtion/rgb/image_mono/theora/parameter_descriptions] /xtion/rgb/image_proc http://127.0.0.1:35305/
[rosmaster.master][INFO] 2025-12-04 21:54:31,200: +PUB [/joy_turbo_decrease/result] /joystick_relay http://127.0.0.1:37317/
[rosmaster.master][INFO] 2025-12-04 21:54:31,200: +PUB [/xtion/rgb/image_mono/theora/parameter_updates] /xtion/rgb/image_proc http://127.0.0.1:35305/
[rosmaster.master][INFO] 2025-12-04 21:54:31,202: +SUB [/tf_stream/result] /dynamic_footprint_publisher http://127.0.0.1:34199/
[rosmaster.master][INFO] 2025-12-04 21:54:31,207: +PUB [/joy_turbo_decrease/feedback] /joystick_relay http://127.0.0.1:37317/
[rosmaster.master][INFO] 2025-12-04 21:54:31,207: publisherUpdate[/tf_stream/goal] -> http://127.0.0.1:40329/ ['http://127.0.0.1:34199/']
[rosmaster.master][INFO] 2025-12-04 21:54:31,215: +PARAM [/xtion/rgb/image_mono/theora/optimize_for] by /xtion/rgb/image_proc
[rosmaster.master][INFO] 2025-12-04 21:54:31,216: +SUB [/tf_stream/feedback] /dynamic_footprint_publisher http://127.0.0.1:34199/
[rosmaster.master][INFO] 2025-12-04 21:54:31,216: +PARAM [/xtion/rgb/image_mono/theora/target_bitrate] by /xtion/rgb/image_proc
[rosmaster.master][INFO] 2025-12-04 21:54:31,218: +SUB [/joy_turbo_decrease/goal] /joystick_relay http://127.0.0.1:37317/
[rosmaster.master][INFO] 2025-12-04 21:54:31,221: +PARAM [/xtion/rgb/image_mono/theora/quality] by /xtion/rgb/image_proc
[rosmaster.master][INFO] 2025-12-04 21:54:31,224: +PUB [/dynamic_footprint_publisher/footprint] /dynamic_footprint_publisher http://127.0.0.1:34199/
[rosmaster.master][INFO] 2025-12-04 21:54:31,225: +PARAM [/xtion/rgb/image_mono/theora/keyframe_frequency] by /xtion/rgb/image_proc
[rosmaster.master][INFO] 2025-12-04 21:54:31,228: +PARAM [/xtion/rgb/image_mono/theora/optimize_for] by /xtion/rgb/image_proc
[rosmaster.master][INFO] 2025-12-04 21:54:31,229: +PUB [/dynamic_footprint_publisher/footprint_stamped] /dynamic_footprint_publisher http://127.0.0.1:34199/
[rosmaster.master][INFO] 2025-12-04 21:54:31,231: +PARAM [/xtion/rgb/image_mono/theora/target_bitrate] by /xtion/rgb/image_proc
[rosmaster.master][INFO] 2025-12-04 21:54:31,232: +SUB [/joy_turbo_decrease/cancel] /joystick_relay http://127.0.0.1:37317/
[rosmaster.master][INFO] 2025-12-04 21:54:31,235: +SERVICE [/dynamic_footprint_publisher/change_params] /dynamic_footprint_publisher http://127.0.0.1:34199/
[rosmaster.master][INFO] 2025-12-04 21:54:31,235: +PARAM [/xtion/rgb/image_mono/theora/quality] by /xtion/rgb/image_proc
[rosmaster.master][INFO] 2025-12-04 21:54:31,238: +PARAM [/xtion/rgb/image_mono/theora/keyframe_frequency] by /xtion/rgb/image_proc
[rosmaster.master][INFO] 2025-12-04 21:54:31,240: +CACHEDPARAM [/rosout_disable_topics_generation] by /dynamic_footprint_publisher
[rosmaster.master][INFO] 2025-12-04 21:54:31,244: +PUB [/xtion/rgb/image_color/compressedDepth] /xtion/rgb/image_proc http://127.0.0.1:35305/
[rosmaster.master][INFO] 2025-12-04 21:54:31,246: +SERVICE [/xtion/rgb/image_color/compressedDepth/set_parameters] /xtion/rgb/image_proc http://127.0.0.1:35305/
[rosmaster.master][INFO] 2025-12-04 21:54:31,249: +PUB [/xtion/rgb/image_color/compressedDepth/parameter_descriptions] /xtion/rgb/image_proc http://127.0.0.1:35305/
[rosmaster.master][INFO] 2025-12-04 21:54:31,251: +PUB [/joy_turbo_angular_increase/status] /joystick_relay http://127.0.0.1:37317/
[rosmaster.master][INFO] 2025-12-04 21:54:31,252: +PUB [/xtion/rgb/image_color/compressedDepth/parameter_updates] /xtion/rgb/image_proc http://127.0.0.1:35305/
[rosmaster.master][INFO] 2025-12-04 21:54:31,256: +PUB [/joy_turbo_angular_increase/result] /joystick_relay http://127.0.0.1:37317/
[rosmaster.master][INFO] 2025-12-04 21:54:31,258: +PARAM [/xtion/rgb/image_color/compressedDepth/format] by /xtion/rgb/image_proc
[rosmaster.master][INFO] 2025-12-04 21:54:31,261: +PARAM [/xtion/rgb/image_color/compressedDepth/depth_max] by /xtion/rgb/image_proc
[rosmaster.master][INFO] 2025-12-04 21:54:31,262: +PARAM [/xtion/rgb/image_color/compressedDepth/depth_quantization] by /xtion/rgb/image_proc
[rosmaster.master][INFO] 2025-12-04 21:54:31,258: +PUB [/joy_turbo_angular_increase/feedback] /joystick_relay http://127.0.0.1:37317/
[rosmaster.master][INFO] 2025-12-04 21:54:31,263: +PARAM [/xtion/rgb/image_color/compressedDepth/png_level] by /xtion/rgb/image_proc
[rosmaster.master][INFO] 2025-12-04 21:54:31,265: +PARAM [/xtion/rgb/image_color/compressedDepth/format] by /xtion/rgb/image_proc
[rosmaster.master][INFO] 2025-12-04 21:54:31,269: +PARAM [/xtion/rgb/image_color/compressedDepth/depth_max] by /xtion/rgb/image_proc
[rosmaster.master][INFO] 2025-12-04 21:54:31,270: +SUB [/joy_turbo_angular_increase/goal] /joystick_relay http://127.0.0.1:37317/
[rosmaster.master][INFO] 2025-12-04 21:54:31,271: +PARAM [/xtion/rgb/image_color/compressedDepth/depth_quantization] by /xtion/rgb/image_proc
[rosmaster.master][INFO] 2025-12-04 21:54:31,274: +PARAM [/xtion/rgb/image_color/compressedDepth/png_level] by /xtion/rgb/image_proc
[rosmaster.master][INFO] 2025-12-04 21:54:31,275: +SUB [/joy_turbo_angular_increase/cancel] /joystick_relay http://127.0.0.1:37317/
[rosmaster.master][INFO] 2025-12-04 21:54:31,277: +PUB [/xtion/rgb/image_color/compressed] /xtion/rgb/image_proc http://127.0.0.1:35305/
[rosmaster.master][INFO] 2025-12-04 21:54:31,283: +SERVICE [/xtion/rgb/image_color/compressed/set_parameters] /xtion/rgb/image_proc http://127.0.0.1:35305/
[rosmaster.master][INFO] 2025-12-04 21:54:31,284: +PUB [/xtion/rgb/image_color/compressed/parameter_descriptions] /xtion/rgb/image_proc http://127.0.0.1:35305/
[rosmaster.master][INFO] 2025-12-04 21:54:31,285: +PUB [/xtion/rgb/image_color/compressed/parameter_updates] /xtion/rgb/image_proc http://127.0.0.1:35305/
[rosmaster.master][INFO] 2025-12-04 21:54:31,289: +PARAM [/xtion/rgb/image_color/compressed/format] by /xtion/rgb/image_proc
[rosmaster.master][INFO] 2025-12-04 21:54:31,290: +PARAM [/xtion/rgb/image_color/compressed/jpeg_quality] by /xtion/rgb/image_proc
[rosmaster.master][INFO] 2025-12-04 21:54:31,289: +PUB [/joy_turbo_angular_decrease/status] /joystick_relay http://127.0.0.1:37317/
[rosmaster.master][INFO] 2025-12-04 21:54:31,292: +PARAM [/xtion/rgb/image_color/compressed/jpeg_progressive] by /xtion/rgb/image_proc
[rosmaster.master][INFO] 2025-12-04 21:54:31,293: +PARAM [/xtion/rgb/image_color/compressed/jpeg_optimize] by /xtion/rgb/image_proc
[rosmaster.master][INFO] 2025-12-04 21:54:31,293: +PARAM [/xtion/rgb/image_color/compressed/jpeg_restart_interval] by /xtion/rgb/image_proc
[rosmaster.master][INFO] 2025-12-04 21:54:31,294: +PARAM [/xtion/rgb/image_color/compressed/png_level] by /xtion/rgb/image_proc
[rosmaster.master][INFO] 2025-12-04 21:54:31,295: +PUB [/joy_turbo_angular_decrease/result] /joystick_relay http://127.0.0.1:37317/
[rosmaster.master][INFO] 2025-12-04 21:54:31,295: +PARAM [/xtion/rgb/image_color/compressed/format] by /xtion/rgb/image_proc
[rosmaster.master][INFO] 2025-12-04 21:54:31,296: +PARAM [/xtion/rgb/image_color/compressed/jpeg_quality] by /xtion/rgb/image_proc
[rosmaster.master][INFO] 2025-12-04 21:54:31,297: +PUB [/joy_turbo_angular_decrease/feedback] /joystick_relay http://127.0.0.1:37317/
[rosmaster.master][INFO] 2025-12-04 21:54:31,299: +PARAM [/xtion/rgb/image_color/compressed/jpeg_progressive] by /xtion/rgb/image_proc
[rosmaster.master][INFO] 2025-12-04 21:54:31,300: +PARAM [/xtion/rgb/image_color/compressed/jpeg_optimize] by /xtion/rgb/image_proc
[rosmaster.master][INFO] 2025-12-04 21:54:31,302: +PARAM [/xtion/rgb/image_color/compressed/jpeg_restart_interval] by /xtion/rgb/image_proc
[rosmaster.master][INFO] 2025-12-04 21:54:31,302: +SUB [/joy_turbo_angular_decrease/goal] /joystick_relay http://127.0.0.1:37317/
[rosmaster.master][INFO] 2025-12-04 21:54:31,303: +PARAM [/xtion/rgb/image_color/compressed/png_level] by /xtion/rgb/image_proc
[rosmaster.master][INFO] 2025-12-04 21:54:31,305: +SUB [/joy_turbo_angular_decrease/cancel] /joystick_relay http://127.0.0.1:37317/
[rosmaster.master][INFO] 2025-12-04 21:54:31,306: +PUB [/xtion/rgb/image_color] /xtion/rgb/image_proc http://127.0.0.1:35305/
[rosmaster.master][INFO] 2025-12-04 21:54:31,308: +PUB [/xtion/rgb/image_color/theora] /xtion/rgb/image_proc http://127.0.0.1:35305/
[rosmaster.master][INFO] 2025-12-04 21:54:31,309: +SERVICE [/xtion/rgb/image_color/theora/set_parameters] /xtion/rgb/image_proc http://127.0.0.1:35305/
[rosmaster.master][INFO] 2025-12-04 21:54:31,310: +PUB [/xtion/rgb/image_color/theora/parameter_descriptions] /xtion/rgb/image_proc http://127.0.0.1:35305/
[rosmaster.master][INFO] 2025-12-04 21:54:31,314: +PUB [/rosout] /tuck_arm http://127.0.0.1:43457/
[rosmaster.master][INFO] 2025-12-04 21:54:31,316: +PUB [/xtion/rgb/image_color/theora/parameter_updates] /xtion/rgb/image_proc http://127.0.0.1:35305/
[rosmaster.master][INFO] 2025-12-04 21:54:31,322: +SUB [/clock] /tuck_arm http://127.0.0.1:43457/
[rosmaster.master][INFO] 2025-12-04 21:54:31,326: +PARAM [/xtion/rgb/image_color/theora/optimize_for] by /xtion/rgb/image_proc
[rosmaster.master][INFO] 2025-12-04 21:54:31,327: +SERVICE [/tuck_arm/get_loggers] /tuck_arm http://127.0.0.1:43457/
[rosmaster.master][INFO] 2025-12-04 21:54:31,328: +PARAM [/xtion/rgb/image_color/theora/target_bitrate] by /xtion/rgb/image_proc
[rosmaster.master][INFO] 2025-12-04 21:54:31,330: +PARAM [/xtion/rgb/image_color/theora/quality] by /xtion/rgb/image_proc
[rosmaster.master][INFO] 2025-12-04 21:54:31,331: +SERVICE [/tuck_arm/set_logger_level] /tuck_arm http://127.0.0.1:43457/
[rosmaster.master][INFO] 2025-12-04 21:54:31,332: +PARAM [/xtion/rgb/image_color/theora/keyframe_frequency] by /xtion/rgb/image_proc
[rosmaster.master][INFO] 2025-12-04 21:54:31,335: +PARAM [/xtion/rgb/image_color/theora/optimize_for] by /xtion/rgb/image_proc
[rosmaster.master][INFO] 2025-12-04 21:54:31,336: +CACHEDPARAM [/rosout_disable_topics_generation] by /tuck_arm
[rosmaster.master][INFO] 2025-12-04 21:54:31,337: +PARAM [/xtion/rgb/image_color/theora/target_bitrate] by /xtion/rgb/image_proc
[rosmaster.master][INFO] 2025-12-04 21:54:31,338: publisherUpdate[/tf_stream/goal] -> http://127.0.0.1:40329/ ['http://127.0.0.1:34199/']: sec=0.13, result=[1, '', 0]
[rosmaster.master][INFO] 2025-12-04 21:54:31,339: publisherUpdate[/tf_stream/cancel] -> http://127.0.0.1:40329/ ['http://127.0.0.1:34199/']
[rosmaster.master][INFO] 2025-12-04 21:54:31,339: +PUB [/joy_turbo_reset/status] /joystick_relay http://127.0.0.1:37317/
[rosmaster.master][INFO] 2025-12-04 21:54:31,343: +PUB [/joy_turbo_reset/result] /joystick_relay http://127.0.0.1:37317/
[rosmaster.master][INFO] 2025-12-04 21:54:31,340: +PARAM [/xtion/rgb/image_color/theora/quality] by /xtion/rgb/image_proc
[rosmaster.master][INFO] 2025-12-04 21:54:31,346: +PUB [/joy_turbo_reset/feedback] /joystick_relay http://127.0.0.1:37317/
[rosmaster.master][INFO] 2025-12-04 21:54:31,347: +PARAM [/xtion/rgb/image_color/theora/keyframe_frequency] by /xtion/rgb/image_proc
[rosmaster.master][INFO] 2025-12-04 21:54:31,348: +PUB [/play_motion/goal] /tuck_arm http://127.0.0.1:43457/
[rosmaster.master][INFO] 2025-12-04 21:54:31,354: +SUB [/joy_turbo_reset/goal] /joystick_relay http://127.0.0.1:37317/
[rosmaster.master][INFO] 2025-12-04 21:54:31,358: +SERVICE [/xtion/rgb/image_proc_rectify_mono/set_parameters] /xtion/rgb/image_proc http://127.0.0.1:35305/
[rosmaster.master][INFO] 2025-12-04 21:54:31,359: +PUB [/play_motion/cancel] /tuck_arm http://127.0.0.1:43457/
[rosmaster.master][INFO] 2025-12-04 21:54:31,360: +PUB [/xtion/rgb/image_proc_rectify_mono/parameter_descriptions] /xtion/rgb/image_proc http://127.0.0.1:35305/
[rosmaster.master][INFO] 2025-12-04 21:54:31,362: +SUB [/joy_turbo_reset/cancel] /joystick_relay http://127.0.0.1:37317/
[rosmaster.master][INFO] 2025-12-04 21:54:31,363: +PUB [/xtion/rgb/image_proc_rectify_mono/parameter_updates] /xtion/rgb/image_proc http://127.0.0.1:35305/
[rosmaster.master][INFO] 2025-12-04 21:54:31,365: +PARAM [/xtion/rgb/image_proc_rectify_mono/interpolation] by /xtion/rgb/image_proc
[rosmaster.master][INFO] 2025-12-04 21:54:31,366: +SUB [/play_motion/status] /tuck_arm http://127.0.0.1:43457/
[rosmaster.master][INFO] 2025-12-04 21:54:31,368: +PARAM [/xtion/rgb/image_proc_rectify_mono/interpolation] by /xtion/rgb/image_proc
[rosmaster.master][INFO] 2025-12-04 21:54:31,371: +SUB [/play_motion/result] /tuck_arm http://127.0.0.1:43457/
[rosmaster.master][INFO] 2025-12-04 21:54:31,373: +PUB [/xtion/rgb/image_rect/compressedDepth] /xtion/rgb/image_proc http://127.0.0.1:35305/
[rosmaster.master][INFO] 2025-12-04 21:54:31,379: +SUB [/play_motion/feedback] /tuck_arm http://127.0.0.1:43457/
[rosmaster.master][INFO] 2025-12-04 21:54:31,384: +SERVICE [/xtion/rgb/image_rect/compressedDepth/set_parameters] /xtion/rgb/image_proc http://127.0.0.1:35305/
[rosmaster.master][INFO] 2025-12-04 21:54:31,383: publisherUpdate[/rosout] -> http://127.0.0.1:37845/ ['http://127.0.0.1:34099/', 'http://127.0.0.1:34537/', 'http://127.0.0.1:33721/', 'http://127.0.0.1:40329/', 'http://127.0.0.1:35099/', 'http://127.0.0.1:39587/', 'http://127.0.0.1:38211/', 'http://127.0.0.1:41753/', 'http://127.0.0.1:43465/', 'http://127.0.0.1:34465/', 'http://127.0.0.1:39263/', 'http://127.0.0.1:36043/', 'http://127.0.0.1:35305/', 'http://127.0.0.1:37317/', 'http://127.0.0.1:34199/', 'http://127.0.0.1:43457/']
[rosmaster.master][INFO] 2025-12-04 21:54:31,390: +PUB [/xtion/rgb/image_rect/compressedDepth/parameter_descriptions] /xtion/rgb/image_proc http://127.0.0.1:35305/
[rosmaster.master][INFO] 2025-12-04 21:54:31,394: publisherUpdate[/rosout] -> http://127.0.0.1:37845/ ['http://127.0.0.1:34099/', 'http://127.0.0.1:34537/', 'http://127.0.0.1:33721/', 'http://127.0.0.1:40329/', 'http://127.0.0.1:35099/', 'http://127.0.0.1:39587/', 'http://127.0.0.1:38211/', 'http://127.0.0.1:41753/', 'http://127.0.0.1:43465/', 'http://127.0.0.1:34465/', 'http://127.0.0.1:39263/', 'http://127.0.0.1:36043/', 'http://127.0.0.1:35305/', 'http://127.0.0.1:37317/', 'http://127.0.0.1:34199/', 'http://127.0.0.1:43457/']: sec=0.00, result=[1, '', 0]
[rosmaster.master][INFO] 2025-12-04 21:54:31,397: +PUB [/xtion/rgb/image_rect/compressedDepth/parameter_updates] /xtion/rgb/image_proc http://127.0.0.1:35305/
[rosmaster.master][INFO] 2025-12-04 21:54:31,399: +PUB [/rosout] /gazebo http://127.0.0.1:46517/
[rosmaster.master][INFO] 2025-12-04 21:54:31,401: +SERVICE [/gazebo/get_loggers] /gazebo http://127.0.0.1:46517/
[rosmaster.master][INFO] 2025-12-04 21:54:31,402: +PARAM [/xtion/rgb/image_rect/compressedDepth/format] by /xtion/rgb/image_proc
[rosmaster.master][INFO] 2025-12-04 21:54:31,403: +SERVICE [/gazebo/set_logger_level] /gazebo http://127.0.0.1:46517/
[rosmaster.master][INFO] 2025-12-04 21:54:31,404: +PARAM [/xtion/rgb/image_rect/compressedDepth/depth_max] by /xtion/rgb/image_proc
[rosmaster.master][INFO] 2025-12-04 21:54:31,412: +PARAM [/xtion/rgb/image_rect/compressedDepth/depth_quantization] by /xtion/rgb/image_proc
[rosmaster.master][INFO] 2025-12-04 21:54:31,416: +PARAM [/xtion/rgb/image_rect/compressedDepth/png_level] by /xtion/rgb/image_proc
[rosmaster.master][INFO] 2025-12-04 21:54:31,419: +PARAM [/xtion/rgb/image_rect/compressedDepth/format] by /xtion/rgb/image_proc
[rosmaster.master][INFO] 2025-12-04 21:54:31,421: +PARAM [/xtion/rgb/image_rect/compressedDepth/depth_max] by /xtion/rgb/image_proc
[rosmaster.master][INFO] 2025-12-04 21:54:31,422: +SUB [/clock] /gazebo http://127.0.0.1:46517/
[rosmaster.master][INFO] 2025-12-04 21:54:31,423: +PARAM [/xtion/rgb/image_rect/compressedDepth/depth_quantization] by /xtion/rgb/image_proc
[rosmaster.master][INFO] 2025-12-04 21:54:31,424: +PARAM [/xtion/rgb/image_rect/compressedDepth/png_level] by /xtion/rgb/image_proc
[rosmaster.master][INFO] 2025-12-04 21:54:31,426: +CACHEDPARAM [/rosout_disable_topics_generation] by /gazebo
[rosmaster.master][INFO] 2025-12-04 21:54:31,426: +PUB [/xtion/rgb/image_rect/compressed] /xtion/rgb/image_proc http://127.0.0.1:35305/
[rosmaster.master][INFO] 2025-12-04 21:54:31,427: +SERVICE [/xtion/rgb/image_rect/compressed/set_parameters] /xtion/rgb/image_proc http://127.0.0.1:35305/
[rosmaster.master][INFO] 2025-12-04 21:54:31,428: +PUB [/xtion/rgb/image_rect/compressed/parameter_descriptions] /xtion/rgb/image_proc http://127.0.0.1:35305/
[rosmaster.master][INFO] 2025-12-04 21:54:31,429: +PUB [/xtion/rgb/image_rect/compressed/parameter_updates] /xtion/rgb/image_proc http://127.0.0.1:35305/
[rosmaster.master][INFO] 2025-12-04 21:54:31,431: +PARAM [/xtion/rgb/image_rect/compressed/format] by /xtion/rgb/image_proc
[rosmaster.master][INFO] 2025-12-04 21:54:31,432: +PARAM [/xtion/rgb/image_rect/compressed/jpeg_quality] by /xtion/rgb/image_proc
[rosmaster.master][INFO] 2025-12-04 21:54:31,433: +PARAM [/xtion/rgb/image_rect/compressed/jpeg_progressive] by /xtion/rgb/image_proc
[rosmaster.master][INFO] 2025-12-04 21:54:31,433: +PARAM [/xtion/rgb/image_rect/compressed/jpeg_optimize] by /xtion/rgb/image_proc
[rosmaster.master][INFO] 2025-12-04 21:54:31,434: +PARAM [/xtion/rgb/image_rect/compressed/jpeg_restart_interval] by /xtion/rgb/image_proc
[rosmaster.master][INFO] 2025-12-04 21:54:31,434: +PARAM [/xtion/rgb/image_rect/compressed/png_level] by /xtion/rgb/image_proc
[rosmaster.master][INFO] 2025-12-04 21:54:31,435: +PARAM [/xtion/rgb/image_rect/compressed/format] by /xtion/rgb/image_proc
[rosmaster.master][INFO] 2025-12-04 21:54:31,435: +PARAM [/xtion/rgb/image_rect/compressed/jpeg_quality] by /xtion/rgb/image_proc
[rosmaster.master][INFO] 2025-12-04 21:54:31,435: +PARAM [/xtion/rgb/image_rect/compressed/jpeg_progressive] by /xtion/rgb/image_proc
[rosmaster.master][INFO] 2025-12-04 21:54:31,436: +PARAM [/xtion/rgb/image_rect/compressed/jpeg_optimize] by /xtion/rgb/image_proc
[rosmaster.master][INFO] 2025-12-04 21:54:31,436: +PARAM [/xtion/rgb/image_rect/compressed/jpeg_restart_interval] by /xtion/rgb/image_proc
[rosmaster.master][INFO] 2025-12-04 21:54:31,437: +PARAM [/xtion/rgb/image_rect/compressed/png_level] by /xtion/rgb/image_proc
[rosmaster.master][INFO] 2025-12-04 21:54:31,437: +PUB [/xtion/rgb/image_rect] /xtion/rgb/image_proc http://127.0.0.1:35305/
[rosmaster.master][INFO] 2025-12-04 21:54:31,438: +PUB [/xtion/rgb/image_rect/theora] /xtion/rgb/image_proc http://127.0.0.1:35305/
[rosmaster.master][INFO] 2025-12-04 21:54:31,439: +SERVICE [/xtion/rgb/image_rect/theora/set_parameters] /xtion/rgb/image_proc http://127.0.0.1:35305/
[rosmaster.master][INFO] 2025-12-04 21:54:31,439: +PUB [/xtion/rgb/image_rect/theora/parameter_descriptions] /xtion/rgb/image_proc http://127.0.0.1:35305/
[rosmaster.master][INFO] 2025-12-04 21:54:31,440: +PUB [/xtion/rgb/image_rect/theora/parameter_updates] /xtion/rgb/image_proc http://127.0.0.1:35305/
[rosmaster.master][INFO] 2025-12-04 21:54:31,441: +PARAM [/xtion/rgb/image_rect/theora/optimize_for] by /xtion/rgb/image_proc
[rosmaster.master][INFO] 2025-12-04 21:54:31,442: +PARAM [/xtion/rgb/image_rect/theora/target_bitrate] by /xtion/rgb/image_proc
[rosmaster.master][INFO] 2025-12-04 21:54:31,442: +PARAM [/xtion/rgb/image_rect/theora/quality] by /xtion/rgb/image_proc
[rosmaster.master][INFO] 2025-12-04 21:54:31,443: +PARAM [/xtion/rgb/image_rect/theora/keyframe_frequency] by /xtion/rgb/image_proc
[rosmaster.master][INFO] 2025-12-04 21:54:31,443: +PARAM [/xtion/rgb/image_rect/theora/optimize_for] by /xtion/rgb/image_proc
[rosmaster.master][INFO] 2025-12-04 21:54:31,444: +PARAM [/xtion/rgb/image_rect/theora/target_bitrate] by /xtion/rgb/image_proc
[rosmaster.master][INFO] 2025-12-04 21:54:31,444: +PARAM [/xtion/rgb/image_rect/theora/quality] by /xtion/rgb/image_proc
[rosmaster.master][INFO] 2025-12-04 21:54:31,444: +PARAM [/xtion/rgb/image_rect/theora/keyframe_frequency] by /xtion/rgb/image_proc
[rosmaster.master][INFO] 2025-12-04 21:54:31,447: +SERVICE [/xtion/rgb/image_proc_rectify_color/set_parameters] /xtion/rgb/image_proc http://127.0.0.1:35305/
[rosmaster.master][INFO] 2025-12-04 21:54:31,448: +PUB [/xtion/rgb/image_proc_rectify_color/parameter_descriptions] /xtion/rgb/image_proc http://127.0.0.1:35305/
[rosmaster.master][INFO] 2025-12-04 21:54:31,450: +PUB [/xtion/rgb/image_proc_rectify_color/parameter_updates] /xtion/rgb/image_proc http://127.0.0.1:35305/
[rosmaster.master][INFO] 2025-12-04 21:54:31,452: +PARAM [/xtion/rgb/image_proc_rectify_color/interpolation] by /xtion/rgb/image_proc
[rosmaster.master][INFO] 2025-12-04 21:54:31,452: +PARAM [/xtion/rgb/image_proc_rectify_color/interpolation] by /xtion/rgb/image_proc
[rosmaster.master][INFO] 2025-12-04 21:54:31,454: +PUB [/xtion/rgb/image_rect_color/compressedDepth] /xtion/rgb/image_proc http://127.0.0.1:35305/
[rosmaster.master][INFO] 2025-12-04 21:54:31,455: +SERVICE [/xtion/rgb/image_rect_color/compressedDepth/set_parameters] /xtion/rgb/image_proc http://127.0.0.1:35305/
[rosmaster.master][INFO] 2025-12-04 21:54:31,456: +PUB [/xtion/rgb/image_rect_color/compressedDepth/parameter_descriptions] /xtion/rgb/image_proc http://127.0.0.1:35305/
[rosmaster.master][INFO] 2025-12-04 21:54:31,457: +PUB [/xtion/rgb/image_rect_color/compressedDepth/parameter_updates] /xtion/rgb/image_proc http://127.0.0.1:35305/
[rosmaster.master][INFO] 2025-12-04 21:54:31,458: +PARAM [/xtion/rgb/image_rect_color/compressedDepth/format] by /xtion/rgb/image_proc
[rosmaster.master][INFO] 2025-12-04 21:54:31,459: +PARAM [/xtion/rgb/image_rect_color/compressedDepth/depth_max] by /xtion/rgb/image_proc
[rosmaster.master][INFO] 2025-12-04 21:54:31,460: +PARAM [/xtion/rgb/image_rect_color/compressedDepth/depth_quantization] by /xtion/rgb/image_proc
[rosmaster.master][INFO] 2025-12-04 21:54:31,461: +PARAM [/xtion/rgb/image_rect_color/compressedDepth/png_level] by /xtion/rgb/image_proc
[rosmaster.master][INFO] 2025-12-04 21:54:31,461: +PARAM [/xtion/rgb/image_rect_color/compressedDepth/format] by /xtion/rgb/image_proc
[rosmaster.master][INFO] 2025-12-04 21:54:31,462: +PARAM [/xtion/rgb/image_rect_color/compressedDepth/depth_max] by /xtion/rgb/image_proc
[rosmaster.master][INFO] 2025-12-04 21:54:31,463: +PARAM [/xtion/rgb/image_rect_color/compressedDepth/depth_quantization] by /xtion/rgb/image_proc
[rosmaster.master][INFO] 2025-12-04 21:54:31,464: publisherUpdate[/tf_stream/cancel] -> http://127.0.0.1:40329/ ['http://127.0.0.1:34199/']: sec=0.12, result=[1, '', 0]
[rosmaster.master][INFO] 2025-12-04 21:54:31,464: +PARAM [/xtion/rgb/image_rect_color/compressedDepth/png_level] by /xtion/rgb/image_proc
[rosmaster.master][INFO] 2025-12-04 21:54:31,464: publisherUpdate[/rosout] -> http://127.0.0.1:37845/ ['http://127.0.0.1:34099/', 'http://127.0.0.1:34537/', 'http://127.0.0.1:33721/', 'http://127.0.0.1:40329/', 'http://127.0.0.1:35099/', 'http://127.0.0.1:39587/', 'http://127.0.0.1:38211/', 'http://127.0.0.1:41753/', 'http://127.0.0.1:43465/', 'http://127.0.0.1:34465/', 'http://127.0.0.1:39263/', 'http://127.0.0.1:36043/', 'http://127.0.0.1:35305/', 'http://127.0.0.1:37317/', 'http://127.0.0.1:34199/', 'http://127.0.0.1:43457/', 'http://127.0.0.1:46517/']
[rosmaster.master][INFO] 2025-12-04 21:54:31,466: +PUB [/xtion/rgb/image_rect_color/compressed] /xtion/rgb/image_proc http://127.0.0.1:35305/
[rosmaster.master][INFO] 2025-12-04 21:54:31,466: +SERVICE [/xtion/rgb/image_rect_color/compressed/set_parameters] /xtion/rgb/image_proc http://127.0.0.1:35305/
[rosmaster.master][INFO] 2025-12-04 21:54:31,467: +PUB [/xtion/rgb/image_rect_color/compressed/parameter_descriptions] /xtion/rgb/image_proc http://127.0.0.1:35305/
[rosmaster.master][INFO] 2025-12-04 21:54:31,468: +PUB [/xtion/rgb/image_rect_color/compressed/parameter_updates] /xtion/rgb/image_proc http://127.0.0.1:35305/
[rosmaster.master][INFO] 2025-12-04 21:54:31,469: publisherUpdate[/rosout] -> http://127.0.0.1:37845/ ['http://127.0.0.1:34099/', 'http://127.0.0.1:34537/', 'http://127.0.0.1:33721/', 'http://127.0.0.1:40329/', 'http://127.0.0.1:35099/', 'http://127.0.0.1:39587/', 'http://127.0.0.1:38211/', 'http://127.0.0.1:41753/', 'http://127.0.0.1:43465/', 'http://127.0.0.1:34465/', 'http://127.0.0.1:39263/', 'http://127.0.0.1:36043/', 'http://127.0.0.1:35305/', 'http://127.0.0.1:37317/', 'http://127.0.0.1:34199/', 'http://127.0.0.1:43457/', 'http://127.0.0.1:46517/']: sec=0.00, result=[1, '', 0]
[rosmaster.master][INFO] 2025-12-04 21:54:31,472: +PARAM [/xtion/rgb/image_rect_color/compressed/format] by /xtion/rgb/image_proc
[rosmaster.master][INFO] 2025-12-04 21:54:31,472: +PARAM [/xtion/rgb/image_rect_color/compressed/jpeg_quality] by /xtion/rgb/image_proc
[rosmaster.master][INFO] 2025-12-04 21:54:31,473: +PARAM [/xtion/rgb/image_rect_color/compressed/jpeg_progressive] by /xtion/rgb/image_proc
[rosmaster.master][INFO] 2025-12-04 21:54:31,473: +PARAM [/xtion/rgb/image_rect_color/compressed/jpeg_optimize] by /xtion/rgb/image_proc
[rosmaster.master][INFO] 2025-12-04 21:54:31,474: +PARAM [/xtion/rgb/image_rect_color/compressed/jpeg_restart_interval] by /xtion/rgb/image_proc
[rosmaster.master][INFO] 2025-12-04 21:54:31,475: +PARAM [/xtion/rgb/image_rect_color/compressed/png_level] by /xtion/rgb/image_proc
[rosmaster.master][INFO] 2025-12-04 21:54:31,475: +PARAM [/xtion/rgb/image_rect_color/compressed/format] by /xtion/rgb/image_proc
[rosmaster.master][INFO] 2025-12-04 21:54:31,476: +PARAM [/xtion/rgb/image_rect_color/compressed/jpeg_quality] by /xtion/rgb/image_proc
[rosmaster.master][INFO] 2025-12-04 21:54:31,477: +PARAM [/xtion/rgb/image_rect_color/compressed/jpeg_progressive] by /xtion/rgb/image_proc
[rosmaster.master][INFO] 2025-12-04 21:54:31,477: +PARAM [/xtion/rgb/image_rect_color/compressed/jpeg_optimize] by /xtion/rgb/image_proc
[rosmaster.master][INFO] 2025-12-04 21:54:31,478: +PARAM [/xtion/rgb/image_rect_color/compressed/jpeg_restart_interval] by /xtion/rgb/image_proc
[rosmaster.master][INFO] 2025-12-04 21:54:31,478: +PARAM [/xtion/rgb/image_rect_color/compressed/png_level] by /xtion/rgb/image_proc
[rosmaster.master][INFO] 2025-12-04 21:54:31,479: +PUB [/xtion/rgb/image_rect_color] /xtion/rgb/image_proc http://127.0.0.1:35305/
[rosmaster.master][INFO] 2025-12-04 21:54:31,480: +PUB [/xtion/rgb/image_rect_color/theora] /xtion/rgb/image_proc http://127.0.0.1:35305/
[rosmaster.master][INFO] 2025-12-04 21:54:31,481: +SERVICE [/xtion/rgb/image_rect_color/theora/set_parameters] /xtion/rgb/image_proc http://127.0.0.1:35305/
[rosmaster.master][INFO] 2025-12-04 21:54:31,481: +PUB [/xtion/rgb/image_rect_color/theora/parameter_descriptions] /xtion/rgb/image_proc http://127.0.0.1:35305/
[rosmaster.master][INFO] 2025-12-04 21:54:31,482: +PUB [/xtion/rgb/image_rect_color/theora/parameter_updates] /xtion/rgb/image_proc http://127.0.0.1:35305/
[rosmaster.master][INFO] 2025-12-04 21:54:31,484: +PARAM [/xtion/rgb/image_rect_color/theora/optimize_for] by /xtion/rgb/image_proc
[rosmaster.master][INFO] 2025-12-04 21:54:31,485: +PARAM [/xtion/rgb/image_rect_color/theora/target_bitrate] by /xtion/rgb/image_proc
[rosmaster.master][INFO] 2025-12-04 21:54:31,485: +PARAM [/xtion/rgb/image_rect_color/theora/quality] by /xtion/rgb/image_proc
[rosmaster.master][INFO] 2025-12-04 21:54:31,486: +PARAM [/xtion/rgb/image_rect_color/theora/keyframe_frequency] by /xtion/rgb/image_proc
[rosmaster.master][INFO] 2025-12-04 21:54:31,486: +PARAM [/xtion/rgb/image_rect_color/theora/optimize_for] by /xtion/rgb/image_proc
[rosmaster.master][INFO] 2025-12-04 21:54:31,487: +PARAM [/xtion/rgb/image_rect_color/theora/target_bitrate] by /xtion/rgb/image_proc
[rosmaster.master][INFO] 2025-12-04 21:54:31,487: +PARAM [/xtion/rgb/image_rect_color/theora/quality] by /xtion/rgb/image_proc
[rosmaster.master][INFO] 2025-12-04 21:54:31,488: +PARAM [/xtion/rgb/image_rect_color/theora/keyframe_frequency] by /xtion/rgb/image_proc
[rosmaster.master][INFO] 2025-12-04 21:54:31,491: +CACHEDPARAM [/rosout_disable_topics_generation] by /xtion/rgb/image_proc
[rosmaster.master][INFO] 2025-12-04 21:54:31,504: +PUB [/rosout] /default_controllers_spawner http://127.0.0.1:43091/
[rosmaster.master][INFO] 2025-12-04 21:54:31,508: +PUB [/rosout] /bringup_controllers_spawner_imu http://127.0.0.1:39507/
[rosmaster.master][INFO] 2025-12-04 21:54:31,508: +SUB [/clock] /default_controllers_spawner http://127.0.0.1:43091/
[rosmaster.master][INFO] 2025-12-04 21:54:31,510: +SERVICE [/default_controllers_spawner/get_loggers] /default_controllers_spawner http://127.0.0.1:43091/
[rosmaster.master][INFO] 2025-12-04 21:54:31,512: +SERVICE [/default_controllers_spawner/set_logger_level] /default_controllers_spawner http://127.0.0.1:43091/
[rosmaster.master][INFO] 2025-12-04 21:54:31,513: +SUB [/clock] /bringup_controllers_spawner_imu http://127.0.0.1:39507/
[rosmaster.master][INFO] 2025-12-04 21:54:31,514: +CACHEDPARAM [/rosout_disable_topics_generation] by /default_controllers_spawner
[rosmaster.master][INFO] 2025-12-04 21:54:31,517: +SERVICE [/bringup_controllers_spawner_imu/get_loggers] /bringup_controllers_spawner_imu http://127.0.0.1:39507/
[rosmaster.master][INFO] 2025-12-04 21:54:31,521: +SERVICE [/bringup_controllers_spawner_imu/set_logger_level] /bringup_controllers_spawner_imu http://127.0.0.1:39507/
[rosmaster.master][INFO] 2025-12-04 21:54:31,524: +CACHEDPARAM [/rosout_disable_topics_generation] by /bringup_controllers_spawner_imu
[rosmaster.master][INFO] 2025-12-04 21:54:31,543: +PUB [/rosout] /bringup_controllers_spawner_ft http://127.0.0.1:41027/
[rosmaster.master][INFO] 2025-12-04 21:54:31,550: +SUB [/clock] /bringup_controllers_spawner_ft http://127.0.0.1:41027/
[rosmaster.master][INFO] 2025-12-04 21:54:31,554: +SERVICE [/bringup_controllers_spawner_ft/get_loggers] /bringup_controllers_spawner_ft http://127.0.0.1:41027/
[rosmaster.master][INFO] 2025-12-04 21:54:31,556: +SERVICE [/bringup_controllers_spawner_ft/set_logger_level] /bringup_controllers_spawner_ft http://127.0.0.1:41027/
[rosmaster.master][INFO] 2025-12-04 21:54:31,558: +CACHEDPARAM [/rosout_disable_topics_generation] by /bringup_controllers_spawner_ft
[rosmaster.master][INFO] 2025-12-04 21:54:31,569: publisherUpdate[/rosout] -> http://127.0.0.1:37845/ ['http://127.0.0.1:34099/', 'http://127.0.0.1:34537/', 'http://127.0.0.1:33721/', 'http://127.0.0.1:40329/', 'http://127.0.0.1:35099/', 'http://127.0.0.1:39587/', 'http://127.0.0.1:38211/', 'http://127.0.0.1:41753/', 'http://127.0.0.1:43465/', 'http://127.0.0.1:34465/', 'http://127.0.0.1:39263/', 'http://127.0.0.1:36043/', 'http://127.0.0.1:35305/', 'http://127.0.0.1:37317/', 'http://127.0.0.1:34199/', 'http://127.0.0.1:43457/', 'http://127.0.0.1:46517/', 'http://127.0.0.1:43091/']
[rosmaster.master][INFO] 2025-12-04 21:54:31,572: publisherUpdate[/rosout] -> http://127.0.0.1:37845/ ['http://127.0.0.1:34099/', 'http://127.0.0.1:34537/', 'http://127.0.0.1:33721/', 'http://127.0.0.1:40329/', 'http://127.0.0.1:35099/', 'http://127.0.0.1:39587/', 'http://127.0.0.1:38211/', 'http://127.0.0.1:41753/', 'http://127.0.0.1:43465/', 'http://127.0.0.1:34465/', 'http://127.0.0.1:39263/', 'http://127.0.0.1:36043/', 'http://127.0.0.1:35305/', 'http://127.0.0.1:37317/', 'http://127.0.0.1:34199/', 'http://127.0.0.1:43457/', 'http://127.0.0.1:46517/', 'http://127.0.0.1:43091/']: sec=0.00, result=[1, '', 0]
[rosmaster.master][INFO] 2025-12-04 21:54:31,572: publisherUpdate[/rosout] -> http://127.0.0.1:37845/ ['http://127.0.0.1:34099/', 'http://127.0.0.1:34537/', 'http://127.0.0.1:33721/', 'http://127.0.0.1:40329/', 'http://127.0.0.1:35099/', 'http://127.0.0.1:39587/', 'http://127.0.0.1:38211/', 'http://127.0.0.1:41753/', 'http://127.0.0.1:43465/', 'http://127.0.0.1:34465/', 'http://127.0.0.1:39263/', 'http://127.0.0.1:36043/', 'http://127.0.0.1:35305/', 'http://127.0.0.1:37317/', 'http://127.0.0.1:34199/', 'http://127.0.0.1:43457/', 'http://127.0.0.1:46517/', 'http://127.0.0.1:43091/', 'http://127.0.0.1:39507/']
[rosmaster.master][INFO] 2025-12-04 21:54:31,576: publisherUpdate[/rosout] -> http://127.0.0.1:37845/ ['http://127.0.0.1:34099/', 'http://127.0.0.1:34537/', 'http://127.0.0.1:33721/', 'http://127.0.0.1:40329/', 'http://127.0.0.1:35099/', 'http://127.0.0.1:39587/', 'http://127.0.0.1:38211/', 'http://127.0.0.1:41753/', 'http://127.0.0.1:43465/', 'http://127.0.0.1:34465/', 'http://127.0.0.1:39263/', 'http://127.0.0.1:36043/', 'http://127.0.0.1:35305/', 'http://127.0.0.1:37317/', 'http://127.0.0.1:34199/', 'http://127.0.0.1:43457/', 'http://127.0.0.1:46517/', 'http://127.0.0.1:43091/', 'http://127.0.0.1:39507/']: sec=0.00, result=[1, '', 0]
[rosmaster.master][INFO] 2025-12-04 21:54:31,576: publisherUpdate[/rosout] -> http://127.0.0.1:37845/ ['http://127.0.0.1:34099/', 'http://127.0.0.1:34537/', 'http://127.0.0.1:33721/', 'http://127.0.0.1:40329/', 'http://127.0.0.1:35099/', 'http://127.0.0.1:39587/', 'http://127.0.0.1:38211/', 'http://127.0.0.1:41753/', 'http://127.0.0.1:43465/', 'http://127.0.0.1:34465/', 'http://127.0.0.1:39263/', 'http://127.0.0.1:36043/', 'http://127.0.0.1:35305/', 'http://127.0.0.1:37317/', 'http://127.0.0.1:34199/', 'http://127.0.0.1:43457/', 'http://127.0.0.1:46517/', 'http://127.0.0.1:43091/', 'http://127.0.0.1:39507/', 'http://127.0.0.1:41027/']
[rosmaster.master][INFO] 2025-12-04 21:54:31,578: publisherUpdate[/rosout] -> http://127.0.0.1:37845/ ['http://127.0.0.1:34099/', 'http://127.0.0.1:34537/', 'http://127.0.0.1:33721/', 'http://127.0.0.1:40329/', 'http://127.0.0.1:35099/', 'http://127.0.0.1:39587/', 'http://127.0.0.1:38211/', 'http://127.0.0.1:41753/', 'http://127.0.0.1:43465/', 'http://127.0.0.1:34465/', 'http://127.0.0.1:39263/', 'http://127.0.0.1:36043/', 'http://127.0.0.1:35305/', 'http://127.0.0.1:37317/', 'http://127.0.0.1:34199/', 'http://127.0.0.1:43457/', 'http://127.0.0.1:46517/', 'http://127.0.0.1:43091/', 'http://127.0.0.1:39507/', 'http://127.0.0.1:41027/']: sec=0.00, result=[1, '', 0]
[rosmaster.master][INFO] 2025-12-04 21:54:31,882: +PUB [/rosout] /gripper_controllers_spawner http://127.0.0.1:38885/
[rosmaster.master][INFO] 2025-12-04 21:54:31,884: +SUB [/clock] /gripper_controllers_spawner http://127.0.0.1:38885/
[rosmaster.master][INFO] 2025-12-04 21:54:31,886: +SERVICE [/gripper_controllers_spawner/get_loggers] /gripper_controllers_spawner http://127.0.0.1:38885/
[rosmaster.master][INFO] 2025-12-04 21:54:31,887: +SERVICE [/gripper_controllers_spawner/set_logger_level] /gripper_controllers_spawner http://127.0.0.1:38885/
[rosmaster.master][INFO] 2025-12-04 21:54:31,888: +CACHEDPARAM [/rosout_disable_topics_generation] by /gripper_controllers_spawner
[rosmaster.master][INFO] 2025-12-04 21:54:31,896: publisherUpdate[/rosout] -> http://127.0.0.1:37845/ ['http://127.0.0.1:34099/', 'http://127.0.0.1:34537/', 'http://127.0.0.1:33721/', 'http://127.0.0.1:40329/', 'http://127.0.0.1:35099/', 'http://127.0.0.1:39587/', 'http://127.0.0.1:38211/', 'http://127.0.0.1:41753/', 'http://127.0.0.1:43465/', 'http://127.0.0.1:34465/', 'http://127.0.0.1:39263/', 'http://127.0.0.1:36043/', 'http://127.0.0.1:35305/', 'http://127.0.0.1:37317/', 'http://127.0.0.1:34199/', 'http://127.0.0.1:43457/', 'http://127.0.0.1:46517/', 'http://127.0.0.1:43091/', 'http://127.0.0.1:39507/', 'http://127.0.0.1:41027/', 'http://127.0.0.1:38885/']
[rosmaster.master][INFO] 2025-12-04 21:54:31,897: publisherUpdate[/rosout] -> http://127.0.0.1:37845/ ['http://127.0.0.1:34099/', 'http://127.0.0.1:34537/', 'http://127.0.0.1:33721/', 'http://127.0.0.1:40329/', 'http://127.0.0.1:35099/', 'http://127.0.0.1:39587/', 'http://127.0.0.1:38211/', 'http://127.0.0.1:41753/', 'http://127.0.0.1:43465/', 'http://127.0.0.1:34465/', 'http://127.0.0.1:39263/', 'http://127.0.0.1:36043/', 'http://127.0.0.1:35305/', 'http://127.0.0.1:37317/', 'http://127.0.0.1:34199/', 'http://127.0.0.1:43457/', 'http://127.0.0.1:46517/', 'http://127.0.0.1:43091/', 'http://127.0.0.1:39507/', 'http://127.0.0.1:41027/', 'http://127.0.0.1:38885/']: sec=0.00, result=[1, '', 0]
[rosmaster.master][INFO] 2025-12-04 21:54:32,076: +PUB [/clock] /gazebo http://127.0.0.1:46517/
[rosmaster.master][INFO] 2025-12-04 21:54:32,077: +SERVICE [/gazebo/spawn_sdf_model] /gazebo http://127.0.0.1:46517/
[rosmaster.master][INFO] 2025-12-04 21:54:32,078: +SERVICE [/gazebo/spawn_urdf_model] /gazebo http://127.0.0.1:46517/
[rosmaster.master][INFO] 2025-12-04 21:54:32,078: +SERVICE [/gazebo/delete_model] /gazebo http://127.0.0.1:46517/
[rosmaster.master][INFO] 2025-12-04 21:54:32,078: +SERVICE [/gazebo/delete_light] /gazebo http://127.0.0.1:46517/
[rosmaster.master][INFO] 2025-12-04 21:54:32,079: +SERVICE [/gazebo/get_model_properties] /gazebo http://127.0.0.1:46517/
[rosmaster.master][INFO] 2025-12-04 21:54:32,079: +SERVICE [/gazebo/get_model_state] /gazebo http://127.0.0.1:46517/
[rosmaster.master][INFO] 2025-12-04 21:54:32,080: +SERVICE [/gazebo/get_world_properties] /gazebo http://127.0.0.1:46517/
[rosmaster.master][INFO] 2025-12-04 21:54:32,080: publisherUpdate[/clock] -> http://127.0.0.1:37845/ ['http://127.0.0.1:46517/']
[rosmaster.master][INFO] 2025-12-04 21:54:32,080: +SERVICE [/gazebo/get_joint_properties] /gazebo http://127.0.0.1:46517/
[rosmaster.master][INFO] 2025-12-04 21:54:32,080: +SERVICE [/gazebo/get_link_properties] /gazebo http://127.0.0.1:46517/
[rosmaster.master][INFO] 2025-12-04 21:54:32,081: publisherUpdate[/clock] -> http://127.0.0.1:37845/ ['http://127.0.0.1:46517/']: sec=0.00, result=[1, '', 0]
[rosmaster.master][INFO] 2025-12-04 21:54:32,081: publisherUpdate[/clock] -> http://127.0.0.1:34099/ ['http://127.0.0.1:46517/']
[rosmaster.master][INFO] 2025-12-04 21:54:32,081: +SERVICE [/gazebo/get_link_state] /gazebo http://127.0.0.1:46517/
[rosmaster.master][INFO] 2025-12-04 21:54:32,082: +SERVICE [/gazebo/get_light_properties] /gazebo http://127.0.0.1:46517/
[rosmaster.master][INFO] 2025-12-04 21:54:32,082: +SERVICE [/gazebo/set_light_properties] /gazebo http://127.0.0.1:46517/
[rosmaster.master][INFO] 2025-12-04 21:54:32,083: +SERVICE [/gazebo/get_physics_properties] /gazebo http://127.0.0.1:46517/
[rosmaster.master][INFO] 2025-12-04 21:54:32,083: +PUB [/gazebo/link_states] /gazebo http://127.0.0.1:46517/
[rosmaster.master][INFO] 2025-12-04 21:54:32,083: +PUB [/gazebo/model_states] /gazebo http://127.0.0.1:46517/
[rosmaster.master][INFO] 2025-12-04 21:54:32,084: +SERVICE [/gazebo/set_link_properties] /gazebo http://127.0.0.1:46517/
[rosmaster.master][INFO] 2025-12-04 21:54:32,084: +SERVICE [/gazebo/set_physics_properties] /gazebo http://127.0.0.1:46517/
[rosmaster.master][INFO] 2025-12-04 21:54:32,084: +SERVICE [/gazebo/set_model_state] /gazebo http://127.0.0.1:46517/
[rosmaster.master][INFO] 2025-12-04 21:54:32,085: +SERVICE [/gazebo/set_model_configuration] /gazebo http://127.0.0.1:46517/
[rosmaster.master][INFO] 2025-12-04 21:54:32,085: +SERVICE [/gazebo/set_joint_properties] /gazebo http://127.0.0.1:46517/
[rosmaster.master][INFO] 2025-12-04 21:54:32,085: +SERVICE [/gazebo/set_link_state] /gazebo http://127.0.0.1:46517/
[rosmaster.master][INFO] 2025-12-04 21:54:32,086: +SUB [/gazebo/set_link_state] /gazebo http://127.0.0.1:46517/
[rosmaster.master][INFO] 2025-12-04 21:54:32,088: +SUB [/gazebo/set_model_state] /gazebo http://127.0.0.1:46517/
[rosmaster.master][INFO] 2025-12-04 21:54:32,088: +SERVICE [/gazebo/pause_physics] /gazebo http://127.0.0.1:46517/
[rosmaster.master][INFO] 2025-12-04 21:54:32,089: +SERVICE [/gazebo/unpause_physics] /gazebo http://127.0.0.1:46517/
[rosmaster.master][INFO] 2025-12-04 21:54:32,089: +SERVICE [/gazebo/apply_body_wrench] /gazebo http://127.0.0.1:46517/
[rosmaster.master][INFO] 2025-12-04 21:54:32,089: +SERVICE [/gazebo/apply_joint_effort] /gazebo http://127.0.0.1:46517/
[rosmaster.master][INFO] 2025-12-04 21:54:32,090: +SERVICE [/gazebo/clear_joint_forces] /gazebo http://127.0.0.1:46517/
[rosmaster.master][INFO] 2025-12-04 21:54:32,090: +SERVICE [/gazebo/clear_body_wrenches] /gazebo http://127.0.0.1:46517/
[rosmaster.master][INFO] 2025-12-04 21:54:32,091: +SERVICE [/gazebo/reset_simulation] /gazebo http://127.0.0.1:46517/
[rosmaster.master][INFO] 2025-12-04 21:54:32,091: +SERVICE [/gazebo/reset_world] /gazebo http://127.0.0.1:46517/
[rosmaster.master][INFO] 2025-12-04 21:54:32,096: +SERVICE [/gazebo/set_parameters] /gazebo http://127.0.0.1:46517/
[rosmaster.master][INFO] 2025-12-04 21:54:32,097: +PUB [/gazebo/parameter_descriptions] /gazebo http://127.0.0.1:46517/
[rosmaster.master][INFO] 2025-12-04 21:54:32,097: +PUB [/gazebo/parameter_updates] /gazebo http://127.0.0.1:46517/
[rosmaster.master][INFO] 2025-12-04 21:54:32,098: publisherUpdate[/clock] -> http://127.0.0.1:34537/ ['http://127.0.0.1:46517/']
[rosmaster.master][INFO] 2025-12-04 21:54:32,102: +PARAM [/gazebo/time_step] by /gazebo
[rosmaster.master][INFO] 2025-12-04 21:54:32,103: +PARAM [/gazebo/max_update_rate] by /gazebo
[rosmaster.master][INFO] 2025-12-04 21:54:32,103: +PARAM [/gazebo/gravity_x] by /gazebo
[rosmaster.master][INFO] 2025-12-04 21:54:32,103: +PARAM [/gazebo/gravity_y] by /gazebo
[rosmaster.master][INFO] 2025-12-04 21:54:32,104: +PARAM [/gazebo/gravity_z] by /gazebo
[rosmaster.master][INFO] 2025-12-04 21:54:32,104: +PARAM [/gazebo/auto_disable_bodies] by /gazebo
[rosmaster.master][INFO] 2025-12-04 21:54:32,105: +PARAM [/gazebo/sor_pgs_precon_iters] by /gazebo
[rosmaster.master][INFO] 2025-12-04 21:54:32,106: +PARAM [/gazebo/sor_pgs_iters] by /gazebo
[rosmaster.master][INFO] 2025-12-04 21:54:32,106: +PARAM [/gazebo/sor_pgs_w] by /gazebo
[rosmaster.master][INFO] 2025-12-04 21:54:32,107: +PARAM [/gazebo/sor_pgs_rms_error_tol] by /gazebo
[rosmaster.master][INFO] 2025-12-04 21:54:32,107: +PARAM [/gazebo/cfm] by /gazebo
[rosmaster.master][INFO] 2025-12-04 21:54:32,108: +PARAM [/gazebo/erp] by /gazebo
[rosmaster.master][INFO] 2025-12-04 21:54:32,108: +PARAM [/gazebo/contact_surface_layer] by /gazebo
[rosmaster.master][INFO] 2025-12-04 21:54:32,109: +PARAM [/gazebo/contact_max_correcting_vel] by /gazebo
[rosmaster.master][INFO] 2025-12-04 21:54:32,109: publisherUpdate[/clock] -> http://127.0.0.1:33721/ ['http://127.0.0.1:46517/']
[rosmaster.master][INFO] 2025-12-04 21:54:32,117: +PARAM [/gazebo/max_contacts] by /gazebo
[rosmaster.master][INFO] 2025-12-04 21:54:32,128: +PARAM [/gazebo/time_step] by /gazebo
[rosmaster.master][INFO] 2025-12-04 21:54:32,130: +PARAM [/gazebo/max_update_rate] by /gazebo
[rosmaster.master][INFO] 2025-12-04 21:54:32,131: +PARAM [/gazebo/gravity_x] by /gazebo
[rosmaster.master][INFO] 2025-12-04 21:54:32,132: +PARAM [/gazebo/gravity_y] by /gazebo
[rosmaster.master][INFO] 2025-12-04 21:54:32,132: +PARAM [/gazebo/gravity_z] by /gazebo
[rosmaster.master][INFO] 2025-12-04 21:54:32,133: +PARAM [/gazebo/auto_disable_bodies] by /gazebo
[rosmaster.master][INFO] 2025-12-04 21:54:32,134: +PARAM [/gazebo/sor_pgs_precon_iters] by /gazebo
[rosmaster.master][INFO] 2025-12-04 21:54:32,134: +PARAM [/gazebo/sor_pgs_iters] by /gazebo
[rosmaster.master][INFO] 2025-12-04 21:54:32,135: +PARAM [/gazebo/sor_pgs_w] by /gazebo
[rosmaster.master][INFO] 2025-12-04 21:54:32,135: +PARAM [/gazebo/sor_pgs_rms_error_tol] by /gazebo
[rosmaster.master][INFO] 2025-12-04 21:54:32,136: publisherUpdate[/clock] -> http://127.0.0.1:34099/ ['http://127.0.0.1:46517/']: sec=0.05, result=[1, '', 0]
[rosmaster.master][INFO] 2025-12-04 21:54:32,136: +PARAM [/gazebo/cfm] by /gazebo
[rosmaster.master][INFO] 2025-12-04 21:54:32,136: publisherUpdate[/clock] -> http://127.0.0.1:40329/ ['http://127.0.0.1:46517/']
[rosmaster.master][INFO] 2025-12-04 21:54:32,138: +PARAM [/gazebo/erp] by /gazebo
[rosmaster.master][INFO] 2025-12-04 21:54:32,139: publisherUpdate[/clock] -> http://127.0.0.1:40329/ ['http://127.0.0.1:46517/']: sec=0.00, result=[1, '', 0]
[rosmaster.master][INFO] 2025-12-04 21:54:32,140: publisherUpdate[/clock] -> http://127.0.0.1:35099/ ['http://127.0.0.1:46517/']
[rosmaster.master][INFO] 2025-12-04 21:54:32,140: +PARAM [/gazebo/contact_surface_layer] by /gazebo
[rosmaster.master][INFO] 2025-12-04 21:54:32,141: publisherUpdate[/clock] -> http://127.0.0.1:35099/ ['http://127.0.0.1:46517/']: sec=0.00, result=[1, '', 0]
[rosmaster.master][INFO] 2025-12-04 21:54:32,142: publisherUpdate[/clock] -> http://127.0.0.1:39587/ ['http://127.0.0.1:46517/']
[rosmaster.master][INFO] 2025-12-04 21:54:32,142: +PARAM [/gazebo/contact_max_correcting_vel] by /gazebo
[rosmaster.master][INFO] 2025-12-04 21:54:32,144: +PARAM [/gazebo/max_contacts] by /gazebo
[rosmaster.master][INFO] 2025-12-04 21:54:32,159: publisherUpdate[/clock] -> http://127.0.0.1:34537/ ['http://127.0.0.1:46517/']: sec=0.06, result=[1, '', 0]
[rosmaster.master][INFO] 2025-12-04 21:54:32,159: publisherUpdate[/clock] -> http://127.0.0.1:38211/ ['http://127.0.0.1:46517/']
[rosmaster.master][INFO] 2025-12-04 21:54:32,187: publisherUpdate[/clock] -> http://127.0.0.1:33721/ ['http://127.0.0.1:46517/']: sec=0.08, result=[1, '', 0]
[rosmaster.master][INFO] 2025-12-04 21:54:32,188: publisherUpdate[/clock] -> http://127.0.0.1:41753/ ['http://127.0.0.1:46517/']
[rosmaster.master][INFO] 2025-12-04 21:54:32,207: publisherUpdate[/clock] -> http://127.0.0.1:39587/ ['http://127.0.0.1:46517/']: sec=0.07, result=[1, '', 0]
[rosmaster.master][INFO] 2025-12-04 21:54:32,207: publisherUpdate[/clock] -> http://127.0.0.1:43465/ ['http://127.0.0.1:46517/']
[rosmaster.master][INFO] 2025-12-04 21:54:32,209: publisherUpdate[/clock] -> http://127.0.0.1:43465/ ['http://127.0.0.1:46517/']: sec=0.00, result=[1, '', 0]
[rosmaster.master][INFO] 2025-12-04 21:54:32,209: publisherUpdate[/clock] -> http://127.0.0.1:34465/ ['http://127.0.0.1:46517/']
[rosmaster.master][INFO] 2025-12-04 21:54:32,229: +CACHEDPARAM [/rosout_disable_topics_generation] by /spawn_model
[rosmaster.master][INFO] 2025-12-04 21:54:32,230: publisherUpdate[/clock] -> http://127.0.0.1:38211/ ['http://127.0.0.1:46517/']: sec=0.07, result=[1, '', 0]
[rosmaster.master][INFO] 2025-12-04 21:54:32,231: publisherUpdate[/clock] -> http://127.0.0.1:39263/ ['http://127.0.0.1:46517/']
[rosmaster.master][INFO] 2025-12-04 21:54:32,233: publisherUpdate[/clock] -> http://127.0.0.1:39263/ ['http://127.0.0.1:46517/']: sec=0.00, result=[1, '', 0]
[rosmaster.master][INFO] 2025-12-04 21:54:32,233: publisherUpdate[/clock] -> http://127.0.0.1:36043/ ['http://127.0.0.1:46517/']
[rosmaster.master][INFO] 2025-12-04 21:54:32,236: publisherUpdate[/clock] -> http://127.0.0.1:36043/ ['http://127.0.0.1:46517/']: sec=0.00, result=[1, '', 0]
[rosmaster.master][INFO] 2025-12-04 21:54:32,237: publisherUpdate[/clock] -> http://127.0.0.1:35305/ ['http://127.0.0.1:46517/']
[rosmaster.master][INFO] 2025-12-04 21:54:32,245: publisherUpdate[/clock] -> http://127.0.0.1:41753/ ['http://127.0.0.1:46517/']: sec=0.06, result=[1, '', 0]
[rosmaster.master][INFO] 2025-12-04 21:54:32,245: publisherUpdate[/clock] -> http://127.0.0.1:37317/ ['http://127.0.0.1:46517/']
[rosmaster.master][INFO] 2025-12-04 21:54:32,248: publisherUpdate[/clock] -> http://127.0.0.1:37317/ ['http://127.0.0.1:46517/']: sec=0.00, result=[1, '', 0]
[rosmaster.master][INFO] 2025-12-04 21:54:32,248: publisherUpdate[/clock] -> http://127.0.0.1:34199/ ['http://127.0.0.1:46517/']
[rosmaster.master][INFO] 2025-12-04 21:54:32,251: +CACHEDPARAM [/rosout_disable_topics_generation] by /spawn_model
[rosmaster.master][INFO] 2025-12-04 21:54:32,253: -SUB [/clock] /spawn_model http://127.0.0.1:43465/
[rosmaster.master][INFO] 2025-12-04 21:54:32,254: -PUB [/rosout] /spawn_model http://127.0.0.1:43465/
[rosmaster.master][INFO] 2025-12-04 21:54:32,254: -SERVICE [/spawn_model/get_loggers] /spawn_model rosrpc://127.0.0.1:42297
[rosmaster.master][INFO] 2025-12-04 21:54:32,254: -SERVICE [/spawn_model/set_logger_level] /spawn_model rosrpc://127.0.0.1:42297
[rosmaster.master][INFO] 2025-12-04 21:54:32,272: publisherUpdate[/clock] -> http://127.0.0.1:34199/ ['http://127.0.0.1:46517/']: sec=0.02, result=[1, '', 0]
[rosmaster.master][INFO] 2025-12-04 21:54:32,272: publisherUpdate[/clock] -> http://127.0.0.1:43457/ ['http://127.0.0.1:46517/']
[rosmaster.master][INFO] 2025-12-04 21:54:32,273: publisherUpdate[/clock] -> http://127.0.0.1:34465/ ['http://127.0.0.1:46517/']: sec=0.06, result=[1, '', 0]
[rosmaster.master][INFO] 2025-12-04 21:54:32,273: publisherUpdate[/clock] -> http://127.0.0.1:46517/ ['http://127.0.0.1:46517/']
[rosmaster.master][INFO] 2025-12-04 21:54:32,274: publisherUpdate[/clock] -> http://127.0.0.1:43457/ ['http://127.0.0.1:46517/']: sec=0.00, result=[1, '', 0]
[rosmaster.master][INFO] 2025-12-04 21:54:32,274: publisherUpdate[/clock] -> http://127.0.0.1:43091/ ['http://127.0.0.1:46517/']
[rosmaster.master][INFO] 2025-12-04 21:54:32,276: publisherUpdate[/clock] -> http://127.0.0.1:43091/ ['http://127.0.0.1:46517/']: sec=0.00, result=[1, '', 0]
[rosmaster.master][INFO] 2025-12-04 21:54:32,276: publisherUpdate[/clock] -> http://127.0.0.1:39507/ ['http://127.0.0.1:46517/']
[rosmaster.master][INFO] 2025-12-04 21:54:32,299: publisherUpdate[/clock] -> http://127.0.0.1:35305/ ['http://127.0.0.1:46517/']: sec=0.06, result=[1, '', 0]
[rosmaster.master][INFO] 2025-12-04 21:54:32,299: publisherUpdate[/clock] -> http://127.0.0.1:41027/ ['http://127.0.0.1:46517/']
[rosmaster.master][INFO] 2025-12-04 21:54:32,300: publisherUpdate[/clock] -> http://127.0.0.1:39507/ ['http://127.0.0.1:46517/']: sec=0.02, result=[1, '', 0]
[rosmaster.master][INFO] 2025-12-04 21:54:32,300: publisherUpdate[/clock] -> http://127.0.0.1:38885/ ['http://127.0.0.1:46517/']
[rosmaster.master][INFO] 2025-12-04 21:54:32,302: publisherUpdate[/clock] -> http://127.0.0.1:41027/ ['http://127.0.0.1:46517/']: sec=0.00, result=[1, '', 0]
[rosmaster.master][INFO] 2025-12-04 21:54:32,302: publisherUpdate[/rosout] -> http://127.0.0.1:37845/ ['http://127.0.0.1:34099/', 'http://127.0.0.1:34537/', 'http://127.0.0.1:33721/', 'http://127.0.0.1:40329/', 'http://127.0.0.1:35099/', 'http://127.0.0.1:39587/', 'http://127.0.0.1:38211/', 'http://127.0.0.1:41753/', 'http://127.0.0.1:34465/', 'http://127.0.0.1:39263/', 'http://127.0.0.1:36043/', 'http://127.0.0.1:35305/', 'http://127.0.0.1:37317/', 'http://127.0.0.1:34199/', 'http://127.0.0.1:43457/', 'http://127.0.0.1:46517/', 'http://127.0.0.1:43091/', 'http://127.0.0.1:39507/', 'http://127.0.0.1:41027/', 'http://127.0.0.1:38885/']
[rosmaster.master][INFO] 2025-12-04 21:54:32,303: publisherUpdate[/clock] -> http://127.0.0.1:38885/ ['http://127.0.0.1:46517/']: sec=0.00, result=[1, '', 0]
[rosmaster.master][INFO] 2025-12-04 21:54:32,304: publisherUpdate[/rosout] -> http://127.0.0.1:37845/ ['http://127.0.0.1:34099/', 'http://127.0.0.1:34537/', 'http://127.0.0.1:33721/', 'http://127.0.0.1:40329/', 'http://127.0.0.1:35099/', 'http://127.0.0.1:39587/', 'http://127.0.0.1:38211/', 'http://127.0.0.1:41753/', 'http://127.0.0.1:34465/', 'http://127.0.0.1:39263/', 'http://127.0.0.1:36043/', 'http://127.0.0.1:35305/', 'http://127.0.0.1:37317/', 'http://127.0.0.1:34199/', 'http://127.0.0.1:43457/', 'http://127.0.0.1:46517/', 'http://127.0.0.1:43091/', 'http://127.0.0.1:39507/', 'http://127.0.0.1:41027/', 'http://127.0.0.1:38885/']: sec=0.00, result=[1, '', 0]
[rosmaster.master][ERROR] 2025-12-04 21:54:32,995: Traceback (most recent call last):
  File "/opt/ros/noetic/lib/python3/dist-packages/rosmaster/master_api.py", line 177, in validated_f
    code, msg, val = f(*newArgs, **kwds)
  File "/opt/ros/noetic/lib/python3/dist-packages/rosmaster/master_api.py", line 435, in searchParam
    search_key = self.param_server.search_param(caller_id, key)
  File "/opt/ros/noetic/lib/python3/dist-packages/rosmaster/paramserver.py", line 116, in search_param
    raise ValueError("namespace must be global")
ValueError: namespace must be global

[rosmaster.master][INFO] 2025-12-04 21:54:32,996: +PUB [/scan_front_raw] /gazebo http://127.0.0.1:46517/
[rosmaster.master][ERROR] 2025-12-04 21:54:32,997: Traceback (most recent call last):
  File "/opt/ros/noetic/lib/python3/dist-packages/rosmaster/master_api.py", line 177, in validated_f
    code, msg, val = f(*newArgs, **kwds)
  File "/opt/ros/noetic/lib/python3/dist-packages/rosmaster/master_api.py", line 435, in searchParam
    search_key = self.param_server.search_param(caller_id, key)
  File "/opt/ros/noetic/lib/python3/dist-packages/rosmaster/paramserver.py", line 116, in search_param
    raise ValueError("namespace must be global")
ValueError: namespace must be global

[rosmaster.master][INFO] 2025-12-04 21:54:32,998: +PUB [/scan_rear_raw] /gazebo http://127.0.0.1:46517/
[rosmaster.master][INFO] 2025-12-04 21:54:33,040: +SERVICE [/xtion/set_camera_info] /gazebo http://127.0.0.1:46517/
[rosmaster.master][INFO] 2025-12-04 21:54:33,046: +SERVICE [/xtion/set_parameters] /gazebo http://127.0.0.1:46517/
[rosmaster.master][INFO] 2025-12-04 21:54:33,048: +PUB [/xtion/parameter_descriptions] /gazebo http://127.0.0.1:46517/
[rosmaster.master][INFO] 2025-12-04 21:54:33,049: +PUB [/xtion/parameter_updates] /gazebo http://127.0.0.1:46517/
[rosmaster.master][INFO] 2025-12-04 21:54:33,051: +PARAM [/xtion/imager_rate] by /gazebo
[rosmaster.master][INFO] 2025-12-04 21:54:33,052: +PARAM [/xtion/imager_rate] by /gazebo
[rosmaster.master][INFO] 2025-12-04 21:54:33,122: +PUB [/xtion/rgb/image_raw/compressedDepth] /gazebo http://127.0.0.1:46517/
[rosmaster.master][INFO] 2025-12-04 21:54:33,122: +SERVICE [/xtion/rgb/image_raw/compressedDepth/set_parameters] /gazebo http://127.0.0.1:46517/
[rosmaster.master][INFO] 2025-12-04 21:54:33,123: +PUB [/xtion/rgb/image_raw/compressedDepth/parameter_descriptions] /gazebo http://127.0.0.1:46517/
[rosmaster.master][INFO] 2025-12-04 21:54:33,124: +PUB [/xtion/rgb/image_raw/compressedDepth/parameter_updates] /gazebo http://127.0.0.1:46517/
[rosmaster.master][INFO] 2025-12-04 21:54:33,126: +PARAM [/xtion/rgb/image_raw/compressedDepth/format] by /gazebo
[rosmaster.master][INFO] 2025-12-04 21:54:33,127: +PARAM [/xtion/rgb/image_raw/compressedDepth/depth_max] by /gazebo
[rosmaster.master][INFO] 2025-12-04 21:54:33,127: +PARAM [/xtion/rgb/image_raw/compressedDepth/depth_quantization] by /gazebo
[rosmaster.master][INFO] 2025-12-04 21:54:33,128: +PARAM [/xtion/rgb/image_raw/compressedDepth/png_level] by /gazebo
[rosmaster.master][INFO] 2025-12-04 21:54:33,129: +PARAM [/xtion/rgb/image_raw/compressedDepth/format] by /gazebo
[rosmaster.master][INFO] 2025-12-04 21:54:33,129: +PARAM [/xtion/rgb/image_raw/compressedDepth/depth_max] by /gazebo
[rosmaster.master][INFO] 2025-12-04 21:54:33,130: +PARAM [/xtion/rgb/image_raw/compressedDepth/depth_quantization] by /gazebo
[rosmaster.master][INFO] 2025-12-04 21:54:33,130: +PARAM [/xtion/rgb/image_raw/compressedDepth/png_level] by /gazebo
[rosmaster.master][INFO] 2025-12-04 21:54:33,135: +PUB [/xtion/rgb/image_raw/compressed] /gazebo http://127.0.0.1:46517/
[rosmaster.master][INFO] 2025-12-04 21:54:33,136: +SERVICE [/xtion/rgb/image_raw/compressed/set_parameters] /gazebo http://127.0.0.1:46517/
[rosmaster.master][INFO] 2025-12-04 21:54:33,136: +PUB [/xtion/rgb/image_raw/compressed/parameter_descriptions] /gazebo http://127.0.0.1:46517/
[rosmaster.master][INFO] 2025-12-04 21:54:33,137: +PUB [/xtion/rgb/image_raw/compressed/parameter_updates] /gazebo http://127.0.0.1:46517/
[rosmaster.master][INFO] 2025-12-04 21:54:33,139: +PARAM [/xtion/rgb/image_raw/compressed/format] by /gazebo
[rosmaster.master][INFO] 2025-12-04 21:54:33,140: +PARAM [/xtion/rgb/image_raw/compressed/jpeg_quality] by /gazebo
[rosmaster.master][INFO] 2025-12-04 21:54:33,141: +PARAM [/xtion/rgb/image_raw/compressed/jpeg_progressive] by /gazebo
[rosmaster.master][INFO] 2025-12-04 21:54:33,141: +PARAM [/xtion/rgb/image_raw/compressed/jpeg_optimize] by /gazebo
[rosmaster.master][INFO] 2025-12-04 21:54:33,141: +PARAM [/xtion/rgb/image_raw/compressed/jpeg_restart_interval] by /gazebo
[rosmaster.master][INFO] 2025-12-04 21:54:33,142: +PARAM [/xtion/rgb/image_raw/compressed/png_level] by /gazebo
[rosmaster.master][INFO] 2025-12-04 21:54:33,142: +PARAM [/xtion/rgb/image_raw/compressed/format] by /gazebo
[rosmaster.master][INFO] 2025-12-04 21:54:33,143: +PARAM [/xtion/rgb/image_raw/compressed/jpeg_quality] by /gazebo
[rosmaster.master][INFO] 2025-12-04 21:54:33,143: +PARAM [/xtion/rgb/image_raw/compressed/jpeg_progressive] by /gazebo
[rosmaster.master][INFO] 2025-12-04 21:54:33,144: +PARAM [/xtion/rgb/image_raw/compressed/jpeg_optimize] by /gazebo
[rosmaster.master][INFO] 2025-12-04 21:54:33,144: +PARAM [/xtion/rgb/image_raw/compressed/jpeg_restart_interval] by /gazebo
[rosmaster.master][INFO] 2025-12-04 21:54:33,144: +PARAM [/xtion/rgb/image_raw/compressed/png_level] by /gazebo
[rosmaster.master][INFO] 2025-12-04 21:54:33,149: +PUB [/xtion/rgb/image_raw] /gazebo http://127.0.0.1:46517/
[rosmaster.master][INFO] 2025-12-04 21:54:33,155: +PUB [/xtion/rgb/image_raw/theora] /gazebo http://127.0.0.1:46517/
[rosmaster.master][INFO] 2025-12-04 21:54:33,156: +SERVICE [/xtion/rgb/image_raw/theora/set_parameters] /gazebo http://127.0.0.1:46517/
[rosmaster.master][INFO] 2025-12-04 21:54:33,156: +PUB [/xtion/rgb/image_raw/theora/parameter_descriptions] /gazebo http://127.0.0.1:46517/
[rosmaster.master][INFO] 2025-12-04 21:54:33,157: +PUB [/xtion/rgb/image_raw/theora/parameter_updates] /gazebo http://127.0.0.1:46517/
[rosmaster.master][INFO] 2025-12-04 21:54:33,159: +PARAM [/xtion/rgb/image_raw/theora/optimize_for] by /gazebo
[rosmaster.master][INFO] 2025-12-04 21:54:33,159: +PARAM [/xtion/rgb/image_raw/theora/target_bitrate] by /gazebo
[rosmaster.master][INFO] 2025-12-04 21:54:33,160: +PARAM [/xtion/rgb/image_raw/theora/quality] by /gazebo
[rosmaster.master][INFO] 2025-12-04 21:54:33,160: +PARAM [/xtion/rgb/image_raw/theora/keyframe_frequency] by /gazebo
[rosmaster.master][INFO] 2025-12-04 21:54:33,160: +PARAM [/xtion/rgb/image_raw/theora/optimize_for] by /gazebo
[rosmaster.master][INFO] 2025-12-04 21:54:33,161: +PARAM [/xtion/rgb/image_raw/theora/target_bitrate] by /gazebo
[rosmaster.master][INFO] 2025-12-04 21:54:33,161: +PARAM [/xtion/rgb/image_raw/theora/quality] by /gazebo
[rosmaster.master][INFO] 2025-12-04 21:54:33,162: +PARAM [/xtion/rgb/image_raw/theora/keyframe_frequency] by /gazebo
[rosmaster.master][INFO] 2025-12-04 21:54:33,162: +PUB [/xtion/rgb/camera_info] /gazebo http://127.0.0.1:46517/
[rosmaster.master][INFO] 2025-12-04 21:54:33,163: +PUB [/xtion/depth_registered/points] /gazebo http://127.0.0.1:46517/
[rosmaster.master][INFO] 2025-12-04 21:54:33,164: +PUB [/xtion/depth_registered/image_raw] /gazebo http://127.0.0.1:46517/
[rosmaster.master][INFO] 2025-12-04 21:54:33,164: +PUB [/xtion/depth_registered/camera_info] /gazebo http://127.0.0.1:46517/
[rosmaster.master][INFO] 2025-12-04 21:54:33,200: +SERVICE [/gains/torso_lift_joint/set_parameters] /gazebo http://127.0.0.1:46517/
[rosmaster.master][INFO] 2025-12-04 21:54:33,201: +PUB [/gains/torso_lift_joint/parameter_descriptions] /gazebo http://127.0.0.1:46517/
[rosmaster.master][INFO] 2025-12-04 21:54:33,202: +PUB [/gains/torso_lift_joint/parameter_updates] /gazebo http://127.0.0.1:46517/
[rosmaster.master][INFO] 2025-12-04 21:54:33,204: +PARAM [/gains/torso_lift_joint/p] by /gazebo
[rosmaster.master][INFO] 2025-12-04 21:54:33,204: +PARAM [/gains/torso_lift_joint/i] by /gazebo
[rosmaster.master][INFO] 2025-12-04 21:54:33,205: +PARAM [/gains/torso_lift_joint/d] by /gazebo
[rosmaster.master][INFO] 2025-12-04 21:54:33,205: +PARAM [/gains/torso_lift_joint/i_clamp_min] by /gazebo
[rosmaster.master][INFO] 2025-12-04 21:54:33,205: +PARAM [/gains/torso_lift_joint/i_clamp_max] by /gazebo
[rosmaster.master][INFO] 2025-12-04 21:54:33,206: publisherUpdate[/xtion/rgb/image_raw] -> http://127.0.0.1:41753/ ['http://127.0.0.1:46517/']
[rosmaster.master][INFO] 2025-12-04 21:54:33,206: +PARAM [/gains/torso_lift_joint/antiwindup] by /gazebo
[rosmaster.master][INFO] 2025-12-04 21:54:33,207: +PARAM [/gains/torso_lift_joint/p] by /gazebo
[rosmaster.master][INFO] 2025-12-04 21:54:33,208: +PARAM [/gains/torso_lift_joint/i] by /gazebo
[rosmaster.master][INFO] 2025-12-04 21:54:33,208: +PARAM [/gains/torso_lift_joint/d] by /gazebo
[rosmaster.master][INFO] 2025-12-04 21:54:33,209: +PARAM [/gains/torso_lift_joint/i_clamp_min] by /gazebo
[rosmaster.master][INFO] 2025-12-04 21:54:33,209: +PARAM [/gains/torso_lift_joint/i_clamp_max] by /gazebo
[rosmaster.master][INFO] 2025-12-04 21:54:33,210: +PARAM [/gains/torso_lift_joint/antiwindup] by /gazebo
[rosmaster.master][INFO] 2025-12-04 21:54:33,211: +PARAM [/gains/torso_lift_joint/p] by /gazebo
[rosmaster.master][INFO] 2025-12-04 21:54:33,211: +PARAM [/gains/torso_lift_joint/i] by /gazebo
[rosmaster.master][INFO] 2025-12-04 21:54:33,212: +PARAM [/gains/torso_lift_joint/d] by /gazebo
[rosmaster.master][INFO] 2025-12-04 21:54:33,213: +PARAM [/gains/torso_lift_joint/i_clamp_min] by /gazebo
[rosmaster.master][INFO] 2025-12-04 21:54:33,213: +PARAM [/gains/torso_lift_joint/i_clamp_max] by /gazebo
[rosmaster.master][INFO] 2025-12-04 21:54:33,214: +PARAM [/gains/torso_lift_joint/antiwindup] by /gazebo
[rosmaster.master][INFO] 2025-12-04 21:54:33,214: +PARAM [/gains/torso_lift_joint/p] by /gazebo
[rosmaster.master][INFO] 2025-12-04 21:54:33,215: +PARAM [/gains/torso_lift_joint/i] by /gazebo
[rosmaster.master][INFO] 2025-12-04 21:54:33,216: +PARAM [/gains/torso_lift_joint/d] by /gazebo
[rosmaster.master][INFO] 2025-12-04 21:54:33,217: +PARAM [/gains/torso_lift_joint/i_clamp_min] by /gazebo
[rosmaster.master][INFO] 2025-12-04 21:54:33,217: +PARAM [/gains/torso_lift_joint/i_clamp_max] by /gazebo
[rosmaster.master][INFO] 2025-12-04 21:54:33,218: +PARAM [/gains/torso_lift_joint/antiwindup] by /gazebo
[rosmaster.master][INFO] 2025-12-04 21:54:33,223: +SERVICE [/gains/head_1_joint/set_parameters] /gazebo http://127.0.0.1:46517/
[rosmaster.master][INFO] 2025-12-04 21:54:33,223: +PUB [/gains/head_1_joint/parameter_descriptions] /gazebo http://127.0.0.1:46517/
[rosmaster.master][INFO] 2025-12-04 21:54:33,224: +PUB [/gains/head_1_joint/parameter_updates] /gazebo http://127.0.0.1:46517/
[rosmaster.master][INFO] 2025-12-04 21:54:33,226: +PARAM [/gains/head_1_joint/p] by /gazebo
[rosmaster.master][INFO] 2025-12-04 21:54:33,226: +PARAM [/gains/head_1_joint/i] by /gazebo
[rosmaster.master][INFO] 2025-12-04 21:54:33,227: +PARAM [/gains/head_1_joint/d] by /gazebo
[rosmaster.master][INFO] 2025-12-04 21:54:33,228: +PARAM [/gains/head_1_joint/i_clamp_min] by /gazebo
[rosmaster.master][INFO] 2025-12-04 21:54:33,228: +PARAM [/gains/head_1_joint/i_clamp_max] by /gazebo
[rosmaster.master][INFO] 2025-12-04 21:54:33,229: +PARAM [/gains/head_1_joint/antiwindup] by /gazebo
[rosmaster.master][INFO] 2025-12-04 21:54:33,230: +PARAM [/gains/head_1_joint/p] by /gazebo
[rosmaster.master][INFO] 2025-12-04 21:54:33,231: +PARAM [/gains/head_1_joint/i] by /gazebo
[rosmaster.master][INFO] 2025-12-04 21:54:33,232: +PARAM [/gains/head_1_joint/d] by /gazebo
[rosmaster.master][INFO] 2025-12-04 21:54:33,232: +PARAM [/gains/head_1_joint/i_clamp_min] by /gazebo
[rosmaster.master][INFO] 2025-12-04 21:54:33,233: +PARAM [/gains/head_1_joint/i_clamp_max] by /gazebo
[rosmaster.master][INFO] 2025-12-04 21:54:33,233: +PARAM [/gains/head_1_joint/antiwindup] by /gazebo
[rosmaster.master][INFO] 2025-12-04 21:54:33,234: +PARAM [/gains/head_1_joint/p] by /gazebo
[rosmaster.master][INFO] 2025-12-04 21:54:33,234: +PARAM [/gains/head_1_joint/i] by /gazebo
[rosmaster.master][INFO] 2025-12-04 21:54:33,234: +PARAM [/gains/head_1_joint/d] by /gazebo
[rosmaster.master][INFO] 2025-12-04 21:54:33,235: +PARAM [/gains/head_1_joint/i_clamp_min] by /gazebo
[rosmaster.master][INFO] 2025-12-04 21:54:33,235: +PARAM [/gains/head_1_joint/i_clamp_max] by /gazebo
[rosmaster.master][INFO] 2025-12-04 21:54:33,236: +PARAM [/gains/head_1_joint/antiwindup] by /gazebo
[rosmaster.master][INFO] 2025-12-04 21:54:33,236: +PARAM [/gains/head_1_joint/p] by /gazebo
[rosmaster.master][INFO] 2025-12-04 21:54:33,237: +PARAM [/gains/head_1_joint/i] by /gazebo
[rosmaster.master][INFO] 2025-12-04 21:54:33,237: +PARAM [/gains/head_1_joint/d] by /gazebo
[rosmaster.master][INFO] 2025-12-04 21:54:33,238: +PARAM [/gains/head_1_joint/i_clamp_min] by /gazebo
[rosmaster.master][INFO] 2025-12-04 21:54:33,239: +PARAM [/gains/head_1_joint/i_clamp_max] by /gazebo
[rosmaster.master][INFO] 2025-12-04 21:54:33,240: +PARAM [/gains/head_1_joint/antiwindup] by /gazebo
[rosmaster.master][INFO] 2025-12-04 21:54:33,244: +SERVICE [/gains/head_2_joint/set_parameters] /gazebo http://127.0.0.1:46517/
[rosmaster.master][INFO] 2025-12-04 21:54:33,244: +PUB [/gains/head_2_joint/parameter_descriptions] /gazebo http://127.0.0.1:46517/
[rosmaster.master][INFO] 2025-12-04 21:54:33,245: +PUB [/gains/head_2_joint/parameter_updates] /gazebo http://127.0.0.1:46517/
[rosmaster.master][INFO] 2025-12-04 21:54:33,247: +PARAM [/gains/head_2_joint/p] by /gazebo
[rosmaster.master][INFO] 2025-12-04 21:54:33,247: +PARAM [/gains/head_2_joint/i] by /gazebo
[rosmaster.master][INFO] 2025-12-04 21:54:33,248: +PARAM [/gains/head_2_joint/d] by /gazebo
[rosmaster.master][INFO] 2025-12-04 21:54:33,248: +PARAM [/gains/head_2_joint/i_clamp_min] by /gazebo
[rosmaster.master][INFO] 2025-12-04 21:54:33,248: +PARAM [/gains/head_2_joint/i_clamp_max] by /gazebo
[rosmaster.master][INFO] 2025-12-04 21:54:33,249: +PARAM [/gains/head_2_joint/antiwindup] by /gazebo
[rosmaster.master][INFO] 2025-12-04 21:54:33,249: +PARAM [/gains/head_2_joint/p] by /gazebo
[rosmaster.master][INFO] 2025-12-04 21:54:33,250: +PARAM [/gains/head_2_joint/i] by /gazebo
[rosmaster.master][INFO] 2025-12-04 21:54:33,250: +PARAM [/gains/head_2_joint/d] by /gazebo
[rosmaster.master][INFO] 2025-12-04 21:54:33,251: +PARAM [/gains/head_2_joint/i_clamp_min] by /gazebo
[rosmaster.master][INFO] 2025-12-04 21:54:33,251: +PARAM [/gains/head_2_joint/i_clamp_max] by /gazebo
[rosmaster.master][INFO] 2025-12-04 21:54:33,252: +PARAM [/gains/head_2_joint/antiwindup] by /gazebo
[rosmaster.master][INFO] 2025-12-04 21:54:33,253: +PARAM [/gains/head_2_joint/p] by /gazebo
[rosmaster.master][INFO] 2025-12-04 21:54:33,253: +PARAM [/gains/head_2_joint/i] by /gazebo
[rosmaster.master][INFO] 2025-12-04 21:54:33,254: +PARAM [/gains/head_2_joint/d] by /gazebo
[rosmaster.master][INFO] 2025-12-04 21:54:33,254: +PARAM [/gains/head_2_joint/i_clamp_min] by /gazebo
[rosmaster.master][INFO] 2025-12-04 21:54:33,255: +PARAM [/gains/head_2_joint/i_clamp_max] by /gazebo
[rosmaster.master][INFO] 2025-12-04 21:54:33,255: +PARAM [/gains/head_2_joint/antiwindup] by /gazebo
[rosmaster.master][INFO] 2025-12-04 21:54:33,256: +PARAM [/gains/head_2_joint/p] by /gazebo
[rosmaster.master][INFO] 2025-12-04 21:54:33,256: +PARAM [/gains/head_2_joint/i] by /gazebo
[rosmaster.master][INFO] 2025-12-04 21:54:33,256: +PARAM [/gains/head_2_joint/d] by /gazebo
[rosmaster.master][INFO] 2025-12-04 21:54:33,257: +PARAM [/gains/head_2_joint/i_clamp_min] by /gazebo
[rosmaster.master][INFO] 2025-12-04 21:54:33,257: +PARAM [/gains/head_2_joint/i_clamp_max] by /gazebo
[rosmaster.master][INFO] 2025-12-04 21:54:33,258: +PARAM [/gains/head_2_joint/antiwindup] by /gazebo
[rosmaster.master][INFO] 2025-12-04 21:54:33,261: +SERVICE [/gains/arm_5_joint/set_parameters] /gazebo http://127.0.0.1:46517/
[rosmaster.master][INFO] 2025-12-04 21:54:33,261: +PUB [/gains/arm_5_joint/parameter_descriptions] /gazebo http://127.0.0.1:46517/
[rosmaster.master][INFO] 2025-12-04 21:54:33,262: +PUB [/gains/arm_5_joint/parameter_updates] /gazebo http://127.0.0.1:46517/
[rosmaster.master][INFO] 2025-12-04 21:54:33,264: +PARAM [/gains/arm_5_joint/p] by /gazebo
[rosmaster.master][INFO] 2025-12-04 21:54:33,265: +PARAM [/gains/arm_5_joint/i] by /gazebo
[rosmaster.master][INFO] 2025-12-04 21:54:33,266: +PARAM [/gains/arm_5_joint/d] by /gazebo
[rosmaster.master][INFO] 2025-12-04 21:54:33,266: publisherUpdate[/xtion/rgb/image_raw] -> http://127.0.0.1:41753/ ['http://127.0.0.1:46517/']: sec=0.06, result=[1, '', 0]
[rosmaster.master][INFO] 2025-12-04 21:54:33,267: +PARAM [/gains/arm_5_joint/i_clamp_min] by /gazebo
[rosmaster.master][INFO] 2025-12-04 21:54:33,267: +PARAM [/gains/arm_5_joint/i_clamp_max] by /gazebo
[rosmaster.master][INFO] 2025-12-04 21:54:33,268: +PARAM [/gains/arm_5_joint/antiwindup] by /gazebo
[rosmaster.master][INFO] 2025-12-04 21:54:33,268: +PARAM [/gains/arm_5_joint/p] by /gazebo
[rosmaster.master][INFO] 2025-12-04 21:54:33,269: +PARAM [/gains/arm_5_joint/i] by /gazebo
[rosmaster.master][INFO] 2025-12-04 21:54:33,269: +PARAM [/gains/arm_5_joint/d] by /gazebo
[rosmaster.master][INFO] 2025-12-04 21:54:33,270: +PARAM [/gains/arm_5_joint/i_clamp_min] by /gazebo
[rosmaster.master][INFO] 2025-12-04 21:54:33,270: +PARAM [/gains/arm_5_joint/i_clamp_max] by /gazebo
[rosmaster.master][INFO] 2025-12-04 21:54:33,271: +PARAM [/gains/arm_5_joint/antiwindup] by /gazebo
[rosmaster.master][INFO] 2025-12-04 21:54:33,271: +PARAM [/gains/arm_5_joint/p] by /gazebo
[rosmaster.master][INFO] 2025-12-04 21:54:33,271: +PARAM [/gains/arm_5_joint/i] by /gazebo
[rosmaster.master][INFO] 2025-12-04 21:54:33,272: +PARAM [/gains/arm_5_joint/d] by /gazebo
[rosmaster.master][INFO] 2025-12-04 21:54:33,272: +PARAM [/gains/arm_5_joint/i_clamp_min] by /gazebo
[rosmaster.master][INFO] 2025-12-04 21:54:33,273: +PARAM [/gains/arm_5_joint/i_clamp_max] by /gazebo
[rosmaster.master][INFO] 2025-12-04 21:54:33,273: +PARAM [/gains/arm_5_joint/antiwindup] by /gazebo
[rosmaster.master][INFO] 2025-12-04 21:54:33,273: +PARAM [/gains/arm_5_joint/p] by /gazebo
[rosmaster.master][INFO] 2025-12-04 21:54:33,274: +PARAM [/gains/arm_5_joint/i] by /gazebo
[rosmaster.master][INFO] 2025-12-04 21:54:33,274: +PARAM [/gains/arm_5_joint/d] by /gazebo
[rosmaster.master][INFO] 2025-12-04 21:54:33,275: +PARAM [/gains/arm_5_joint/i_clamp_min] by /gazebo
[rosmaster.master][INFO] 2025-12-04 21:54:33,275: +PARAM [/gains/arm_5_joint/i_clamp_max] by /gazebo
[rosmaster.master][INFO] 2025-12-04 21:54:33,275: +PARAM [/gains/arm_5_joint/antiwindup] by /gazebo
[rosmaster.master][INFO] 2025-12-04 21:54:33,279: +SERVICE [/gains/arm_6_joint/set_parameters] /gazebo http://127.0.0.1:46517/
[rosmaster.master][INFO] 2025-12-04 21:54:33,280: +PUB [/gains/arm_6_joint/parameter_descriptions] /gazebo http://127.0.0.1:46517/
[rosmaster.master][INFO] 2025-12-04 21:54:33,280: +PUB [/gains/arm_6_joint/parameter_updates] /gazebo http://127.0.0.1:46517/
[rosmaster.master][INFO] 2025-12-04 21:54:33,282: +PARAM [/gains/arm_6_joint/p] by /gazebo
[rosmaster.master][INFO] 2025-12-04 21:54:33,283: +PARAM [/gains/arm_6_joint/i] by /gazebo
[rosmaster.master][INFO] 2025-12-04 21:54:33,283: +PARAM [/gains/arm_6_joint/d] by /gazebo
[rosmaster.master][INFO] 2025-12-04 21:54:33,284: +PARAM [/gains/arm_6_joint/i_clamp_min] by /gazebo
[rosmaster.master][INFO] 2025-12-04 21:54:33,284: +PARAM [/gains/arm_6_joint/i_clamp_max] by /gazebo
[rosmaster.master][INFO] 2025-12-04 21:54:33,284: +PARAM [/gains/arm_6_joint/antiwindup] by /gazebo
[rosmaster.master][INFO] 2025-12-04 21:54:33,285: +PARAM [/gains/arm_6_joint/p] by /gazebo
[rosmaster.master][INFO] 2025-12-04 21:54:33,285: +PARAM [/gains/arm_6_joint/i] by /gazebo
[rosmaster.master][INFO] 2025-12-04 21:54:33,286: +PARAM [/gains/arm_6_joint/d] by /gazebo
[rosmaster.master][INFO] 2025-12-04 21:54:33,286: +PARAM [/gains/arm_6_joint/i_clamp_min] by /gazebo
[rosmaster.master][INFO] 2025-12-04 21:54:33,286: +PARAM [/gains/arm_6_joint/i_clamp_max] by /gazebo
[rosmaster.master][INFO] 2025-12-04 21:54:33,287: +PARAM [/gains/arm_6_joint/antiwindup] by /gazebo
[rosmaster.master][INFO] 2025-12-04 21:54:33,287: +PARAM [/gains/arm_6_joint/p] by /gazebo
[rosmaster.master][INFO] 2025-12-04 21:54:33,287: +PARAM [/gains/arm_6_joint/i] by /gazebo
[rosmaster.master][INFO] 2025-12-04 21:54:33,288: +PARAM [/gains/arm_6_joint/d] by /gazebo
[rosmaster.master][INFO] 2025-12-04 21:54:33,288: +PARAM [/gains/arm_6_joint/i_clamp_min] by /gazebo
[rosmaster.master][INFO] 2025-12-04 21:54:33,289: +PARAM [/gains/arm_6_joint/i_clamp_max] by /gazebo
[rosmaster.master][INFO] 2025-12-04 21:54:33,289: +PARAM [/gains/arm_6_joint/antiwindup] by /gazebo
[rosmaster.master][INFO] 2025-12-04 21:54:33,289: +PARAM [/gains/arm_6_joint/p] by /gazebo
[rosmaster.master][INFO] 2025-12-04 21:54:33,290: +PARAM [/gains/arm_6_joint/i] by /gazebo
[rosmaster.master][INFO] 2025-12-04 21:54:33,291: +PARAM [/gains/arm_6_joint/d] by /gazebo
[rosmaster.master][INFO] 2025-12-04 21:54:33,291: +PARAM [/gains/arm_6_joint/i_clamp_min] by /gazebo
[rosmaster.master][INFO] 2025-12-04 21:54:33,292: +PARAM [/gains/arm_6_joint/i_clamp_max] by /gazebo
[rosmaster.master][INFO] 2025-12-04 21:54:33,292: +PARAM [/gains/arm_6_joint/antiwindup] by /gazebo
[rosmaster.master][INFO] 2025-12-04 21:54:33,296: +SERVICE [/gains/arm_7_joint/set_parameters] /gazebo http://127.0.0.1:46517/
[rosmaster.master][INFO] 2025-12-04 21:54:33,297: +PUB [/gains/arm_7_joint/parameter_descriptions] /gazebo http://127.0.0.1:46517/
[rosmaster.master][INFO] 2025-12-04 21:54:33,297: +PUB [/gains/arm_7_joint/parameter_updates] /gazebo http://127.0.0.1:46517/
[rosmaster.master][INFO] 2025-12-04 21:54:33,299: +PARAM [/gains/arm_7_joint/p] by /gazebo
[rosmaster.master][INFO] 2025-12-04 21:54:33,300: +PARAM [/gains/arm_7_joint/i] by /gazebo
[rosmaster.master][INFO] 2025-12-04 21:54:33,300: +PARAM [/gains/arm_7_joint/d] by /gazebo
[rosmaster.master][INFO] 2025-12-04 21:54:33,301: +PARAM [/gains/arm_7_joint/i_clamp_min] by /gazebo
[rosmaster.master][INFO] 2025-12-04 21:54:33,301: +PARAM [/gains/arm_7_joint/i_clamp_max] by /gazebo
[rosmaster.master][INFO] 2025-12-04 21:54:33,302: +PARAM [/gains/arm_7_joint/antiwindup] by /gazebo
[rosmaster.master][INFO] 2025-12-04 21:54:33,302: +PARAM [/gains/arm_7_joint/p] by /gazebo
[rosmaster.master][INFO] 2025-12-04 21:54:33,303: +PARAM [/gains/arm_7_joint/i] by /gazebo
[rosmaster.master][INFO] 2025-12-04 21:54:33,303: +PARAM [/gains/arm_7_joint/d] by /gazebo
[rosmaster.master][INFO] 2025-12-04 21:54:33,303: +PARAM [/gains/arm_7_joint/i_clamp_min] by /gazebo
[rosmaster.master][INFO] 2025-12-04 21:54:33,304: +PARAM [/gains/arm_7_joint/i_clamp_max] by /gazebo
[rosmaster.master][INFO] 2025-12-04 21:54:33,304: +PARAM [/gains/arm_7_joint/antiwindup] by /gazebo
[rosmaster.master][INFO] 2025-12-04 21:54:33,305: +PARAM [/gains/arm_7_joint/p] by /gazebo
[rosmaster.master][INFO] 2025-12-04 21:54:33,305: +PARAM [/gains/arm_7_joint/i] by /gazebo
[rosmaster.master][INFO] 2025-12-04 21:54:33,306: +PARAM [/gains/arm_7_joint/d] by /gazebo
[rosmaster.master][INFO] 2025-12-04 21:54:33,306: +PARAM [/gains/arm_7_joint/i_clamp_min] by /gazebo
[rosmaster.master][INFO] 2025-12-04 21:54:33,306: +PARAM [/gains/arm_7_joint/i_clamp_max] by /gazebo
[rosmaster.master][INFO] 2025-12-04 21:54:33,307: +PARAM [/gains/arm_7_joint/antiwindup] by /gazebo
[rosmaster.master][INFO] 2025-12-04 21:54:33,307: +PARAM [/gains/arm_7_joint/p] by /gazebo
[rosmaster.master][INFO] 2025-12-04 21:54:33,308: +PARAM [/gains/arm_7_joint/i] by /gazebo
[rosmaster.master][INFO] 2025-12-04 21:54:33,308: +PARAM [/gains/arm_7_joint/d] by /gazebo
[rosmaster.master][INFO] 2025-12-04 21:54:33,308: +PARAM [/gains/arm_7_joint/i_clamp_min] by /gazebo
[rosmaster.master][INFO] 2025-12-04 21:54:33,309: +PARAM [/gains/arm_7_joint/i_clamp_max] by /gazebo
[rosmaster.master][INFO] 2025-12-04 21:54:33,309: +PARAM [/gains/arm_7_joint/antiwindup] by /gazebo
[rosmaster.master][INFO] 2025-12-04 21:54:33,313: +SERVICE [/gains/arm_1_joint/set_parameters] /gazebo http://127.0.0.1:46517/
[rosmaster.master][INFO] 2025-12-04 21:54:33,313: +PUB [/gains/arm_1_joint/parameter_descriptions] /gazebo http://127.0.0.1:46517/
[rosmaster.master][INFO] 2025-12-04 21:54:33,314: +PUB [/gains/arm_1_joint/parameter_updates] /gazebo http://127.0.0.1:46517/
[rosmaster.master][INFO] 2025-12-04 21:54:33,316: +PARAM [/gains/arm_1_joint/p] by /gazebo
[rosmaster.master][INFO] 2025-12-04 21:54:33,316: +PARAM [/gains/arm_1_joint/i] by /gazebo
[rosmaster.master][INFO] 2025-12-04 21:54:33,316: +PARAM [/gains/arm_1_joint/d] by /gazebo
[rosmaster.master][INFO] 2025-12-04 21:54:33,317: +PARAM [/gains/arm_1_joint/i_clamp_min] by /gazebo
[rosmaster.master][INFO] 2025-12-04 21:54:33,318: +PARAM [/gains/arm_1_joint/i_clamp_max] by /gazebo
[rosmaster.master][INFO] 2025-12-04 21:54:33,319: +PARAM [/gains/arm_1_joint/antiwindup] by /gazebo
[rosmaster.master][INFO] 2025-12-04 21:54:33,319: +PARAM [/gains/arm_1_joint/p] by /gazebo
[rosmaster.master][INFO] 2025-12-04 21:54:33,320: +PARAM [/gains/arm_1_joint/i] by /gazebo
[rosmaster.master][INFO] 2025-12-04 21:54:33,320: +PARAM [/gains/arm_1_joint/d] by /gazebo
[rosmaster.master][INFO] 2025-12-04 21:54:33,321: +PARAM [/gains/arm_1_joint/i_clamp_min] by /gazebo
[rosmaster.master][INFO] 2025-12-04 21:54:33,321: +PARAM [/gains/arm_1_joint/i_clamp_max] by /gazebo
[rosmaster.master][INFO] 2025-12-04 21:54:33,322: +PARAM [/gains/arm_1_joint/antiwindup] by /gazebo
[rosmaster.master][INFO] 2025-12-04 21:54:33,322: +PARAM [/gains/arm_1_joint/p] by /gazebo
[rosmaster.master][INFO] 2025-12-04 21:54:33,322: +PARAM [/gains/arm_1_joint/i] by /gazebo
[rosmaster.master][INFO] 2025-12-04 21:54:33,323: +PARAM [/gains/arm_1_joint/d] by /gazebo
[rosmaster.master][INFO] 2025-12-04 21:54:33,323: +PARAM [/gains/arm_1_joint/i_clamp_min] by /gazebo
[rosmaster.master][INFO] 2025-12-04 21:54:33,323: +PARAM [/gains/arm_1_joint/i_clamp_max] by /gazebo
[rosmaster.master][INFO] 2025-12-04 21:54:33,324: +PARAM [/gains/arm_1_joint/antiwindup] by /gazebo
[rosmaster.master][INFO] 2025-12-04 21:54:33,324: +PARAM [/gains/arm_1_joint/p] by /gazebo
[rosmaster.master][INFO] 2025-12-04 21:54:33,325: +PARAM [/gains/arm_1_joint/i] by /gazebo
[rosmaster.master][INFO] 2025-12-04 21:54:33,325: +PARAM [/gains/arm_1_joint/d] by /gazebo
[rosmaster.master][INFO] 2025-12-04 21:54:33,325: +PARAM [/gains/arm_1_joint/i_clamp_min] by /gazebo
[rosmaster.master][INFO] 2025-12-04 21:54:33,326: +PARAM [/gains/arm_1_joint/i_clamp_max] by /gazebo
[rosmaster.master][INFO] 2025-12-04 21:54:33,326: +PARAM [/gains/arm_1_joint/antiwindup] by /gazebo
[rosmaster.master][INFO] 2025-12-04 21:54:33,329: +SERVICE [/gains/arm_2_joint/set_parameters] /gazebo http://127.0.0.1:46517/
[rosmaster.master][INFO] 2025-12-04 21:54:33,330: +PUB [/gains/arm_2_joint/parameter_descriptions] /gazebo http://127.0.0.1:46517/
[rosmaster.master][INFO] 2025-12-04 21:54:33,330: +PUB [/gains/arm_2_joint/parameter_updates] /gazebo http://127.0.0.1:46517/
[rosmaster.master][INFO] 2025-12-04 21:54:33,332: +PARAM [/gains/arm_2_joint/p] by /gazebo
[rosmaster.master][INFO] 2025-12-04 21:54:33,332: +PARAM [/gains/arm_2_joint/i] by /gazebo
[rosmaster.master][INFO] 2025-12-04 21:54:33,332: +PARAM [/gains/arm_2_joint/d] by /gazebo
[rosmaster.master][INFO] 2025-12-04 21:54:33,333: +PARAM [/gains/arm_2_joint/i_clamp_min] by /gazebo
[rosmaster.master][INFO] 2025-12-04 21:54:33,333: +PARAM [/gains/arm_2_joint/i_clamp_max] by /gazebo
[rosmaster.master][INFO] 2025-12-04 21:54:33,333: +PARAM [/gains/arm_2_joint/antiwindup] by /gazebo
[rosmaster.master][INFO] 2025-12-04 21:54:33,334: +PARAM [/gains/arm_2_joint/p] by /gazebo
[rosmaster.master][INFO] 2025-12-04 21:54:33,334: +PARAM [/gains/arm_2_joint/i] by /gazebo
[rosmaster.master][INFO] 2025-12-04 21:54:33,335: +PARAM [/gains/arm_2_joint/d] by /gazebo
[rosmaster.master][INFO] 2025-12-04 21:54:33,335: +PARAM [/gains/arm_2_joint/i_clamp_min] by /gazebo
[rosmaster.master][INFO] 2025-12-04 21:54:33,335: +PARAM [/gains/arm_2_joint/i_clamp_max] by /gazebo
[rosmaster.master][INFO] 2025-12-04 21:54:33,336: +PARAM [/gains/arm_2_joint/antiwindup] by /gazebo
[rosmaster.master][INFO] 2025-12-04 21:54:33,336: +PARAM [/gains/arm_2_joint/p] by /gazebo
[rosmaster.master][INFO] 2025-12-04 21:54:33,337: +PARAM [/gains/arm_2_joint/i] by /gazebo
[rosmaster.master][INFO] 2025-12-04 21:54:33,337: +PARAM [/gains/arm_2_joint/d] by /gazebo
[rosmaster.master][INFO] 2025-12-04 21:54:33,337: +PARAM [/gains/arm_2_joint/i_clamp_min] by /gazebo
[rosmaster.master][INFO] 2025-12-04 21:54:33,338: +PARAM [/gains/arm_2_joint/i_clamp_max] by /gazebo
[rosmaster.master][INFO] 2025-12-04 21:54:33,338: +PARAM [/gains/arm_2_joint/antiwindup] by /gazebo
[rosmaster.master][INFO] 2025-12-04 21:54:33,338: +PARAM [/gains/arm_2_joint/p] by /gazebo
[rosmaster.master][INFO] 2025-12-04 21:54:33,339: +PARAM [/gains/arm_2_joint/i] by /gazebo
[rosmaster.master][INFO] 2025-12-04 21:54:33,339: +PARAM [/gains/arm_2_joint/d] by /gazebo
[rosmaster.master][INFO] 2025-12-04 21:54:33,340: +PARAM [/gains/arm_2_joint/i_clamp_min] by /gazebo
[rosmaster.master][INFO] 2025-12-04 21:54:33,340: +PARAM [/gains/arm_2_joint/i_clamp_max] by /gazebo
[rosmaster.master][INFO] 2025-12-04 21:54:33,340: +PARAM [/gains/arm_2_joint/antiwindup] by /gazebo
[rosmaster.master][INFO] 2025-12-04 21:54:33,344: +SERVICE [/gains/arm_3_joint/set_parameters] /gazebo http://127.0.0.1:46517/
[rosmaster.master][INFO] 2025-12-04 21:54:33,344: +PUB [/gains/arm_3_joint/parameter_descriptions] /gazebo http://127.0.0.1:46517/
[rosmaster.master][INFO] 2025-12-04 21:54:33,345: +PUB [/gains/arm_3_joint/parameter_updates] /gazebo http://127.0.0.1:46517/
[rosmaster.master][INFO] 2025-12-04 21:54:33,347: +PARAM [/gains/arm_3_joint/p] by /gazebo
[rosmaster.master][INFO] 2025-12-04 21:54:33,347: +PARAM [/gains/arm_3_joint/i] by /gazebo
[rosmaster.master][INFO] 2025-12-04 21:54:33,347: +PARAM [/gains/arm_3_joint/d] by /gazebo
[rosmaster.master][INFO] 2025-12-04 21:54:33,348: +PARAM [/gains/arm_3_joint/i_clamp_min] by /gazebo
[rosmaster.master][INFO] 2025-12-04 21:54:33,348: +PARAM [/gains/arm_3_joint/i_clamp_max] by /gazebo
[rosmaster.master][INFO] 2025-12-04 21:54:33,348: +PARAM [/gains/arm_3_joint/antiwindup] by /gazebo
[rosmaster.master][INFO] 2025-12-04 21:54:33,349: +PARAM [/gains/arm_3_joint/p] by /gazebo
[rosmaster.master][INFO] 2025-12-04 21:54:33,349: +PARAM [/gains/arm_3_joint/i] by /gazebo
[rosmaster.master][INFO] 2025-12-04 21:54:33,350: +PARAM [/gains/arm_3_joint/d] by /gazebo
[rosmaster.master][INFO] 2025-12-04 21:54:33,350: +PARAM [/gains/arm_3_joint/i_clamp_min] by /gazebo
[rosmaster.master][INFO] 2025-12-04 21:54:33,350: +PARAM [/gains/arm_3_joint/i_clamp_max] by /gazebo
[rosmaster.master][INFO] 2025-12-04 21:54:33,351: +PARAM [/gains/arm_3_joint/antiwindup] by /gazebo
[rosmaster.master][INFO] 2025-12-04 21:54:33,351: +PARAM [/gains/arm_3_joint/p] by /gazebo
[rosmaster.master][INFO] 2025-12-04 21:54:33,352: +PARAM [/gains/arm_3_joint/i] by /gazebo
[rosmaster.master][INFO] 2025-12-04 21:54:33,352: +PARAM [/gains/arm_3_joint/d] by /gazebo
[rosmaster.master][INFO] 2025-12-04 21:54:33,352: +PARAM [/gains/arm_3_joint/i_clamp_min] by /gazebo
[rosmaster.master][INFO] 2025-12-04 21:54:33,353: +PARAM [/gains/arm_3_joint/i_clamp_max] by /gazebo
[rosmaster.master][INFO] 2025-12-04 21:54:33,353: +PARAM [/gains/arm_3_joint/antiwindup] by /gazebo
[rosmaster.master][INFO] 2025-12-04 21:54:33,353: +PARAM [/gains/arm_3_joint/p] by /gazebo
[rosmaster.master][INFO] 2025-12-04 21:54:33,354: +PARAM [/gains/arm_3_joint/i] by /gazebo
[rosmaster.master][INFO] 2025-12-04 21:54:33,354: +PARAM [/gains/arm_3_joint/d] by /gazebo
[rosmaster.master][INFO] 2025-12-04 21:54:33,354: +PARAM [/gains/arm_3_joint/i_clamp_min] by /gazebo
[rosmaster.master][INFO] 2025-12-04 21:54:33,355: +PARAM [/gains/arm_3_joint/i_clamp_max] by /gazebo
[rosmaster.master][INFO] 2025-12-04 21:54:33,355: +PARAM [/gains/arm_3_joint/antiwindup] by /gazebo
[rosmaster.master][INFO] 2025-12-04 21:54:33,359: +SERVICE [/gains/arm_4_joint/set_parameters] /gazebo http://127.0.0.1:46517/
[rosmaster.master][INFO] 2025-12-04 21:54:33,359: +PUB [/gains/arm_4_joint/parameter_descriptions] /gazebo http://127.0.0.1:46517/
[rosmaster.master][INFO] 2025-12-04 21:54:33,360: +PUB [/gains/arm_4_joint/parameter_updates] /gazebo http://127.0.0.1:46517/
[rosmaster.master][INFO] 2025-12-04 21:54:33,362: +PARAM [/gains/arm_4_joint/p] by /gazebo
[rosmaster.master][INFO] 2025-12-04 21:54:33,362: +PARAM [/gains/arm_4_joint/i] by /gazebo
[rosmaster.master][INFO] 2025-12-04 21:54:33,362: +PARAM [/gains/arm_4_joint/d] by /gazebo
[rosmaster.master][INFO] 2025-12-04 21:54:33,363: +PARAM [/gains/arm_4_joint/i_clamp_min] by /gazebo
[rosmaster.master][INFO] 2025-12-04 21:54:33,363: +PARAM [/gains/arm_4_joint/i_clamp_max] by /gazebo
[rosmaster.master][INFO] 2025-12-04 21:54:33,363: +PARAM [/gains/arm_4_joint/antiwindup] by /gazebo
[rosmaster.master][INFO] 2025-12-04 21:54:33,364: +PARAM [/gains/arm_4_joint/p] by /gazebo
[rosmaster.master][INFO] 2025-12-04 21:54:33,364: +PARAM [/gains/arm_4_joint/i] by /gazebo
[rosmaster.master][INFO] 2025-12-04 21:54:33,365: +PARAM [/gains/arm_4_joint/d] by /gazebo
[rosmaster.master][INFO] 2025-12-04 21:54:33,365: +PARAM [/gains/arm_4_joint/i_clamp_min] by /gazebo
[rosmaster.master][INFO] 2025-12-04 21:54:33,365: +PARAM [/gains/arm_4_joint/i_clamp_max] by /gazebo
[rosmaster.master][INFO] 2025-12-04 21:54:33,366: +PARAM [/gains/arm_4_joint/antiwindup] by /gazebo
[rosmaster.master][INFO] 2025-12-04 21:54:33,366: +PARAM [/gains/arm_4_joint/p] by /gazebo
[rosmaster.master][INFO] 2025-12-04 21:54:33,366: +PARAM [/gains/arm_4_joint/i] by /gazebo
[rosmaster.master][INFO] 2025-12-04 21:54:33,367: +PARAM [/gains/arm_4_joint/d] by /gazebo
[rosmaster.master][INFO] 2025-12-04 21:54:33,367: +PARAM [/gains/arm_4_joint/i_clamp_min] by /gazebo
[rosmaster.master][INFO] 2025-12-04 21:54:33,367: +PARAM [/gains/arm_4_joint/i_clamp_max] by /gazebo
[rosmaster.master][INFO] 2025-12-04 21:54:33,368: +PARAM [/gains/arm_4_joint/antiwindup] by /gazebo
[rosmaster.master][INFO] 2025-12-04 21:54:33,368: +PARAM [/gains/arm_4_joint/p] by /gazebo
[rosmaster.master][INFO] 2025-12-04 21:54:33,368: +PARAM [/gains/arm_4_joint/i] by /gazebo
[rosmaster.master][INFO] 2025-12-04 21:54:33,369: +PARAM [/gains/arm_4_joint/d] by /gazebo
[rosmaster.master][INFO] 2025-12-04 21:54:33,369: +PARAM [/gains/arm_4_joint/i_clamp_min] by /gazebo
[rosmaster.master][INFO] 2025-12-04 21:54:33,369: +PARAM [/gains/arm_4_joint/i_clamp_max] by /gazebo
[rosmaster.master][INFO] 2025-12-04 21:54:33,370: +PARAM [/gains/arm_4_joint/antiwindup] by /gazebo
[rosmaster.master][INFO] 2025-12-04 21:54:33,374: +SERVICE [/gains/gripper_left_finger_joint/set_parameters] /gazebo http://127.0.0.1:46517/
[rosmaster.master][INFO] 2025-12-04 21:54:33,375: +PUB [/gains/gripper_left_finger_joint/parameter_descriptions] /gazebo http://127.0.0.1:46517/
[rosmaster.master][INFO] 2025-12-04 21:54:33,376: +PUB [/gains/gripper_left_finger_joint/parameter_updates] /gazebo http://127.0.0.1:46517/
[rosmaster.master][INFO] 2025-12-04 21:54:33,378: +PARAM [/gains/gripper_left_finger_joint/p] by /gazebo
[rosmaster.master][INFO] 2025-12-04 21:54:33,378: +PARAM [/gains/gripper_left_finger_joint/i] by /gazebo
[rosmaster.master][INFO] 2025-12-04 21:54:33,379: +PARAM [/gains/gripper_left_finger_joint/d] by /gazebo
[rosmaster.master][INFO] 2025-12-04 21:54:33,379: +PARAM [/gains/gripper_left_finger_joint/i_clamp_min] by /gazebo
[rosmaster.master][INFO] 2025-12-04 21:54:33,379: +PARAM [/gains/gripper_left_finger_joint/i_clamp_max] by /gazebo
[rosmaster.master][INFO] 2025-12-04 21:54:33,380: +PARAM [/gains/gripper_left_finger_joint/antiwindup] by /gazebo
[rosmaster.master][INFO] 2025-12-04 21:54:33,380: +PARAM [/gains/gripper_left_finger_joint/p] by /gazebo
[rosmaster.master][INFO] 2025-12-04 21:54:33,380: +PARAM [/gains/gripper_left_finger_joint/i] by /gazebo
[rosmaster.master][INFO] 2025-12-04 21:54:33,381: +PARAM [/gains/gripper_left_finger_joint/d] by /gazebo
[rosmaster.master][INFO] 2025-12-04 21:54:33,381: +PARAM [/gains/gripper_left_finger_joint/i_clamp_min] by /gazebo
[rosmaster.master][INFO] 2025-12-04 21:54:33,381: +PARAM [/gains/gripper_left_finger_joint/i_clamp_max] by /gazebo
[rosmaster.master][INFO] 2025-12-04 21:54:33,382: +PARAM [/gains/gripper_left_finger_joint/antiwindup] by /gazebo
[rosmaster.master][INFO] 2025-12-04 21:54:33,382: +PARAM [/gains/gripper_left_finger_joint/p] by /gazebo
[rosmaster.master][INFO] 2025-12-04 21:54:33,383: +PARAM [/gains/gripper_left_finger_joint/i] by /gazebo
[rosmaster.master][INFO] 2025-12-04 21:54:33,383: +PARAM [/gains/gripper_left_finger_joint/d] by /gazebo
[rosmaster.master][INFO] 2025-12-04 21:54:33,383: +PARAM [/gains/gripper_left_finger_joint/i_clamp_min] by /gazebo
[rosmaster.master][INFO] 2025-12-04 21:54:33,384: +PARAM [/gains/gripper_left_finger_joint/i_clamp_max] by /gazebo
[rosmaster.master][INFO] 2025-12-04 21:54:33,384: +PARAM [/gains/gripper_left_finger_joint/antiwindup] by /gazebo
[rosmaster.master][INFO] 2025-12-04 21:54:33,384: +PARAM [/gains/gripper_left_finger_joint/p] by /gazebo
[rosmaster.master][INFO] 2025-12-04 21:54:33,385: +PARAM [/gains/gripper_left_finger_joint/i] by /gazebo
[rosmaster.master][INFO] 2025-12-04 21:54:33,385: +PARAM [/gains/gripper_left_finger_joint/d] by /gazebo
[rosmaster.master][INFO] 2025-12-04 21:54:33,385: +PARAM [/gains/gripper_left_finger_joint/i_clamp_min] by /gazebo
[rosmaster.master][INFO] 2025-12-04 21:54:33,386: +PARAM [/gains/gripper_left_finger_joint/i_clamp_max] by /gazebo
[rosmaster.master][INFO] 2025-12-04 21:54:33,386: +PARAM [/gains/gripper_left_finger_joint/antiwindup] by /gazebo
[rosmaster.master][INFO] 2025-12-04 21:54:33,389: +SERVICE [/gains/gripper_right_finger_joint/set_parameters] /gazebo http://127.0.0.1:46517/
[rosmaster.master][INFO] 2025-12-04 21:54:33,389: +PUB [/gains/gripper_right_finger_joint/parameter_descriptions] /gazebo http://127.0.0.1:46517/
[rosmaster.master][INFO] 2025-12-04 21:54:33,390: +PUB [/gains/gripper_right_finger_joint/parameter_updates] /gazebo http://127.0.0.1:46517/
[rosmaster.master][INFO] 2025-12-04 21:54:33,391: +PARAM [/gains/gripper_right_finger_joint/p] by /gazebo
[rosmaster.master][INFO] 2025-12-04 21:54:33,392: +PARAM [/gains/gripper_right_finger_joint/i] by /gazebo
[rosmaster.master][INFO] 2025-12-04 21:54:33,392: +PARAM [/gains/gripper_right_finger_joint/d] by /gazebo
[rosmaster.master][INFO] 2025-12-04 21:54:33,393: +PARAM [/gains/gripper_right_finger_joint/i_clamp_min] by /gazebo
[rosmaster.master][INFO] 2025-12-04 21:54:33,393: +PARAM [/gains/gripper_right_finger_joint/i_clamp_max] by /gazebo
[rosmaster.master][INFO] 2025-12-04 21:54:33,393: +PARAM [/gains/gripper_right_finger_joint/antiwindup] by /gazebo
[rosmaster.master][INFO] 2025-12-04 21:54:33,394: +PARAM [/gains/gripper_right_finger_joint/p] by /gazebo
[rosmaster.master][INFO] 2025-12-04 21:54:33,394: +PARAM [/gains/gripper_right_finger_joint/i] by /gazebo
[rosmaster.master][INFO] 2025-12-04 21:54:33,394: +PARAM [/gains/gripper_right_finger_joint/d] by /gazebo
[rosmaster.master][INFO] 2025-12-04 21:54:33,395: +PARAM [/gains/gripper_right_finger_joint/i_clamp_min] by /gazebo
[rosmaster.master][INFO] 2025-12-04 21:54:33,395: +PARAM [/gains/gripper_right_finger_joint/i_clamp_max] by /gazebo
[rosmaster.master][INFO] 2025-12-04 21:54:33,395: +PARAM [/gains/gripper_right_finger_joint/antiwindup] by /gazebo
[rosmaster.master][INFO] 2025-12-04 21:54:33,396: +PARAM [/gains/gripper_right_finger_joint/p] by /gazebo
[rosmaster.master][INFO] 2025-12-04 21:54:33,396: +PARAM [/gains/gripper_right_finger_joint/i] by /gazebo
[rosmaster.master][INFO] 2025-12-04 21:54:33,396: +PARAM [/gains/gripper_right_finger_joint/d] by /gazebo
[rosmaster.master][INFO] 2025-12-04 21:54:33,397: +PARAM [/gains/gripper_right_finger_joint/i_clamp_min] by /gazebo
[rosmaster.master][INFO] 2025-12-04 21:54:33,397: +PARAM [/gains/gripper_right_finger_joint/i_clamp_max] by /gazebo
[rosmaster.master][INFO] 2025-12-04 21:54:33,397: +PARAM [/gains/gripper_right_finger_joint/antiwindup] by /gazebo
[rosmaster.master][INFO] 2025-12-04 21:54:33,398: +PARAM [/gains/gripper_right_finger_joint/p] by /gazebo
[rosmaster.master][INFO] 2025-12-04 21:54:33,398: +PARAM [/gains/gripper_right_finger_joint/i] by /gazebo
[rosmaster.master][INFO] 2025-12-04 21:54:33,398: +PARAM [/gains/gripper_right_finger_joint/d] by /gazebo
[rosmaster.master][INFO] 2025-12-04 21:54:33,399: +PARAM [/gains/gripper_right_finger_joint/i_clamp_min] by /gazebo
[rosmaster.master][INFO] 2025-12-04 21:54:33,399: +PARAM [/gains/gripper_right_finger_joint/i_clamp_max] by /gazebo
[rosmaster.master][INFO] 2025-12-04 21:54:33,399: +PARAM [/gains/gripper_right_finger_joint/antiwindup] by /gazebo
[rosmaster.master][INFO] 2025-12-04 21:54:33,405: +SERVICE [/controller_manager/list_controllers] /gazebo http://127.0.0.1:46517/
[rosmaster.master][INFO] 2025-12-04 21:54:33,406: +SERVICE [/controller_manager/list_controller_types] /gazebo http://127.0.0.1:46517/
[rosmaster.master][INFO] 2025-12-04 21:54:33,407: +SERVICE [/controller_manager/load_controller] /gazebo http://127.0.0.1:46517/
[rosmaster.master][INFO] 2025-12-04 21:54:33,407: +SERVICE [/controller_manager/unload_controller] /gazebo http://127.0.0.1:46517/
[rosmaster.master][INFO] 2025-12-04 21:54:33,408: +SERVICE [/controller_manager/switch_controller] /gazebo http://127.0.0.1:46517/
[rosmaster.master][INFO] 2025-12-04 21:54:33,409: +SERVICE [/controller_manager/reload_controller_libraries] /gazebo http://127.0.0.1:46517/
[rosmaster.master][INFO] 2025-12-04 21:54:33,418: +CACHEDPARAM [/rosout_disable_topics_generation] by /gripper_controllers_spawner
[rosmaster.master][INFO] 2025-12-04 21:54:33,423: +CACHEDPARAM [/rosout_disable_topics_generation] by /gripper_controllers_spawner
[rosmaster.master][INFO] 2025-12-04 21:54:33,433: +CACHEDPARAM [/rosout_disable_topics_generation] by /gripper_controllers_spawner
[rosmaster.master][ERROR] 2025-12-04 21:54:33,437: Traceback (most recent call last):
  File "/opt/ros/noetic/lib/python3/dist-packages/rosmaster/master_api.py", line 177, in validated_f
    code, msg, val = f(*newArgs, **kwds)
  File "/opt/ros/noetic/lib/python3/dist-packages/rosmaster/master_api.py", line 435, in searchParam
    search_key = self.param_server.search_param(caller_id, key)
  File "/opt/ros/noetic/lib/python3/dist-packages/rosmaster/paramserver.py", line 116, in search_param
    raise ValueError("namespace must be global")
ValueError: namespace must be global

[rosmaster.master][INFO] 2025-12-04 21:54:33,438: +PUB [/tf] /gazebo http://127.0.0.1:46517/
[rosmaster.master][INFO] 2025-12-04 21:54:33,441: +SUB [/mobile_base_controller/cmd_vel] /gazebo http://127.0.0.1:46517/
[rosmaster.master][INFO] 2025-12-04 21:54:33,443: +PUB [/mobile_base_controller/odom] /gazebo http://127.0.0.1:46517/
[rosmaster.master][INFO] 2025-12-04 21:54:33,467: publisherUpdate[/tf] -> http://127.0.0.1:34099/ ['http://127.0.0.1:34537/', 'http://127.0.0.1:46517/']
[rosmaster.master][INFO] 2025-12-04 21:54:33,489: publisherUpdate[/clock] -> http://127.0.0.1:46517/ ['http://127.0.0.1:46517/']: sec=1.22, result=[1, '', 0]
[rosmaster.master][INFO] 2025-12-04 21:54:33,491: publisherUpdate[/tf] -> http://127.0.0.1:40329/ ['http://127.0.0.1:34537/', 'http://127.0.0.1:46517/']
[rosmaster.master][INFO] 2025-12-04 21:54:33,494: publisherUpdate[/tf] -> http://127.0.0.1:40329/ ['http://127.0.0.1:34537/', 'http://127.0.0.1:46517/']: sec=0.00, result=[1, '', 0]
[rosmaster.master][INFO] 2025-12-04 21:54:33,494: publisherUpdate[/tf] -> http://127.0.0.1:33721/ ['http://127.0.0.1:34537/', 'http://127.0.0.1:46517/']
[rosmaster.master][INFO] 2025-12-04 21:54:33,502: +SUB [/gripper_controller/command] /gazebo http://127.0.0.1:46517/
[rosmaster.master][INFO] 2025-12-04 21:54:33,504: +PUB [/ground_truth_odom] /gazebo http://127.0.0.1:46517/
[rosmaster.master][INFO] 2025-12-04 21:54:33,505: +PUB [/gripper_controller/state] /gazebo http://127.0.0.1:46517/
[rosmaster.master][INFO] 2025-12-04 21:54:33,507: publisherUpdate[/tf] -> http://127.0.0.1:39587/ ['http://127.0.0.1:34537/', 'http://127.0.0.1:46517/']
[rosmaster.master][INFO] 2025-12-04 21:54:33,512: +PUB [/gripper_controller/follow_joint_trajectory/result] /gazebo http://127.0.0.1:46517/
[rosmaster.master][INFO] 2025-12-04 21:54:33,515: +PUB [/gripper_controller/follow_joint_trajectory/feedback] /gazebo http://127.0.0.1:46517/
[rosmaster.master][INFO] 2025-12-04 21:54:33,516: +PUB [/gripper_controller/follow_joint_trajectory/status] /gazebo http://127.0.0.1:46517/
[rosmaster.master][INFO] 2025-12-04 21:54:33,525: +SUB [/gripper_controller/follow_joint_trajectory/goal] /gazebo http://127.0.0.1:46517/
[rosmaster.master][INFO] 2025-12-04 21:54:33,526: +PUB [/gazebo/world_odometry/parameter_descriptions] /gazebo http://127.0.0.1:46517/
[rosmaster.master][INFO] 2025-12-04 21:54:33,530: +SUB [/gripper_controller/follow_joint_trajectory/cancel] /gazebo http://127.0.0.1:46517/
[rosmaster.master][INFO] 2025-12-04 21:54:33,531: +PUB [/gazebo/world_odometry/parameter_updates] /gazebo http://127.0.0.1:46517/
[rosmaster.master][INFO] 2025-12-04 21:54:33,532: publisherUpdate[/tf] -> http://127.0.0.1:34099/ ['http://127.0.0.1:34537/', 'http://127.0.0.1:46517/']: sec=0.06, result=[1, '', 0]
[rosmaster.master][INFO] 2025-12-04 21:54:33,533: publisherUpdate[/gripper_controller/follow_joint_trajectory/result] -> http://127.0.0.1:39263/ ['http://127.0.0.1:46517/']
[rosmaster.master][INFO] 2025-12-04 21:54:33,534: +SERVICE [/gripper_controller/query_state] /gazebo http://127.0.0.1:46517/
[rosmaster.master][INFO] 2025-12-04 21:54:33,535: +SERVICE [/gazebo/world_odometry/set_parameters] /gazebo http://127.0.0.1:46517/
[rosmaster.master][INFO] 2025-12-04 21:54:33,539: +PUB [/floating_base_pose_simulated] /gazebo http://127.0.0.1:46517/
[rosmaster.master][INFO] 2025-12-04 21:54:33,543: +PUB [/introspection_data/full] /gazebo http://127.0.0.1:46517/
[rosmaster.master][INFO] 2025-12-04 21:54:33,544: +SERVICE [/throttle_filtering_points/set_parameters] /throttle_filtering_points http://127.0.0.1:34465/
[rosmaster.master][INFO] 2025-12-04 21:54:33,548: +CACHEDPARAM [/rosout_disable_topics_generation] by /gripper_controllers_spawner
[rosmaster.master][INFO] 2025-12-04 21:54:33,552: publisherUpdate[/gripper_controller/follow_joint_trajectory/result] -> http://127.0.0.1:39263/ ['http://127.0.0.1:46517/']: sec=0.02, result=[1, '', 0]
[rosmaster.master][INFO] 2025-12-04 21:54:33,552: publisherUpdate[/gripper_controller/follow_joint_trajectory/feedback] -> http://127.0.0.1:39263/ ['http://127.0.0.1:46517/']
[rosmaster.master][INFO] 2025-12-04 21:54:33,555: +PUB [/introspection_data/names] /gazebo http://127.0.0.1:46517/
[rosmaster.master][INFO] 2025-12-04 21:54:33,578: publisherUpdate[/tf] -> http://127.0.0.1:39587/ ['http://127.0.0.1:34537/', 'http://127.0.0.1:46517/']: sec=0.07, result=[1, '', 0]
[rosmaster.master][INFO] 2025-12-04 21:54:33,579: publisherUpdate[/gripper_controller/follow_joint_trajectory/feedback] -> http://127.0.0.1:39263/ ['http://127.0.0.1:46517/']: sec=0.01, result=[1, '', 0]
[rosmaster.master][INFO] 2025-12-04 21:54:33,583: publisherUpdate[/gripper_controller/follow_joint_trajectory/status] -> http://127.0.0.1:39263/ ['http://127.0.0.1:46517/']
[rosmaster.master][INFO] 2025-12-04 21:54:33,585: publisherUpdate[/tf] -> http://127.0.0.1:33721/ ['http://127.0.0.1:34537/', 'http://127.0.0.1:46517/']: sec=0.09, result=[1, '', 0]
[rosmaster.master][INFO] 2025-12-04 21:54:33,585: +PUB [/throttle_filtering_points/parameter_descriptions] /throttle_filtering_points http://127.0.0.1:34465/
[rosmaster.master][INFO] 2025-12-04 21:54:33,586: +PUB [/introspection_data/values] /gazebo http://127.0.0.1:46517/
[rosmaster.master][INFO] 2025-12-04 21:54:33,588: +PUB [/throttle_filtering_points/parameter_updates] /throttle_filtering_points http://127.0.0.1:34465/
[rosmaster.master][INFO] 2025-12-04 21:54:33,590: publisherUpdate[/gripper_controller/follow_joint_trajectory/status] -> http://127.0.0.1:39263/ ['http://127.0.0.1:46517/']: sec=0.01, result=[1, '', 0]
[rosmaster.master][INFO] 2025-12-04 21:54:33,590: +SUB [/arm_controller/follow_joint_trajectory/status] /move_group http://127.0.0.1:33721/
[rosmaster.master][INFO] 2025-12-04 21:54:33,597: +PARAM [/throttle_filtering_points/throttle_node_rate] by /throttle_filtering_points
[rosmaster.master][INFO] 2025-12-04 21:54:33,600: +PARAM [/throttle_filtering_points/downsampling_size] by /throttle_filtering_points
[rosmaster.master][INFO] 2025-12-04 21:54:33,597: +SUB [/move_group/status] /play_motion http://127.0.0.1:39587/
[rosmaster.master][INFO] 2025-12-04 21:54:33,601: +CACHEDPARAM [/rosout_disable_topics_generation] by /gripper_controllers_spawner
[rosmaster.master][INFO] 2025-12-04 21:54:33,603: +CACHEDPARAM [/rosout_disable_topics_generation] by /throttle_filtering_points
[rosmaster.master][INFO] 2025-12-04 21:54:33,610: +PUB [/throttle_filtering_points/filtered_points] /throttle_filtering_points http://127.0.0.1:34465/
[rosmaster.master][INFO] 2025-12-04 21:54:33,611: +SUB [/move_group/feedback] /play_motion http://127.0.0.1:39587/
[rosmaster.master][INFO] 2025-12-04 21:54:33,612: +PARAM [/throttle_filtering_points/throttle_node_rate] by /throttle_filtering_points
[rosmaster.master][INFO] 2025-12-04 21:54:33,613: +SUB [/arm_controller/follow_joint_trajectory/feedback] /move_group http://127.0.0.1:33721/
[rosmaster.master][INFO] 2025-12-04 21:54:33,619: +PARAM [/throttle_filtering_points/downsampling_size] by /throttle_filtering_points
[rosmaster.master][INFO] 2025-12-04 21:54:33,626: +SUB [/move_group/result] /play_motion http://127.0.0.1:39587/
[rosmaster.master][INFO] 2025-12-04 21:54:33,626: +SUB [/arm_controller/follow_joint_trajectory/result] /move_group http://127.0.0.1:33721/
[rosmaster.master][INFO] 2025-12-04 21:54:33,628: +PUB [/move_group/goal] /play_motion http://127.0.0.1:39587/
[rosmaster.master][INFO] 2025-12-04 21:54:33,630: +PUB [/arm_controller/follow_joint_trajectory/goal] /move_group http://127.0.0.1:33721/
[rosmaster.master][INFO] 2025-12-04 21:54:33,631: +PUB [/move_group/cancel] /play_motion http://127.0.0.1:39587/
[rosmaster.master][INFO] 2025-12-04 21:54:33,632: +PUB [/arm_controller/follow_joint_trajectory/cancel] /move_group http://127.0.0.1:33721/
[rosmaster.master][INFO] 2025-12-04 21:54:33,655: +CACHEDPARAM [/rosout_disable_topics_generation] by /default_controllers_spawner
[rosmaster.master][INFO] 2025-12-04 21:54:33,662: +CACHEDPARAM [/rosout_disable_topics_generation] by /bringup_controllers_spawner_imu
[rosmaster.master][INFO] 2025-12-04 21:54:33,663: +CACHEDPARAM [/rosout_disable_topics_generation] by /default_controllers_spawner
[rosmaster.master][INFO] 2025-12-04 21:54:33,668: +CACHEDPARAM [/rosout_disable_topics_generation] by /bringup_controllers_spawner_imu
[rosmaster.master][INFO] 2025-12-04 21:54:33,671: +CACHEDPARAM [/rosout_disable_topics_generation] by /default_controllers_spawner
[rosmaster.master][INFO] 2025-12-04 21:54:33,682: +CACHEDPARAM [/rosout_disable_topics_generation] by /bringup_controllers_spawner_ft
[rosmaster.master][INFO] 2025-12-04 21:54:33,685: +CACHEDPARAM [/rosout_disable_topics_generation] by /bringup_controllers_spawner_imu
[rosmaster.master][INFO] 2025-12-04 21:54:33,710: +PUB [/joint_states] /gazebo http://127.0.0.1:46517/
[rosmaster.master][INFO] 2025-12-04 21:54:33,717: +CACHEDPARAM [/rosout_disable_topics_generation] by /bringup_controllers_spawner_ft
[rosmaster.master][INFO] 2025-12-04 21:54:33,721: +CACHEDPARAM [/rosout_disable_topics_generation] by /default_controllers_spawner
[rosmaster.master][INFO] 2025-12-04 21:54:33,729: +CACHEDPARAM [/rosout_disable_topics_generation] by /bringup_controllers_spawner_ft
[rosmaster.master][INFO] 2025-12-04 21:54:33,733: +PUB [/base_imu] /gazebo http://127.0.0.1:46517/
[rosmaster.master][INFO] 2025-12-04 21:54:33,740: +CACHEDPARAM [/rosout_disable_topics_generation] by /bringup_controllers_spawner_imu
[rosmaster.master][INFO] 2025-12-04 21:54:33,776: +SUB [/torso_controller/command] /gazebo http://127.0.0.1:46517/
[rosmaster.master][INFO] 2025-12-04 21:54:33,777: +PUB [/torso_controller/state] /gazebo http://127.0.0.1:46517/
[rosmaster.master][INFO] 2025-12-04 21:54:33,783: publisherUpdate[/joint_states] -> http://127.0.0.1:34537/ ['http://127.0.0.1:46517/']
[rosmaster.master][INFO] 2025-12-04 21:54:33,785: +PUB [/torso_controller/follow_joint_trajectory/result] /gazebo http://127.0.0.1:46517/
[rosmaster.master][INFO] 2025-12-04 21:54:33,786: +PUB [/torso_controller/follow_joint_trajectory/feedback] /gazebo http://127.0.0.1:46517/
[rosmaster.master][INFO] 2025-12-04 21:54:33,787: publisherUpdate[/joint_states] -> http://127.0.0.1:39587/ ['http://127.0.0.1:46517/']
[rosmaster.master][INFO] 2025-12-04 21:54:33,787: +PUB [/torso_controller/follow_joint_trajectory/status] /gazebo http://127.0.0.1:46517/
[rosmaster.master][INFO] 2025-12-04 21:54:33,790: publisherUpdate[/joint_states] -> http://127.0.0.1:39587/ ['http://127.0.0.1:46517/']: sec=0.00, result=[1, '', 0]
[rosmaster.master][INFO] 2025-12-04 21:54:33,792: publisherUpdate[/joint_states] -> http://127.0.0.1:36043/ ['http://127.0.0.1:46517/']
[rosmaster.master][INFO] 2025-12-04 21:54:33,792: publisherUpdate[/joint_states] -> http://127.0.0.1:33721/ ['http://127.0.0.1:46517/']
[rosmaster.master][INFO] 2025-12-04 21:54:33,796: +SUB [/torso_controller/follow_joint_trajectory/goal] /gazebo http://127.0.0.1:46517/
[rosmaster.master][INFO] 2025-12-04 21:54:33,798: publisherUpdate[/joint_states] -> http://127.0.0.1:33721/ ['http://127.0.0.1:46517/']: sec=0.00, result=[1, '', 0]
[rosmaster.master][INFO] 2025-12-04 21:54:33,801: publisherUpdate[/joint_states] -> http://127.0.0.1:36043/ ['http://127.0.0.1:46517/']: sec=0.01, result=[1, '', 0]
[rosmaster.master][INFO] 2025-12-04 21:54:33,805: +SUB [/torso_controller/follow_joint_trajectory/cancel] /gazebo http://127.0.0.1:46517/
[rosmaster.master][INFO] 2025-12-04 21:54:33,806: +SERVICE [/torso_controller/query_state] /gazebo http://127.0.0.1:46517/
[rosmaster.master][INFO] 2025-12-04 21:54:33,810: +CACHEDPARAM [/rosout_disable_topics_generation] by /default_controllers_spawner
[rosmaster.master][INFO] 2025-12-04 21:54:33,819: +PUB [/wrist_ft] /gazebo http://127.0.0.1:46517/
[rosmaster.master][INFO] 2025-12-04 21:54:33,819: +PUB [/xtion/rgb/image_rect_color] /image_raw_to_rect_color_relay http://127.0.0.1:41753/
[rosmaster.master][INFO] 2025-12-04 21:54:33,822: +PUB [/wrist_ft_temperature] /gazebo http://127.0.0.1:46517/
[rosmaster.master][INFO] 2025-12-04 21:54:33,825: +CACHEDPARAM [/rosout_disable_topics_generation] by /image_raw_to_rect_color_relay
[rosmaster.master][INFO] 2025-12-04 21:54:33,829: +CACHEDPARAM [/rosout_disable_topics_generation] by /bringup_controllers_spawner_ft
[rosmaster.master][INFO] 2025-12-04 21:54:33,832: +CACHEDPARAM [/rosout_disable_topics_generation] by /bringup_controllers_spawner_imu
[rosmaster.master][INFO] 2025-12-04 21:54:33,841: +PUB [/tfs_14747000000] /tf_lookup http://127.0.0.1:40329/
[rosmaster.master][INFO] 2025-12-04 21:54:33,847: publisherUpdate[/joint_states] -> http://127.0.0.1:34537/ ['http://127.0.0.1:46517/']: sec=0.06, result=[1, '', 0]
[rosmaster.master][INFO] 2025-12-04 21:54:33,862: +SUB [/tfs_14747000000] /dynamic_footprint_publisher http://127.0.0.1:34199/
[rosmaster.master][INFO] 2025-12-04 21:54:33,873: +SUB [/head_controller/command] /gazebo http://127.0.0.1:46517/
[rosmaster.master][INFO] 2025-12-04 21:54:33,874: +PUB [/head_controller/state] /gazebo http://127.0.0.1:46517/
[rosmaster.master][INFO] 2025-12-04 21:54:33,877: +PUB [/head_controller/follow_joint_trajectory/result] /gazebo http://127.0.0.1:46517/
[rosmaster.master][INFO] 2025-12-04 21:54:33,878: +PUB [/head_controller/follow_joint_trajectory/feedback] /gazebo http://127.0.0.1:46517/
[rosmaster.master][INFO] 2025-12-04 21:54:33,878: +PUB [/head_controller/follow_joint_trajectory/status] /gazebo http://127.0.0.1:46517/
[rosmaster.master][INFO] 2025-12-04 21:54:33,882: +SUB [/head_controller/follow_joint_trajectory/goal] /gazebo http://127.0.0.1:46517/
[rosmaster.master][INFO] 2025-12-04 21:54:33,885: +SUB [/head_controller/follow_joint_trajectory/cancel] /gazebo http://127.0.0.1:46517/
[rosmaster.master][INFO] 2025-12-04 21:54:33,886: +SERVICE [/head_controller/query_state] /gazebo http://127.0.0.1:46517/
[rosmaster.master][INFO] 2025-12-04 21:54:33,897: +CACHEDPARAM [/rosout_disable_topics_generation] by /default_controllers_spawner
[rosmaster.master][INFO] 2025-12-04 21:54:33,897: +CACHEDPARAM [/rosout_disable_topics_generation] by /bringup_controllers_spawner_ft
[rosmaster.master][INFO] 2025-12-04 21:54:33,900: publisherUpdate[/head_controller/state] -> http://127.0.0.1:34099/ ['http://127.0.0.1:46517/']
[rosmaster.master][INFO] 2025-12-04 21:54:33,949: publisherUpdate[/head_controller/state] -> http://127.0.0.1:34099/ ['http://127.0.0.1:46517/']: sec=0.05, result=[1, '', 0]
[rosmaster.master][INFO] 2025-12-04 21:54:33,953: +SUB [/arm_controller/command] /gazebo http://127.0.0.1:46517/
[rosmaster.master][INFO] 2025-12-04 21:54:33,954: +PUB [/arm_controller/state] /gazebo http://127.0.0.1:46517/
[rosmaster.master][INFO] 2025-12-04 21:54:33,957: +PUB [/arm_controller/follow_joint_trajectory/result] /gazebo http://127.0.0.1:46517/
[rosmaster.master][INFO] 2025-12-04 21:54:33,958: +PUB [/arm_controller/follow_joint_trajectory/feedback] /gazebo http://127.0.0.1:46517/
[rosmaster.master][INFO] 2025-12-04 21:54:33,958: +PUB [/arm_controller/follow_joint_trajectory/status] /gazebo http://127.0.0.1:46517/
[rosmaster.master][INFO] 2025-12-04 21:54:33,962: +SUB [/arm_controller/follow_joint_trajectory/goal] /gazebo http://127.0.0.1:46517/
[rosmaster.master][INFO] 2025-12-04 21:54:33,965: +SUB [/arm_controller/follow_joint_trajectory/cancel] /gazebo http://127.0.0.1:46517/
[rosmaster.master][INFO] 2025-12-04 21:54:33,968: +SERVICE [/arm_controller/query_state] /gazebo http://127.0.0.1:46517/
[rosmaster.master][INFO] 2025-12-04 21:54:33,970: +CACHEDPARAM [/rosout_disable_topics_generation] by /default_controllers_spawner
[rosmaster.master][INFO] 2025-12-04 21:54:34,004: publisherUpdate[/arm_controller/follow_joint_trajectory/result] -> http://127.0.0.1:33721/ ['http://127.0.0.1:46517/']
[rosmaster.master][INFO] 2025-12-04 21:54:34,102: +SERVICE [/mobile_base_controller/set_parameters] /gazebo http://127.0.0.1:46517/
[rosmaster.master][INFO] 2025-12-04 21:54:34,105: +PUB [/mobile_base_controller/parameter_descriptions] /gazebo http://127.0.0.1:46517/
[rosmaster.master][INFO] 2025-12-04 21:54:34,107: +PUB [/mobile_base_controller/parameter_updates] /gazebo http://127.0.0.1:46517/
[rosmaster.master][INFO] 2025-12-04 21:54:34,115: +PARAM [/mobile_base_controller/wheel_separation_multiplier] by /gazebo
[rosmaster.master][INFO] 2025-12-04 21:54:34,116: +PARAM [/mobile_base_controller/axis_separation_multiplier] by /gazebo
[rosmaster.master][INFO] 2025-12-04 21:54:34,118: +PARAM [/mobile_base_controller/wheel_radius_multiplier] by /gazebo
[rosmaster.master][INFO] 2025-12-04 21:54:34,120: +PARAM [/mobile_base_controller/publish_rate] by /gazebo
[rosmaster.master][INFO] 2025-12-04 21:54:34,121: +PARAM [/mobile_base_controller/enable_odom_tf] by /gazebo
[rosmaster.master][INFO] 2025-12-04 21:54:34,125: +PARAM [/mobile_base_controller/wheel_separation_multiplier] by /gazebo
[rosmaster.master][INFO] 2025-12-04 21:54:34,127: +PARAM [/mobile_base_controller/axis_separation_multiplier] by /gazebo
[rosmaster.master][INFO] 2025-12-04 21:54:34,129: +PARAM [/mobile_base_controller/wheel_radius_multiplier] by /gazebo
[rosmaster.master][INFO] 2025-12-04 21:54:34,130: +PARAM [/mobile_base_controller/publish_rate] by /gazebo
[rosmaster.master][INFO] 2025-12-04 21:54:34,132: +PARAM [/mobile_base_controller/enable_odom_tf] by /gazebo
[rosmaster.master][INFO] 2025-12-04 21:54:34,134: +PARAM [/mobile_base_controller/wheel_separation_multiplier] by /gazebo
[rosmaster.master][INFO] 2025-12-04 21:54:34,135: +PARAM [/mobile_base_controller/axis_separation_multiplier] by /gazebo
[rosmaster.master][INFO] 2025-12-04 21:54:34,136: +PARAM [/mobile_base_controller/wheel_radius_multiplier] by /gazebo
[rosmaster.master][INFO] 2025-12-04 21:54:34,136: +PARAM [/mobile_base_controller/publish_rate] by /gazebo
[rosmaster.master][INFO] 2025-12-04 21:54:34,137: +PARAM [/mobile_base_controller/enable_odom_tf] by /gazebo
[rosmaster.master][INFO] 2025-12-04 21:54:34,140: +CACHEDPARAM [/rosout_disable_topics_generation] by /default_controllers_spawner
[rosmaster.master][INFO] 2025-12-04 21:54:34,148: +CACHEDPARAM [/rosout_disable_topics_generation] by /default_controllers_spawner
[rosmaster.master][INFO] 2025-12-04 21:54:34,149: publisherUpdate[/arm_controller/follow_joint_trajectory/result] -> http://127.0.0.1:33721/ ['http://127.0.0.1:46517/']: sec=0.15, result=[1, '', 0]
[rosmaster.master][INFO] 2025-12-04 21:54:34,150: publisherUpdate[/arm_controller/follow_joint_trajectory/feedback] -> http://127.0.0.1:33721/ ['http://127.0.0.1:46517/']
[rosmaster.master][INFO] 2025-12-04 21:54:34,151: publisherUpdate[/arm_controller/follow_joint_trajectory/feedback] -> http://127.0.0.1:33721/ ['http://127.0.0.1:46517/']: sec=0.00, result=[1, '', 0]
[rosmaster.master][INFO] 2025-12-04 21:54:34,152: publisherUpdate[/arm_controller/follow_joint_trajectory/status] -> http://127.0.0.1:33721/ ['http://127.0.0.1:46517/']
[rosmaster.master][INFO] 2025-12-04 21:54:34,153: publisherUpdate[/arm_controller/follow_joint_trajectory/status] -> http://127.0.0.1:33721/ ['http://127.0.0.1:46517/']: sec=0.00, result=[1, '', 0]
[rosmaster.master][INFO] 2025-12-04 21:54:34,544: +SUB [/torso_controller/follow_joint_trajectory/status] /move_group http://127.0.0.1:33721/
[rosmaster.master][INFO] 2025-12-04 21:54:34,550: +SUB [/torso_controller/follow_joint_trajectory/feedback] /move_group http://127.0.0.1:33721/
[rosmaster.master][INFO] 2025-12-04 21:54:34,555: +SUB [/torso_controller/follow_joint_trajectory/result] /move_group http://127.0.0.1:33721/
[rosmaster.master][INFO] 2025-12-04 21:54:34,556: +PUB [/torso_controller/follow_joint_trajectory/goal] /move_group http://127.0.0.1:33721/
[rosmaster.master][INFO] 2025-12-04 21:54:34,557: +PUB [/torso_controller/follow_joint_trajectory/cancel] /move_group http://127.0.0.1:33721/
[rosmaster.master][INFO] 2025-12-04 21:54:34,654: publisherUpdate[/torso_controller/follow_joint_trajectory/goal] -> http://127.0.0.1:46517/ ['http://127.0.0.1:33721/']
[rosmaster.master][INFO] 2025-12-04 21:54:35,046: publisherUpdate[/torso_controller/follow_joint_trajectory/goal] -> http://127.0.0.1:46517/ ['http://127.0.0.1:33721/']: sec=0.39, result=[1, '', 0]
[rosmaster.master][INFO] 2025-12-04 21:54:35,047: publisherUpdate[/torso_controller/follow_joint_trajectory/cancel] -> http://127.0.0.1:46517/ ['http://127.0.0.1:33721/']
[rosmaster.master][INFO] 2025-12-04 21:54:35,048: publisherUpdate[/torso_controller/follow_joint_trajectory/cancel] -> http://127.0.0.1:46517/ ['http://127.0.0.1:33721/']: sec=0.00, result=[1, '', 0]
[rosmaster.master][INFO] 2025-12-04 21:54:35,056: +CACHEDPARAM [/rosout_disable_topics_generation] by /home_gripper
[rosmaster.master][INFO] 2025-12-04 21:54:35,059: +SUB [/joint_states] /home_gripper http://127.0.0.1:39263/
[rosmaster.master][INFO] 2025-12-04 21:54:35,144: -SUB [/joint_states] /home_gripper http://127.0.0.1:39263/
[rosmaster.master][INFO] 2025-12-04 21:54:35,147: +CACHEDPARAM [/rosout_disable_topics_generation] by /home_gripper
[rosmaster.master][INFO] 2025-12-04 21:54:35,271: +SUB [/head_controller/follow_joint_trajectory/status] /move_group http://127.0.0.1:33721/
[rosmaster.master][INFO] 2025-12-04 21:54:35,275: +SUB [/head_controller/follow_joint_trajectory/feedback] /move_group http://127.0.0.1:33721/
[rosmaster.master][INFO] 2025-12-04 21:54:35,280: +SUB [/head_controller/follow_joint_trajectory/result] /move_group http://127.0.0.1:33721/
[rosmaster.master][INFO] 2025-12-04 21:54:35,281: +PUB [/head_controller/follow_joint_trajectory/goal] /move_group http://127.0.0.1:33721/
[rosmaster.master][INFO] 2025-12-04 21:54:35,282: +PUB [/head_controller/follow_joint_trajectory/cancel] /move_group http://127.0.0.1:33721/
[rosmaster.master][INFO] 2025-12-04 21:54:35,349: publisherUpdate[/head_controller/follow_joint_trajectory/goal] -> http://127.0.0.1:46517/ ['http://127.0.0.1:33721/']
[rosmaster.master][INFO] 2025-12-04 21:54:35,453: publisherUpdate[/head_controller/follow_joint_trajectory/goal] -> http://127.0.0.1:46517/ ['http://127.0.0.1:33721/']: sec=0.10, result=[1, '', 0]
[rosmaster.master][INFO] 2025-12-04 21:54:35,454: publisherUpdate[/head_controller/follow_joint_trajectory/cancel] -> http://127.0.0.1:46517/ ['http://127.0.0.1:33721/']
[rosmaster.master][INFO] 2025-12-04 21:54:35,455: publisherUpdate[/head_controller/follow_joint_trajectory/cancel] -> http://127.0.0.1:46517/ ['http://127.0.0.1:33721/']: sec=0.00, result=[1, '', 0]
[rosmaster.master][INFO] 2025-12-04 21:54:35,715: +SUB [/gripper_controller/follow_joint_trajectory/status] /move_group http://127.0.0.1:33721/
[rosmaster.master][INFO] 2025-12-04 21:54:35,719: +SUB [/gripper_controller/follow_joint_trajectory/feedback] /move_group http://127.0.0.1:33721/
[rosmaster.master][INFO] 2025-12-04 21:54:35,723: +SUB [/gripper_controller/follow_joint_trajectory/result] /move_group http://127.0.0.1:33721/
[rosmaster.master][INFO] 2025-12-04 21:54:35,724: +PUB [/gripper_controller/follow_joint_trajectory/goal] /move_group http://127.0.0.1:33721/
[rosmaster.master][INFO] 2025-12-04 21:54:35,725: +PUB [/gripper_controller/follow_joint_trajectory/cancel] /move_group http://127.0.0.1:33721/
[rosmaster.master][INFO] 2025-12-04 21:54:35,756: publisherUpdate[/gripper_controller/follow_joint_trajectory/goal] -> http://127.0.0.1:46517/ ['http://127.0.0.1:39263/', 'http://127.0.0.1:33721/']
[rosmaster.master][INFO] 2025-12-04 21:54:35,828: publisherUpdate[/gripper_controller/follow_joint_trajectory/goal] -> http://127.0.0.1:46517/ ['http://127.0.0.1:39263/', 'http://127.0.0.1:33721/']: sec=0.07, result=[1, '', 0]
[rosmaster.master][INFO] 2025-12-04 21:54:35,829: publisherUpdate[/gripper_controller/follow_joint_trajectory/cancel] -> http://127.0.0.1:46517/ ['http://127.0.0.1:39263/', 'http://127.0.0.1:33721/']
[rosmaster.master][INFO] 2025-12-04 21:54:35,943: publisherUpdate[/gripper_controller/follow_joint_trajectory/cancel] -> http://127.0.0.1:46517/ ['http://127.0.0.1:39263/', 'http://127.0.0.1:33721/']: sec=0.11, result=[1, '', 0]
[rosmaster.master][INFO] 2025-12-04 21:54:36,177: +SUB [/trajectory_execution_event] /move_group http://127.0.0.1:33721/
[rosmaster.master][INFO] 2025-12-04 21:54:36,178: +SERVICE [/move_group/trajectory_execution/set_parameters] /move_group http://127.0.0.1:33721/
[rosmaster.master][INFO] 2025-12-04 21:54:36,179: +PUB [/move_group/trajectory_execution/parameter_descriptions] /move_group http://127.0.0.1:33721/
[rosmaster.master][INFO] 2025-12-04 21:54:36,180: +PUB [/move_group/trajectory_execution/parameter_updates] /move_group http://127.0.0.1:33721/
[rosmaster.master][INFO] 2025-12-04 21:54:36,186: +PARAM [/move_group/trajectory_execution/execution_duration_monitoring] by /move_group
[rosmaster.master][INFO] 2025-12-04 21:54:36,188: +PARAM [/move_group/trajectory_execution/allowed_execution_duration_scaling] by /move_group
[rosmaster.master][INFO] 2025-12-04 21:54:36,189: +PARAM [/move_group/trajectory_execution/allowed_goal_duration_margin] by /move_group
[rosmaster.master][INFO] 2025-12-04 21:54:36,190: +PARAM [/move_group/trajectory_execution/execution_velocity_scaling] by /move_group
[rosmaster.master][INFO] 2025-12-04 21:54:36,191: +PARAM [/move_group/trajectory_execution/allowed_start_tolerance] by /move_group
[rosmaster.master][INFO] 2025-12-04 21:54:36,192: +PARAM [/move_group/trajectory_execution/wait_for_trajectory_completion] by /move_group
[rosmaster.master][INFO] 2025-12-04 21:54:36,193: +PARAM [/move_group/trajectory_execution/execution_duration_monitoring] by /move_group
[rosmaster.master][INFO] 2025-12-04 21:54:36,194: +PARAM [/move_group/trajectory_execution/allowed_execution_duration_scaling] by /move_group
[rosmaster.master][INFO] 2025-12-04 21:54:36,195: +PARAM [/move_group/trajectory_execution/allowed_goal_duration_margin] by /move_group
[rosmaster.master][INFO] 2025-12-04 21:54:36,196: +PARAM [/move_group/trajectory_execution/execution_velocity_scaling] by /move_group
[rosmaster.master][INFO] 2025-12-04 21:54:36,198: +PARAM [/move_group/trajectory_execution/allowed_start_tolerance] by /move_group
[rosmaster.master][INFO] 2025-12-04 21:54:36,199: +PARAM [/move_group/trajectory_execution/wait_for_trajectory_completion] by /move_group
[rosmaster.master][INFO] 2025-12-04 21:54:36,201: +SERVICE [/move_group/plan_execution/set_parameters] /move_group http://127.0.0.1:33721/
[rosmaster.master][INFO] 2025-12-04 21:54:36,203: +PUB [/move_group/plan_execution/parameter_descriptions] /move_group http://127.0.0.1:33721/
[rosmaster.master][INFO] 2025-12-04 21:54:36,204: +PUB [/move_group/plan_execution/parameter_updates] /move_group http://127.0.0.1:33721/
[rosmaster.master][INFO] 2025-12-04 21:54:36,206: +PARAM [/move_group/plan_execution/max_replan_attempts] by /move_group
[rosmaster.master][INFO] 2025-12-04 21:54:36,207: +PARAM [/move_group/plan_execution/record_trajectory_state_frequency] by /move_group
[rosmaster.master][INFO] 2025-12-04 21:54:36,208: +PARAM [/move_group/plan_execution/max_replan_attempts] by /move_group
[rosmaster.master][INFO] 2025-12-04 21:54:36,210: +PARAM [/move_group/plan_execution/record_trajectory_state_frequency] by /move_group
[rosmaster.master][INFO] 2025-12-04 21:54:36,212: +SERVICE [/move_group/sense_for_plan/set_parameters] /move_group http://127.0.0.1:33721/
[rosmaster.master][INFO] 2025-12-04 21:54:36,220: +PUB [/move_group/sense_for_plan/parameter_descriptions] /move_group http://127.0.0.1:33721/
[rosmaster.master][INFO] 2025-12-04 21:54:36,223: +PUB [/move_group/sense_for_plan/parameter_updates] /move_group http://127.0.0.1:33721/
[rosmaster.master][INFO] 2025-12-04 21:54:36,226: +PARAM [/move_group/sense_for_plan/max_safe_path_cost] by /move_group
[rosmaster.master][INFO] 2025-12-04 21:54:36,227: +PARAM [/move_group/sense_for_plan/max_look_attempts] by /move_group
[rosmaster.master][INFO] 2025-12-04 21:54:36,228: +PARAM [/move_group/sense_for_plan/max_cost_sources] by /move_group
[rosmaster.master][INFO] 2025-12-04 21:54:36,229: +PARAM [/move_group/sense_for_plan/discard_overlapping_cost_sources] by /move_group
[rosmaster.master][INFO] 2025-12-04 21:54:36,230: +PARAM [/move_group/sense_for_plan/max_safe_path_cost] by /move_group
[rosmaster.master][INFO] 2025-12-04 21:54:36,231: +PARAM [/move_group/sense_for_plan/max_look_attempts] by /move_group
[rosmaster.master][INFO] 2025-12-04 21:54:36,232: +PARAM [/move_group/sense_for_plan/max_cost_sources] by /move_group
[rosmaster.master][INFO] 2025-12-04 21:54:36,234: +PARAM [/move_group/sense_for_plan/discard_overlapping_cost_sources] by /move_group
[rosmaster.master][INFO] 2025-12-04 21:54:36,247: +SERVICE [/apply_planning_scene] /move_group http://127.0.0.1:33721/
[rosmaster.master][INFO] 2025-12-04 21:54:36,253: +SERVICE [/load_move_group_capabilities] /move_group http://127.0.0.1:33721/
[rosmaster.master][INFO] 2025-12-04 21:54:36,255: +SERVICE [/clear_octomap] /move_group http://127.0.0.1:33721/
[rosmaster.master][INFO] 2025-12-04 21:54:36,257: +SERVICE [/compute_cartesian_path] /move_group http://127.0.0.1:33721/
[rosmaster.master][INFO] 2025-12-04 21:54:36,260: +PUB [/execute_trajectory/result] /move_group http://127.0.0.1:33721/
[rosmaster.master][INFO] 2025-12-04 21:54:36,265: +PUB [/execute_trajectory/feedback] /move_group http://127.0.0.1:33721/
[rosmaster.master][INFO] 2025-12-04 21:54:36,269: +PUB [/execute_trajectory/status] /move_group http://127.0.0.1:33721/
[rosmaster.master][INFO] 2025-12-04 21:54:36,280: +SUB [/execute_trajectory/goal] /move_group http://127.0.0.1:33721/
[rosmaster.master][INFO] 2025-12-04 21:54:36,287: +SUB [/execute_trajectory/cancel] /move_group http://127.0.0.1:33721/
[rosmaster.master][INFO] 2025-12-04 21:54:36,291: +SERVICE [/get_planning_scene] /move_group http://127.0.0.1:33721/
[rosmaster.master][INFO] 2025-12-04 21:54:36,294: +SERVICE [/compute_fk] /move_group http://127.0.0.1:33721/
[rosmaster.master][INFO] 2025-12-04 21:54:36,295: +SERVICE [/compute_ik] /move_group http://127.0.0.1:33721/
[rosmaster.master][INFO] 2025-12-04 21:54:36,298: +PUB [/move_group/result] /move_group http://127.0.0.1:33721/
[rosmaster.master][INFO] 2025-12-04 21:54:36,299: +PUB [/move_group/feedback] /move_group http://127.0.0.1:33721/
[rosmaster.master][INFO] 2025-12-04 21:54:36,301: +PUB [/move_group/status] /move_group http://127.0.0.1:33721/
[rosmaster.master][INFO] 2025-12-04 21:54:36,306: +SUB [/move_group/goal] /move_group http://127.0.0.1:33721/
[rosmaster.master][INFO] 2025-12-04 21:54:36,315: +SUB [/move_group/cancel] /move_group http://127.0.0.1:33721/
[rosmaster.master][INFO] 2025-12-04 21:54:36,330: +PUB [/pickup/result] /move_group http://127.0.0.1:33721/
[rosmaster.master][INFO] 2025-12-04 21:54:36,332: +PUB [/pickup/feedback] /move_group http://127.0.0.1:33721/
[rosmaster.master][INFO] 2025-12-04 21:54:36,333: +PUB [/pickup/status] /move_group http://127.0.0.1:33721/
[rosmaster.master][INFO] 2025-12-04 21:54:36,344: publisherUpdate[/move_group/result] -> http://127.0.0.1:39587/ ['http://127.0.0.1:33721/']
[rosmaster.master][INFO] 2025-12-04 21:54:36,350: +SUB [/pickup/goal] /move_group http://127.0.0.1:33721/
[rosmaster.master][INFO] 2025-12-04 21:54:36,355: +SUB [/pickup/cancel] /move_group http://127.0.0.1:33721/
[rosmaster.master][INFO] 2025-12-04 21:54:36,357: +PUB [/place/result] /move_group http://127.0.0.1:33721/
[rosmaster.master][INFO] 2025-12-04 21:54:36,359: +PUB [/place/feedback] /move_group http://127.0.0.1:33721/
[rosmaster.master][INFO] 2025-12-04 21:54:36,361: +PUB [/place/status] /move_group http://127.0.0.1:33721/
[rosmaster.master][INFO] 2025-12-04 21:54:36,373: +SUB [/place/goal] /move_group http://127.0.0.1:33721/
[rosmaster.master][INFO] 2025-12-04 21:54:36,379: +SUB [/place/cancel] /move_group http://127.0.0.1:33721/
[rosmaster.master][INFO] 2025-12-04 21:54:36,380: +SERVICE [/plan_kinematic_path] /move_group http://127.0.0.1:33721/
[rosmaster.master][INFO] 2025-12-04 21:54:36,382: +SERVICE [/query_planner_interface] /move_group http://127.0.0.1:33721/
[rosmaster.master][INFO] 2025-12-04 21:54:36,383: +SERVICE [/get_planner_params] /move_group http://127.0.0.1:33721/
[rosmaster.master][INFO] 2025-12-04 21:54:36,384: +SERVICE [/set_planner_params] /move_group http://127.0.0.1:33721/
[rosmaster.master][INFO] 2025-12-04 21:54:36,385: +SERVICE [/check_state_validity] /move_group http://127.0.0.1:33721/
[rosmaster.master][INFO] 2025-12-04 21:54:36,433: publisherUpdate[/move_group/result] -> http://127.0.0.1:39587/ ['http://127.0.0.1:33721/']: sec=0.09, result=[1, '', 0]
[rosmaster.master][INFO] 2025-12-04 21:54:36,433: publisherUpdate[/move_group/feedback] -> http://127.0.0.1:39587/ ['http://127.0.0.1:33721/']
[rosmaster.master][INFO] 2025-12-04 21:54:36,435: publisherUpdate[/move_group/feedback] -> http://127.0.0.1:39587/ ['http://127.0.0.1:33721/']: sec=0.00, result=[1, '', 0]
[rosmaster.master][INFO] 2025-12-04 21:54:36,435: publisherUpdate[/move_group/status] -> http://127.0.0.1:39587/ ['http://127.0.0.1:33721/']
[rosmaster.master][INFO] 2025-12-04 21:54:36,438: publisherUpdate[/move_group/status] -> http://127.0.0.1:39587/ ['http://127.0.0.1:33721/']: sec=0.00, result=[1, '', 0]
[rosmaster.master][INFO] 2025-12-04 21:54:36,729: +SUB [/pickup/status] /play_motion http://127.0.0.1:39587/
[rosmaster.master][INFO] 2025-12-04 21:54:36,734: +SUB [/pickup/feedback] /play_motion http://127.0.0.1:39587/
[rosmaster.master][INFO] 2025-12-04 21:54:36,738: +SUB [/pickup/result] /play_motion http://127.0.0.1:39587/
[rosmaster.master][INFO] 2025-12-04 21:54:36,739: +PUB [/pickup/goal] /play_motion http://127.0.0.1:39587/
[rosmaster.master][INFO] 2025-12-04 21:54:36,740: +PUB [/pickup/cancel] /play_motion http://127.0.0.1:39587/
[rosmaster.master][INFO] 2025-12-04 21:54:36,741: publisherUpdate[/pickup/goal] -> http://127.0.0.1:33721/ ['http://127.0.0.1:39587/']
[rosmaster.master][INFO] 2025-12-04 21:54:36,846: publisherUpdate[/pickup/goal] -> http://127.0.0.1:33721/ ['http://127.0.0.1:39587/']: sec=0.11, result=[1, '', 0]
[rosmaster.master][INFO] 2025-12-04 21:54:36,847: publisherUpdate[/pickup/cancel] -> http://127.0.0.1:33721/ ['http://127.0.0.1:39587/']
[rosmaster.master][INFO] 2025-12-04 21:54:36,906: publisherUpdate[/pickup/cancel] -> http://127.0.0.1:33721/ ['http://127.0.0.1:39587/']: sec=0.06, result=[1, '', 0]
[rosmaster.master][INFO] 2025-12-04 21:54:37,067: +SUB [/place/status] /play_motion http://127.0.0.1:39587/
[rosmaster.master][INFO] 2025-12-04 21:54:37,072: +SUB [/place/feedback] /play_motion http://127.0.0.1:39587/
[rosmaster.master][INFO] 2025-12-04 21:54:37,076: +SUB [/place/result] /play_motion http://127.0.0.1:39587/
[rosmaster.master][INFO] 2025-12-04 21:54:37,077: +PUB [/place/goal] /play_motion http://127.0.0.1:39587/
[rosmaster.master][INFO] 2025-12-04 21:54:37,079: +PUB [/place/cancel] /play_motion http://127.0.0.1:39587/
[rosmaster.master][INFO] 2025-12-04 21:54:37,107: publisherUpdate[/place/goal] -> http://127.0.0.1:33721/ ['http://127.0.0.1:39587/']
[rosmaster.master][INFO] 2025-12-04 21:54:37,183: publisherUpdate[/place/goal] -> http://127.0.0.1:33721/ ['http://127.0.0.1:39587/']: sec=0.08, result=[1, '', 0]
[rosmaster.master][INFO] 2025-12-04 21:54:37,184: publisherUpdate[/place/cancel] -> http://127.0.0.1:33721/ ['http://127.0.0.1:39587/']
[rosmaster.master][INFO] 2025-12-04 21:54:37,244: publisherUpdate[/place/cancel] -> http://127.0.0.1:33721/ ['http://127.0.0.1:39587/']: sec=0.06, result=[1, '', 0]
[rosmaster.master][INFO] 2025-12-04 21:54:37,408: +SUB [/execute_trajectory/status] /play_motion http://127.0.0.1:39587/
[rosmaster.master][INFO] 2025-12-04 21:54:37,409: +CACHEDPARAM [/rosout_disable_topics_generation] by /home_gripper
[rosmaster.master][INFO] 2025-12-04 21:54:37,412: -SUB [/clock] /home_gripper http://127.0.0.1:39263/
[rosmaster.master][INFO] 2025-12-04 21:54:37,413: +SUB [/execute_trajectory/feedback] /play_motion http://127.0.0.1:39587/
[rosmaster.master][INFO] 2025-12-04 21:54:37,413: -SUB [/gripper_controller/follow_joint_trajectory/status] /home_gripper http://127.0.0.1:39263/
[rosmaster.master][INFO] 2025-12-04 21:54:37,413: -SUB [/gripper_controller/follow_joint_trajectory/result] /home_gripper http://127.0.0.1:39263/
[rosmaster.master][INFO] 2025-12-04 21:54:37,413: -SUB [/gripper_controller/follow_joint_trajectory/feedback] /home_gripper http://127.0.0.1:39263/
[rosmaster.master][INFO] 2025-12-04 21:54:37,413: -PUB [/rosout] /home_gripper http://127.0.0.1:39263/
[rosmaster.master][INFO] 2025-12-04 21:54:37,413: -PUB [/gripper_controller/follow_joint_trajectory/goal] /home_gripper http://127.0.0.1:39263/
[rosmaster.master][INFO] 2025-12-04 21:54:37,414: -PUB [/gripper_controller/follow_joint_trajectory/cancel] /home_gripper http://127.0.0.1:39263/
[rosmaster.master][INFO] 2025-12-04 21:54:37,414: -SERVICE [/home_gripper/get_loggers] /home_gripper rosrpc://127.0.0.1:45837
[rosmaster.master][INFO] 2025-12-04 21:54:37,414: -SERVICE [/home_gripper/set_logger_level] /home_gripper rosrpc://127.0.0.1:45837
[rosmaster.master][INFO] 2025-12-04 21:54:37,418: +SUB [/execute_trajectory/result] /play_motion http://127.0.0.1:39587/
[rosmaster.master][INFO] 2025-12-04 21:54:37,421: +PUB [/execute_trajectory/goal] /play_motion http://127.0.0.1:39587/
[rosmaster.master][INFO] 2025-12-04 21:54:37,430: +PUB [/execute_trajectory/cancel] /play_motion http://127.0.0.1:39587/
[rosmaster.master][INFO] 2025-12-04 21:54:37,444: publisherUpdate[/rosout] -> http://127.0.0.1:37845/ ['http://127.0.0.1:34099/', 'http://127.0.0.1:34537/', 'http://127.0.0.1:33721/', 'http://127.0.0.1:40329/', 'http://127.0.0.1:35099/', 'http://127.0.0.1:39587/', 'http://127.0.0.1:38211/', 'http://127.0.0.1:41753/', 'http://127.0.0.1:34465/', 'http://127.0.0.1:36043/', 'http://127.0.0.1:35305/', 'http://127.0.0.1:37317/', 'http://127.0.0.1:34199/', 'http://127.0.0.1:43457/', 'http://127.0.0.1:46517/', 'http://127.0.0.1:43091/', 'http://127.0.0.1:39507/', 'http://127.0.0.1:41027/', 'http://127.0.0.1:38885/']
[rosmaster.master][INFO] 2025-12-04 21:54:37,447: publisherUpdate[/rosout] -> http://127.0.0.1:37845/ ['http://127.0.0.1:34099/', 'http://127.0.0.1:34537/', 'http://127.0.0.1:33721/', 'http://127.0.0.1:40329/', 'http://127.0.0.1:35099/', 'http://127.0.0.1:39587/', 'http://127.0.0.1:38211/', 'http://127.0.0.1:41753/', 'http://127.0.0.1:34465/', 'http://127.0.0.1:36043/', 'http://127.0.0.1:35305/', 'http://127.0.0.1:37317/', 'http://127.0.0.1:34199/', 'http://127.0.0.1:43457/', 'http://127.0.0.1:46517/', 'http://127.0.0.1:43091/', 'http://127.0.0.1:39507/', 'http://127.0.0.1:41027/', 'http://127.0.0.1:38885/']: sec=0.00, result=[1, '', 0]
[rosmaster.master][INFO] 2025-12-04 21:54:37,447: publisherUpdate[/gripper_controller/follow_joint_trajectory/goal] -> http://127.0.0.1:46517/ ['http://127.0.0.1:33721/']
[rosmaster.master][INFO] 2025-12-04 21:54:37,449: publisherUpdate[/gripper_controller/follow_joint_trajectory/goal] -> http://127.0.0.1:46517/ ['http://127.0.0.1:33721/']: sec=0.00, result=[1, '', 0]
[rosmaster.master][INFO] 2025-12-04 21:54:37,449: publisherUpdate[/gripper_controller/follow_joint_trajectory/cancel] -> http://127.0.0.1:46517/ ['http://127.0.0.1:33721/']
[rosmaster.master][INFO] 2025-12-04 21:54:37,450: publisherUpdate[/gripper_controller/follow_joint_trajectory/cancel] -> http://127.0.0.1:46517/ ['http://127.0.0.1:33721/']: sec=0.00, result=[1, '', 0]
[rosmaster.master][INFO] 2025-12-04 21:54:37,450: publisherUpdate[/execute_trajectory/goal] -> http://127.0.0.1:33721/ ['http://127.0.0.1:39587/']
[rosmaster.master][INFO] 2025-12-04 21:54:37,529: publisherUpdate[/execute_trajectory/goal] -> http://127.0.0.1:33721/ ['http://127.0.0.1:39587/']: sec=0.08, result=[1, '', 0]
[rosmaster.master][INFO] 2025-12-04 21:54:37,529: publisherUpdate[/execute_trajectory/cancel] -> http://127.0.0.1:33721/ ['http://127.0.0.1:39587/']
[rosmaster.master][INFO] 2025-12-04 21:54:37,587: publisherUpdate[/execute_trajectory/cancel] -> http://127.0.0.1:33721/ ['http://127.0.0.1:39587/']: sec=0.06, result=[1, '', 0]
[rosmaster.master][INFO] 2025-12-04 21:54:38,053: +PUB [/play_motion/result] /play_motion http://127.0.0.1:39587/
[rosmaster.master][INFO] 2025-12-04 21:54:38,053: +PUB [/play_motion/feedback] /play_motion http://127.0.0.1:39587/
[rosmaster.master][INFO] 2025-12-04 21:54:38,054: +PUB [/play_motion/status] /play_motion http://127.0.0.1:39587/
[rosmaster.master][INFO] 2025-12-04 21:54:38,058: +SUB [/play_motion/goal] /play_motion http://127.0.0.1:39587/
[rosmaster.master][INFO] 2025-12-04 21:54:38,061: +SUB [/play_motion/cancel] /play_motion http://127.0.0.1:39587/
[rosmaster.master][INFO] 2025-12-04 21:54:38,062: +SERVICE [/play_motion/list_motions] /play_motion http://127.0.0.1:39587/
[rosmaster.master][INFO] 2025-12-04 21:54:38,063: publisherUpdate[/play_motion/result] -> http://127.0.0.1:43457/ ['http://127.0.0.1:39587/']
[rosmaster.master][INFO] 2025-12-04 21:54:38,063: +PUB [/diagnostics] /play_motion http://127.0.0.1:39587/
[rosmaster.master][INFO] 2025-12-04 21:54:38,066: publisherUpdate[/play_motion/result] -> http://127.0.0.1:43457/ ['http://127.0.0.1:39587/']: sec=0.00, result=[1, '', 0]
[rosmaster.master][INFO] 2025-12-04 21:54:38,067: publisherUpdate[/play_motion/feedback] -> http://127.0.0.1:43457/ ['http://127.0.0.1:39587/']
[rosmaster.master][INFO] 2025-12-04 21:54:38,070: publisherUpdate[/play_motion/feedback] -> http://127.0.0.1:43457/ ['http://127.0.0.1:39587/']: sec=0.00, result=[1, '', 0]
[rosmaster.master][INFO] 2025-12-04 21:54:38,071: publisherUpdate[/play_motion/status] -> http://127.0.0.1:43457/ ['http://127.0.0.1:39587/']
[rosmaster.master][INFO] 2025-12-04 21:54:38,071: +SUB [/arm_controller/follow_joint_trajectory/status] /play_motion http://127.0.0.1:39587/
[rosmaster.master][INFO] 2025-12-04 21:54:38,073: publisherUpdate[/play_motion/status] -> http://127.0.0.1:43457/ ['http://127.0.0.1:39587/']: sec=0.00, result=[1, '', 0]
[rosmaster.master][INFO] 2025-12-04 21:54:38,076: +SUB [/arm_controller/follow_joint_trajectory/feedback] /play_motion http://127.0.0.1:39587/
[rosmaster.master][INFO] 2025-12-04 21:54:38,079: +SUB [/arm_controller/follow_joint_trajectory/result] /play_motion http://127.0.0.1:39587/
[rosmaster.master][INFO] 2025-12-04 21:54:38,080: +PUB [/arm_controller/follow_joint_trajectory/goal] /play_motion http://127.0.0.1:39587/
[rosmaster.master][INFO] 2025-12-04 21:54:38,082: +PUB [/arm_controller/follow_joint_trajectory/cancel] /play_motion http://127.0.0.1:39587/
[rosmaster.master][INFO] 2025-12-04 21:54:38,087: +SUB [/gripper_controller/follow_joint_trajectory/status] /play_motion http://127.0.0.1:39587/
[rosmaster.master][INFO] 2025-12-04 21:54:38,090: publisherUpdate[/arm_controller/follow_joint_trajectory/goal] -> http://127.0.0.1:46517/ ['http://127.0.0.1:33721/', 'http://127.0.0.1:39587/']
[rosmaster.master][INFO] 2025-12-04 21:54:38,090: +SUB [/gripper_controller/follow_joint_trajectory/feedback] /play_motion http://127.0.0.1:39587/
[rosmaster.master][INFO] 2025-12-04 21:54:38,094: +SUB [/gripper_controller/follow_joint_trajectory/result] /play_motion http://127.0.0.1:39587/
[rosmaster.master][INFO] 2025-12-04 21:54:38,095: +PUB [/gripper_controller/follow_joint_trajectory/goal] /play_motion http://127.0.0.1:39587/
[rosmaster.master][INFO] 2025-12-04 21:54:38,096: +PUB [/gripper_controller/follow_joint_trajectory/cancel] /play_motion http://127.0.0.1:39587/
[rosmaster.master][INFO] 2025-12-04 21:54:38,100: +SUB [/head_controller/follow_joint_trajectory/status] /play_motion http://127.0.0.1:39587/
[rosmaster.master][INFO] 2025-12-04 21:54:38,105: +SUB [/head_controller/follow_joint_trajectory/feedback] /play_motion http://127.0.0.1:39587/
[rosmaster.master][INFO] 2025-12-04 21:54:38,109: +SUB [/head_controller/follow_joint_trajectory/result] /play_motion http://127.0.0.1:39587/
[rosmaster.master][INFO] 2025-12-04 21:54:38,110: +PUB [/head_controller/follow_joint_trajectory/goal] /play_motion http://127.0.0.1:39587/
[rosmaster.master][INFO] 2025-12-04 21:54:38,111: +PUB [/head_controller/follow_joint_trajectory/cancel] /play_motion http://127.0.0.1:39587/
[rosmaster.master][INFO] 2025-12-04 21:54:38,115: +SUB [/torso_controller/follow_joint_trajectory/status] /play_motion http://127.0.0.1:39587/
[rosmaster.master][INFO] 2025-12-04 21:54:38,118: +SUB [/torso_controller/follow_joint_trajectory/feedback] /play_motion http://127.0.0.1:39587/
[rosmaster.master][INFO] 2025-12-04 21:54:38,122: +SUB [/torso_controller/follow_joint_trajectory/result] /play_motion http://127.0.0.1:39587/
[rosmaster.master][INFO] 2025-12-04 21:54:38,124: +PUB [/torso_controller/follow_joint_trajectory/goal] /play_motion http://127.0.0.1:39587/
[rosmaster.master][INFO] 2025-12-04 21:54:38,125: +PUB [/torso_controller/follow_joint_trajectory/cancel] /play_motion http://127.0.0.1:39587/
[rosmaster.master][INFO] 2025-12-04 21:54:38,193: publisherUpdate[/arm_controller/follow_joint_trajectory/goal] -> http://127.0.0.1:46517/ ['http://127.0.0.1:33721/', 'http://127.0.0.1:39587/']: sec=0.10, result=[1, '', 0]
[rosmaster.master][INFO] 2025-12-04 21:54:38,193: publisherUpdate[/arm_controller/follow_joint_trajectory/cancel] -> http://127.0.0.1:46517/ ['http://127.0.0.1:33721/', 'http://127.0.0.1:39587/']
[rosmaster.master][INFO] 2025-12-04 21:54:38,315: publisherUpdate[/arm_controller/follow_joint_trajectory/cancel] -> http://127.0.0.1:46517/ ['http://127.0.0.1:33721/', 'http://127.0.0.1:39587/']: sec=0.12, result=[1, '', 0]
[rosmaster.master][INFO] 2025-12-04 21:54:38,315: publisherUpdate[/gripper_controller/follow_joint_trajectory/goal] -> http://127.0.0.1:46517/ ['http://127.0.0.1:33721/', 'http://127.0.0.1:39587/']
[rosmaster.master][INFO] 2025-12-04 21:54:38,428: publisherUpdate[/gripper_controller/follow_joint_trajectory/goal] -> http://127.0.0.1:46517/ ['http://127.0.0.1:33721/', 'http://127.0.0.1:39587/']: sec=0.11, result=[1, '', 0]
[rosmaster.master][INFO] 2025-12-04 21:54:38,428: publisherUpdate[/gripper_controller/follow_joint_trajectory/cancel] -> http://127.0.0.1:46517/ ['http://127.0.0.1:33721/', 'http://127.0.0.1:39587/']
[rosmaster.master][INFO] 2025-12-04 21:54:38,487: publisherUpdate[/gripper_controller/follow_joint_trajectory/cancel] -> http://127.0.0.1:46517/ ['http://127.0.0.1:33721/', 'http://127.0.0.1:39587/']: sec=0.06, result=[1, '', 0]
[rosmaster.master][INFO] 2025-12-04 21:54:38,487: publisherUpdate[/head_controller/follow_joint_trajectory/goal] -> http://127.0.0.1:46517/ ['http://127.0.0.1:33721/', 'http://127.0.0.1:39587/']
[rosmaster.master][INFO] 2025-12-04 21:54:38,488: publisherUpdate[/head_controller/follow_joint_trajectory/goal] -> http://127.0.0.1:46517/ ['http://127.0.0.1:33721/', 'http://127.0.0.1:39587/']: sec=0.00, result=[1, '', 0]
[rosmaster.master][INFO] 2025-12-04 21:54:38,489: publisherUpdate[/head_controller/follow_joint_trajectory/cancel] -> http://127.0.0.1:46517/ ['http://127.0.0.1:33721/', 'http://127.0.0.1:39587/']
[rosmaster.master][INFO] 2025-12-04 21:54:38,490: publisherUpdate[/head_controller/follow_joint_trajectory/cancel] -> http://127.0.0.1:46517/ ['http://127.0.0.1:33721/', 'http://127.0.0.1:39587/']: sec=0.00, result=[1, '', 0]
[rosmaster.master][INFO] 2025-12-04 21:54:38,490: publisherUpdate[/torso_controller/follow_joint_trajectory/goal] -> http://127.0.0.1:46517/ ['http://127.0.0.1:33721/', 'http://127.0.0.1:39587/']
[rosmaster.master][INFO] 2025-12-04 21:54:38,491: publisherUpdate[/torso_controller/follow_joint_trajectory/goal] -> http://127.0.0.1:46517/ ['http://127.0.0.1:33721/', 'http://127.0.0.1:39587/']: sec=0.00, result=[1, '', 0]
[rosmaster.master][INFO] 2025-12-04 21:54:38,491: publisherUpdate[/torso_controller/follow_joint_trajectory/cancel] -> http://127.0.0.1:46517/ ['http://127.0.0.1:33721/', 'http://127.0.0.1:39587/']
[rosmaster.master][INFO] 2025-12-04 21:54:38,492: publisherUpdate[/torso_controller/follow_joint_trajectory/cancel] -> http://127.0.0.1:46517/ ['http://127.0.0.1:33721/', 'http://127.0.0.1:39587/']: sec=0.00, result=[1, '', 0]
[rosmaster.master][INFO] 2025-12-04 21:54:38,503: +CACHEDPARAM [/rosout_disable_topics_generation] by /tuck_arm
[rosmaster.master][INFO] 2025-12-04 21:54:38,507: +SUB [/joint_states] /tuck_arm http://127.0.0.1:43457/
[rosmaster.master][INFO] 2025-12-04 21:54:38,603: -SUB [/joint_states] /tuck_arm http://127.0.0.1:43457/
[rosmaster.master][INFO] 2025-12-04 21:54:41,651: +CACHEDPARAM [/rosout_disable_topics_generation] by /tuck_arm
[rosmaster.master][INFO] 2025-12-04 21:54:41,656: +CACHEDPARAM [/play_motion/motions/home] by /play_motion
[rosmaster.master][INFO] 2025-12-04 21:54:51,794: +CACHEDPARAM [/rosout_disable_topics_generation] by /tuck_arm
[rosmaster.master][INFO] 2025-12-04 21:54:51,797: -SUB [/clock] /tuck_arm http://127.0.0.1:43457/
[rosmaster.master][INFO] 2025-12-04 21:54:51,798: -SUB [/play_motion/status] /tuck_arm http://127.0.0.1:43457/
[rosmaster.master][INFO] 2025-12-04 21:54:51,798: -SUB [/play_motion/result] /tuck_arm http://127.0.0.1:43457/
[rosmaster.master][INFO] 2025-12-04 21:54:51,798: -SUB [/play_motion/feedback] /tuck_arm http://127.0.0.1:43457/
[rosmaster.master][INFO] 2025-12-04 21:54:51,798: -PUB [/rosout] /tuck_arm http://127.0.0.1:43457/
[rosmaster.master][INFO] 2025-12-04 21:54:51,798: -PUB [/play_motion/goal] /tuck_arm http://127.0.0.1:43457/
[rosmaster.master][INFO] 2025-12-04 21:54:51,798: -PUB [/play_motion/cancel] /tuck_arm http://127.0.0.1:43457/
[rosmaster.master][INFO] 2025-12-04 21:54:51,799: -SERVICE [/tuck_arm/get_loggers] /tuck_arm rosrpc://127.0.0.1:41405
[rosmaster.master][INFO] 2025-12-04 21:54:51,799: -SERVICE [/tuck_arm/set_logger_level] /tuck_arm rosrpc://127.0.0.1:41405
[rosmaster.master][INFO] 2025-12-04 21:54:51,799: publisherUpdate[/rosout] -> http://127.0.0.1:37845/ ['http://127.0.0.1:34099/', 'http://127.0.0.1:34537/', 'http://127.0.0.1:33721/', 'http://127.0.0.1:40329/', 'http://127.0.0.1:35099/', 'http://127.0.0.1:39587/', 'http://127.0.0.1:38211/', 'http://127.0.0.1:41753/', 'http://127.0.0.1:34465/', 'http://127.0.0.1:36043/', 'http://127.0.0.1:35305/', 'http://127.0.0.1:37317/', 'http://127.0.0.1:34199/', 'http://127.0.0.1:46517/', 'http://127.0.0.1:43091/', 'http://127.0.0.1:39507/', 'http://127.0.0.1:41027/', 'http://127.0.0.1:38885/']
[rosmaster.master][INFO] 2025-12-04 21:54:51,801: publisherUpdate[/rosout] -> http://127.0.0.1:37845/ ['http://127.0.0.1:34099/', 'http://127.0.0.1:34537/', 'http://127.0.0.1:33721/', 'http://127.0.0.1:40329/', 'http://127.0.0.1:35099/', 'http://127.0.0.1:39587/', 'http://127.0.0.1:38211/', 'http://127.0.0.1:41753/', 'http://127.0.0.1:34465/', 'http://127.0.0.1:36043/', 'http://127.0.0.1:35305/', 'http://127.0.0.1:37317/', 'http://127.0.0.1:34199/', 'http://127.0.0.1:46517/', 'http://127.0.0.1:43091/', 'http://127.0.0.1:39507/', 'http://127.0.0.1:41027/', 'http://127.0.0.1:38885/']: sec=0.00, result=[1, '', 0]
[rosmaster.master][INFO] 2025-12-04 21:54:51,801: publisherUpdate[/play_motion/goal] -> http://127.0.0.1:39587/ []
[rosmaster.master][INFO] 2025-12-04 21:54:51,802: publisherUpdate[/play_motion/goal] -> http://127.0.0.1:39587/ []: sec=0.00, result=[1, '', 0]
[rosmaster.master][INFO] 2025-12-04 21:54:51,802: publisherUpdate[/play_motion/cancel] -> http://127.0.0.1:39587/ []
[rosmaster.master][INFO] 2025-12-04 21:54:51,803: publisherUpdate[/play_motion/cancel] -> http://127.0.0.1:39587/ []: sec=0.00, result=[1, '', 0]
[rosmaster.master][INFO] 2025-12-04 21:55:06,387: +PARAM [/roslaunch/uris/host_127_0_0_1__46845] by /roslaunch
[rosmaster.master][INFO] 2025-12-04 21:55:06,394: +PARAM [/rosversion] by /roslaunch
[rosmaster.master][INFO] 2025-12-04 21:55:06,394: +PARAM [/rosdistro] by /roslaunch
[rosmaster.master][INFO] 2025-12-04 21:55:06,395: +PARAM [/image_processing_node/detection_model] by /roslaunch
[rosmaster.master][INFO] 2025-12-04 21:55:06,396: +PARAM [/image_processing_node/confidence_threshold] by /roslaunch
[rosmaster.master][INFO] 2025-12-04 21:55:06,396: +PARAM [/image_processing_node/images_dir] by /roslaunch
[rosmaster.master][INFO] 2025-12-04 21:55:06,398: +PARAM [/image_processing_node/results_dir] by /roslaunch
[rosmaster.master][INFO] 2025-12-04 21:55:06,399: +PARAM [/image_processing_node/camera_topic] by /roslaunch
[rosmaster.master][INFO] 2025-12-04 21:55:06,400: +PARAM [/image_processing_node/camera_frame_id] by /roslaunch
[rosmaster.master][INFO] 2025-12-04 22:01:13,566: +PARAM [/roslaunch/uris/host_127_0_0_1__38967] by /roslaunch
[rosmaster.master][INFO] 2025-12-04 22:01:13,573: +PARAM [/rosversion] by /roslaunch
[rosmaster.master][INFO] 2025-12-04 22:01:13,573: +PARAM [/rosdistro] by /roslaunch
[rosmaster.master][INFO] 2025-12-04 22:01:13,573: +PARAM [/image_processing_node/detection_model] by /roslaunch
[rosmaster.master][INFO] 2025-12-04 22:01:13,573: +PARAM [/image_processing_node/confidence_threshold] by /roslaunch
[rosmaster.master][INFO] 2025-12-04 22:01:13,573: +PARAM [/image_processing_node/images_dir] by /roslaunch
[rosmaster.master][INFO] 2025-12-04 22:01:13,573: +PARAM [/image_processing_node/results_dir] by /roslaunch
[rosmaster.master][INFO] 2025-12-04 22:01:13,574: +PARAM [/image_processing_node/camera_topic] by /roslaunch
[rosmaster.master][INFO] 2025-12-04 22:01:13,574: +PARAM [/image_processing_node/camera_frame_id] by /roslaunch
[rosmaster.master][INFO] 2025-12-04 22:01:17,434: +PUB [/rosout] /image_processing_node http://127.0.0.1:36225/
[rosmaster.master][INFO] 2025-12-04 22:01:17,438: +SUB [/clock] /image_processing_node http://127.0.0.1:36225/
[rosmaster.master][INFO] 2025-12-04 22:01:17,441: +SERVICE [/image_processing_node/get_loggers] /image_processing_node http://127.0.0.1:36225/
[rosmaster.master][INFO] 2025-12-04 22:01:17,443: +SERVICE [/image_processing_node/set_logger_level] /image_processing_node http://127.0.0.1:36225/
[rosmaster.master][INFO] 2025-12-04 22:01:17,445: +CACHEDPARAM [/rosout_disable_topics_generation] by /image_processing_node
[rosmaster.master][INFO] 2025-12-04 22:01:17,455: +CACHEDPARAM [/rosout_disable_topics_generation] by /image_processing_node
[rosmaster.master][INFO] 2025-12-04 22:01:17,457: publisherUpdate[/rosout] -> http://127.0.0.1:37845/ ['http://127.0.0.1:34099/', 'http://127.0.0.1:34537/', 'http://127.0.0.1:33721/', 'http://127.0.0.1:40329/', 'http://127.0.0.1:35099/', 'http://127.0.0.1:39587/', 'http://127.0.0.1:38211/', 'http://127.0.0.1:41753/', 'http://127.0.0.1:34465/', 'http://127.0.0.1:36043/', 'http://127.0.0.1:35305/', 'http://127.0.0.1:37317/', 'http://127.0.0.1:34199/', 'http://127.0.0.1:46517/', 'http://127.0.0.1:43091/', 'http://127.0.0.1:39507/', 'http://127.0.0.1:41027/', 'http://127.0.0.1:38885/', 'http://127.0.0.1:36225/']
[rosmaster.master][INFO] 2025-12-04 22:01:17,459: +CACHEDPARAM [/rosout_disable_topics_generation] by /image_processing_node
[rosmaster.master][INFO] 2025-12-04 22:01:17,460: publisherUpdate[/rosout] -> http://127.0.0.1:37845/ ['http://127.0.0.1:34099/', 'http://127.0.0.1:34537/', 'http://127.0.0.1:33721/', 'http://127.0.0.1:40329/', 'http://127.0.0.1:35099/', 'http://127.0.0.1:39587/', 'http://127.0.0.1:38211/', 'http://127.0.0.1:41753/', 'http://127.0.0.1:34465/', 'http://127.0.0.1:36043/', 'http://127.0.0.1:35305/', 'http://127.0.0.1:37317/', 'http://127.0.0.1:34199/', 'http://127.0.0.1:46517/', 'http://127.0.0.1:43091/', 'http://127.0.0.1:39507/', 'http://127.0.0.1:41027/', 'http://127.0.0.1:38885/', 'http://127.0.0.1:36225/']: sec=0.00, result=[1, '', 0]
[rosmaster.master][INFO] 2025-12-04 22:01:17,464: +CACHEDPARAM [/rosout_disable_topics_generation] by /image_processing_node
[rosmaster.master][INFO] 2025-12-04 22:01:20,902: +CACHEDPARAM [/rosout_disable_topics_generation] by /image_processing_node
[rosmaster.master][INFO] 2025-12-04 22:01:20,904: +CACHEDPARAM [/rosout_disable_topics_generation] by /image_processing_node
[rosmaster.master][INFO] 2025-12-04 22:01:20,906: +CACHEDPARAM [/rosout_disable_topics_generation] by /image_processing_node
[rosmaster.master][INFO] 2025-12-04 22:02:05,517: +CACHEDPARAM [/rosout_disable_topics_generation] by /image_processing_node
[rosmaster.master][INFO] 2025-12-04 22:02:05,521: +CACHEDPARAM [/rosout_disable_topics_generation] by /image_processing_node
[rosmaster.master][INFO] 2025-12-04 22:02:05,524: -SUB [/clock] /image_processing_node http://127.0.0.1:36225/
[rosmaster.master][INFO] 2025-12-04 22:02:05,524: -PUB [/rosout] /image_processing_node http://127.0.0.1:36225/
[rosmaster.master][INFO] 2025-12-04 22:02:05,525: -SERVICE [/image_processing_node/get_loggers] /image_processing_node rosrpc://127.0.0.1:36951
[rosmaster.master][INFO] 2025-12-04 22:02:05,525: -SERVICE [/image_processing_node/set_logger_level] /image_processing_node rosrpc://127.0.0.1:36951
[rosmaster.master][INFO] 2025-12-04 22:02:05,562: publisherUpdate[/rosout] -> http://127.0.0.1:37845/ ['http://127.0.0.1:34099/', 'http://127.0.0.1:34537/', 'http://127.0.0.1:33721/', 'http://127.0.0.1:40329/', 'http://127.0.0.1:35099/', 'http://127.0.0.1:39587/', 'http://127.0.0.1:38211/', 'http://127.0.0.1:41753/', 'http://127.0.0.1:34465/', 'http://127.0.0.1:36043/', 'http://127.0.0.1:35305/', 'http://127.0.0.1:37317/', 'http://127.0.0.1:34199/', 'http://127.0.0.1:46517/', 'http://127.0.0.1:43091/', 'http://127.0.0.1:39507/', 'http://127.0.0.1:41027/', 'http://127.0.0.1:38885/']
[rosmaster.master][INFO] 2025-12-04 22:02:05,563: publisherUpdate[/rosout] -> http://127.0.0.1:37845/ ['http://127.0.0.1:34099/', 'http://127.0.0.1:34537/', 'http://127.0.0.1:33721/', 'http://127.0.0.1:40329/', 'http://127.0.0.1:35099/', 'http://127.0.0.1:39587/', 'http://127.0.0.1:38211/', 'http://127.0.0.1:41753/', 'http://127.0.0.1:34465/', 'http://127.0.0.1:36043/', 'http://127.0.0.1:35305/', 'http://127.0.0.1:37317/', 'http://127.0.0.1:34199/', 'http://127.0.0.1:46517/', 'http://127.0.0.1:43091/', 'http://127.0.0.1:39507/', 'http://127.0.0.1:41027/', 'http://127.0.0.1:38885/']: sec=0.00, result=[1, '', 0]
[rosmaster.master][INFO] 2025-12-04 22:02:06,124: +CACHEDPARAM [/rosout_disable_topics_generation] by /image_processing_node
[rosmaster.master][INFO] 2025-12-04 22:07:12,109: +PARAM [/roslaunch/uris/host_127_0_0_1__43195] by /roslaunch
[rosmaster.master][INFO] 2025-12-04 22:07:12,115: +PARAM [/rosversion] by /roslaunch
[rosmaster.master][INFO] 2025-12-04 22:07:12,115: +PARAM [/rosdistro] by /roslaunch
[rosmaster.master][INFO] 2025-12-04 22:07:12,116: +PARAM [/image_processing_node/detection_model] by /roslaunch
[rosmaster.master][INFO] 2025-12-04 22:07:12,116: +PARAM [/image_processing_node/confidence_threshold] by /roslaunch
[rosmaster.master][INFO] 2025-12-04 22:07:12,116: +PARAM [/image_processing_node/images_dir] by /roslaunch
[rosmaster.master][INFO] 2025-12-04 22:07:12,116: +PARAM [/image_processing_node/results_dir] by /roslaunch
[rosmaster.master][INFO] 2025-12-04 22:07:12,116: +PARAM [/image_processing_node/camera_topic] by /roslaunch
[rosmaster.master][INFO] 2025-12-04 22:07:12,116: +PARAM [/image_processing_node/camera_frame_id] by /roslaunch
[rosmaster.master][INFO] 2025-12-04 22:07:15,284: +PUB [/rosout] /image_processing_node http://127.0.0.1:38933/
[rosmaster.master][INFO] 2025-12-04 22:07:15,287: +SUB [/clock] /image_processing_node http://127.0.0.1:38933/
[rosmaster.master][INFO] 2025-12-04 22:07:15,291: +SERVICE [/image_processing_node/get_loggers] /image_processing_node http://127.0.0.1:38933/
[rosmaster.master][INFO] 2025-12-04 22:07:15,293: +SERVICE [/image_processing_node/set_logger_level] /image_processing_node http://127.0.0.1:38933/
[rosmaster.master][INFO] 2025-12-04 22:07:15,295: +CACHEDPARAM [/rosout_disable_topics_generation] by /image_processing_node
[rosmaster.master][INFO] 2025-12-04 22:07:15,298: +CACHEDPARAM [/rosout_disable_topics_generation] by /image_processing_node
[rosmaster.master][INFO] 2025-12-04 22:07:15,300: +CACHEDPARAM [/rosout_disable_topics_generation] by /image_processing_node
[rosmaster.master][INFO] 2025-12-04 22:07:15,301: publisherUpdate[/rosout] -> http://127.0.0.1:37845/ ['http://127.0.0.1:34099/', 'http://127.0.0.1:34537/', 'http://127.0.0.1:33721/', 'http://127.0.0.1:40329/', 'http://127.0.0.1:35099/', 'http://127.0.0.1:39587/', 'http://127.0.0.1:38211/', 'http://127.0.0.1:41753/', 'http://127.0.0.1:34465/', 'http://127.0.0.1:36043/', 'http://127.0.0.1:35305/', 'http://127.0.0.1:37317/', 'http://127.0.0.1:34199/', 'http://127.0.0.1:46517/', 'http://127.0.0.1:43091/', 'http://127.0.0.1:39507/', 'http://127.0.0.1:41027/', 'http://127.0.0.1:38885/', 'http://127.0.0.1:38933/']
[rosmaster.master][INFO] 2025-12-04 22:07:15,303: publisherUpdate[/rosout] -> http://127.0.0.1:37845/ ['http://127.0.0.1:34099/', 'http://127.0.0.1:34537/', 'http://127.0.0.1:33721/', 'http://127.0.0.1:40329/', 'http://127.0.0.1:35099/', 'http://127.0.0.1:39587/', 'http://127.0.0.1:38211/', 'http://127.0.0.1:41753/', 'http://127.0.0.1:34465/', 'http://127.0.0.1:36043/', 'http://127.0.0.1:35305/', 'http://127.0.0.1:37317/', 'http://127.0.0.1:34199/', 'http://127.0.0.1:46517/', 'http://127.0.0.1:43091/', 'http://127.0.0.1:39507/', 'http://127.0.0.1:41027/', 'http://127.0.0.1:38885/', 'http://127.0.0.1:38933/']: sec=0.00, result=[1, '', 0]
[rosmaster.master][INFO] 2025-12-04 22:07:15,304: +CACHEDPARAM [/rosout_disable_topics_generation] by /image_processing_node
[rosmaster.master][INFO] 2025-12-04 22:07:17,958: +CACHEDPARAM [/rosout_disable_topics_generation] by /image_processing_node
[rosmaster.master][INFO] 2025-12-04 22:07:17,961: +CACHEDPARAM [/rosout_disable_topics_generation] by /image_processing_node
[rosmaster.master][INFO] 2025-12-04 22:07:17,964: +CACHEDPARAM [/rosout_disable_topics_generation] by /image_processing_node
[rosmaster.master][INFO] 2025-12-04 22:07:18,487: +CACHEDPARAM [/rosout_disable_topics_generation] by /image_processing_node
[rosmaster.master][INFO] 2025-12-04 22:07:18,489: +CACHEDPARAM [/rosout_disable_topics_generation] by /image_processing_node
[rosmaster.master][INFO] 2025-12-04 22:07:18,491: -SUB [/clock] /image_processing_node http://127.0.0.1:38933/
[rosmaster.master][INFO] 2025-12-04 22:07:18,492: -PUB [/rosout] /image_processing_node http://127.0.0.1:38933/
[rosmaster.master][INFO] 2025-12-04 22:07:18,492: -SERVICE [/image_processing_node/get_loggers] /image_processing_node rosrpc://127.0.0.1:34385
[rosmaster.master][INFO] 2025-12-04 22:07:18,492: -SERVICE [/image_processing_node/set_logger_level] /image_processing_node rosrpc://127.0.0.1:34385
[rosmaster.master][INFO] 2025-12-04 22:07:18,507: publisherUpdate[/rosout] -> http://127.0.0.1:37845/ ['http://127.0.0.1:34099/', 'http://127.0.0.1:34537/', 'http://127.0.0.1:33721/', 'http://127.0.0.1:40329/', 'http://127.0.0.1:35099/', 'http://127.0.0.1:39587/', 'http://127.0.0.1:38211/', 'http://127.0.0.1:41753/', 'http://127.0.0.1:34465/', 'http://127.0.0.1:36043/', 'http://127.0.0.1:35305/', 'http://127.0.0.1:37317/', 'http://127.0.0.1:34199/', 'http://127.0.0.1:46517/', 'http://127.0.0.1:43091/', 'http://127.0.0.1:39507/', 'http://127.0.0.1:41027/', 'http://127.0.0.1:38885/']
[rosmaster.master][INFO] 2025-12-04 22:07:18,509: publisherUpdate[/rosout] -> http://127.0.0.1:37845/ ['http://127.0.0.1:34099/', 'http://127.0.0.1:34537/', 'http://127.0.0.1:33721/', 'http://127.0.0.1:40329/', 'http://127.0.0.1:35099/', 'http://127.0.0.1:39587/', 'http://127.0.0.1:38211/', 'http://127.0.0.1:41753/', 'http://127.0.0.1:34465/', 'http://127.0.0.1:36043/', 'http://127.0.0.1:35305/', 'http://127.0.0.1:37317/', 'http://127.0.0.1:34199/', 'http://127.0.0.1:46517/', 'http://127.0.0.1:43091/', 'http://127.0.0.1:39507/', 'http://127.0.0.1:41027/', 'http://127.0.0.1:38885/']: sec=0.00, result=[1, '', 0]
[rosmaster.master][INFO] 2025-12-04 22:07:19,093: +CACHEDPARAM [/rosout_disable_topics_generation] by /image_processing_node
[rosmaster.master][INFO] 2025-12-04 22:09:06,737: +PARAM [/roslaunch/uris/host_127_0_0_1__44741] by /roslaunch
[rosmaster.master][INFO] 2025-12-04 22:09:06,743: +PARAM [/rosversion] by /roslaunch
[rosmaster.master][INFO] 2025-12-04 22:09:06,743: +PARAM [/rosdistro] by /roslaunch
[rosmaster.master][INFO] 2025-12-04 22:09:06,743: +PARAM [/image_processing_node/detection_model] by /roslaunch
[rosmaster.master][INFO] 2025-12-04 22:09:06,743: +PARAM [/image_processing_node/confidence_threshold] by /roslaunch
[rosmaster.master][INFO] 2025-12-04 22:09:06,743: +PARAM [/image_processing_node/images_dir] by /roslaunch
[rosmaster.master][INFO] 2025-12-04 22:09:06,743: +PARAM [/image_processing_node/results_dir] by /roslaunch
[rosmaster.master][INFO] 2025-12-04 22:09:06,743: +PARAM [/image_processing_node/camera_topic] by /roslaunch
[rosmaster.master][INFO] 2025-12-04 22:09:06,743: +PARAM [/image_processing_node/camera_frame_id] by /roslaunch
[rosmaster.master][INFO] 2025-12-04 22:09:09,866: +PUB [/rosout] /image_processing_node http://127.0.0.1:38421/
[rosmaster.master][INFO] 2025-12-04 22:09:09,872: +SUB [/clock] /image_processing_node http://127.0.0.1:38421/
[rosmaster.master][INFO] 2025-12-04 22:09:09,876: +SERVICE [/image_processing_node/get_loggers] /image_processing_node http://127.0.0.1:38421/
[rosmaster.master][INFO] 2025-12-04 22:09:09,878: +SERVICE [/image_processing_node/set_logger_level] /image_processing_node http://127.0.0.1:38421/
[rosmaster.master][INFO] 2025-12-04 22:09:09,879: publisherUpdate[/rosout] -> http://127.0.0.1:37845/ ['http://127.0.0.1:34099/', 'http://127.0.0.1:34537/', 'http://127.0.0.1:33721/', 'http://127.0.0.1:40329/', 'http://127.0.0.1:35099/', 'http://127.0.0.1:39587/', 'http://127.0.0.1:38211/', 'http://127.0.0.1:41753/', 'http://127.0.0.1:34465/', 'http://127.0.0.1:36043/', 'http://127.0.0.1:35305/', 'http://127.0.0.1:37317/', 'http://127.0.0.1:34199/', 'http://127.0.0.1:46517/', 'http://127.0.0.1:43091/', 'http://127.0.0.1:39507/', 'http://127.0.0.1:41027/', 'http://127.0.0.1:38885/', 'http://127.0.0.1:38421/']
[rosmaster.master][INFO] 2025-12-04 22:09:09,879: +CACHEDPARAM [/rosout_disable_topics_generation] by /image_processing_node
[rosmaster.master][INFO] 2025-12-04 22:09:09,881: publisherUpdate[/rosout] -> http://127.0.0.1:37845/ ['http://127.0.0.1:34099/', 'http://127.0.0.1:34537/', 'http://127.0.0.1:33721/', 'http://127.0.0.1:40329/', 'http://127.0.0.1:35099/', 'http://127.0.0.1:39587/', 'http://127.0.0.1:38211/', 'http://127.0.0.1:41753/', 'http://127.0.0.1:34465/', 'http://127.0.0.1:36043/', 'http://127.0.0.1:35305/', 'http://127.0.0.1:37317/', 'http://127.0.0.1:34199/', 'http://127.0.0.1:46517/', 'http://127.0.0.1:43091/', 'http://127.0.0.1:39507/', 'http://127.0.0.1:41027/', 'http://127.0.0.1:38885/', 'http://127.0.0.1:38421/']: sec=0.00, result=[1, '', 0]
[rosmaster.master][INFO] 2025-12-04 22:09:09,883: +CACHEDPARAM [/rosout_disable_topics_generation] by /image_processing_node
[rosmaster.master][INFO] 2025-12-04 22:09:09,885: +CACHEDPARAM [/rosout_disable_topics_generation] by /image_processing_node
[rosmaster.master][INFO] 2025-12-04 22:09:09,889: +CACHEDPARAM [/rosout_disable_topics_generation] by /image_processing_node
[rosmaster.master][INFO] 2025-12-04 22:09:12,506: +CACHEDPARAM [/rosout_disable_topics_generation] by /image_processing_node
[rosmaster.master][INFO] 2025-12-04 22:09:12,508: +CACHEDPARAM [/rosout_disable_topics_generation] by /image_processing_node
[rosmaster.master][INFO] 2025-12-04 22:09:12,510: +CACHEDPARAM [/rosout_disable_topics_generation] by /image_processing_node
[rosmaster.master][INFO] 2025-12-04 22:09:13,785: +CACHEDPARAM [/rosout_disable_topics_generation] by /image_processing_node
[rosmaster.master][INFO] 2025-12-04 22:09:13,787: +CACHEDPARAM [/rosout_disable_topics_generation] by /image_processing_node
[rosmaster.master][INFO] 2025-12-04 22:09:13,790: -SUB [/clock] /image_processing_node http://127.0.0.1:38421/
[rosmaster.master][INFO] 2025-12-04 22:09:13,790: -PUB [/rosout] /image_processing_node http://127.0.0.1:38421/
[rosmaster.master][INFO] 2025-12-04 22:09:13,790: -SERVICE [/image_processing_node/get_loggers] /image_processing_node rosrpc://127.0.0.1:36589
[rosmaster.master][INFO] 2025-12-04 22:09:13,790: -SERVICE [/image_processing_node/set_logger_level] /image_processing_node rosrpc://127.0.0.1:36589
[rosmaster.master][INFO] 2025-12-04 22:09:13,810: publisherUpdate[/rosout] -> http://127.0.0.1:37845/ ['http://127.0.0.1:34099/', 'http://127.0.0.1:34537/', 'http://127.0.0.1:33721/', 'http://127.0.0.1:40329/', 'http://127.0.0.1:35099/', 'http://127.0.0.1:39587/', 'http://127.0.0.1:38211/', 'http://127.0.0.1:41753/', 'http://127.0.0.1:34465/', 'http://127.0.0.1:36043/', 'http://127.0.0.1:35305/', 'http://127.0.0.1:37317/', 'http://127.0.0.1:34199/', 'http://127.0.0.1:46517/', 'http://127.0.0.1:43091/', 'http://127.0.0.1:39507/', 'http://127.0.0.1:41027/', 'http://127.0.0.1:38885/']
[rosmaster.master][INFO] 2025-12-04 22:09:13,813: publisherUpdate[/rosout] -> http://127.0.0.1:37845/ ['http://127.0.0.1:34099/', 'http://127.0.0.1:34537/', 'http://127.0.0.1:33721/', 'http://127.0.0.1:40329/', 'http://127.0.0.1:35099/', 'http://127.0.0.1:39587/', 'http://127.0.0.1:38211/', 'http://127.0.0.1:41753/', 'http://127.0.0.1:34465/', 'http://127.0.0.1:36043/', 'http://127.0.0.1:35305/', 'http://127.0.0.1:37317/', 'http://127.0.0.1:34199/', 'http://127.0.0.1:46517/', 'http://127.0.0.1:43091/', 'http://127.0.0.1:39507/', 'http://127.0.0.1:41027/', 'http://127.0.0.1:38885/']: sec=0.00, result=[1, '', 0]
[rosmaster.master][INFO] 2025-12-04 22:09:14,391: +CACHEDPARAM [/rosout_disable_topics_generation] by /image_processing_node
[rosmaster.master][INFO] 2025-12-04 22:41:45,348: +PARAM [/roslaunch/uris/host_127_0_0_1__35197] by /roslaunch
[rosmaster.master][INFO] 2025-12-04 22:41:45,353: +PARAM [/rosversion] by /roslaunch
[rosmaster.master][INFO] 2025-12-04 22:41:45,353: +PARAM [/rosdistro] by /roslaunch
[rosmaster.master][INFO] 2025-12-04 22:41:45,353: +PARAM [/image_processing_node/detection_model] by /roslaunch
[rosmaster.master][INFO] 2025-12-04 22:41:45,353: +PARAM [/image_processing_node/confidence_threshold] by /roslaunch
[rosmaster.master][INFO] 2025-12-04 22:41:45,353: +PARAM [/image_processing_node/images_dir] by /roslaunch
[rosmaster.master][INFO] 2025-12-04 22:41:45,353: +PARAM [/image_processing_node/results_dir] by /roslaunch
[rosmaster.master][INFO] 2025-12-04 22:41:45,353: +PARAM [/image_processing_node/camera_topic] by /roslaunch
[rosmaster.master][INFO] 2025-12-04 22:41:45,354: +PARAM [/image_processing_node/camera_frame_id] by /roslaunch
[rosmaster.master][INFO] 2025-12-04 22:41:48,232: +PUB [/rosout] /image_processing_node http://127.0.0.1:42839/
[rosmaster.master][INFO] 2025-12-04 22:41:48,236: +SUB [/clock] /image_processing_node http://127.0.0.1:42839/
[rosmaster.master][INFO] 2025-12-04 22:41:48,238: +SERVICE [/image_processing_node/get_loggers] /image_processing_node http://127.0.0.1:42839/
[rosmaster.master][INFO] 2025-12-04 22:41:48,240: +SERVICE [/image_processing_node/set_logger_level] /image_processing_node http://127.0.0.1:42839/
[rosmaster.master][INFO] 2025-12-04 22:41:48,242: +CACHEDPARAM [/rosout_disable_topics_generation] by /image_processing_node
[rosmaster.master][INFO] 2025-12-04 22:41:48,244: +CACHEDPARAM [/rosout_disable_topics_generation] by /image_processing_node
[rosmaster.master][INFO] 2025-12-04 22:41:48,246: +CACHEDPARAM [/rosout_disable_topics_generation] by /image_processing_node
[rosmaster.master][INFO] 2025-12-04 22:41:48,249: +CACHEDPARAM [/rosout_disable_topics_generation] by /image_processing_node
[rosmaster.master][INFO] 2025-12-04 22:41:48,280: publisherUpdate[/rosout] -> http://127.0.0.1:37845/ ['http://127.0.0.1:34099/', 'http://127.0.0.1:34537/', 'http://127.0.0.1:33721/', 'http://127.0.0.1:40329/', 'http://127.0.0.1:35099/', 'http://127.0.0.1:39587/', 'http://127.0.0.1:38211/', 'http://127.0.0.1:41753/', 'http://127.0.0.1:34465/', 'http://127.0.0.1:36043/', 'http://127.0.0.1:35305/', 'http://127.0.0.1:37317/', 'http://127.0.0.1:34199/', 'http://127.0.0.1:46517/', 'http://127.0.0.1:43091/', 'http://127.0.0.1:39507/', 'http://127.0.0.1:41027/', 'http://127.0.0.1:38885/', 'http://127.0.0.1:42839/']
[rosmaster.master][INFO] 2025-12-04 22:41:48,286: publisherUpdate[/rosout] -> http://127.0.0.1:37845/ ['http://127.0.0.1:34099/', 'http://127.0.0.1:34537/', 'http://127.0.0.1:33721/', 'http://127.0.0.1:40329/', 'http://127.0.0.1:35099/', 'http://127.0.0.1:39587/', 'http://127.0.0.1:38211/', 'http://127.0.0.1:41753/', 'http://127.0.0.1:34465/', 'http://127.0.0.1:36043/', 'http://127.0.0.1:35305/', 'http://127.0.0.1:37317/', 'http://127.0.0.1:34199/', 'http://127.0.0.1:46517/', 'http://127.0.0.1:43091/', 'http://127.0.0.1:39507/', 'http://127.0.0.1:41027/', 'http://127.0.0.1:38885/', 'http://127.0.0.1:42839/']: sec=0.01, result=[1, '', 0]
[rosmaster.master][INFO] 2025-12-04 22:41:50,597: +CACHEDPARAM [/rosout_disable_topics_generation] by /image_processing_node
[rosmaster.master][INFO] 2025-12-04 22:41:50,599: +CACHEDPARAM [/rosout_disable_topics_generation] by /image_processing_node
[rosmaster.master][INFO] 2025-12-04 22:41:50,602: +CACHEDPARAM [/rosout_disable_topics_generation] by /image_processing_node
[rosmaster.master][INFO] 2025-12-04 22:41:51,131: +CACHEDPARAM [/rosout_disable_topics_generation] by /image_processing_node
[rosmaster.master][INFO] 2025-12-04 22:41:51,133: +CACHEDPARAM [/rosout_disable_topics_generation] by /image_processing_node
[rosmaster.master][INFO] 2025-12-04 22:41:51,135: -SUB [/clock] /image_processing_node http://127.0.0.1:42839/
[rosmaster.master][INFO] 2025-12-04 22:41:51,135: -PUB [/rosout] /image_processing_node http://127.0.0.1:42839/
[rosmaster.master][INFO] 2025-12-04 22:41:51,135: -SERVICE [/image_processing_node/get_loggers] /image_processing_node rosrpc://127.0.0.1:39197
[rosmaster.master][INFO] 2025-12-04 22:41:51,135: -SERVICE [/image_processing_node/set_logger_level] /image_processing_node rosrpc://127.0.0.1:39197
[rosmaster.master][INFO] 2025-12-04 22:41:51,189: publisherUpdate[/rosout] -> http://127.0.0.1:37845/ ['http://127.0.0.1:34099/', 'http://127.0.0.1:34537/', 'http://127.0.0.1:33721/', 'http://127.0.0.1:40329/', 'http://127.0.0.1:35099/', 'http://127.0.0.1:39587/', 'http://127.0.0.1:38211/', 'http://127.0.0.1:41753/', 'http://127.0.0.1:34465/', 'http://127.0.0.1:36043/', 'http://127.0.0.1:35305/', 'http://127.0.0.1:37317/', 'http://127.0.0.1:34199/', 'http://127.0.0.1:46517/', 'http://127.0.0.1:43091/', 'http://127.0.0.1:39507/', 'http://127.0.0.1:41027/', 'http://127.0.0.1:38885/']
[rosmaster.master][INFO] 2025-12-04 22:41:51,191: publisherUpdate[/rosout] -> http://127.0.0.1:37845/ ['http://127.0.0.1:34099/', 'http://127.0.0.1:34537/', 'http://127.0.0.1:33721/', 'http://127.0.0.1:40329/', 'http://127.0.0.1:35099/', 'http://127.0.0.1:39587/', 'http://127.0.0.1:38211/', 'http://127.0.0.1:41753/', 'http://127.0.0.1:34465/', 'http://127.0.0.1:36043/', 'http://127.0.0.1:35305/', 'http://127.0.0.1:37317/', 'http://127.0.0.1:34199/', 'http://127.0.0.1:46517/', 'http://127.0.0.1:43091/', 'http://127.0.0.1:39507/', 'http://127.0.0.1:41027/', 'http://127.0.0.1:38885/']: sec=0.00, result=[1, '', 0]
[rosmaster.master][INFO] 2025-12-04 22:41:51,736: +CACHEDPARAM [/rosout_disable_topics_generation] by /image_processing_node
[rosmaster.master][INFO] 2025-12-04 22:44:23,154: +PARAM [/roslaunch/uris/host_127_0_0_1__34729] by /roslaunch
[rosmaster.master][INFO] 2025-12-04 22:44:23,159: +PARAM [/rosversion] by /roslaunch
[rosmaster.master][INFO] 2025-12-04 22:44:23,159: +PARAM [/rosdistro] by /roslaunch
[rosmaster.master][INFO] 2025-12-04 22:44:23,159: +PARAM [/image_processing_node/detection_model] by /roslaunch
[rosmaster.master][INFO] 2025-12-04 22:44:23,159: +PARAM [/image_processing_node/confidence_threshold] by /roslaunch
[rosmaster.master][INFO] 2025-12-04 22:44:23,159: +PARAM [/image_processing_node/images_dir] by /roslaunch
[rosmaster.master][INFO] 2025-12-04 22:44:23,159: +PARAM [/image_processing_node/results_dir] by /roslaunch
[rosmaster.master][INFO] 2025-12-04 22:44:23,159: +PARAM [/image_processing_node/camera_topic] by /roslaunch
[rosmaster.master][INFO] 2025-12-04 22:44:23,160: +PARAM [/image_processing_node/camera_frame_id] by /roslaunch
[rosmaster.master][INFO] 2025-12-04 22:44:25,974: +PUB [/rosout] /image_processing_node http://127.0.0.1:33625/
[rosmaster.master][INFO] 2025-12-04 22:44:25,978: +SUB [/clock] /image_processing_node http://127.0.0.1:33625/
[rosmaster.master][INFO] 2025-12-04 22:44:25,981: +SERVICE [/image_processing_node/get_loggers] /image_processing_node http://127.0.0.1:33625/
[rosmaster.master][INFO] 2025-12-04 22:44:25,983: +SERVICE [/image_processing_node/set_logger_level] /image_processing_node http://127.0.0.1:33625/
[rosmaster.master][INFO] 2025-12-04 22:44:25,985: +CACHEDPARAM [/rosout_disable_topics_generation] by /image_processing_node
[rosmaster.master][INFO] 2025-12-04 22:44:25,987: +CACHEDPARAM [/rosout_disable_topics_generation] by /image_processing_node
[rosmaster.master][INFO] 2025-12-04 22:44:25,988: publisherUpdate[/rosout] -> http://127.0.0.1:37845/ ['http://127.0.0.1:34099/', 'http://127.0.0.1:34537/', 'http://127.0.0.1:33721/', 'http://127.0.0.1:40329/', 'http://127.0.0.1:35099/', 'http://127.0.0.1:39587/', 'http://127.0.0.1:38211/', 'http://127.0.0.1:41753/', 'http://127.0.0.1:34465/', 'http://127.0.0.1:36043/', 'http://127.0.0.1:35305/', 'http://127.0.0.1:37317/', 'http://127.0.0.1:34199/', 'http://127.0.0.1:46517/', 'http://127.0.0.1:43091/', 'http://127.0.0.1:39507/', 'http://127.0.0.1:41027/', 'http://127.0.0.1:38885/', 'http://127.0.0.1:33625/']
[rosmaster.master][INFO] 2025-12-04 22:44:25,989: +CACHEDPARAM [/rosout_disable_topics_generation] by /image_processing_node
[rosmaster.master][INFO] 2025-12-04 22:44:25,990: publisherUpdate[/rosout] -> http://127.0.0.1:37845/ ['http://127.0.0.1:34099/', 'http://127.0.0.1:34537/', 'http://127.0.0.1:33721/', 'http://127.0.0.1:40329/', 'http://127.0.0.1:35099/', 'http://127.0.0.1:39587/', 'http://127.0.0.1:38211/', 'http://127.0.0.1:41753/', 'http://127.0.0.1:34465/', 'http://127.0.0.1:36043/', 'http://127.0.0.1:35305/', 'http://127.0.0.1:37317/', 'http://127.0.0.1:34199/', 'http://127.0.0.1:46517/', 'http://127.0.0.1:43091/', 'http://127.0.0.1:39507/', 'http://127.0.0.1:41027/', 'http://127.0.0.1:38885/', 'http://127.0.0.1:33625/']: sec=0.00, result=[1, '', 0]
[rosmaster.master][INFO] 2025-12-04 22:44:25,993: +CACHEDPARAM [/rosout_disable_topics_generation] by /image_processing_node
[rosmaster.master][INFO] 2025-12-04 22:44:28,576: +CACHEDPARAM [/rosout_disable_topics_generation] by /image_processing_node
[rosmaster.master][INFO] 2025-12-04 22:44:28,578: +CACHEDPARAM [/rosout_disable_topics_generation] by /image_processing_node
[rosmaster.master][INFO] 2025-12-04 22:44:28,580: +CACHEDPARAM [/rosout_disable_topics_generation] by /image_processing_node
[rosmaster.master][INFO] 2025-12-04 22:45:34,471: +CACHEDPARAM [/rosout_disable_topics_generation] by /image_processing_node
[rosmaster.master][INFO] 2025-12-04 22:45:35,153: +CACHEDPARAM [/rosout_disable_topics_generation] by /image_processing_node
[rosmaster.master][INFO] 2025-12-04 22:45:35,160: +PUB [/tiago/object_detections] /image_processing_node http://127.0.0.1:33625/
[rosmaster.master][INFO] 2025-12-04 22:45:35,162: +PUB [/tiago/object_poses] /image_processing_node http://127.0.0.1:33625/
[rosmaster.master][INFO] 2025-12-04 22:45:35,164: +PUB [/tiago/annotated_image] /image_processing_node http://127.0.0.1:33625/
[rosmaster.master][INFO] 2025-12-04 22:45:35,168: +SUB [/xtion/rgb/image_raw] /image_processing_node http://127.0.0.1:33625/
[rosmaster.master][INFO] 2025-12-04 22:45:35,175: +SERVICE [/tiago/process_captured_images] /image_processing_node http://127.0.0.1:33625/
[rosmaster.master][INFO] 2025-12-04 22:45:35,176: +CACHEDPARAM [/rosout_disable_topics_generation] by /image_processing_node
[rosmaster.master][INFO] 2025-12-04 22:45:35,179: +CACHEDPARAM [/rosout_disable_topics_generation] by /image_processing_node
[rosmaster.master][INFO] 2025-12-04 22:45:35,183: +CACHEDPARAM [/rosout_disable_topics_generation] by /image_processing_node
[rosmaster.master][INFO] 2025-12-04 22:45:35,185: +CACHEDPARAM [/rosout_disable_topics_generation] by /image_processing_node
[rosmaster.master][INFO] 2025-12-04 22:45:35,193: +CACHEDPARAM [/rosout_disable_topics_generation] by /image_processing_node
[rosmaster.master][INFO] 2025-12-04 22:45:38,275: +CACHEDPARAM [/rosout_disable_topics_generation] by /image_processing_node
[rosmaster.master][INFO] 2025-12-04 22:45:40,779: +CACHEDPARAM [/rosout_disable_topics_generation] by /image_processing_node
[rosmaster.master][INFO] 2025-12-04 22:45:43,107: +CACHEDPARAM [/rosout_disable_topics_generation] by /image_processing_node
[rosmaster.master][INFO] 2025-12-04 22:45:45,357: +CACHEDPARAM [/rosout_disable_topics_generation] by /image_processing_node
[rosmaster.master][INFO] 2025-12-04 22:45:47,611: +CACHEDPARAM [/rosout_disable_topics_generation] by /image_processing_node
[rosmaster.master][INFO] 2025-12-04 22:45:49,868: +CACHEDPARAM [/rosout_disable_topics_generation] by /image_processing_node
[rosmaster.master][INFO] 2025-12-04 22:45:52,313: +CACHEDPARAM [/rosout_disable_topics_generation] by /image_processing_node
[rosmaster.master][INFO] 2025-12-04 22:45:54,917: +CACHEDPARAM [/rosout_disable_topics_generation] by /image_processing_node
[rosmaster.master][INFO] 2025-12-04 22:45:57,426: +CACHEDPARAM [/rosout_disable_topics_generation] by /image_processing_node
[rosmaster.master][INFO] 2025-12-04 22:46:00,254: +CACHEDPARAM [/rosout_disable_topics_generation] by /image_processing_node
[rosmaster.master][INFO] 2025-12-04 22:46:03,013: +CACHEDPARAM [/rosout_disable_topics_generation] by /image_processing_node
[rosmaster.master][INFO] 2025-12-04 22:46:05,424: +CACHEDPARAM [/rosout_disable_topics_generation] by /image_processing_node
[rosmaster.master][INFO] 2025-12-04 22:46:07,840: +CACHEDPARAM [/rosout_disable_topics_generation] by /image_processing_node
[rosmaster.master][INFO] 2025-12-04 22:46:10,554: +CACHEDPARAM [/rosout_disable_topics_generation] by /image_processing_node
[rosmaster.master][INFO] 2025-12-04 22:46:13,233: +CACHEDPARAM [/rosout_disable_topics_generation] by /image_processing_node
[rosmaster.master][INFO] 2025-12-04 22:46:15,934: +CACHEDPARAM [/rosout_disable_topics_generation] by /image_processing_node
[rosmaster.master][INFO] 2025-12-04 22:46:18,445: +CACHEDPARAM [/rosout_disable_topics_generation] by /image_processing_node
[rosmaster.master][INFO] 2025-12-04 22:46:21,045: +CACHEDPARAM [/rosout_disable_topics_generation] by /image_processing_node
[rosmaster.master][INFO] 2025-12-04 22:46:23,734: +CACHEDPARAM [/rosout_disable_topics_generation] by /image_processing_node
[rosmaster.master][INFO] 2025-12-04 22:46:26,321: +CACHEDPARAM [/rosout_disable_topics_generation] by /image_processing_node
[rosmaster.master][INFO] 2025-12-04 22:46:29,278: +CACHEDPARAM [/rosout_disable_topics_generation] by /image_processing_node
[rosmaster.master][INFO] 2025-12-04 22:46:32,075: +CACHEDPARAM [/rosout_disable_topics_generation] by /image_processing_node
[rosmaster.master][INFO] 2025-12-04 22:46:34,912: +CACHEDPARAM [/rosout_disable_topics_generation] by /image_processing_node
[rosmaster.master][INFO] 2025-12-04 22:46:37,725: +CACHEDPARAM [/rosout_disable_topics_generation] by /image_processing_node
[rosmaster.master][INFO] 2025-12-04 22:46:40,034: +CACHEDPARAM [/rosout_disable_topics_generation] by /image_processing_node
[rosmaster.master][INFO] 2025-12-04 22:46:42,595: +CACHEDPARAM [/rosout_disable_topics_generation] by /image_processing_node
[rosmaster.master][INFO] 2025-12-04 22:46:45,297: +CACHEDPARAM [/rosout_disable_topics_generation] by /image_processing_node
[rosmaster.master][INFO] 2025-12-04 22:46:47,835: +CACHEDPARAM [/rosout_disable_topics_generation] by /image_processing_node
[rosmaster.master][INFO] 2025-12-04 22:46:50,355: +CACHEDPARAM [/rosout_disable_topics_generation] by /image_processing_node
[rosmaster.master][INFO] 2025-12-04 22:46:52,803: +CACHEDPARAM [/rosout_disable_topics_generation] by /image_processing_node
[rosmaster.master][INFO] 2025-12-04 22:46:55,223: +CACHEDPARAM [/rosout_disable_topics_generation] by /image_processing_node
[rosmaster.master][INFO] 2025-12-04 22:46:57,702: +CACHEDPARAM [/rosout_disable_topics_generation] by /image_processing_node
[rosmaster.master][INFO] 2025-12-04 22:47:00,249: +CACHEDPARAM [/rosout_disable_topics_generation] by /image_processing_node
[rosmaster.master][INFO] 2025-12-04 22:47:02,631: +CACHEDPARAM [/rosout_disable_topics_generation] by /image_processing_node
[rosmaster.master][INFO] 2025-12-04 22:47:05,112: +CACHEDPARAM [/rosout_disable_topics_generation] by /image_processing_node
[rosmaster.master][INFO] 2025-12-04 22:47:07,583: +CACHEDPARAM [/rosout_disable_topics_generation] by /image_processing_node
[rosmaster.master][INFO] 2025-12-04 22:47:09,892: +CACHEDPARAM [/rosout_disable_topics_generation] by /image_processing_node
[rosmaster.master][INFO] 2025-12-04 22:47:12,127: +CACHEDPARAM [/rosout_disable_topics_generation] by /image_processing_node
[rosmaster.master][INFO] 2025-12-04 22:47:14,354: +CACHEDPARAM [/rosout_disable_topics_generation] by /image_processing_node
[rosmaster.master][INFO] 2025-12-04 22:47:16,617: +CACHEDPARAM [/rosout_disable_topics_generation] by /image_processing_node
[rosmaster.master][INFO] 2025-12-04 22:47:18,839: +CACHEDPARAM [/rosout_disable_topics_generation] by /image_processing_node
[rosmaster.master][INFO] 2025-12-04 22:47:21,098: +CACHEDPARAM [/rosout_disable_topics_generation] by /image_processing_node
[rosmaster.master][INFO] 2025-12-04 22:47:23,332: +CACHEDPARAM [/rosout_disable_topics_generation] by /image_processing_node
[rosmaster.master][INFO] 2025-12-04 22:47:25,514: +CACHEDPARAM [/rosout_disable_topics_generation] by /image_processing_node
[rosmaster.master][INFO] 2025-12-04 22:47:27,782: +CACHEDPARAM [/rosout_disable_topics_generation] by /image_processing_node
[rosmaster.master][INFO] 2025-12-04 22:47:30,013: +CACHEDPARAM [/rosout_disable_topics_generation] by /image_processing_node
[rosmaster.master][INFO] 2025-12-04 22:47:32,290: +CACHEDPARAM [/rosout_disable_topics_generation] by /image_processing_node
[rosmaster.master][INFO] 2025-12-04 22:47:34,522: +CACHEDPARAM [/rosout_disable_topics_generation] by /image_processing_node
[rosmaster.master][INFO] 2025-12-04 22:47:36,781: +CACHEDPARAM [/rosout_disable_topics_generation] by /image_processing_node
[rosmaster.master][INFO] 2025-12-04 22:47:39,021: +CACHEDPARAM [/rosout_disable_topics_generation] by /image_processing_node
[rosmaster.master][INFO] 2025-12-04 22:47:41,258: +CACHEDPARAM [/rosout_disable_topics_generation] by /image_processing_node
[rosmaster.master][INFO] 2025-12-04 22:47:43,475: +CACHEDPARAM [/rosout_disable_topics_generation] by /image_processing_node
[rosmaster.master][INFO] 2025-12-04 22:47:45,676: +CACHEDPARAM [/rosout_disable_topics_generation] by /image_processing_node
[rosmaster.master][INFO] 2025-12-04 22:47:47,916: +CACHEDPARAM [/rosout_disable_topics_generation] by /image_processing_node
[rosmaster.master][INFO] 2025-12-04 22:47:50,134: +CACHEDPARAM [/rosout_disable_topics_generation] by /image_processing_node
[rosmaster.master][INFO] 2025-12-04 22:47:52,366: +CACHEDPARAM [/rosout_disable_topics_generation] by /image_processing_node
[rosmaster.master][INFO] 2025-12-04 22:47:54,560: +CACHEDPARAM [/rosout_disable_topics_generation] by /image_processing_node
[rosmaster.master][INFO] 2025-12-04 22:47:56,818: +CACHEDPARAM [/rosout_disable_topics_generation] by /image_processing_node
[rosmaster.master][INFO] 2025-12-04 22:47:59,066: +CACHEDPARAM [/rosout_disable_topics_generation] by /image_processing_node
[rosmaster.master][INFO] 2025-12-04 22:48:01,252: +CACHEDPARAM [/rosout_disable_topics_generation] by /image_processing_node
[rosmaster.master][INFO] 2025-12-04 22:48:03,496: +CACHEDPARAM [/rosout_disable_topics_generation] by /image_processing_node
[rosmaster.master][INFO] 2025-12-04 22:48:05,695: +CACHEDPARAM [/rosout_disable_topics_generation] by /image_processing_node
[rosmaster.master][INFO] 2025-12-04 22:48:07,924: +CACHEDPARAM [/rosout_disable_topics_generation] by /image_processing_node
[rosmaster.master][INFO] 2025-12-04 22:48:10,204: +CACHEDPARAM [/rosout_disable_topics_generation] by /image_processing_node
[rosmaster.master][INFO] 2025-12-04 22:48:12,447: +CACHEDPARAM [/rosout_disable_topics_generation] by /image_processing_node
[rosmaster.master][INFO] 2025-12-04 22:48:14,688: +CACHEDPARAM [/rosout_disable_topics_generation] by /image_processing_node
[rosmaster.master][INFO] 2025-12-04 22:48:16,866: +CACHEDPARAM [/rosout_disable_topics_generation] by /image_processing_node
[rosmaster.master][INFO] 2025-12-04 22:48:19,068: +CACHEDPARAM [/rosout_disable_topics_generation] by /image_processing_node
[rosmaster.master][INFO] 2025-12-04 22:48:21,342: +CACHEDPARAM [/rosout_disable_topics_generation] by /image_processing_node
[rosmaster.master][INFO] 2025-12-04 22:48:23,602: +CACHEDPARAM [/rosout_disable_topics_generation] by /image_processing_node
[rosmaster.master][INFO] 2025-12-04 22:48:25,989: +CACHEDPARAM [/rosout_disable_topics_generation] by /image_processing_node
[rosmaster.master][INFO] 2025-12-04 22:48:28,305: +CACHEDPARAM [/rosout_disable_topics_generation] by /image_processing_node
[rosmaster.master][INFO] 2025-12-04 22:48:31,145: +CACHEDPARAM [/rosout_disable_topics_generation] by /image_processing_node
[rosmaster.master][INFO] 2025-12-04 22:48:34,477: +CACHEDPARAM [/rosout_disable_topics_generation] by /image_processing_node
[rosmaster.master][INFO] 2025-12-04 22:48:36,889: +CACHEDPARAM [/rosout_disable_topics_generation] by /image_processing_node
[rosmaster.master][INFO] 2025-12-04 22:48:39,174: +CACHEDPARAM [/rosout_disable_topics_generation] by /image_processing_node
[rosmaster.master][INFO] 2025-12-04 22:48:41,363: +CACHEDPARAM [/rosout_disable_topics_generation] by /image_processing_node
[rosmaster.master][INFO] 2025-12-04 22:48:43,843: +CACHEDPARAM [/rosout_disable_topics_generation] by /image_processing_node
[rosmaster.master][INFO] 2025-12-04 22:48:46,389: +CACHEDPARAM [/rosout_disable_topics_generation] by /image_processing_node
[rosmaster.master][INFO] 2025-12-04 22:48:49,021: +CACHEDPARAM [/rosout_disable_topics_generation] by /image_processing_node
[rosmaster.master][INFO] 2025-12-04 22:48:51,417: +CACHEDPARAM [/rosout_disable_topics_generation] by /image_processing_node
[rosmaster.master][INFO] 2025-12-04 22:48:53,811: +CACHEDPARAM [/rosout_disable_topics_generation] by /image_processing_node
[rosmaster.master][INFO] 2025-12-04 22:48:56,071: +CACHEDPARAM [/rosout_disable_topics_generation] by /image_processing_node
[rosmaster.master][INFO] 2025-12-04 22:48:58,267: +CACHEDPARAM [/rosout_disable_topics_generation] by /image_processing_node
[rosmaster.master][INFO] 2025-12-04 22:49:00,469: +CACHEDPARAM [/rosout_disable_topics_generation] by /image_processing_node
[rosmaster.master][INFO] 2025-12-04 22:49:02,713: +CACHEDPARAM [/rosout_disable_topics_generation] by /image_processing_node
[rosmaster.master][INFO] 2025-12-04 22:49:04,939: +CACHEDPARAM [/rosout_disable_topics_generation] by /image_processing_node
[rosmaster.master][INFO] 2025-12-04 22:49:07,150: +CACHEDPARAM [/rosout_disable_topics_generation] by /image_processing_node
[rosmaster.master][INFO] 2025-12-04 22:49:09,435: +CACHEDPARAM [/rosout_disable_topics_generation] by /image_processing_node
[rosmaster.master][INFO] 2025-12-04 22:49:11,616: +CACHEDPARAM [/rosout_disable_topics_generation] by /image_processing_node
[rosmaster.master][INFO] 2025-12-04 22:49:13,854: +CACHEDPARAM [/rosout_disable_topics_generation] by /image_processing_node
[rosmaster.master][INFO] 2025-12-04 22:49:16,131: +CACHEDPARAM [/rosout_disable_topics_generation] by /image_processing_node
[rosmaster.master][INFO] 2025-12-04 22:49:18,343: +CACHEDPARAM [/rosout_disable_topics_generation] by /image_processing_node
[rosmaster.master][INFO] 2025-12-04 22:49:20,598: +CACHEDPARAM [/rosout_disable_topics_generation] by /image_processing_node
[rosmaster.master][INFO] 2025-12-04 22:49:23,023: +CACHEDPARAM [/rosout_disable_topics_generation] by /image_processing_node
[rosmaster.master][INFO] 2025-12-04 22:49:25,551: +CACHEDPARAM [/rosout_disable_topics_generation] by /image_processing_node
[rosmaster.master][INFO] 2025-12-04 22:49:27,882: +CACHEDPARAM [/rosout_disable_topics_generation] by /image_processing_node
[rosmaster.master][INFO] 2025-12-04 22:49:30,190: +CACHEDPARAM [/rosout_disable_topics_generation] by /image_processing_node
[rosmaster.master][INFO] 2025-12-04 22:49:32,579: +CACHEDPARAM [/rosout_disable_topics_generation] by /image_processing_node
[rosmaster.master][INFO] 2025-12-04 22:49:34,962: +CACHEDPARAM [/rosout_disable_topics_generation] by /image_processing_node
[rosmaster.master][INFO] 2025-12-04 22:49:37,584: +CACHEDPARAM [/rosout_disable_topics_generation] by /image_processing_node
[rosmaster.master][INFO] 2025-12-04 22:49:40,037: +CACHEDPARAM [/rosout_disable_topics_generation] by /image_processing_node
[rosmaster.master][INFO] 2025-12-04 22:49:42,181: +CACHEDPARAM [/rosout_disable_topics_generation] by /image_processing_node
[rosmaster.master][INFO] 2025-12-04 22:49:44,425: +CACHEDPARAM [/rosout_disable_topics_generation] by /image_processing_node
[rosmaster.master][INFO] 2025-12-04 22:49:46,824: +CACHEDPARAM [/rosout_disable_topics_generation] by /image_processing_node
[rosmaster.master][INFO] 2025-12-04 22:49:49,002: +CACHEDPARAM [/rosout_disable_topics_generation] by /image_processing_node
[rosmaster.master][INFO] 2025-12-04 22:49:51,189: +CACHEDPARAM [/rosout_disable_topics_generation] by /image_processing_node
[rosmaster.master][INFO] 2025-12-04 22:49:53,329: +CACHEDPARAM [/rosout_disable_topics_generation] by /image_processing_node
[rosmaster.master][INFO] 2025-12-04 22:49:55,423: +CACHEDPARAM [/rosout_disable_topics_generation] by /image_processing_node
[rosmaster.master][INFO] 2025-12-04 22:49:57,575: +CACHEDPARAM [/rosout_disable_topics_generation] by /image_processing_node
[rosmaster.master][INFO] 2025-12-04 22:49:59,752: +CACHEDPARAM [/rosout_disable_topics_generation] by /image_processing_node
[rosmaster.master][INFO] 2025-12-04 22:50:02,042: +CACHEDPARAM [/rosout_disable_topics_generation] by /image_processing_node
[rosmaster.master][INFO] 2025-12-04 22:50:04,323: +CACHEDPARAM [/rosout_disable_topics_generation] by /image_processing_node
[rosmaster.master][INFO] 2025-12-04 22:50:06,539: +CACHEDPARAM [/rosout_disable_topics_generation] by /image_processing_node
[rosmaster.master][INFO] 2025-12-04 22:50:08,833: +CACHEDPARAM [/rosout_disable_topics_generation] by /image_processing_node
[rosmaster.master][INFO] 2025-12-04 22:50:11,032: +CACHEDPARAM [/rosout_disable_topics_generation] by /image_processing_node
[rosmaster.master][INFO] 2025-12-04 22:50:13,296: +CACHEDPARAM [/rosout_disable_topics_generation] by /image_processing_node
[rosmaster.master][INFO] 2025-12-04 22:50:15,678: +CACHEDPARAM [/rosout_disable_topics_generation] by /image_processing_node
[rosmaster.master][INFO] 2025-12-04 22:50:18,025: +CACHEDPARAM [/rosout_disable_topics_generation] by /image_processing_node
[rosmaster.master][INFO] 2025-12-04 22:50:20,270: +CACHEDPARAM [/rosout_disable_topics_generation] by /image_processing_node
[rosmaster.master][INFO] 2025-12-04 22:50:22,820: +CACHEDPARAM [/rosout_disable_topics_generation] by /image_processing_node
[rosmaster.master][INFO] 2025-12-04 22:50:25,115: +CACHEDPARAM [/rosout_disable_topics_generation] by /image_processing_node
[rosmaster.master][INFO] 2025-12-04 22:50:27,455: +CACHEDPARAM [/rosout_disable_topics_generation] by /image_processing_node
[rosmaster.master][INFO] 2025-12-04 22:50:29,816: +CACHEDPARAM [/rosout_disable_topics_generation] by /image_processing_node
[rosmaster.master][INFO] 2025-12-04 22:50:32,106: +CACHEDPARAM [/rosout_disable_topics_generation] by /image_processing_node
[rosmaster.master][INFO] 2025-12-04 22:50:34,436: +CACHEDPARAM [/rosout_disable_topics_generation] by /image_processing_node
[rosmaster.master][INFO] 2025-12-04 22:50:36,711: +CACHEDPARAM [/rosout_disable_topics_generation] by /image_processing_node
[rosmaster.master][INFO] 2025-12-04 22:50:39,059: +CACHEDPARAM [/rosout_disable_topics_generation] by /image_processing_node
[rosmaster.master][INFO] 2025-12-04 22:50:41,307: +CACHEDPARAM [/rosout_disable_topics_generation] by /image_processing_node
[rosmaster.master][INFO] 2025-12-04 22:50:43,544: +CACHEDPARAM [/rosout_disable_topics_generation] by /image_processing_node
[rosmaster.master][INFO] 2025-12-04 22:50:45,734: +CACHEDPARAM [/rosout_disable_topics_generation] by /image_processing_node
[rosmaster.master][INFO] 2025-12-04 22:50:48,089: +CACHEDPARAM [/rosout_disable_topics_generation] by /image_processing_node
[rosmaster.master][INFO] 2025-12-04 22:50:50,405: +CACHEDPARAM [/rosout_disable_topics_generation] by /image_processing_node
[rosmaster.master][INFO] 2025-12-04 22:50:52,794: +CACHEDPARAM [/rosout_disable_topics_generation] by /image_processing_node
[rosmaster.master][INFO] 2025-12-04 22:50:55,161: +CACHEDPARAM [/rosout_disable_topics_generation] by /image_processing_node
[rosmaster.master][INFO] 2025-12-04 22:50:57,449: +CACHEDPARAM [/rosout_disable_topics_generation] by /image_processing_node
[rosmaster.master][INFO] 2025-12-04 22:51:00,363: +CACHEDPARAM [/rosout_disable_topics_generation] by /image_processing_node
[rosmaster.master][INFO] 2025-12-04 22:51:03,065: +CACHEDPARAM [/rosout_disable_topics_generation] by /image_processing_node
[rosmaster.master][INFO] 2025-12-04 22:51:05,612: +CACHEDPARAM [/rosout_disable_topics_generation] by /image_processing_node
[rosmaster.master][INFO] 2025-12-04 22:51:07,725: +CACHEDPARAM [/rosout_disable_topics_generation] by /image_processing_node
[rosmaster.master][INFO] 2025-12-04 22:51:09,894: +CACHEDPARAM [/rosout_disable_topics_generation] by /image_processing_node
[rosmaster.master][INFO] 2025-12-04 22:51:12,058: +CACHEDPARAM [/rosout_disable_topics_generation] by /image_processing_node
[rosmaster.master][INFO] 2025-12-04 22:51:14,211: +CACHEDPARAM [/rosout_disable_topics_generation] by /image_processing_node
[rosmaster.master][INFO] 2025-12-04 22:51:16,338: +CACHEDPARAM [/rosout_disable_topics_generation] by /image_processing_node
[rosmaster.master][INFO] 2025-12-04 22:51:18,487: +CACHEDPARAM [/rosout_disable_topics_generation] by /image_processing_node
[rosmaster.master][INFO] 2025-12-04 22:51:20,639: +CACHEDPARAM [/rosout_disable_topics_generation] by /image_processing_node
[rosmaster.master][INFO] 2025-12-04 22:51:22,777: +CACHEDPARAM [/rosout_disable_topics_generation] by /image_processing_node
[rosmaster.master][INFO] 2025-12-04 22:51:24,988: +CACHEDPARAM [/rosout_disable_topics_generation] by /image_processing_node
[rosmaster.master][INFO] 2025-12-04 22:51:27,159: +CACHEDPARAM [/rosout_disable_topics_generation] by /image_processing_node
[rosmaster.master][INFO] 2025-12-04 22:51:29,329: +CACHEDPARAM [/rosout_disable_topics_generation] by /image_processing_node
[rosmaster.master][INFO] 2025-12-04 22:51:31,861: +CACHEDPARAM [/rosout_disable_topics_generation] by /image_processing_node
[rosmaster.master][INFO] 2025-12-04 22:51:34,413: +CACHEDPARAM [/rosout_disable_topics_generation] by /image_processing_node
[rosmaster.master][INFO] 2025-12-04 22:51:36,603: +CACHEDPARAM [/rosout_disable_topics_generation] by /image_processing_node
[rosmaster.master][INFO] 2025-12-04 22:51:38,731: +CACHEDPARAM [/rosout_disable_topics_generation] by /image_processing_node
[rosmaster.master][INFO] 2025-12-04 22:51:41,387: +CACHEDPARAM [/rosout_disable_topics_generation] by /image_processing_node
[rosmaster.master][INFO] 2025-12-04 22:51:44,499: +CACHEDPARAM [/rosout_disable_topics_generation] by /image_processing_node
[rosmaster.master][INFO] 2025-12-04 22:51:47,076: +CACHEDPARAM [/rosout_disable_topics_generation] by /image_processing_node
[rosmaster.master][INFO] 2025-12-04 22:51:49,767: +CACHEDPARAM [/rosout_disable_topics_generation] by /image_processing_node
[rosmaster.master][INFO] 2025-12-04 22:51:52,061: +CACHEDPARAM [/rosout_disable_topics_generation] by /image_processing_node
[rosmaster.master][INFO] 2025-12-04 22:51:54,244: +CACHEDPARAM [/rosout_disable_topics_generation] by /image_processing_node
[rosmaster.master][INFO] 2025-12-04 22:51:56,481: +CACHEDPARAM [/rosout_disable_topics_generation] by /image_processing_node
[rosmaster.master][INFO] 2025-12-04 22:51:58,780: +CACHEDPARAM [/rosout_disable_topics_generation] by /image_processing_node
[rosmaster.master][INFO] 2025-12-04 22:52:01,114: +CACHEDPARAM [/rosout_disable_topics_generation] by /image_processing_node
[rosmaster.master][INFO] 2025-12-04 22:52:03,504: +CACHEDPARAM [/rosout_disable_topics_generation] by /image_processing_node
[rosmaster.master][INFO] 2025-12-04 22:52:05,758: +CACHEDPARAM [/rosout_disable_topics_generation] by /image_processing_node
[rosmaster.master][INFO] 2025-12-04 22:52:08,258: +CACHEDPARAM [/rosout_disable_topics_generation] by /image_processing_node
[rosmaster.master][INFO] 2025-12-04 22:52:10,848: +CACHEDPARAM [/rosout_disable_topics_generation] by /image_processing_node
[rosmaster.master][INFO] 2025-12-04 22:52:13,193: +CACHEDPARAM [/rosout_disable_topics_generation] by /image_processing_node
[rosmaster.master][INFO] 2025-12-04 22:52:15,578: +CACHEDPARAM [/rosout_disable_topics_generation] by /image_processing_node
[rosmaster.master][INFO] 2025-12-04 22:52:17,766: +CACHEDPARAM [/rosout_disable_topics_generation] by /image_processing_node
[rosmaster.master][INFO] 2025-12-04 22:52:19,963: +CACHEDPARAM [/rosout_disable_topics_generation] by /image_processing_node
[rosmaster.master][INFO] 2025-12-04 22:52:22,223: +CACHEDPARAM [/rosout_disable_topics_generation] by /image_processing_node
[rosmaster.master][INFO] 2025-12-04 22:52:24,819: +CACHEDPARAM [/rosout_disable_topics_generation] by /image_processing_node
[rosmaster.master][INFO] 2025-12-04 22:52:27,131: +CACHEDPARAM [/rosout_disable_topics_generation] by /image_processing_node
[rosmaster.master][INFO] 2025-12-04 22:52:29,433: +CACHEDPARAM [/rosout_disable_topics_generation] by /image_processing_node
[rosmaster.master][INFO] 2025-12-04 22:52:31,744: +CACHEDPARAM [/rosout_disable_topics_generation] by /image_processing_node
[rosmaster.master][INFO] 2025-12-04 22:52:34,170: +CACHEDPARAM [/rosout_disable_topics_generation] by /image_processing_node
[rosmaster.master][INFO] 2025-12-04 22:52:36,615: +CACHEDPARAM [/rosout_disable_topics_generation] by /image_processing_node
[rosmaster.master][INFO] 2025-12-04 22:52:39,046: +CACHEDPARAM [/rosout_disable_topics_generation] by /image_processing_node
[rosmaster.master][INFO] 2025-12-04 22:52:41,496: +CACHEDPARAM [/rosout_disable_topics_generation] by /image_processing_node
[rosmaster.master][INFO] 2025-12-04 22:52:43,706: +CACHEDPARAM [/rosout_disable_topics_generation] by /image_processing_node
[rosmaster.master][INFO] 2025-12-04 22:52:45,912: +CACHEDPARAM [/rosout_disable_topics_generation] by /image_processing_node
[rosmaster.master][INFO] 2025-12-04 22:52:48,278: +CACHEDPARAM [/rosout_disable_topics_generation] by /image_processing_node
[rosmaster.master][INFO] 2025-12-04 22:52:50,671: +CACHEDPARAM [/rosout_disable_topics_generation] by /image_processing_node
[rosmaster.master][INFO] 2025-12-04 22:52:53,146: +CACHEDPARAM [/rosout_disable_topics_generation] by /image_processing_node
[rosmaster.master][INFO] 2025-12-04 22:52:55,778: +CACHEDPARAM [/rosout_disable_topics_generation] by /image_processing_node
[rosmaster.master][INFO] 2025-12-04 22:52:58,195: +CACHEDPARAM [/rosout_disable_topics_generation] by /image_processing_node
[rosmaster.master][INFO] 2025-12-04 22:53:00,750: +CACHEDPARAM [/rosout_disable_topics_generation] by /image_processing_node
[rosmaster.master][INFO] 2025-12-04 22:53:03,535: +CACHEDPARAM [/rosout_disable_topics_generation] by /image_processing_node
[rosmaster.master][INFO] 2025-12-04 22:53:06,301: +CACHEDPARAM [/rosout_disable_topics_generation] by /image_processing_node
[rosmaster.master][INFO] 2025-12-04 22:53:08,652: +CACHEDPARAM [/rosout_disable_topics_generation] by /image_processing_node
[rosmaster.master][INFO] 2025-12-04 22:53:11,111: +CACHEDPARAM [/rosout_disable_topics_generation] by /image_processing_node
[rosmaster.master][INFO] 2025-12-04 22:53:13,555: +CACHEDPARAM [/rosout_disable_topics_generation] by /image_processing_node
[rosmaster.master][INFO] 2025-12-04 22:53:15,946: +CACHEDPARAM [/rosout_disable_topics_generation] by /image_processing_node
[rosmaster.master][INFO] 2025-12-04 22:53:18,157: +CACHEDPARAM [/rosout_disable_topics_generation] by /image_processing_node
[rosmaster.master][INFO] 2025-12-04 22:53:20,349: +CACHEDPARAM [/rosout_disable_topics_generation] by /image_processing_node
[rosmaster.master][INFO] 2025-12-04 22:53:23,200: +CACHEDPARAM [/rosout_disable_topics_generation] by /image_processing_node
[rosmaster.master][INFO] 2025-12-04 22:53:25,766: +CACHEDPARAM [/rosout_disable_topics_generation] by /image_processing_node
[rosmaster.master][INFO] 2025-12-04 22:53:28,543: +CACHEDPARAM [/rosout_disable_topics_generation] by /image_processing_node
[rosmaster.master][INFO] 2025-12-04 22:53:30,782: +CACHEDPARAM [/rosout_disable_topics_generation] by /image_processing_node
[rosmaster.master][INFO] 2025-12-04 22:53:34,046: +CACHEDPARAM [/rosout_disable_topics_generation] by /image_processing_node
[rosmaster.master][INFO] 2025-12-04 22:53:36,500: +CACHEDPARAM [/rosout_disable_topics_generation] by /image_processing_node
[rosmaster.master][INFO] 2025-12-04 22:53:38,900: +CACHEDPARAM [/rosout_disable_topics_generation] by /image_processing_node
[rosmaster.master][INFO] 2025-12-04 22:53:41,278: +CACHEDPARAM [/rosout_disable_topics_generation] by /image_processing_node
[rosmaster.master][INFO] 2025-12-04 22:53:43,621: +CACHEDPARAM [/rosout_disable_topics_generation] by /image_processing_node
[rosmaster.master][INFO] 2025-12-04 22:53:45,924: +CACHEDPARAM [/rosout_disable_topics_generation] by /image_processing_node
[rosmaster.master][INFO] 2025-12-04 22:53:48,313: +CACHEDPARAM [/rosout_disable_topics_generation] by /image_processing_node
[rosmaster.master][INFO] 2025-12-04 22:53:50,595: +CACHEDPARAM [/rosout_disable_topics_generation] by /image_processing_node
[rosmaster.master][INFO] 2025-12-04 22:53:52,895: +CACHEDPARAM [/rosout_disable_topics_generation] by /image_processing_node
[rosmaster.master][INFO] 2025-12-04 22:53:55,093: +CACHEDPARAM [/rosout_disable_topics_generation] by /image_processing_node
[rosmaster.master][INFO] 2025-12-04 22:53:57,345: +CACHEDPARAM [/rosout_disable_topics_generation] by /image_processing_node
[rosmaster.master][INFO] 2025-12-04 22:53:59,714: +CACHEDPARAM [/rosout_disable_topics_generation] by /image_processing_node
[rosmaster.master][INFO] 2025-12-04 22:54:01,957: +CACHEDPARAM [/rosout_disable_topics_generation] by /image_processing_node
[rosmaster.master][INFO] 2025-12-04 22:54:04,244: +CACHEDPARAM [/rosout_disable_topics_generation] by /image_processing_node
[rosmaster.master][INFO] 2025-12-04 22:54:06,620: +CACHEDPARAM [/rosout_disable_topics_generation] by /image_processing_node
[rosmaster.master][INFO] 2025-12-04 22:54:08,928: +CACHEDPARAM [/rosout_disable_topics_generation] by /image_processing_node
[rosmaster.master][INFO] 2025-12-04 22:54:11,489: +CACHEDPARAM [/rosout_disable_topics_generation] by /image_processing_node
[rosmaster.master][INFO] 2025-12-04 22:54:13,933: +CACHEDPARAM [/rosout_disable_topics_generation] by /image_processing_node
[rosmaster.master][INFO] 2025-12-04 22:54:16,240: +CACHEDPARAM [/rosout_disable_topics_generation] by /image_processing_node
[rosmaster.master][INFO] 2025-12-04 22:54:18,599: +CACHEDPARAM [/rosout_disable_topics_generation] by /image_processing_node
[rosmaster.master][INFO] 2025-12-04 22:54:21,054: +CACHEDPARAM [/rosout_disable_topics_generation] by /image_processing_node
[rosmaster.master][INFO] 2025-12-04 22:54:23,426: +CACHEDPARAM [/rosout_disable_topics_generation] by /image_processing_node
[rosmaster.master][INFO] 2025-12-04 22:54:26,083: +CACHEDPARAM [/rosout_disable_topics_generation] by /image_processing_node
[rosmaster.master][INFO] 2025-12-04 22:54:28,876: +CACHEDPARAM [/rosout_disable_topics_generation] by /image_processing_node
[rosmaster.master][INFO] 2025-12-04 22:54:31,239: +CACHEDPARAM [/rosout_disable_topics_generation] by /image_processing_node
[rosmaster.master][INFO] 2025-12-04 22:54:33,583: +CACHEDPARAM [/rosout_disable_topics_generation] by /image_processing_node
[rosmaster.master][INFO] 2025-12-04 22:54:35,939: +CACHEDPARAM [/rosout_disable_topics_generation] by /image_processing_node
[rosmaster.master][INFO] 2025-12-04 22:54:38,205: +CACHEDPARAM [/rosout_disable_topics_generation] by /image_processing_node
[rosmaster.master][INFO] 2025-12-04 22:54:40,561: +CACHEDPARAM [/rosout_disable_topics_generation] by /image_processing_node
[rosmaster.master][INFO] 2025-12-04 22:54:42,982: +CACHEDPARAM [/rosout_disable_topics_generation] by /image_processing_node
[rosmaster.master][INFO] 2025-12-04 22:54:45,087: +CACHEDPARAM [/rosout_disable_topics_generation] by /image_processing_node
[rosmaster.master][INFO] 2025-12-04 22:54:47,348: +CACHEDPARAM [/rosout_disable_topics_generation] by /image_processing_node
[rosmaster.master][INFO] 2025-12-04 22:54:49,634: +CACHEDPARAM [/rosout_disable_topics_generation] by /image_processing_node
[rosmaster.master][INFO] 2025-12-04 22:54:52,152: +CACHEDPARAM [/rosout_disable_topics_generation] by /image_processing_node
[rosmaster.master][INFO] 2025-12-04 22:54:54,367: +CACHEDPARAM [/rosout_disable_topics_generation] by /image_processing_node
[rosmaster.master][INFO] 2025-12-04 22:54:56,815: +CACHEDPARAM [/rosout_disable_topics_generation] by /image_processing_node
[rosmaster.master][INFO] 2025-12-04 22:54:58,960: +CACHEDPARAM [/rosout_disable_topics_generation] by /image_processing_node
[rosmaster.master][INFO] 2025-12-04 22:55:01,401: +CACHEDPARAM [/rosout_disable_topics_generation] by /image_processing_node
[rosmaster.master][INFO] 2025-12-04 22:55:03,642: +CACHEDPARAM [/rosout_disable_topics_generation] by /image_processing_node
[rosmaster.master][INFO] 2025-12-04 22:55:05,852: +CACHEDPARAM [/rosout_disable_topics_generation] by /image_processing_node
[rosmaster.master][INFO] 2025-12-04 22:55:08,126: +CACHEDPARAM [/rosout_disable_topics_generation] by /image_processing_node
[rosmaster.master][INFO] 2025-12-04 22:55:10,409: +CACHEDPARAM [/rosout_disable_topics_generation] by /image_processing_node
[rosmaster.master][INFO] 2025-12-04 22:55:12,551: +CACHEDPARAM [/rosout_disable_topics_generation] by /image_processing_node
[rosmaster.master][INFO] 2025-12-04 22:55:14,892: +CACHEDPARAM [/rosout_disable_topics_generation] by /image_processing_node
[rosmaster.master][INFO] 2025-12-04 22:55:17,014: +CACHEDPARAM [/rosout_disable_topics_generation] by /image_processing_node
[rosmaster.master][INFO] 2025-12-04 22:55:19,124: +CACHEDPARAM [/rosout_disable_topics_generation] by /image_processing_node
[rosmaster.master][INFO] 2025-12-04 22:55:21,279: +CACHEDPARAM [/rosout_disable_topics_generation] by /image_processing_node
[rosmaster.master][INFO] 2025-12-04 22:55:23,411: +CACHEDPARAM [/rosout_disable_topics_generation] by /image_processing_node
[rosmaster.master][INFO] 2025-12-04 22:55:25,736: +CACHEDPARAM [/rosout_disable_topics_generation] by /image_processing_node
[rosmaster.master][INFO] 2025-12-04 22:55:27,984: +CACHEDPARAM [/rosout_disable_topics_generation] by /image_processing_node
[rosmaster.master][INFO] 2025-12-04 22:55:30,116: +CACHEDPARAM [/rosout_disable_topics_generation] by /image_processing_node
[rosmaster.master][INFO] 2025-12-04 22:55:32,210: +CACHEDPARAM [/rosout_disable_topics_generation] by /image_processing_node
[rosmaster.master][INFO] 2025-12-04 22:55:34,340: +CACHEDPARAM [/rosout_disable_topics_generation] by /image_processing_node
[rosmaster.master][INFO] 2025-12-04 22:55:36,438: +CACHEDPARAM [/rosout_disable_topics_generation] by /image_processing_node
[rosmaster.master][INFO] 2025-12-04 22:55:38,651: +CACHEDPARAM [/rosout_disable_topics_generation] by /image_processing_node
[rosmaster.master][INFO] 2025-12-04 22:55:40,753: +CACHEDPARAM [/rosout_disable_topics_generation] by /image_processing_node
[rosmaster.master][INFO] 2025-12-04 22:55:42,869: +CACHEDPARAM [/rosout_disable_topics_generation] by /image_processing_node
[rosmaster.master][INFO] 2025-12-04 22:55:45,060: +CACHEDPARAM [/rosout_disable_topics_generation] by /image_processing_node
[rosmaster.master][INFO] 2025-12-04 22:55:47,814: +CACHEDPARAM [/rosout_disable_topics_generation] by /image_processing_node
[rosmaster.master][INFO] 2025-12-04 22:55:50,368: +CACHEDPARAM [/rosout_disable_topics_generation] by /image_processing_node
[rosmaster.master][INFO] 2025-12-04 22:55:52,885: +CACHEDPARAM [/rosout_disable_topics_generation] by /image_processing_node
[rosmaster.master][INFO] 2025-12-04 22:55:55,146: +CACHEDPARAM [/rosout_disable_topics_generation] by /image_processing_node
[rosmaster.master][INFO] 2025-12-04 22:55:57,409: +CACHEDPARAM [/rosout_disable_topics_generation] by /image_processing_node
[rosmaster.master][INFO] 2025-12-04 22:55:59,509: +CACHEDPARAM [/rosout_disable_topics_generation] by /image_processing_node
[rosmaster.master][INFO] 2025-12-04 22:56:01,613: +CACHEDPARAM [/rosout_disable_topics_generation] by /image_processing_node
[rosmaster.master][INFO] 2025-12-04 22:56:03,811: +CACHEDPARAM [/rosout_disable_topics_generation] by /image_processing_node
[rosmaster.master][INFO] 2025-12-04 22:56:05,834: +CACHEDPARAM [/rosout_disable_topics_generation] by /image_processing_node
[rosmaster.master][INFO] 2025-12-04 22:56:07,932: +CACHEDPARAM [/rosout_disable_topics_generation] by /image_processing_node
[rosmaster.master][INFO] 2025-12-04 22:56:09,907: +CACHEDPARAM [/rosout_disable_topics_generation] by /image_processing_node
[rosmaster.master][INFO] 2025-12-04 22:56:12,292: +CACHEDPARAM [/rosout_disable_topics_generation] by /image_processing_node
[rosmaster.master][INFO] 2025-12-04 22:56:14,509: +CACHEDPARAM [/rosout_disable_topics_generation] by /image_processing_node
[rosmaster.master][INFO] 2025-12-04 22:56:16,824: +CACHEDPARAM [/rosout_disable_topics_generation] by /image_processing_node
[rosmaster.master][INFO] 2025-12-04 22:56:19,245: +CACHEDPARAM [/rosout_disable_topics_generation] by /image_processing_node
[rosmaster.master][INFO] 2025-12-04 22:56:21,400: +CACHEDPARAM [/rosout_disable_topics_generation] by /image_processing_node
[rosmaster.master][INFO] 2025-12-04 22:56:23,609: +CACHEDPARAM [/rosout_disable_topics_generation] by /image_processing_node
[rosmaster.master][INFO] 2025-12-04 22:56:25,789: +CACHEDPARAM [/rosout_disable_topics_generation] by /image_processing_node
[rosmaster.master][INFO] 2025-12-04 22:56:27,842: +CACHEDPARAM [/rosout_disable_topics_generation] by /image_processing_node
[rosmaster.master][INFO] 2025-12-04 22:56:29,906: +CACHEDPARAM [/rosout_disable_topics_generation] by /image_processing_node
[rosmaster.master][INFO] 2025-12-04 22:56:32,289: +CACHEDPARAM [/rosout_disable_topics_generation] by /image_processing_node
[rosmaster.master][INFO] 2025-12-04 22:56:34,828: +CACHEDPARAM [/rosout_disable_topics_generation] by /image_processing_node
[rosmaster.master][INFO] 2025-12-04 22:56:37,130: +CACHEDPARAM [/rosout_disable_topics_generation] by /image_processing_node
[rosmaster.master][INFO] 2025-12-04 22:56:39,363: +CACHEDPARAM [/rosout_disable_topics_generation] by /image_processing_node
[rosmaster.master][INFO] 2025-12-04 22:56:41,527: +CACHEDPARAM [/rosout_disable_topics_generation] by /image_processing_node
[rosmaster.master][INFO] 2025-12-04 22:56:43,670: +CACHEDPARAM [/rosout_disable_topics_generation] by /image_processing_node
[rosmaster.master][INFO] 2025-12-04 22:56:45,748: +CACHEDPARAM [/rosout_disable_topics_generation] by /image_processing_node
[rosmaster.master][INFO] 2025-12-04 22:56:47,844: +CACHEDPARAM [/rosout_disable_topics_generation] by /image_processing_node
[rosmaster.master][INFO] 2025-12-04 22:56:49,918: +CACHEDPARAM [/rosout_disable_topics_generation] by /image_processing_node
[rosmaster.master][INFO] 2025-12-04 22:56:52,079: +CACHEDPARAM [/rosout_disable_topics_generation] by /image_processing_node
[rosmaster.master][INFO] 2025-12-04 22:56:54,175: +CACHEDPARAM [/rosout_disable_topics_generation] by /image_processing_node
[rosmaster.master][INFO] 2025-12-04 22:56:56,228: +CACHEDPARAM [/rosout_disable_topics_generation] by /image_processing_node
[rosmaster.master][INFO] 2025-12-04 22:56:58,352: +CACHEDPARAM [/rosout_disable_topics_generation] by /image_processing_node
[rosmaster.master][INFO] 2025-12-04 22:57:00,514: +CACHEDPARAM [/rosout_disable_topics_generation] by /image_processing_node
[rosmaster.master][INFO] 2025-12-04 22:57:02,633: +CACHEDPARAM [/rosout_disable_topics_generation] by /image_processing_node
[rosmaster.master][INFO] 2025-12-04 22:57:04,642: +CACHEDPARAM [/rosout_disable_topics_generation] by /image_processing_node
[rosmaster.master][INFO] 2025-12-04 22:57:06,740: +CACHEDPARAM [/rosout_disable_topics_generation] by /image_processing_node
[rosmaster.master][INFO] 2025-12-04 22:57:09,027: +CACHEDPARAM [/rosout_disable_topics_generation] by /image_processing_node
[rosmaster.master][INFO] 2025-12-04 22:57:11,469: +CACHEDPARAM [/rosout_disable_topics_generation] by /image_processing_node
[rosmaster.master][INFO] 2025-12-04 22:57:13,932: +CACHEDPARAM [/rosout_disable_topics_generation] by /image_processing_node
[rosmaster.master][INFO] 2025-12-04 22:57:16,401: +CACHEDPARAM [/rosout_disable_topics_generation] by /image_processing_node
[rosmaster.master][INFO] 2025-12-04 22:57:18,733: +CACHEDPARAM [/rosout_disable_topics_generation] by /image_processing_node
[rosmaster.master][INFO] 2025-12-04 22:57:20,872: +CACHEDPARAM [/rosout_disable_topics_generation] by /image_processing_node
[rosmaster.master][INFO] 2025-12-04 22:57:23,159: +CACHEDPARAM [/rosout_disable_topics_generation] by /image_processing_node
[rosmaster.master][INFO] 2025-12-04 22:57:25,594: +CACHEDPARAM [/rosout_disable_topics_generation] by /image_processing_node
[rosmaster.master][INFO] 2025-12-04 22:57:27,762: +CACHEDPARAM [/rosout_disable_topics_generation] by /image_processing_node
[rosmaster.master][INFO] 2025-12-04 22:57:29,962: +CACHEDPARAM [/rosout_disable_topics_generation] by /image_processing_node
[rosmaster.master][INFO] 2025-12-04 22:57:32,297: +CACHEDPARAM [/rosout_disable_topics_generation] by /image_processing_node
[rosmaster.master][INFO] 2025-12-04 22:57:34,670: +CACHEDPARAM [/rosout_disable_topics_generation] by /image_processing_node
[rosmaster.master][INFO] 2025-12-04 22:57:36,842: +CACHEDPARAM [/rosout_disable_topics_generation] by /image_processing_node
[rosmaster.master][INFO] 2025-12-04 22:57:39,087: +CACHEDPARAM [/rosout_disable_topics_generation] by /image_processing_node
[rosmaster.master][INFO] 2025-12-04 22:57:41,527: +CACHEDPARAM [/rosout_disable_topics_generation] by /image_processing_node
[rosmaster.master][INFO] 2025-12-04 22:57:43,831: +CACHEDPARAM [/rosout_disable_topics_generation] by /image_processing_node
[rosmaster.master][INFO] 2025-12-04 22:57:45,377: +PUB [/rosout] /tiago_simple_image_capture_11058_1764885465138 http://127.0.0.1:46405/
[rosmaster.master][INFO] 2025-12-04 22:57:45,391: +SUB [/clock] /tiago_simple_image_capture_11058_1764885465138 http://127.0.0.1:46405/
[rosmaster.master][INFO] 2025-12-04 22:57:45,392: publisherUpdate[/rosout] -> http://127.0.0.1:37845/ ['http://127.0.0.1:34099/', 'http://127.0.0.1:34537/', 'http://127.0.0.1:33721/', 'http://127.0.0.1:40329/', 'http://127.0.0.1:35099/', 'http://127.0.0.1:39587/', 'http://127.0.0.1:38211/', 'http://127.0.0.1:41753/', 'http://127.0.0.1:34465/', 'http://127.0.0.1:36043/', 'http://127.0.0.1:35305/', 'http://127.0.0.1:37317/', 'http://127.0.0.1:34199/', 'http://127.0.0.1:46517/', 'http://127.0.0.1:43091/', 'http://127.0.0.1:39507/', 'http://127.0.0.1:41027/', 'http://127.0.0.1:38885/', 'http://127.0.0.1:33625/', 'http://127.0.0.1:46405/']
[rosmaster.master][INFO] 2025-12-04 22:57:45,394: publisherUpdate[/rosout] -> http://127.0.0.1:37845/ ['http://127.0.0.1:34099/', 'http://127.0.0.1:34537/', 'http://127.0.0.1:33721/', 'http://127.0.0.1:40329/', 'http://127.0.0.1:35099/', 'http://127.0.0.1:39587/', 'http://127.0.0.1:38211/', 'http://127.0.0.1:41753/', 'http://127.0.0.1:34465/', 'http://127.0.0.1:36043/', 'http://127.0.0.1:35305/', 'http://127.0.0.1:37317/', 'http://127.0.0.1:34199/', 'http://127.0.0.1:46517/', 'http://127.0.0.1:43091/', 'http://127.0.0.1:39507/', 'http://127.0.0.1:41027/', 'http://127.0.0.1:38885/', 'http://127.0.0.1:33625/', 'http://127.0.0.1:46405/']: sec=0.00, result=[1, '', 0]
[rosmaster.master][INFO] 2025-12-04 22:57:45,397: +SERVICE [/tiago_simple_image_capture_11058_1764885465138/get_loggers] /tiago_simple_image_capture_11058_1764885465138 http://127.0.0.1:46405/
[rosmaster.master][INFO] 2025-12-04 22:57:45,404: +SERVICE [/tiago_simple_image_capture_11058_1764885465138/set_logger_level] /tiago_simple_image_capture_11058_1764885465138 http://127.0.0.1:46405/
[rosmaster.master][INFO] 2025-12-04 22:57:45,410: +SUB [/xtion/rgb/image_raw] /tiago_simple_image_capture_11058_1764885465138 http://127.0.0.1:46405/
[rosmaster.master][INFO] 2025-12-04 22:57:45,413: +PUB [/head_controller/command] /tiago_simple_image_capture_11058_1764885465138 http://127.0.0.1:46405/
[rosmaster.master][INFO] 2025-12-04 22:57:45,416: +PUB [/torso_controller/command] /tiago_simple_image_capture_11058_1764885465138 http://127.0.0.1:46405/
[rosmaster.master][INFO] 2025-12-04 22:57:45,495: publisherUpdate[/head_controller/command] -> http://127.0.0.1:46517/ ['http://127.0.0.1:34099/', 'http://127.0.0.1:46405/']
[rosmaster.master][INFO] 2025-12-04 22:57:45,521: publisherUpdate[/head_controller/command] -> http://127.0.0.1:46517/ ['http://127.0.0.1:34099/', 'http://127.0.0.1:46405/']: sec=0.02, result=[1, '', 0]
[rosmaster.master][INFO] 2025-12-04 22:57:45,521: publisherUpdate[/torso_controller/command] -> http://127.0.0.1:46517/ ['http://127.0.0.1:46405/']
[rosmaster.master][INFO] 2025-12-04 22:57:45,530: publisherUpdate[/torso_controller/command] -> http://127.0.0.1:46517/ ['http://127.0.0.1:46405/']: sec=0.01, result=[1, '', 0]
[rosmaster.master][INFO] 2025-12-04 22:57:46,158: +CACHEDPARAM [/rosout_disable_topics_generation] by /image_processing_node
[rosmaster.master][INFO] 2025-12-04 22:57:48,516: +CACHEDPARAM [/rosout_disable_topics_generation] by /image_processing_node
[rosmaster.master][INFO] 2025-12-04 22:57:50,031: +CACHEDPARAM [/rosout_disable_topics_generation] by /tiago_simple_image_capture_11058_1764885465138
[rosmaster.master][INFO] 2025-12-04 22:57:50,035: +CACHEDPARAM [/rosout_disable_topics_generation] by /tiago_simple_image_capture_11058_1764885465138
[rosmaster.master][INFO] 2025-12-04 22:57:50,039: +CACHEDPARAM [/rosout_disable_topics_generation] by /tiago_simple_image_capture_11058_1764885465138
[rosmaster.master][INFO] 2025-12-04 22:57:50,845: +CACHEDPARAM [/rosout_disable_topics_generation] by /image_processing_node
[rosmaster.master][INFO] 2025-12-04 22:57:52,992: +CACHEDPARAM [/rosout_disable_topics_generation] by /tiago_simple_image_capture_11058_1764885465138
[rosmaster.master][INFO] 2025-12-04 22:57:53,109: +CACHEDPARAM [/rosout_disable_topics_generation] by /image_processing_node
[rosmaster.master][INFO] 2025-12-04 22:57:55,403: +CACHEDPARAM [/rosout_disable_topics_generation] by /image_processing_node
[rosmaster.master][INFO] 2025-12-04 22:57:57,645: +CACHEDPARAM [/rosout_disable_topics_generation] by /tiago_simple_image_capture_11058_1764885465138
[rosmaster.master][INFO] 2025-12-04 22:57:57,660: +CACHEDPARAM [/rosout_disable_topics_generation] by /image_processing_node
[rosmaster.master][INFO] 2025-12-04 22:57:59,300: +CACHEDPARAM [/rosout_disable_topics_generation] by /tiago_simple_image_capture_11058_1764885465138
[rosmaster.master][INFO] 2025-12-04 22:57:59,309: +CACHEDPARAM [/rosout_disable_topics_generation] by /tiago_simple_image_capture_11058_1764885465138
[rosmaster.master][INFO] 2025-12-04 22:58:00,372: +CACHEDPARAM [/rosout_disable_topics_generation] by /image_processing_node
[rosmaster.master][INFO] 2025-12-04 22:58:02,495: +CACHEDPARAM [/rosout_disable_topics_generation] by /tiago_simple_image_capture_11058_1764885465138
[rosmaster.master][INFO] 2025-12-04 22:58:02,720: +CACHEDPARAM [/rosout_disable_topics_generation] by /image_processing_node
[rosmaster.master][INFO] 2025-12-04 22:58:05,174: +CACHEDPARAM [/rosout_disable_topics_generation] by /image_processing_node
[rosmaster.master][INFO] 2025-12-04 22:58:07,425: +CACHEDPARAM [/rosout_disable_topics_generation] by /tiago_simple_image_capture_11058_1764885465138
[rosmaster.master][INFO] 2025-12-04 22:58:07,716: +CACHEDPARAM [/rosout_disable_topics_generation] by /image_processing_node
[rosmaster.master][INFO] 2025-12-04 22:58:09,139: +CACHEDPARAM [/rosout_disable_topics_generation] by /tiago_simple_image_capture_11058_1764885465138
[rosmaster.master][INFO] 2025-12-04 22:58:09,145: +CACHEDPARAM [/rosout_disable_topics_generation] by /tiago_simple_image_capture_11058_1764885465138
[rosmaster.master][INFO] 2025-12-04 22:58:10,434: +CACHEDPARAM [/rosout_disable_topics_generation] by /image_processing_node
[rosmaster.master][INFO] 2025-12-04 22:58:12,235: +CACHEDPARAM [/rosout_disable_topics_generation] by /tiago_simple_image_capture_11058_1764885465138
[rosmaster.master][INFO] 2025-12-04 22:58:13,127: +CACHEDPARAM [/rosout_disable_topics_generation] by /image_processing_node
[rosmaster.master][INFO] 2025-12-04 22:58:15,696: +CACHEDPARAM [/rosout_disable_topics_generation] by /image_processing_node
[rosmaster.master][INFO] 2025-12-04 22:58:17,426: +CACHEDPARAM [/rosout_disable_topics_generation] by /tiago_simple_image_capture_11058_1764885465138
[rosmaster.master][INFO] 2025-12-04 22:58:18,303: +CACHEDPARAM [/rosout_disable_topics_generation] by /image_processing_node
[rosmaster.master][INFO] 2025-12-04 22:58:18,972: +CACHEDPARAM [/rosout_disable_topics_generation] by /tiago_simple_image_capture_11058_1764885465138
[rosmaster.master][INFO] 2025-12-04 22:58:18,979: +CACHEDPARAM [/rosout_disable_topics_generation] by /tiago_simple_image_capture_11058_1764885465138
[rosmaster.master][INFO] 2025-12-04 22:58:20,897: +CACHEDPARAM [/rosout_disable_topics_generation] by /image_processing_node
[rosmaster.master][INFO] 2025-12-04 22:58:22,236: +CACHEDPARAM [/rosout_disable_topics_generation] by /tiago_simple_image_capture_11058_1764885465138
[rosmaster.master][INFO] 2025-12-04 22:58:23,345: +CACHEDPARAM [/rosout_disable_topics_generation] by /image_processing_node
[rosmaster.master][INFO] 2025-12-04 22:58:25,746: +CACHEDPARAM [/rosout_disable_topics_generation] by /image_processing_node
[rosmaster.master][INFO] 2025-12-04 22:58:26,914: +CACHEDPARAM [/rosout_disable_topics_generation] by /tiago_simple_image_capture_11058_1764885465138
[rosmaster.master][INFO] 2025-12-04 22:58:28,097: +CACHEDPARAM [/rosout_disable_topics_generation] by /image_processing_node
[rosmaster.master][INFO] 2025-12-04 22:58:28,389: +CACHEDPARAM [/rosout_disable_topics_generation] by /tiago_simple_image_capture_11058_1764885465138
[rosmaster.master][INFO] 2025-12-04 22:58:28,392: -SUB [/clock] /tiago_simple_image_capture_11058_1764885465138 http://127.0.0.1:46405/
[rosmaster.master][INFO] 2025-12-04 22:58:28,393: -SUB [/xtion/rgb/image_raw] /tiago_simple_image_capture_11058_1764885465138 http://127.0.0.1:46405/
[rosmaster.master][INFO] 2025-12-04 22:58:28,393: -PUB [/rosout] /tiago_simple_image_capture_11058_1764885465138 http://127.0.0.1:46405/
[rosmaster.master][INFO] 2025-12-04 22:58:28,393: -PUB [/head_controller/command] /tiago_simple_image_capture_11058_1764885465138 http://127.0.0.1:46405/
[rosmaster.master][INFO] 2025-12-04 22:58:28,393: -PUB [/torso_controller/command] /tiago_simple_image_capture_11058_1764885465138 http://127.0.0.1:46405/
[rosmaster.master][INFO] 2025-12-04 22:58:28,394: -SERVICE [/tiago_simple_image_capture_11058_1764885465138/get_loggers] /tiago_simple_image_capture_11058_1764885465138 rosrpc://127.0.0.1:38417
[rosmaster.master][INFO] 2025-12-04 22:58:28,394: -SERVICE [/tiago_simple_image_capture_11058_1764885465138/set_logger_level] /tiago_simple_image_capture_11058_1764885465138 rosrpc://127.0.0.1:38417
[rosmaster.master][INFO] 2025-12-04 22:58:28,405: publisherUpdate[/rosout] -> http://127.0.0.1:37845/ ['http://127.0.0.1:34099/', 'http://127.0.0.1:34537/', 'http://127.0.0.1:33721/', 'http://127.0.0.1:40329/', 'http://127.0.0.1:35099/', 'http://127.0.0.1:39587/', 'http://127.0.0.1:38211/', 'http://127.0.0.1:41753/', 'http://127.0.0.1:34465/', 'http://127.0.0.1:36043/', 'http://127.0.0.1:35305/', 'http://127.0.0.1:37317/', 'http://127.0.0.1:34199/', 'http://127.0.0.1:46517/', 'http://127.0.0.1:43091/', 'http://127.0.0.1:39507/', 'http://127.0.0.1:41027/', 'http://127.0.0.1:38885/', 'http://127.0.0.1:33625/']
[rosmaster.master][INFO] 2025-12-04 22:58:28,410: publisherUpdate[/rosout] -> http://127.0.0.1:37845/ ['http://127.0.0.1:34099/', 'http://127.0.0.1:34537/', 'http://127.0.0.1:33721/', 'http://127.0.0.1:40329/', 'http://127.0.0.1:35099/', 'http://127.0.0.1:39587/', 'http://127.0.0.1:38211/', 'http://127.0.0.1:41753/', 'http://127.0.0.1:34465/', 'http://127.0.0.1:36043/', 'http://127.0.0.1:35305/', 'http://127.0.0.1:37317/', 'http://127.0.0.1:34199/', 'http://127.0.0.1:46517/', 'http://127.0.0.1:43091/', 'http://127.0.0.1:39507/', 'http://127.0.0.1:41027/', 'http://127.0.0.1:38885/', 'http://127.0.0.1:33625/']: sec=0.00, result=[1, '', 0]
[rosmaster.master][INFO] 2025-12-04 22:58:28,410: publisherUpdate[/head_controller/command] -> http://127.0.0.1:46517/ ['http://127.0.0.1:34099/']
[rosmaster.master][INFO] 2025-12-04 22:58:28,412: publisherUpdate[/head_controller/command] -> http://127.0.0.1:46517/ ['http://127.0.0.1:34099/']: sec=0.00, result=[1, '', 0]
[rosmaster.master][INFO] 2025-12-04 22:58:28,413: publisherUpdate[/torso_controller/command] -> http://127.0.0.1:46517/ []
[rosmaster.master][INFO] 2025-12-04 22:58:28,416: publisherUpdate[/torso_controller/command] -> http://127.0.0.1:46517/ []: sec=0.00, result=[1, '', 0]
[rosmaster.master][INFO] 2025-12-04 22:58:30,434: +CACHEDPARAM [/rosout_disable_topics_generation] by /image_processing_node
[rosmaster.master][INFO] 2025-12-04 22:58:32,964: +CACHEDPARAM [/rosout_disable_topics_generation] by /image_processing_node
[rosmaster.master][INFO] 2025-12-04 22:58:35,271: +CACHEDPARAM [/rosout_disable_topics_generation] by /image_processing_node
[rosmaster.master][INFO] 2025-12-04 22:58:37,547: +CACHEDPARAM [/rosout_disable_topics_generation] by /image_processing_node
[rosmaster.master][INFO] 2025-12-04 22:58:39,679: +CACHEDPARAM [/rosout_disable_topics_generation] by /image_processing_node
[rosmaster.master][INFO] 2025-12-04 22:58:41,888: +CACHEDPARAM [/rosout_disable_topics_generation] by /image_processing_node
[rosmaster.master][INFO] 2025-12-04 22:58:44,168: +CACHEDPARAM [/rosout_disable_topics_generation] by /image_processing_node
[rosmaster.master][INFO] 2025-12-04 22:58:46,477: +CACHEDPARAM [/rosout_disable_topics_generation] by /image_processing_node
[rosmaster.master][INFO] 2025-12-04 22:58:48,726: +CACHEDPARAM [/rosout_disable_topics_generation] by /image_processing_node
[rosmaster.master][INFO] 2025-12-04 22:58:51,000: +CACHEDPARAM [/rosout_disable_topics_generation] by /image_processing_node
[rosmaster.master][INFO] 2025-12-04 22:58:53,599: +CACHEDPARAM [/rosout_disable_topics_generation] by /image_processing_node
[rosmaster.master][INFO] 2025-12-04 22:58:56,195: +CACHEDPARAM [/rosout_disable_topics_generation] by /image_processing_node
[rosmaster.master][INFO] 2025-12-04 22:58:58,658: +CACHEDPARAM [/rosout_disable_topics_generation] by /image_processing_node
[rosmaster.master][INFO] 2025-12-04 22:59:00,996: +CACHEDPARAM [/rosout_disable_topics_generation] by /image_processing_node
[rosmaster.master][INFO] 2025-12-04 22:59:03,231: +CACHEDPARAM [/rosout_disable_topics_generation] by /image_processing_node
[rosmaster.master][INFO] 2025-12-04 22:59:05,330: +CACHEDPARAM [/rosout_disable_topics_generation] by /image_processing_node
[rosmaster.master][INFO] 2025-12-04 22:59:07,486: +CACHEDPARAM [/rosout_disable_topics_generation] by /image_processing_node
[rosmaster.master][INFO] 2025-12-04 22:59:09,672: +CACHEDPARAM [/rosout_disable_topics_generation] by /image_processing_node
[rosmaster.master][INFO] 2025-12-04 22:59:11,844: +CACHEDPARAM [/rosout_disable_topics_generation] by /image_processing_node
[rosmaster.master][INFO] 2025-12-04 22:59:14,021: +CACHEDPARAM [/rosout_disable_topics_generation] by /image_processing_node
[rosmaster.master][INFO] 2025-12-04 22:59:16,135: +CACHEDPARAM [/rosout_disable_topics_generation] by /image_processing_node
[rosmaster.master][INFO] 2025-12-04 22:59:18,326: +CACHEDPARAM [/rosout_disable_topics_generation] by /image_processing_node
[rosmaster.master][INFO] 2025-12-04 22:59:20,480: +CACHEDPARAM [/rosout_disable_topics_generation] by /image_processing_node
[rosmaster.master][INFO] 2025-12-04 22:59:22,711: +CACHEDPARAM [/rosout_disable_topics_generation] by /image_processing_node
[rosmaster.master][INFO] 2025-12-04 22:59:25,034: +CACHEDPARAM [/rosout_disable_topics_generation] by /image_processing_node
[rosmaster.master][INFO] 2025-12-04 22:59:27,429: +CACHEDPARAM [/rosout_disable_topics_generation] by /image_processing_node
[rosmaster.master][INFO] 2025-12-04 22:59:29,983: +CACHEDPARAM [/rosout_disable_topics_generation] by /image_processing_node
[rosmaster.master][INFO] 2025-12-04 22:59:33,020: +CACHEDPARAM [/rosout_disable_topics_generation] by /image_processing_node
[rosmaster.master][INFO] 2025-12-04 22:59:35,664: +CACHEDPARAM [/rosout_disable_topics_generation] by /image_processing_node
[rosmaster.master][INFO] 2025-12-04 22:59:37,976: +CACHEDPARAM [/rosout_disable_topics_generation] by /image_processing_node
[rosmaster.master][INFO] 2025-12-04 22:59:40,649: +CACHEDPARAM [/rosout_disable_topics_generation] by /image_processing_node
[rosmaster.master][INFO] 2025-12-04 22:59:43,026: +CACHEDPARAM [/rosout_disable_topics_generation] by /image_processing_node
[rosmaster.master][INFO] 2025-12-04 22:59:45,243: +CACHEDPARAM [/rosout_disable_topics_generation] by /image_processing_node
[rosmaster.master][INFO] 2025-12-04 22:59:47,565: +CACHEDPARAM [/rosout_disable_topics_generation] by /image_processing_node
[rosmaster.master][INFO] 2025-12-04 22:59:49,951: +CACHEDPARAM [/rosout_disable_topics_generation] by /image_processing_node
[rosmaster.master][INFO] 2025-12-04 22:59:52,452: +CACHEDPARAM [/rosout_disable_topics_generation] by /image_processing_node
[rosmaster.master][INFO] 2025-12-04 22:59:54,897: +CACHEDPARAM [/rosout_disable_topics_generation] by /image_processing_node
[rosmaster.master][INFO] 2025-12-04 22:59:57,355: +CACHEDPARAM [/rosout_disable_topics_generation] by /image_processing_node
[rosmaster.master][INFO] 2025-12-04 22:59:59,797: +CACHEDPARAM [/rosout_disable_topics_generation] by /image_processing_node
[rosmaster.master][INFO] 2025-12-04 23:00:02,166: +CACHEDPARAM [/rosout_disable_topics_generation] by /image_processing_node
[rosmaster.master][INFO] 2025-12-04 23:00:04,544: +CACHEDPARAM [/rosout_disable_topics_generation] by /image_processing_node
[rosmaster.master][INFO] 2025-12-04 23:00:06,859: +CACHEDPARAM [/rosout_disable_topics_generation] by /image_processing_node
[rosmaster.master][INFO] 2025-12-04 23:00:09,269: +CACHEDPARAM [/rosout_disable_topics_generation] by /image_processing_node
[rosmaster.master][INFO] 2025-12-04 23:00:11,503: +CACHEDPARAM [/rosout_disable_topics_generation] by /image_processing_node
[rosmaster.master][INFO] 2025-12-04 23:00:13,737: +CACHEDPARAM [/rosout_disable_topics_generation] by /image_processing_node
[rosmaster.master][INFO] 2025-12-04 23:00:16,112: +CACHEDPARAM [/rosout_disable_topics_generation] by /image_processing_node
[rosmaster.master][INFO] 2025-12-04 23:00:18,604: +CACHEDPARAM [/rosout_disable_topics_generation] by /image_processing_node
[rosmaster.master][INFO] 2025-12-04 23:00:21,095: +CACHEDPARAM [/rosout_disable_topics_generation] by /image_processing_node
[rosmaster.master][INFO] 2025-12-04 23:00:23,662: +CACHEDPARAM [/rosout_disable_topics_generation] by /image_processing_node
[rosmaster.master][INFO] 2025-12-04 23:00:26,177: +CACHEDPARAM [/rosout_disable_topics_generation] by /image_processing_node
[rosmaster.master][INFO] 2025-12-04 23:00:28,645: +CACHEDPARAM [/rosout_disable_topics_generation] by /image_processing_node
[rosmaster.master][INFO] 2025-12-04 23:00:30,936: +CACHEDPARAM [/rosout_disable_topics_generation] by /image_processing_node
[rosmaster.master][INFO] 2025-12-04 23:00:33,283: +CACHEDPARAM [/rosout_disable_topics_generation] by /image_processing_node
[rosmaster.master][INFO] 2025-12-04 23:00:35,685: +CACHEDPARAM [/rosout_disable_topics_generation] by /image_processing_node
[rosmaster.master][INFO] 2025-12-04 23:00:37,964: +CACHEDPARAM [/rosout_disable_topics_generation] by /image_processing_node
[rosmaster.master][INFO] 2025-12-04 23:00:40,200: +CACHEDPARAM [/rosout_disable_topics_generation] by /image_processing_node
[rosmaster.master][INFO] 2025-12-04 23:00:42,525: +CACHEDPARAM [/rosout_disable_topics_generation] by /image_processing_node
[rosmaster.master][INFO] 2025-12-04 23:00:44,804: +CACHEDPARAM [/rosout_disable_topics_generation] by /image_processing_node
[rosmaster.master][INFO] 2025-12-04 23:00:47,036: +CACHEDPARAM [/rosout_disable_topics_generation] by /image_processing_node
[rosmaster.master][INFO] 2025-12-04 23:00:49,395: +CACHEDPARAM [/rosout_disable_topics_generation] by /image_processing_node
[rosmaster.master][INFO] 2025-12-04 23:00:52,134: +CACHEDPARAM [/rosout_disable_topics_generation] by /image_processing_node
[rosmaster.master][INFO] 2025-12-04 23:00:54,841: +CACHEDPARAM [/rosout_disable_topics_generation] by /image_processing_node
[rosmaster.master][INFO] 2025-12-04 23:00:57,146: +CACHEDPARAM [/rosout_disable_topics_generation] by /image_processing_node
[rosmaster.master][INFO] 2025-12-04 23:00:59,350: +CACHEDPARAM [/rosout_disable_topics_generation] by /image_processing_node
[rosmaster.master][INFO] 2025-12-04 23:01:01,464: +CACHEDPARAM [/rosout_disable_topics_generation] by /image_processing_node
[rosmaster.master][INFO] 2025-12-04 23:01:03,768: +CACHEDPARAM [/rosout_disable_topics_generation] by /image_processing_node
[rosmaster.master][INFO] 2025-12-04 23:01:05,971: +CACHEDPARAM [/rosout_disable_topics_generation] by /image_processing_node
[rosmaster.master][INFO] 2025-12-04 23:01:08,174: +CACHEDPARAM [/rosout_disable_topics_generation] by /image_processing_node
[rosmaster.master][INFO] 2025-12-04 23:01:10,719: +CACHEDPARAM [/rosout_disable_topics_generation] by /image_processing_node
[rosmaster.master][INFO] 2025-12-04 23:01:13,547: +CACHEDPARAM [/rosout_disable_topics_generation] by /image_processing_node
[rosmaster.master][INFO] 2025-12-04 23:01:15,811: +CACHEDPARAM [/rosout_disable_topics_generation] by /image_processing_node
[rosmaster.master][INFO] 2025-12-04 23:01:18,020: +CACHEDPARAM [/rosout_disable_topics_generation] by /image_processing_node
[rosmaster.master][INFO] 2025-12-04 23:01:20,461: +CACHEDPARAM [/rosout_disable_topics_generation] by /image_processing_node
[rosmaster.master][INFO] 2025-12-04 23:01:22,769: +CACHEDPARAM [/rosout_disable_topics_generation] by /image_processing_node
[rosmaster.master][INFO] 2025-12-04 23:01:24,989: +CACHEDPARAM [/rosout_disable_topics_generation] by /image_processing_node
[rosmaster.master][INFO] 2025-12-04 23:01:27,185: +CACHEDPARAM [/rosout_disable_topics_generation] by /image_processing_node
[rosmaster.master][INFO] 2025-12-04 23:01:29,471: +CACHEDPARAM [/rosout_disable_topics_generation] by /image_processing_node
[rosmaster.master][INFO] 2025-12-04 23:01:31,722: +CACHEDPARAM [/rosout_disable_topics_generation] by /image_processing_node
[rosmaster.master][INFO] 2025-12-04 23:01:33,894: +CACHEDPARAM [/rosout_disable_topics_generation] by /image_processing_node
[rosmaster.master][INFO] 2025-12-04 23:01:36,096: +CACHEDPARAM [/rosout_disable_topics_generation] by /image_processing_node
[rosmaster.master][INFO] 2025-12-04 23:01:38,258: +CACHEDPARAM [/rosout_disable_topics_generation] by /image_processing_node
[rosmaster.master][INFO] 2025-12-04 23:01:40,448: +CACHEDPARAM [/rosout_disable_topics_generation] by /image_processing_node
[rosmaster.master][INFO] 2025-12-04 23:01:42,777: +CACHEDPARAM [/rosout_disable_topics_generation] by /image_processing_node
[rosmaster.master][INFO] 2025-12-04 23:01:45,173: +CACHEDPARAM [/rosout_disable_topics_generation] by /image_processing_node
[rosmaster.master][INFO] 2025-12-04 23:01:47,606: +CACHEDPARAM [/rosout_disable_topics_generation] by /image_processing_node
[rosmaster.master][INFO] 2025-12-04 23:01:50,149: +CACHEDPARAM [/rosout_disable_topics_generation] by /image_processing_node
[rosmaster.master][INFO] 2025-12-04 23:01:52,935: +CACHEDPARAM [/rosout_disable_topics_generation] by /image_processing_node
[rosmaster.master][INFO] 2025-12-04 23:01:55,472: +CACHEDPARAM [/rosout_disable_topics_generation] by /image_processing_node
[rosmaster.master][INFO] 2025-12-04 23:01:57,946: +CACHEDPARAM [/rosout_disable_topics_generation] by /image_processing_node
[rosmaster.master][INFO] 2025-12-04 23:02:00,372: +CACHEDPARAM [/rosout_disable_topics_generation] by /image_processing_node
[rosmaster.master][INFO] 2025-12-04 23:02:02,581: +CACHEDPARAM [/rosout_disable_topics_generation] by /image_processing_node
[rosmaster.master][INFO] 2025-12-04 23:02:04,819: +CACHEDPARAM [/rosout_disable_topics_generation] by /image_processing_node
[rosmaster.master][INFO] 2025-12-04 23:02:07,111: +CACHEDPARAM [/rosout_disable_topics_generation] by /image_processing_node
[rosmaster.master][INFO] 2025-12-04 23:02:09,382: +CACHEDPARAM [/rosout_disable_topics_generation] by /image_processing_node
[rosmaster.master][INFO] 2025-12-04 23:02:11,630: +CACHEDPARAM [/rosout_disable_topics_generation] by /image_processing_node
[rosmaster.master][INFO] 2025-12-04 23:02:13,990: +CACHEDPARAM [/rosout_disable_topics_generation] by /image_processing_node
[rosmaster.master][INFO] 2025-12-04 23:02:16,447: +CACHEDPARAM [/rosout_disable_topics_generation] by /image_processing_node
[rosmaster.master][INFO] 2025-12-04 23:02:19,120: +CACHEDPARAM [/rosout_disable_topics_generation] by /image_processing_node
[rosmaster.master][INFO] 2025-12-04 23:02:21,489: +CACHEDPARAM [/rosout_disable_topics_generation] by /image_processing_node
[rosmaster.master][INFO] 2025-12-04 23:02:23,778: +CACHEDPARAM [/rosout_disable_topics_generation] by /image_processing_node
[rosmaster.master][INFO] 2025-12-04 23:02:26,135: +CACHEDPARAM [/rosout_disable_topics_generation] by /image_processing_node
[rosmaster.master][INFO] 2025-12-04 23:02:28,424: +CACHEDPARAM [/rosout_disable_topics_generation] by /image_processing_node
[rosmaster.master][INFO] 2025-12-04 23:02:30,592: +CACHEDPARAM [/rosout_disable_topics_generation] by /image_processing_node
[rosmaster.master][INFO] 2025-12-04 23:02:32,900: +CACHEDPARAM [/rosout_disable_topics_generation] by /image_processing_node
[rosmaster.master][INFO] 2025-12-04 23:02:35,167: +CACHEDPARAM [/rosout_disable_topics_generation] by /image_processing_node
[rosmaster.master][INFO] 2025-12-04 23:02:37,479: +CACHEDPARAM [/rosout_disable_topics_generation] by /image_processing_node
[rosmaster.master][INFO] 2025-12-04 23:02:39,750: +CACHEDPARAM [/rosout_disable_topics_generation] by /image_processing_node
[rosmaster.master][INFO] 2025-12-04 23:02:42,023: +CACHEDPARAM [/rosout_disable_topics_generation] by /image_processing_node
[rosmaster.master][INFO] 2025-12-04 23:02:44,295: +CACHEDPARAM [/rosout_disable_topics_generation] by /image_processing_node
[rosmaster.master][INFO] 2025-12-04 23:02:46,529: +CACHEDPARAM [/rosout_disable_topics_generation] by /image_processing_node
[rosmaster.master][INFO] 2025-12-04 23:02:48,812: +CACHEDPARAM [/rosout_disable_topics_generation] by /image_processing_node
[rosmaster.master][INFO] 2025-12-04 23:02:51,029: +CACHEDPARAM [/rosout_disable_topics_generation] by /image_processing_node
[rosmaster.master][INFO] 2025-12-04 23:02:53,337: +CACHEDPARAM [/rosout_disable_topics_generation] by /image_processing_node
[rosmaster.master][INFO] 2025-12-04 23:02:55,671: +CACHEDPARAM [/rosout_disable_topics_generation] by /image_processing_node
[rosmaster.master][INFO] 2025-12-04 23:02:58,015: +CACHEDPARAM [/rosout_disable_topics_generation] by /image_processing_node
[rosmaster.master][INFO] 2025-12-04 23:03:00,276: +CACHEDPARAM [/rosout_disable_topics_generation] by /image_processing_node
[rosmaster.master][INFO] 2025-12-04 23:03:02,554: +CACHEDPARAM [/rosout_disable_topics_generation] by /image_processing_node
[rosmaster.master][INFO] 2025-12-04 23:03:04,789: +CACHEDPARAM [/rosout_disable_topics_generation] by /image_processing_node
[rosmaster.master][INFO] 2025-12-04 23:03:07,103: +CACHEDPARAM [/rosout_disable_topics_generation] by /image_processing_node
[rosmaster.master][INFO] 2025-12-04 23:03:09,590: +CACHEDPARAM [/rosout_disable_topics_generation] by /image_processing_node
[rosmaster.master][INFO] 2025-12-04 23:03:11,965: +CACHEDPARAM [/rosout_disable_topics_generation] by /image_processing_node
[rosmaster.master][INFO] 2025-12-04 23:03:14,296: +CACHEDPARAM [/rosout_disable_topics_generation] by /image_processing_node
[rosmaster.master][INFO] 2025-12-04 23:03:16,618: +CACHEDPARAM [/rosout_disable_topics_generation] by /image_processing_node
[rosmaster.master][INFO] 2025-12-04 23:03:18,981: +CACHEDPARAM [/rosout_disable_topics_generation] by /image_processing_node
[rosmaster.master][INFO] 2025-12-04 23:03:21,216: +CACHEDPARAM [/rosout_disable_topics_generation] by /image_processing_node
[rosmaster.master][INFO] 2025-12-04 23:03:23,605: +CACHEDPARAM [/rosout_disable_topics_generation] by /image_processing_node
[rosmaster.master][INFO] 2025-12-04 23:03:26,052: +CACHEDPARAM [/rosout_disable_topics_generation] by /image_processing_node
[rosmaster.master][INFO] 2025-12-04 23:03:28,409: +CACHEDPARAM [/rosout_disable_topics_generation] by /image_processing_node
[rosmaster.master][INFO] 2025-12-04 23:03:30,752: +CACHEDPARAM [/rosout_disable_topics_generation] by /image_processing_node
[rosmaster.master][INFO] 2025-12-04 23:03:32,997: +CACHEDPARAM [/rosout_disable_topics_generation] by /image_processing_node
[rosmaster.master][INFO] 2025-12-04 23:03:35,488: +CACHEDPARAM [/rosout_disable_topics_generation] by /image_processing_node
[rosmaster.master][INFO] 2025-12-04 23:03:37,864: +CACHEDPARAM [/rosout_disable_topics_generation] by /image_processing_node
[rosmaster.master][INFO] 2025-12-04 23:03:40,166: +CACHEDPARAM [/rosout_disable_topics_generation] by /image_processing_node
[rosmaster.master][INFO] 2025-12-04 23:03:42,471: +CACHEDPARAM [/rosout_disable_topics_generation] by /image_processing_node
[rosmaster.master][INFO] 2025-12-04 23:03:44,827: +CACHEDPARAM [/rosout_disable_topics_generation] by /image_processing_node
[rosmaster.master][INFO] 2025-12-04 23:03:47,287: +CACHEDPARAM [/rosout_disable_topics_generation] by /image_processing_node
[rosmaster.master][INFO] 2025-12-04 23:03:49,776: +CACHEDPARAM [/rosout_disable_topics_generation] by /image_processing_node
[rosmaster.master][INFO] 2025-12-04 23:03:52,194: +CACHEDPARAM [/rosout_disable_topics_generation] by /image_processing_node
[rosmaster.master][INFO] 2025-12-04 23:03:54,726: +CACHEDPARAM [/rosout_disable_topics_generation] by /image_processing_node
[rosmaster.master][INFO] 2025-12-04 23:03:57,160: +CACHEDPARAM [/rosout_disable_topics_generation] by /image_processing_node
[rosmaster.master][INFO] 2025-12-04 23:03:59,740: +CACHEDPARAM [/rosout_disable_topics_generation] by /image_processing_node
[rosmaster.master][INFO] 2025-12-04 23:04:02,400: +CACHEDPARAM [/rosout_disable_topics_generation] by /image_processing_node
[rosmaster.master][INFO] 2025-12-04 23:04:05,276: +CACHEDPARAM [/rosout_disable_topics_generation] by /image_processing_node
[rosmaster.master][INFO] 2025-12-04 23:04:07,746: +CACHEDPARAM [/rosout_disable_topics_generation] by /image_processing_node
[rosmaster.master][INFO] 2025-12-04 23:04:10,114: +CACHEDPARAM [/rosout_disable_topics_generation] by /image_processing_node
[rosmaster.master][INFO] 2025-12-04 23:04:12,362: +CACHEDPARAM [/rosout_disable_topics_generation] by /image_processing_node
[rosmaster.master][INFO] 2025-12-04 23:04:14,593: +CACHEDPARAM [/rosout_disable_topics_generation] by /image_processing_node
[rosmaster.master][INFO] 2025-12-04 23:04:16,820: +CACHEDPARAM [/rosout_disable_topics_generation] by /image_processing_node
[rosmaster.master][INFO] 2025-12-04 23:04:19,114: +CACHEDPARAM [/rosout_disable_topics_generation] by /image_processing_node
[rosmaster.master][INFO] 2025-12-04 23:04:21,439: +CACHEDPARAM [/rosout_disable_topics_generation] by /image_processing_node
[rosmaster.master][INFO] 2025-12-04 23:04:23,689: +CACHEDPARAM [/rosout_disable_topics_generation] by /image_processing_node
[rosmaster.master][INFO] 2025-12-04 23:04:26,027: +CACHEDPARAM [/rosout_disable_topics_generation] by /image_processing_node
[rosmaster.master][INFO] 2025-12-04 23:04:28,415: +CACHEDPARAM [/rosout_disable_topics_generation] by /image_processing_node
[rosmaster.master][INFO] 2025-12-04 23:04:30,718: +CACHEDPARAM [/rosout_disable_topics_generation] by /image_processing_node
[rosmaster.master][INFO] 2025-12-04 23:04:33,028: +CACHEDPARAM [/rosout_disable_topics_generation] by /image_processing_node
[rosmaster.master][INFO] 2025-12-04 23:04:35,389: +CACHEDPARAM [/rosout_disable_topics_generation] by /image_processing_node
[rosmaster.master][INFO] 2025-12-04 23:04:37,767: +CACHEDPARAM [/rosout_disable_topics_generation] by /image_processing_node
[rosmaster.master][INFO] 2025-12-04 23:04:40,284: +CACHEDPARAM [/rosout_disable_topics_generation] by /image_processing_node
[rosmaster.master][INFO] 2025-12-04 23:04:42,664: +CACHEDPARAM [/rosout_disable_topics_generation] by /image_processing_node
[rosmaster.master][INFO] 2025-12-04 23:04:44,909: +CACHEDPARAM [/rosout_disable_topics_generation] by /image_processing_node
[rosmaster.master][INFO] 2025-12-04 23:04:47,065: +CACHEDPARAM [/rosout_disable_topics_generation] by /image_processing_node
[rosmaster.master][INFO] 2025-12-04 23:04:49,388: +CACHEDPARAM [/rosout_disable_topics_generation] by /image_processing_node
[rosmaster.master][INFO] 2025-12-04 23:04:51,706: +CACHEDPARAM [/rosout_disable_topics_generation] by /image_processing_node
[rosmaster.master][INFO] 2025-12-04 23:04:54,048: +CACHEDPARAM [/rosout_disable_topics_generation] by /image_processing_node
[rosmaster.master][INFO] 2025-12-04 23:04:56,434: +CACHEDPARAM [/rosout_disable_topics_generation] by /image_processing_node
[rosmaster.master][INFO] 2025-12-04 23:04:58,878: +CACHEDPARAM [/rosout_disable_topics_generation] by /image_processing_node
[rosmaster.master][INFO] 2025-12-04 23:05:01,763: +CACHEDPARAM [/rosout_disable_topics_generation] by /image_processing_node
[rosmaster.master][INFO] 2025-12-04 23:05:03,963: +CACHEDPARAM [/rosout_disable_topics_generation] by /image_processing_node
[rosmaster.master][INFO] 2025-12-04 23:05:05,971: +PUB [/rosout] /rosservice_11110_1764885905729 http://127.0.0.1:42747/
[rosmaster.master][INFO] 2025-12-04 23:05:05,980: +SUB [/clock] /rosservice_11110_1764885905729 http://127.0.0.1:42747/
[rosmaster.master][INFO] 2025-12-04 23:05:05,988: +SERVICE [/rosservice_11110_1764885905729/get_loggers] /rosservice_11110_1764885905729 http://127.0.0.1:42747/
[rosmaster.master][INFO] 2025-12-04 23:05:05,991: +SERVICE [/rosservice_11110_1764885905729/set_logger_level] /rosservice_11110_1764885905729 http://127.0.0.1:42747/
[rosmaster.master][INFO] 2025-12-04 23:05:06,009: publisherUpdate[/rosout] -> http://127.0.0.1:37845/ ['http://127.0.0.1:34099/', 'http://127.0.0.1:34537/', 'http://127.0.0.1:33721/', 'http://127.0.0.1:40329/', 'http://127.0.0.1:35099/', 'http://127.0.0.1:39587/', 'http://127.0.0.1:38211/', 'http://127.0.0.1:41753/', 'http://127.0.0.1:34465/', 'http://127.0.0.1:36043/', 'http://127.0.0.1:35305/', 'http://127.0.0.1:37317/', 'http://127.0.0.1:34199/', 'http://127.0.0.1:46517/', 'http://127.0.0.1:43091/', 'http://127.0.0.1:39507/', 'http://127.0.0.1:41027/', 'http://127.0.0.1:38885/', 'http://127.0.0.1:33625/', 'http://127.0.0.1:42747/']
[rosmaster.master][INFO] 2025-12-04 23:05:06,011: +CACHEDPARAM [/rosout_disable_topics_generation] by /image_processing_node
[rosmaster.master][INFO] 2025-12-04 23:05:06,013: publisherUpdate[/rosout] -> http://127.0.0.1:37845/ ['http://127.0.0.1:34099/', 'http://127.0.0.1:34537/', 'http://127.0.0.1:33721/', 'http://127.0.0.1:40329/', 'http://127.0.0.1:35099/', 'http://127.0.0.1:39587/', 'http://127.0.0.1:38211/', 'http://127.0.0.1:41753/', 'http://127.0.0.1:34465/', 'http://127.0.0.1:36043/', 'http://127.0.0.1:35305/', 'http://127.0.0.1:37317/', 'http://127.0.0.1:34199/', 'http://127.0.0.1:46517/', 'http://127.0.0.1:43091/', 'http://127.0.0.1:39507/', 'http://127.0.0.1:41027/', 'http://127.0.0.1:38885/', 'http://127.0.0.1:33625/', 'http://127.0.0.1:42747/']: sec=0.00, result=[1, '', 0]
[rosmaster.master][INFO] 2025-12-04 23:05:06,019: +CACHEDPARAM [/rosout_disable_topics_generation] by /image_processing_node
[rosmaster.master][INFO] 2025-12-04 23:05:06,026: +CACHEDPARAM [/rosout_disable_topics_generation] by /image_processing_node
[rosmaster.master][INFO] 2025-12-04 23:05:06,474: +CACHEDPARAM [/rosout_disable_topics_generation] by /image_processing_node
[rosmaster.master][INFO] 2025-12-04 23:05:09,982: +CACHEDPARAM [/rosout_disable_topics_generation] by /image_processing_node
[rosmaster.master][INFO] 2025-12-04 23:05:10,064: +CACHEDPARAM [/rosout_disable_topics_generation] by /image_processing_node
[rosmaster.master][INFO] 2025-12-04 23:05:10,067: +CACHEDPARAM [/rosout_disable_topics_generation] by /image_processing_node
[rosmaster.master][INFO] 2025-12-04 23:05:10,089: +CACHEDPARAM [/rosout_disable_topics_generation] by /image_processing_node
[rosmaster.master][INFO] 2025-12-04 23:05:10,092: +CACHEDPARAM [/rosout_disable_topics_generation] by /image_processing_node
[rosmaster.master][INFO] 2025-12-04 23:05:13,583: +CACHEDPARAM [/rosout_disable_topics_generation] by /image_processing_node
[rosmaster.master][INFO] 2025-12-04 23:05:14,197: +CACHEDPARAM [/rosout_disable_topics_generation] by /image_processing_node
[rosmaster.master][INFO] 2025-12-04 23:05:14,202: +CACHEDPARAM [/rosout_disable_topics_generation] by /image_processing_node
[rosmaster.master][INFO] 2025-12-04 23:05:14,217: +CACHEDPARAM [/rosout_disable_topics_generation] by /image_processing_node
[rosmaster.master][INFO] 2025-12-04 23:05:14,228: +CACHEDPARAM [/rosout_disable_topics_generation] by /image_processing_node
[rosmaster.master][INFO] 2025-12-04 23:05:17,380: +CACHEDPARAM [/rosout_disable_topics_generation] by /image_processing_node
[rosmaster.master][INFO] 2025-12-04 23:05:18,389: +CACHEDPARAM [/rosout_disable_topics_generation] by /image_processing_node
[rosmaster.master][INFO] 2025-12-04 23:05:18,398: +CACHEDPARAM [/rosout_disable_topics_generation] by /image_processing_node
[rosmaster.master][INFO] 2025-12-04 23:05:18,414: +CACHEDPARAM [/rosout_disable_topics_generation] by /image_processing_node
[rosmaster.master][INFO] 2025-12-04 23:05:18,418: +CACHEDPARAM [/rosout_disable_topics_generation] by /image_processing_node
[rosmaster.master][INFO] 2025-12-04 23:05:21,051: +CACHEDPARAM [/rosout_disable_topics_generation] by /image_processing_node
[rosmaster.master][INFO] 2025-12-04 23:05:22,618: +CACHEDPARAM [/rosout_disable_topics_generation] by /image_processing_node
[rosmaster.master][INFO] 2025-12-04 23:05:22,624: +CACHEDPARAM [/rosout_disable_topics_generation] by /image_processing_node
[rosmaster.master][INFO] 2025-12-04 23:05:22,650: +CACHEDPARAM [/rosout_disable_topics_generation] by /image_processing_node
[rosmaster.master][INFO] 2025-12-04 23:05:22,655: +CACHEDPARAM [/rosout_disable_topics_generation] by /image_processing_node
[rosmaster.master][INFO] 2025-12-04 23:05:24,749: +CACHEDPARAM [/rosout_disable_topics_generation] by /image_processing_node
[rosmaster.master][INFO] 2025-12-04 23:05:26,866: +CACHEDPARAM [/rosout_disable_topics_generation] by /image_processing_node
[rosmaster.master][INFO] 2025-12-04 23:05:26,869: +CACHEDPARAM [/rosout_disable_topics_generation] by /image_processing_node
[rosmaster.master][INFO] 2025-12-04 23:05:26,891: +CACHEDPARAM [/rosout_disable_topics_generation] by /image_processing_node
[rosmaster.master][INFO] 2025-12-04 23:05:26,897: +CACHEDPARAM [/rosout_disable_topics_generation] by /image_processing_node
[rosmaster.master][INFO] 2025-12-04 23:05:28,508: +CACHEDPARAM [/rosout_disable_topics_generation] by /image_processing_node
[rosmaster.master][INFO] 2025-12-04 23:05:31,632: +CACHEDPARAM [/rosout_disable_topics_generation] by /image_processing_node
[rosmaster.master][INFO] 2025-12-04 23:05:31,639: +CACHEDPARAM [/rosout_disable_topics_generation] by /image_processing_node
[rosmaster.master][INFO] 2025-12-04 23:05:31,654: +CACHEDPARAM [/rosout_disable_topics_generation] by /image_processing_node
[rosmaster.master][INFO] 2025-12-04 23:05:31,660: +CACHEDPARAM [/rosout_disable_topics_generation] by /image_processing_node
[rosmaster.master][INFO] 2025-12-04 23:05:32,671: +CACHEDPARAM [/rosout_disable_topics_generation] by /image_processing_node
[rosmaster.master][INFO] 2025-12-04 23:05:35,896: +CACHEDPARAM [/rosout_disable_topics_generation] by /image_processing_node
[rosmaster.master][INFO] 2025-12-04 23:05:35,900: +CACHEDPARAM [/rosout_disable_topics_generation] by /image_processing_node
[rosmaster.master][INFO] 2025-12-04 23:05:35,909: +CACHEDPARAM [/rosout_disable_topics_generation] by /image_processing_node
[rosmaster.master][INFO] 2025-12-04 23:05:35,914: +CACHEDPARAM [/rosout_disable_topics_generation] by /image_processing_node
[rosmaster.master][INFO] 2025-12-04 23:05:36,315: +CACHEDPARAM [/rosout_disable_topics_generation] by /image_processing_node
[rosmaster.master][INFO] 2025-12-04 23:05:39,938: +CACHEDPARAM [/rosout_disable_topics_generation] by /image_processing_node
[rosmaster.master][INFO] 2025-12-04 23:05:39,964: +CACHEDPARAM [/rosout_disable_topics_generation] by /image_processing_node
[rosmaster.master][INFO] 2025-12-04 23:05:39,968: +CACHEDPARAM [/rosout_disable_topics_generation] by /image_processing_node
[rosmaster.master][INFO] 2025-12-04 23:05:39,985: +CACHEDPARAM [/rosout_disable_topics_generation] by /image_processing_node
[rosmaster.master][INFO] 2025-12-04 23:05:39,989: +CACHEDPARAM [/rosout_disable_topics_generation] by /image_processing_node
[rosmaster.master][INFO] 2025-12-04 23:05:43,656: +CACHEDPARAM [/rosout_disable_topics_generation] by /image_processing_node
[rosmaster.master][INFO] 2025-12-04 23:05:43,921: +CACHEDPARAM [/rosout_disable_topics_generation] by /image_processing_node
[rosmaster.master][INFO] 2025-12-04 23:05:43,925: +CACHEDPARAM [/rosout_disable_topics_generation] by /image_processing_node
[rosmaster.master][INFO] 2025-12-04 23:05:43,945: +CACHEDPARAM [/rosout_disable_topics_generation] by /image_processing_node
[rosmaster.master][INFO] 2025-12-04 23:05:43,949: +CACHEDPARAM [/rosout_disable_topics_generation] by /image_processing_node
[rosmaster.master][INFO] 2025-12-04 23:05:47,492: +CACHEDPARAM [/rosout_disable_topics_generation] by /image_processing_node
[rosmaster.master][INFO] 2025-12-04 23:05:48,076: +CACHEDPARAM [/rosout_disable_topics_generation] by /image_processing_node
[rosmaster.master][INFO] 2025-12-04 23:05:48,082: +CACHEDPARAM [/rosout_disable_topics_generation] by /image_processing_node
[rosmaster.master][INFO] 2025-12-04 23:05:48,096: +CACHEDPARAM [/rosout_disable_topics_generation] by /image_processing_node
[rosmaster.master][INFO] 2025-12-04 23:05:48,099: +CACHEDPARAM [/rosout_disable_topics_generation] by /image_processing_node
[rosmaster.master][INFO] 2025-12-04 23:05:51,113: +CACHEDPARAM [/rosout_disable_topics_generation] by /image_processing_node
[rosmaster.master][INFO] 2025-12-04 23:05:52,107: +CACHEDPARAM [/rosout_disable_topics_generation] by /image_processing_node
[rosmaster.master][INFO] 2025-12-04 23:05:52,114: +CACHEDPARAM [/rosout_disable_topics_generation] by /image_processing_node
[rosmaster.master][INFO] 2025-12-04 23:05:52,136: +CACHEDPARAM [/rosout_disable_topics_generation] by /image_processing_node
[rosmaster.master][INFO] 2025-12-04 23:05:52,140: +CACHEDPARAM [/rosout_disable_topics_generation] by /image_processing_node
[rosmaster.master][INFO] 2025-12-04 23:05:54,964: +CACHEDPARAM [/rosout_disable_topics_generation] by /image_processing_node
[rosmaster.master][INFO] 2025-12-04 23:05:56,261: +CACHEDPARAM [/rosout_disable_topics_generation] by /image_processing_node
[rosmaster.master][INFO] 2025-12-04 23:05:56,269: +CACHEDPARAM [/rosout_disable_topics_generation] by /image_processing_node
[rosmaster.master][INFO] 2025-12-04 23:05:56,293: +CACHEDPARAM [/rosout_disable_topics_generation] by /image_processing_node
[rosmaster.master][INFO] 2025-12-04 23:05:56,298: +CACHEDPARAM [/rosout_disable_topics_generation] by /image_processing_node
[rosmaster.master][INFO] 2025-12-04 23:05:58,669: +CACHEDPARAM [/rosout_disable_topics_generation] by /image_processing_node
[rosmaster.master][INFO] 2025-12-04 23:06:00,321: +CACHEDPARAM [/rosout_disable_topics_generation] by /image_processing_node
[rosmaster.master][INFO] 2025-12-04 23:06:00,329: +CACHEDPARAM [/rosout_disable_topics_generation] by /image_processing_node
[rosmaster.master][INFO] 2025-12-04 23:06:00,347: +CACHEDPARAM [/rosout_disable_topics_generation] by /image_processing_node
[rosmaster.master][INFO] 2025-12-04 23:06:00,351: +CACHEDPARAM [/rosout_disable_topics_generation] by /image_processing_node
[rosmaster.master][INFO] 2025-12-04 23:06:02,325: +CACHEDPARAM [/rosout_disable_topics_generation] by /image_processing_node
[rosmaster.master][INFO] 2025-12-04 23:06:04,433: +CACHEDPARAM [/rosout_disable_topics_generation] by /image_processing_node
[rosmaster.master][INFO] 2025-12-04 23:06:04,440: +CACHEDPARAM [/rosout_disable_topics_generation] by /image_processing_node
[rosmaster.master][INFO] 2025-12-04 23:06:04,455: +CACHEDPARAM [/rosout_disable_topics_generation] by /image_processing_node
[rosmaster.master][INFO] 2025-12-04 23:06:04,459: +CACHEDPARAM [/rosout_disable_topics_generation] by /image_processing_node
[rosmaster.master][INFO] 2025-12-04 23:06:05,972: +CACHEDPARAM [/rosout_disable_topics_generation] by /image_processing_node
[rosmaster.master][INFO] 2025-12-04 23:06:08,460: +CACHEDPARAM [/rosout_disable_topics_generation] by /image_processing_node
[rosmaster.master][INFO] 2025-12-04 23:06:08,466: +CACHEDPARAM [/rosout_disable_topics_generation] by /image_processing_node
[rosmaster.master][INFO] 2025-12-04 23:06:08,478: +CACHEDPARAM [/rosout_disable_topics_generation] by /image_processing_node
[rosmaster.master][INFO] 2025-12-04 23:06:08,485: +CACHEDPARAM [/rosout_disable_topics_generation] by /image_processing_node
[rosmaster.master][INFO] 2025-12-04 23:06:09,637: +CACHEDPARAM [/rosout_disable_topics_generation] by /image_processing_node
[rosmaster.master][INFO] 2025-12-04 23:06:12,793: +CACHEDPARAM [/rosout_disable_topics_generation] by /image_processing_node
[rosmaster.master][INFO] 2025-12-04 23:06:12,801: +CACHEDPARAM [/rosout_disable_topics_generation] by /image_processing_node
[rosmaster.master][INFO] 2025-12-04 23:06:12,823: +CACHEDPARAM [/rosout_disable_topics_generation] by /image_processing_node
[rosmaster.master][INFO] 2025-12-04 23:06:12,829: +CACHEDPARAM [/rosout_disable_topics_generation] by /image_processing_node
[rosmaster.master][INFO] 2025-12-04 23:06:13,416: +CACHEDPARAM [/rosout_disable_topics_generation] by /image_processing_node
[rosmaster.master][INFO] 2025-12-04 23:06:16,706: +CACHEDPARAM [/rosout_disable_topics_generation] by /image_processing_node
[rosmaster.master][INFO] 2025-12-04 23:06:16,711: +CACHEDPARAM [/rosout_disable_topics_generation] by /image_processing_node
[rosmaster.master][INFO] 2025-12-04 23:06:16,720: +CACHEDPARAM [/rosout_disable_topics_generation] by /image_processing_node
[rosmaster.master][INFO] 2025-12-04 23:06:16,725: +CACHEDPARAM [/rosout_disable_topics_generation] by /image_processing_node
[rosmaster.master][INFO] 2025-12-04 23:06:16,731: -SUB [/clock] /rosservice_11110_1764885905729 http://127.0.0.1:42747/
[rosmaster.master][INFO] 2025-12-04 23:06:16,731: -PUB [/rosout] /rosservice_11110_1764885905729 http://127.0.0.1:42747/
[rosmaster.master][INFO] 2025-12-04 23:06:16,731: -SERVICE [/rosservice_11110_1764885905729/get_loggers] /rosservice_11110_1764885905729 rosrpc://127.0.0.1:43873
[rosmaster.master][INFO] 2025-12-04 23:06:16,731: -SERVICE [/rosservice_11110_1764885905729/set_logger_level] /rosservice_11110_1764885905729 rosrpc://127.0.0.1:43873
[rosmaster.master][INFO] 2025-12-04 23:06:16,732: publisherUpdate[/rosout] -> http://127.0.0.1:37845/ ['http://127.0.0.1:34099/', 'http://127.0.0.1:34537/', 'http://127.0.0.1:33721/', 'http://127.0.0.1:40329/', 'http://127.0.0.1:35099/', 'http://127.0.0.1:39587/', 'http://127.0.0.1:38211/', 'http://127.0.0.1:41753/', 'http://127.0.0.1:34465/', 'http://127.0.0.1:36043/', 'http://127.0.0.1:35305/', 'http://127.0.0.1:37317/', 'http://127.0.0.1:34199/', 'http://127.0.0.1:46517/', 'http://127.0.0.1:43091/', 'http://127.0.0.1:39507/', 'http://127.0.0.1:41027/', 'http://127.0.0.1:38885/', 'http://127.0.0.1:33625/']
[rosmaster.master][INFO] 2025-12-04 23:06:16,734: publisherUpdate[/rosout] -> http://127.0.0.1:37845/ ['http://127.0.0.1:34099/', 'http://127.0.0.1:34537/', 'http://127.0.0.1:33721/', 'http://127.0.0.1:40329/', 'http://127.0.0.1:35099/', 'http://127.0.0.1:39587/', 'http://127.0.0.1:38211/', 'http://127.0.0.1:41753/', 'http://127.0.0.1:34465/', 'http://127.0.0.1:36043/', 'http://127.0.0.1:35305/', 'http://127.0.0.1:37317/', 'http://127.0.0.1:34199/', 'http://127.0.0.1:46517/', 'http://127.0.0.1:43091/', 'http://127.0.0.1:39507/', 'http://127.0.0.1:41027/', 'http://127.0.0.1:38885/', 'http://127.0.0.1:33625/']: sec=0.00, result=[1, '', 0]
[rosmaster.master][INFO] 2025-12-04 23:06:16,817: +CACHEDPARAM [/rosout_disable_topics_generation] by /image_processing_node
[rosmaster.master][INFO] 2025-12-04 23:06:19,117: +CACHEDPARAM [/rosout_disable_topics_generation] by /image_processing_node
[rosmaster.master][INFO] 2025-12-04 23:06:21,226: +CACHEDPARAM [/rosout_disable_topics_generation] by /image_processing_node
[rosmaster.master][INFO] 2025-12-04 23:06:23,388: +CACHEDPARAM [/rosout_disable_topics_generation] by /image_processing_node
[rosmaster.master][INFO] 2025-12-04 23:06:25,610: +CACHEDPARAM [/rosout_disable_topics_generation] by /image_processing_node
[rosmaster.master][INFO] 2025-12-04 23:06:27,739: +CACHEDPARAM [/rosout_disable_topics_generation] by /image_processing_node
[rosmaster.master][INFO] 2025-12-04 23:06:29,878: +CACHEDPARAM [/rosout_disable_topics_generation] by /image_processing_node
[rosmaster.master][INFO] 2025-12-04 23:06:32,034: +CACHEDPARAM [/rosout_disable_topics_generation] by /image_processing_node
[rosmaster.master][INFO] 2025-12-04 23:06:34,185: +CACHEDPARAM [/rosout_disable_topics_generation] by /image_processing_node
[rosmaster.master][INFO] 2025-12-04 23:06:36,350: +CACHEDPARAM [/rosout_disable_topics_generation] by /image_processing_node
[rosmaster.master][INFO] 2025-12-04 23:06:38,483: +CACHEDPARAM [/rosout_disable_topics_generation] by /image_processing_node
[rosmaster.master][INFO] 2025-12-04 23:06:40,655: +CACHEDPARAM [/rosout_disable_topics_generation] by /image_processing_node
[rosmaster.master][INFO] 2025-12-04 23:06:42,840: +CACHEDPARAM [/rosout_disable_topics_generation] by /image_processing_node
[rosmaster.master][INFO] 2025-12-04 23:06:44,948: +CACHEDPARAM [/rosout_disable_topics_generation] by /image_processing_node
[rosmaster.master][INFO] 2025-12-04 23:06:47,098: +CACHEDPARAM [/rosout_disable_topics_generation] by /image_processing_node
[rosmaster.master][INFO] 2025-12-04 23:06:49,135: +CACHEDPARAM [/rosout_disable_topics_generation] by /image_processing_node
[rosmaster.master][INFO] 2025-12-04 23:06:51,436: +CACHEDPARAM [/rosout_disable_topics_generation] by /image_processing_node
[rosmaster.master][INFO] 2025-12-04 23:06:53,683: +CACHEDPARAM [/rosout_disable_topics_generation] by /image_processing_node
[rosmaster.master][INFO] 2025-12-04 23:06:55,858: +CACHEDPARAM [/rosout_disable_topics_generation] by /image_processing_node
[rosmaster.master][INFO] 2025-12-04 23:06:57,974: +CACHEDPARAM [/rosout_disable_topics_generation] by /image_processing_node
[rosmaster.master][INFO] 2025-12-04 23:07:00,118: +CACHEDPARAM [/rosout_disable_topics_generation] by /image_processing_node
[rosmaster.master][INFO] 2025-12-04 23:07:02,567: +CACHEDPARAM [/rosout_disable_topics_generation] by /image_processing_node
[rosmaster.master][INFO] 2025-12-04 23:07:04,959: +CACHEDPARAM [/rosout_disable_topics_generation] by /image_processing_node
[rosmaster.master][INFO] 2025-12-04 23:07:07,397: +CACHEDPARAM [/rosout_disable_topics_generation] by /image_processing_node
[rosmaster.master][INFO] 2025-12-04 23:07:09,661: +CACHEDPARAM [/rosout_disable_topics_generation] by /image_processing_node
[rosmaster.master][INFO] 2025-12-04 23:07:11,977: +CACHEDPARAM [/rosout_disable_topics_generation] by /image_processing_node
[rosmaster.master][INFO] 2025-12-04 23:07:14,155: +CACHEDPARAM [/rosout_disable_topics_generation] by /image_processing_node
[rosmaster.master][INFO] 2025-12-04 23:07:16,267: +CACHEDPARAM [/rosout_disable_topics_generation] by /image_processing_node
[rosmaster.master][INFO] 2025-12-04 23:07:18,435: +CACHEDPARAM [/rosout_disable_topics_generation] by /image_processing_node
[rosmaster.master][INFO] 2025-12-04 23:07:20,619: +CACHEDPARAM [/rosout_disable_topics_generation] by /image_processing_node
[rosmaster.master][INFO] 2025-12-04 23:07:23,231: +CACHEDPARAM [/rosout_disable_topics_generation] by /image_processing_node
[rosmaster.master][INFO] 2025-12-04 23:07:26,204: +CACHEDPARAM [/rosout_disable_topics_generation] by /image_processing_node
[rosmaster.master][INFO] 2025-12-04 23:07:29,033: +CACHEDPARAM [/rosout_disable_topics_generation] by /image_processing_node
[rosmaster.master][INFO] 2025-12-04 23:07:32,037: +CACHEDPARAM [/rosout_disable_topics_generation] by /image_processing_node
[rosmaster.master][INFO] 2025-12-04 23:07:34,513: +CACHEDPARAM [/rosout_disable_topics_generation] by /image_processing_node
[rosmaster.master][INFO] 2025-12-04 23:07:36,864: +CACHEDPARAM [/rosout_disable_topics_generation] by /image_processing_node
[rosmaster.master][INFO] 2025-12-04 23:07:39,790: +CACHEDPARAM [/rosout_disable_topics_generation] by /image_processing_node
[rosmaster.master][INFO] 2025-12-04 23:07:42,286: +CACHEDPARAM [/rosout_disable_topics_generation] by /image_processing_node
[rosmaster.master][INFO] 2025-12-04 23:07:44,746: +CACHEDPARAM [/rosout_disable_topics_generation] by /image_processing_node
[rosmaster.master][INFO] 2025-12-04 23:07:47,135: +CACHEDPARAM [/rosout_disable_topics_generation] by /image_processing_node
[rosmaster.master][INFO] 2025-12-04 23:07:49,500: +CACHEDPARAM [/rosout_disable_topics_generation] by /image_processing_node
[rosmaster.master][INFO] 2025-12-04 23:07:51,742: +CACHEDPARAM [/rosout_disable_topics_generation] by /image_processing_node
[rosmaster.master][INFO] 2025-12-04 23:07:54,002: +CACHEDPARAM [/rosout_disable_topics_generation] by /image_processing_node
[rosmaster.master][INFO] 2025-12-04 23:07:56,204: +CACHEDPARAM [/rosout_disable_topics_generation] by /image_processing_node
[rosmaster.master][INFO] 2025-12-04 23:07:58,568: +CACHEDPARAM [/rosout_disable_topics_generation] by /image_processing_node
[rosmaster.master][INFO] 2025-12-04 23:08:00,835: +CACHEDPARAM [/rosout_disable_topics_generation] by /image_processing_node
[rosmaster.master][INFO] 2025-12-04 23:08:03,238: +CACHEDPARAM [/rosout_disable_topics_generation] by /image_processing_node
[rosmaster.master][INFO] 2025-12-04 23:08:05,719: +CACHEDPARAM [/rosout_disable_topics_generation] by /image_processing_node
[rosmaster.master][INFO] 2025-12-04 23:08:08,430: +CACHEDPARAM [/rosout_disable_topics_generation] by /image_processing_node
[rosmaster.master][INFO] 2025-12-04 23:08:10,822: +CACHEDPARAM [/rosout_disable_topics_generation] by /image_processing_node
[rosmaster.master][INFO] 2025-12-04 23:08:13,215: +CACHEDPARAM [/rosout_disable_topics_generation] by /image_processing_node
[rosmaster.master][INFO] 2025-12-04 23:08:15,427: +CACHEDPARAM [/rosout_disable_topics_generation] by /image_processing_node
[rosmaster.master][INFO] 2025-12-04 23:08:17,570: +CACHEDPARAM [/rosout_disable_topics_generation] by /image_processing_node
[rosmaster.master][INFO] 2025-12-04 23:08:19,940: +CACHEDPARAM [/rosout_disable_topics_generation] by /image_processing_node
[rosmaster.master][INFO] 2025-12-04 23:08:22,170: +CACHEDPARAM [/rosout_disable_topics_generation] by /image_processing_node
[rosmaster.master][INFO] 2025-12-04 23:08:24,561: +CACHEDPARAM [/rosout_disable_topics_generation] by /image_processing_node
[rosmaster.master][INFO] 2025-12-04 23:08:26,947: +CACHEDPARAM [/rosout_disable_topics_generation] by /image_processing_node
[rosmaster.master][INFO] 2025-12-04 23:08:29,340: +CACHEDPARAM [/rosout_disable_topics_generation] by /image_processing_node
[rosmaster.master][INFO] 2025-12-04 23:08:31,601: +CACHEDPARAM [/rosout_disable_topics_generation] by /image_processing_node
[rosmaster.master][INFO] 2025-12-04 23:08:33,986: +CACHEDPARAM [/rosout_disable_topics_generation] by /image_processing_node
[rosmaster.master][INFO] 2025-12-04 23:08:36,465: +CACHEDPARAM [/rosout_disable_topics_generation] by /image_processing_node
[rosmaster.master][INFO] 2025-12-04 23:08:38,846: +CACHEDPARAM [/rosout_disable_topics_generation] by /image_processing_node
[rosmaster.master][INFO] 2025-12-04 23:08:41,434: +CACHEDPARAM [/rosout_disable_topics_generation] by /image_processing_node
[rosmaster.master][INFO] 2025-12-04 23:08:43,997: +CACHEDPARAM [/rosout_disable_topics_generation] by /image_processing_node
[rosmaster.master][INFO] 2025-12-04 23:08:46,440: +CACHEDPARAM [/rosout_disable_topics_generation] by /image_processing_node
[rosmaster.master][INFO] 2025-12-04 23:08:48,964: +CACHEDPARAM [/rosout_disable_topics_generation] by /image_processing_node
[rosmaster.master][INFO] 2025-12-04 23:08:51,397: +CACHEDPARAM [/rosout_disable_topics_generation] by /image_processing_node
[rosmaster.master][INFO] 2025-12-04 23:08:53,909: +CACHEDPARAM [/rosout_disable_topics_generation] by /image_processing_node
[rosmaster.master][INFO] 2025-12-04 23:08:56,343: +CACHEDPARAM [/rosout_disable_topics_generation] by /image_processing_node
[rosmaster.master][INFO] 2025-12-04 23:08:58,827: +CACHEDPARAM [/rosout_disable_topics_generation] by /image_processing_node
[rosmaster.master][INFO] 2025-12-04 23:09:01,242: +CACHEDPARAM [/rosout_disable_topics_generation] by /image_processing_node
[rosmaster.master][INFO] 2025-12-04 23:09:03,692: +CACHEDPARAM [/rosout_disable_topics_generation] by /image_processing_node
[rosmaster.master][INFO] 2025-12-04 23:09:06,096: +CACHEDPARAM [/rosout_disable_topics_generation] by /image_processing_node
[rosmaster.master][INFO] 2025-12-04 23:09:08,526: +CACHEDPARAM [/rosout_disable_topics_generation] by /image_processing_node
[rosmaster.master][INFO] 2025-12-04 23:09:10,974: +CACHEDPARAM [/rosout_disable_topics_generation] by /image_processing_node
[rosmaster.master][INFO] 2025-12-04 23:09:13,363: +CACHEDPARAM [/rosout_disable_topics_generation] by /image_processing_node
[rosmaster.master][INFO] 2025-12-04 23:09:15,783: +CACHEDPARAM [/rosout_disable_topics_generation] by /image_processing_node
[rosmaster.master][INFO] 2025-12-04 23:09:18,189: +CACHEDPARAM [/rosout_disable_topics_generation] by /image_processing_node
[rosmaster.master][INFO] 2025-12-04 23:09:20,625: +CACHEDPARAM [/rosout_disable_topics_generation] by /image_processing_node
[rosmaster.master][INFO] 2025-12-04 23:09:23,030: +CACHEDPARAM [/rosout_disable_topics_generation] by /image_processing_node
[rosmaster.master][INFO] 2025-12-04 23:09:25,568: +CACHEDPARAM [/rosout_disable_topics_generation] by /image_processing_node
[rosmaster.master][INFO] 2025-12-04 23:09:28,023: +CACHEDPARAM [/rosout_disable_topics_generation] by /image_processing_node
[rosmaster.master][INFO] 2025-12-04 23:09:30,458: +CACHEDPARAM [/rosout_disable_topics_generation] by /image_processing_node
[rosmaster.master][INFO] 2025-12-04 23:09:32,874: +CACHEDPARAM [/rosout_disable_topics_generation] by /image_processing_node
[rosmaster.master][INFO] 2025-12-04 23:09:35,690: +CACHEDPARAM [/rosout_disable_topics_generation] by /image_processing_node
[rosmaster.master][INFO] 2025-12-04 23:09:38,463: +CACHEDPARAM [/rosout_disable_topics_generation] by /image_processing_node
[rosmaster.master][INFO] 2025-12-04 23:09:41,286: +CACHEDPARAM [/rosout_disable_topics_generation] by /image_processing_node
[rosmaster.master][INFO] 2025-12-04 23:09:43,973: +CACHEDPARAM [/rosout_disable_topics_generation] by /image_processing_node
[rosmaster.master][INFO] 2025-12-04 23:09:46,207: +CACHEDPARAM [/rosout_disable_topics_generation] by /image_processing_node
[rosmaster.master][INFO] 2025-12-04 23:09:48,471: +CACHEDPARAM [/rosout_disable_topics_generation] by /image_processing_node
[rosmaster.master][INFO] 2025-12-04 23:09:50,779: +CACHEDPARAM [/rosout_disable_topics_generation] by /image_processing_node
[rosmaster.master][INFO] 2025-12-04 23:09:53,190: +CACHEDPARAM [/rosout_disable_topics_generation] by /image_processing_node
[rosmaster.master][INFO] 2025-12-04 23:09:55,498: +CACHEDPARAM [/rosout_disable_topics_generation] by /image_processing_node
[rosmaster.master][INFO] 2025-12-04 23:09:57,740: +CACHEDPARAM [/rosout_disable_topics_generation] by /image_processing_node
[rosmaster.master][INFO] 2025-12-04 23:09:59,929: +CACHEDPARAM [/rosout_disable_topics_generation] by /image_processing_node
[rosmaster.master][INFO] 2025-12-04 23:10:02,145: +CACHEDPARAM [/rosout_disable_topics_generation] by /image_processing_node
[rosmaster.master][INFO] 2025-12-04 23:10:04,521: +CACHEDPARAM [/rosout_disable_topics_generation] by /image_processing_node
[rosmaster.master][INFO] 2025-12-04 23:10:06,801: +CACHEDPARAM [/rosout_disable_topics_generation] by /image_processing_node
[rosmaster.master][INFO] 2025-12-04 23:10:09,009: +CACHEDPARAM [/rosout_disable_topics_generation] by /image_processing_node
[rosmaster.master][INFO] 2025-12-04 23:10:11,346: +CACHEDPARAM [/rosout_disable_topics_generation] by /image_processing_node
[rosmaster.master][INFO] 2025-12-04 23:10:13,704: +CACHEDPARAM [/rosout_disable_topics_generation] by /image_processing_node
[rosmaster.master][INFO] 2025-12-04 23:10:15,932: +CACHEDPARAM [/rosout_disable_topics_generation] by /image_processing_node
[rosmaster.master][INFO] 2025-12-04 23:10:18,182: +CACHEDPARAM [/rosout_disable_topics_generation] by /image_processing_node
[rosmaster.master][INFO] 2025-12-04 23:10:20,521: +CACHEDPARAM [/rosout_disable_topics_generation] by /image_processing_node
[rosmaster.master][INFO] 2025-12-04 23:10:23,266: +CACHEDPARAM [/rosout_disable_topics_generation] by /image_processing_node
[rosmaster.master][INFO] 2025-12-04 23:10:25,565: +CACHEDPARAM [/rosout_disable_topics_generation] by /image_processing_node
[rosmaster.master][INFO] 2025-12-04 23:10:27,798: +CACHEDPARAM [/rosout_disable_topics_generation] by /image_processing_node
[rosmaster.master][INFO] 2025-12-04 23:10:29,939: +CACHEDPARAM [/rosout_disable_topics_generation] by /image_processing_node
[rosmaster.master][INFO] 2025-12-04 23:10:32,133: +CACHEDPARAM [/rosout_disable_topics_generation] by /image_processing_node
[rosmaster.master][INFO] 2025-12-04 23:10:34,430: +CACHEDPARAM [/rosout_disable_topics_generation] by /image_processing_node
[rosmaster.master][INFO] 2025-12-04 23:10:36,651: +CACHEDPARAM [/rosout_disable_topics_generation] by /image_processing_node
[rosmaster.master][INFO] 2025-12-04 23:10:38,857: +CACHEDPARAM [/rosout_disable_topics_generation] by /image_processing_node
[rosmaster.master][INFO] 2025-12-04 23:10:41,008: +CACHEDPARAM [/rosout_disable_topics_generation] by /image_processing_node
[rosmaster.master][INFO] 2025-12-04 23:10:43,208: +CACHEDPARAM [/rosout_disable_topics_generation] by /image_processing_node
[rosmaster.master][INFO] 2025-12-04 23:10:45,425: +CACHEDPARAM [/rosout_disable_topics_generation] by /image_processing_node
[rosmaster.master][INFO] 2025-12-04 23:10:47,652: +CACHEDPARAM [/rosout_disable_topics_generation] by /image_processing_node
[rosmaster.master][INFO] 2025-12-04 23:10:50,073: +CACHEDPARAM [/rosout_disable_topics_generation] by /image_processing_node
[rosmaster.master][INFO] 2025-12-04 23:10:52,293: +CACHEDPARAM [/rosout_disable_topics_generation] by /image_processing_node
[rosmaster.master][INFO] 2025-12-04 23:10:54,608: +CACHEDPARAM [/rosout_disable_topics_generation] by /image_processing_node
[rosmaster.master][INFO] 2025-12-04 23:10:56,747: +CACHEDPARAM [/rosout_disable_topics_generation] by /image_processing_node
[rosmaster.master][INFO] 2025-12-04 23:10:59,252: +CACHEDPARAM [/rosout_disable_topics_generation] by /image_processing_node
[rosmaster.master][INFO] 2025-12-04 23:11:01,816: +CACHEDPARAM [/rosout_disable_topics_generation] by /image_processing_node
[rosmaster.master][INFO] 2025-12-04 23:11:04,095: +CACHEDPARAM [/rosout_disable_topics_generation] by /image_processing_node
[rosmaster.master][INFO] 2025-12-04 23:11:06,411: +CACHEDPARAM [/rosout_disable_topics_generation] by /image_processing_node
[rosmaster.master][INFO] 2025-12-04 23:11:08,670: +CACHEDPARAM [/rosout_disable_topics_generation] by /image_processing_node
[rosmaster.master][INFO] 2025-12-04 23:11:10,947: +CACHEDPARAM [/rosout_disable_topics_generation] by /image_processing_node
[rosmaster.master][INFO] 2025-12-04 23:11:13,249: +CACHEDPARAM [/rosout_disable_topics_generation] by /image_processing_node
[rosmaster.master][INFO] 2025-12-04 23:11:15,414: +CACHEDPARAM [/rosout_disable_topics_generation] by /image_processing_node
[rosmaster.master][INFO] 2025-12-04 23:11:17,523: +CACHEDPARAM [/rosout_disable_topics_generation] by /image_processing_node
[rosmaster.master][INFO] 2025-12-04 23:11:19,605: +CACHEDPARAM [/rosout_disable_topics_generation] by /image_processing_node
[rosmaster.master][INFO] 2025-12-04 23:11:21,746: +CACHEDPARAM [/rosout_disable_topics_generation] by /image_processing_node
[rosmaster.master][INFO] 2025-12-04 23:11:23,845: +CACHEDPARAM [/rosout_disable_topics_generation] by /image_processing_node
[rosmaster.master][INFO] 2025-12-04 23:11:26,014: +CACHEDPARAM [/rosout_disable_topics_generation] by /image_processing_node
[rosmaster.master][INFO] 2025-12-04 23:11:28,206: +CACHEDPARAM [/rosout_disable_topics_generation] by /image_processing_node
[rosmaster.master][INFO] 2025-12-04 23:11:30,609: +CACHEDPARAM [/rosout_disable_topics_generation] by /image_processing_node
[rosmaster.master][INFO] 2025-12-04 23:11:32,933: +CACHEDPARAM [/rosout_disable_topics_generation] by /image_processing_node
[rosmaster.master][INFO] 2025-12-04 23:11:35,467: +CACHEDPARAM [/rosout_disable_topics_generation] by /image_processing_node
[rosmaster.master][INFO] 2025-12-04 23:11:37,788: +CACHEDPARAM [/rosout_disable_topics_generation] by /image_processing_node
[rosmaster.master][INFO] 2025-12-04 23:11:39,989: +CACHEDPARAM [/rosout_disable_topics_generation] by /image_processing_node
[rosmaster.master][INFO] 2025-12-04 23:11:42,200: +CACHEDPARAM [/rosout_disable_topics_generation] by /image_processing_node
[rosmaster.master][INFO] 2025-12-04 23:11:44,505: +CACHEDPARAM [/rosout_disable_topics_generation] by /image_processing_node
[rosmaster.master][INFO] 2025-12-04 23:11:46,713: +CACHEDPARAM [/rosout_disable_topics_generation] by /image_processing_node
[rosmaster.master][INFO] 2025-12-04 23:11:48,955: +CACHEDPARAM [/rosout_disable_topics_generation] by /image_processing_node
[rosmaster.master][INFO] 2025-12-04 23:11:51,209: +CACHEDPARAM [/rosout_disable_topics_generation] by /image_processing_node
[rosmaster.master][INFO] 2025-12-04 23:11:53,584: +CACHEDPARAM [/rosout_disable_topics_generation] by /image_processing_node
[rosmaster.master][INFO] 2025-12-04 23:11:55,767: +CACHEDPARAM [/rosout_disable_topics_generation] by /image_processing_node
[rosmaster.master][INFO] 2025-12-04 23:11:58,129: +CACHEDPARAM [/rosout_disable_topics_generation] by /image_processing_node
[rosmaster.master][INFO] 2025-12-04 23:12:00,371: +CACHEDPARAM [/rosout_disable_topics_generation] by /image_processing_node
[rosmaster.master][INFO] 2025-12-04 23:12:02,637: +CACHEDPARAM [/rosout_disable_topics_generation] by /image_processing_node
[rosmaster.master][INFO] 2025-12-04 23:12:04,844: +CACHEDPARAM [/rosout_disable_topics_generation] by /image_processing_node
[rosmaster.master][INFO] 2025-12-04 23:12:07,411: +CACHEDPARAM [/rosout_disable_topics_generation] by /image_processing_node
[rosmaster.master][INFO] 2025-12-04 23:12:09,854: +CACHEDPARAM [/rosout_disable_topics_generation] by /image_processing_node
[rosmaster.master][INFO] 2025-12-04 23:12:12,166: +CACHEDPARAM [/rosout_disable_topics_generation] by /image_processing_node
[rosmaster.master][INFO] 2025-12-04 23:12:14,411: +CACHEDPARAM [/rosout_disable_topics_generation] by /image_processing_node
[rosmaster.master][INFO] 2025-12-04 23:12:16,697: +CACHEDPARAM [/rosout_disable_topics_generation] by /image_processing_node
[rosmaster.master][INFO] 2025-12-04 23:12:18,938: +CACHEDPARAM [/rosout_disable_topics_generation] by /image_processing_node
[rosmaster.master][INFO] 2025-12-04 23:12:21,270: +CACHEDPARAM [/rosout_disable_topics_generation] by /image_processing_node
[rosmaster.master][INFO] 2025-12-04 23:12:23,619: +CACHEDPARAM [/rosout_disable_topics_generation] by /image_processing_node
[rosmaster.master][INFO] 2025-12-04 23:12:25,944: +CACHEDPARAM [/rosout_disable_topics_generation] by /image_processing_node
[rosmaster.master][INFO] 2025-12-04 23:12:28,262: +CACHEDPARAM [/rosout_disable_topics_generation] by /image_processing_node
[rosmaster.master][INFO] 2025-12-04 23:12:30,583: +CACHEDPARAM [/rosout_disable_topics_generation] by /image_processing_node
[rosmaster.master][INFO] 2025-12-04 23:12:32,748: +CACHEDPARAM [/rosout_disable_topics_generation] by /image_processing_node
[rosmaster.master][INFO] 2025-12-04 23:12:35,127: +CACHEDPARAM [/rosout_disable_topics_generation] by /image_processing_node
[rosmaster.master][INFO] 2025-12-04 23:12:37,278: +CACHEDPARAM [/rosout_disable_topics_generation] by /image_processing_node
[rosmaster.master][INFO] 2025-12-04 23:12:39,500: +CACHEDPARAM [/rosout_disable_topics_generation] by /image_processing_node
[rosmaster.master][INFO] 2025-12-04 23:12:41,760: +CACHEDPARAM [/rosout_disable_topics_generation] by /image_processing_node
[rosmaster.master][INFO] 2025-12-04 23:12:43,919: +CACHEDPARAM [/rosout_disable_topics_generation] by /image_processing_node
[rosmaster.master][INFO] 2025-12-04 23:12:46,053: +CACHEDPARAM [/rosout_disable_topics_generation] by /image_processing_node
[rosmaster.master][INFO] 2025-12-04 23:12:48,177: +CACHEDPARAM [/rosout_disable_topics_generation] by /image_processing_node
[rosmaster.master][INFO] 2025-12-04 23:12:50,313: +CACHEDPARAM [/rosout_disable_topics_generation] by /image_processing_node
[rosmaster.master][INFO] 2025-12-04 23:12:52,455: +CACHEDPARAM [/rosout_disable_topics_generation] by /image_processing_node
[rosmaster.master][INFO] 2025-12-04 23:12:54,570: +CACHEDPARAM [/rosout_disable_topics_generation] by /image_processing_node
[rosmaster.master][INFO] 2025-12-04 23:12:56,736: +CACHEDPARAM [/rosout_disable_topics_generation] by /image_processing_node
[rosmaster.master][INFO] 2025-12-04 23:12:59,033: +CACHEDPARAM [/rosout_disable_topics_generation] by /image_processing_node
[rosmaster.master][INFO] 2025-12-04 23:13:01,191: +CACHEDPARAM [/rosout_disable_topics_generation] by /image_processing_node
[rosmaster.master][INFO] 2025-12-04 23:13:03,342: +CACHEDPARAM [/rosout_disable_topics_generation] by /image_processing_node
[rosmaster.master][INFO] 2025-12-04 23:13:05,637: +CACHEDPARAM [/rosout_disable_topics_generation] by /image_processing_node
[rosmaster.master][INFO] 2025-12-04 23:13:08,182: +CACHEDPARAM [/rosout_disable_topics_generation] by /image_processing_node
[rosmaster.master][INFO] 2025-12-04 23:13:10,380: +CACHEDPARAM [/rosout_disable_topics_generation] by /image_processing_node
[rosmaster.master][INFO] 2025-12-04 23:13:12,792: +CACHEDPARAM [/rosout_disable_topics_generation] by /image_processing_node
[rosmaster.master][INFO] 2025-12-04 23:13:15,053: +CACHEDPARAM [/rosout_disable_topics_generation] by /image_processing_node
[rosmaster.master][INFO] 2025-12-04 23:13:17,282: +CACHEDPARAM [/rosout_disable_topics_generation] by /image_processing_node
[rosmaster.master][INFO] 2025-12-04 23:13:19,771: +CACHEDPARAM [/rosout_disable_topics_generation] by /image_processing_node
[rosmaster.master][INFO] 2025-12-04 23:13:22,061: +CACHEDPARAM [/rosout_disable_topics_generation] by /image_processing_node
[rosmaster.master][INFO] 2025-12-04 23:13:24,193: +CACHEDPARAM [/rosout_disable_topics_generation] by /image_processing_node
[rosmaster.master][INFO] 2025-12-04 23:13:26,413: +CACHEDPARAM [/rosout_disable_topics_generation] by /image_processing_node
[rosmaster.master][INFO] 2025-12-04 23:13:28,684: +CACHEDPARAM [/rosout_disable_topics_generation] by /image_processing_node
[rosmaster.master][INFO] 2025-12-04 23:13:30,842: +CACHEDPARAM [/rosout_disable_topics_generation] by /image_processing_node
[rosmaster.master][INFO] 2025-12-04 23:13:33,098: +CACHEDPARAM [/rosout_disable_topics_generation] by /image_processing_node
[rosmaster.master][INFO] 2025-12-04 23:13:35,407: +CACHEDPARAM [/rosout_disable_topics_generation] by /image_processing_node
[rosmaster.master][INFO] 2025-12-04 23:13:37,684: +CACHEDPARAM [/rosout_disable_topics_generation] by /image_processing_node
[rosmaster.master][INFO] 2025-12-04 23:13:39,899: +CACHEDPARAM [/rosout_disable_topics_generation] by /image_processing_node
[rosmaster.master][INFO] 2025-12-04 23:13:42,052: +CACHEDPARAM [/rosout_disable_topics_generation] by /image_processing_node
[rosmaster.master][INFO] 2025-12-04 23:13:44,178: +CACHEDPARAM [/rosout_disable_topics_generation] by /image_processing_node
[rosmaster.master][INFO] 2025-12-04 23:13:46,350: +CACHEDPARAM [/rosout_disable_topics_generation] by /image_processing_node
[rosmaster.master][INFO] 2025-12-04 23:13:48,809: +CACHEDPARAM [/rosout_disable_topics_generation] by /image_processing_node
[rosmaster.master][INFO] 2025-12-04 23:13:51,266: +CACHEDPARAM [/rosout_disable_topics_generation] by /image_processing_node
[rosmaster.master][INFO] 2025-12-04 23:13:53,626: +CACHEDPARAM [/rosout_disable_topics_generation] by /image_processing_node
[rosmaster.master][INFO] 2025-12-04 23:13:55,985: +CACHEDPARAM [/rosout_disable_topics_generation] by /image_processing_node
[rosmaster.master][INFO] 2025-12-04 23:13:58,097: +CACHEDPARAM [/rosout_disable_topics_generation] by /image_processing_node
[rosmaster.master][INFO] 2025-12-04 23:14:00,334: +CACHEDPARAM [/rosout_disable_topics_generation] by /image_processing_node
[rosmaster.master][INFO] 2025-12-04 23:14:02,942: +CACHEDPARAM [/rosout_disable_topics_generation] by /image_processing_node
[rosmaster.master][INFO] 2025-12-04 23:14:05,307: +CACHEDPARAM [/rosout_disable_topics_generation] by /image_processing_node
[rosmaster.master][INFO] 2025-12-04 23:14:07,439: +CACHEDPARAM [/rosout_disable_topics_generation] by /image_processing_node
[rosmaster.master][INFO] 2025-12-04 23:14:09,570: +CACHEDPARAM [/rosout_disable_topics_generation] by /image_processing_node
[rosmaster.master][INFO] 2025-12-04 23:14:11,719: +CACHEDPARAM [/rosout_disable_topics_generation] by /image_processing_node
[rosmaster.master][INFO] 2025-12-04 23:14:13,902: +CACHEDPARAM [/rosout_disable_topics_generation] by /image_processing_node
[rosmaster.master][INFO] 2025-12-04 23:14:16,066: +CACHEDPARAM [/rosout_disable_topics_generation] by /image_processing_node
[rosmaster.master][INFO] 2025-12-04 23:14:18,238: +CACHEDPARAM [/rosout_disable_topics_generation] by /image_processing_node
[rosmaster.master][INFO] 2025-12-04 23:14:20,374: +CACHEDPARAM [/rosout_disable_topics_generation] by /image_processing_node
[rosmaster.master][INFO] 2025-12-04 23:14:22,489: +CACHEDPARAM [/rosout_disable_topics_generation] by /image_processing_node
[rosmaster.master][INFO] 2025-12-04 23:14:24,603: +CACHEDPARAM [/rosout_disable_topics_generation] by /image_processing_node
[rosmaster.master][INFO] 2025-12-04 23:14:26,797: +CACHEDPARAM [/rosout_disable_topics_generation] by /image_processing_node
[rosmaster.master][INFO] 2025-12-04 23:14:28,935: +CACHEDPARAM [/rosout_disable_topics_generation] by /image_processing_node
[rosmaster.master][INFO] 2025-12-04 23:14:31,088: +CACHEDPARAM [/rosout_disable_topics_generation] by /image_processing_node
[rosmaster.master][INFO] 2025-12-04 23:14:33,172: +CACHEDPARAM [/rosout_disable_topics_generation] by /image_processing_node
[rosmaster.master][INFO] 2025-12-04 23:14:35,431: +CACHEDPARAM [/rosout_disable_topics_generation] by /image_processing_node
[rosmaster.master][INFO] 2025-12-04 23:14:37,575: +CACHEDPARAM [/rosout_disable_topics_generation] by /image_processing_node
[rosmaster.master][INFO] 2025-12-04 23:14:39,716: +CACHEDPARAM [/rosout_disable_topics_generation] by /image_processing_node
[rosmaster.master][INFO] 2025-12-04 23:14:41,880: +CACHEDPARAM [/rosout_disable_topics_generation] by /image_processing_node
[rosmaster.master][INFO] 2025-12-04 23:14:44,043: +CACHEDPARAM [/rosout_disable_topics_generation] by /image_processing_node
[rosmaster.master][INFO] 2025-12-04 23:14:46,154: +CACHEDPARAM [/rosout_disable_topics_generation] by /image_processing_node
[rosmaster.master][INFO] 2025-12-04 23:14:48,239: +CACHEDPARAM [/rosout_disable_topics_generation] by /image_processing_node
[rosmaster.master][INFO] 2025-12-04 23:14:50,316: +CACHEDPARAM [/rosout_disable_topics_generation] by /image_processing_node
[rosmaster.master][INFO] 2025-12-04 23:14:52,438: +CACHEDPARAM [/rosout_disable_topics_generation] by /image_processing_node
[rosmaster.master][INFO] 2025-12-04 23:14:54,556: +CACHEDPARAM [/rosout_disable_topics_generation] by /image_processing_node
[rosmaster.master][INFO] 2025-12-04 23:14:56,684: +CACHEDPARAM [/rosout_disable_topics_generation] by /image_processing_node
[rosmaster.master][INFO] 2025-12-04 23:14:58,804: +CACHEDPARAM [/rosout_disable_topics_generation] by /image_processing_node
[rosmaster.master][INFO] 2025-12-04 23:15:00,881: +CACHEDPARAM [/rosout_disable_topics_generation] by /image_processing_node
[rosmaster.master][INFO] 2025-12-04 23:15:02,983: +CACHEDPARAM [/rosout_disable_topics_generation] by /image_processing_node
[rosmaster.master][INFO] 2025-12-04 23:15:05,156: +CACHEDPARAM [/rosout_disable_topics_generation] by /image_processing_node
[rosmaster.master][INFO] 2025-12-04 23:15:07,269: +CACHEDPARAM [/rosout_disable_topics_generation] by /image_processing_node
[rosmaster.master][INFO] 2025-12-04 23:15:09,464: +CACHEDPARAM [/rosout_disable_topics_generation] by /image_processing_node
[rosmaster.master][INFO] 2025-12-04 23:15:11,549: +CACHEDPARAM [/rosout_disable_topics_generation] by /image_processing_node
[rosmaster.master][INFO] 2025-12-04 23:15:13,684: +CACHEDPARAM [/rosout_disable_topics_generation] by /image_processing_node
[rosmaster.master][INFO] 2025-12-04 23:15:15,749: +CACHEDPARAM [/rosout_disable_topics_generation] by /image_processing_node
[rosmaster.master][INFO] 2025-12-04 23:15:17,863: +CACHEDPARAM [/rosout_disable_topics_generation] by /image_processing_node
[rosmaster.master][INFO] 2025-12-04 23:15:19,981: +CACHEDPARAM [/rosout_disable_topics_generation] by /image_processing_node
[rosmaster.master][INFO] 2025-12-04 23:15:22,102: +CACHEDPARAM [/rosout_disable_topics_generation] by /image_processing_node
[rosmaster.master][INFO] 2025-12-04 23:15:24,173: +CACHEDPARAM [/rosout_disable_topics_generation] by /image_processing_node
[rosmaster.master][INFO] 2025-12-04 23:15:26,251: +CACHEDPARAM [/rosout_disable_topics_generation] by /image_processing_node
[rosmaster.master][INFO] 2025-12-04 23:15:28,363: +CACHEDPARAM [/rosout_disable_topics_generation] by /image_processing_node
[rosmaster.master][INFO] 2025-12-04 23:15:30,441: +CACHEDPARAM [/rosout_disable_topics_generation] by /image_processing_node
[rosmaster.master][INFO] 2025-12-04 23:15:32,558: +CACHEDPARAM [/rosout_disable_topics_generation] by /image_processing_node
[rosmaster.master][INFO] 2025-12-04 23:15:34,739: +CACHEDPARAM [/rosout_disable_topics_generation] by /image_processing_node
[rosmaster.master][INFO] 2025-12-04 23:15:36,867: +CACHEDPARAM [/rosout_disable_topics_generation] by /image_processing_node
[rosmaster.master][INFO] 2025-12-04 23:15:38,984: +CACHEDPARAM [/rosout_disable_topics_generation] by /image_processing_node
[rosmaster.master][INFO] 2025-12-04 23:15:41,126: +CACHEDPARAM [/rosout_disable_topics_generation] by /image_processing_node
[rosmaster.master][INFO] 2025-12-04 23:15:43,250: +CACHEDPARAM [/rosout_disable_topics_generation] by /image_processing_node
[rosmaster.master][INFO] 2025-12-04 23:15:45,333: +CACHEDPARAM [/rosout_disable_topics_generation] by /image_processing_node
[rosmaster.master][INFO] 2025-12-04 23:15:47,456: +CACHEDPARAM [/rosout_disable_topics_generation] by /image_processing_node
[rosmaster.master][INFO] 2025-12-04 23:15:49,585: +CACHEDPARAM [/rosout_disable_topics_generation] by /image_processing_node
[rosmaster.master][INFO] 2025-12-04 23:15:51,791: +CACHEDPARAM [/rosout_disable_topics_generation] by /image_processing_node
[rosmaster.master][INFO] 2025-12-04 23:15:53,888: +CACHEDPARAM [/rosout_disable_topics_generation] by /image_processing_node
[rosmaster.master][INFO] 2025-12-04 23:15:56,143: +CACHEDPARAM [/rosout_disable_topics_generation] by /image_processing_node
[rosmaster.master][INFO] 2025-12-04 23:15:58,475: +CACHEDPARAM [/rosout_disable_topics_generation] by /image_processing_node
[rosmaster.master][INFO] 2025-12-04 23:16:00,817: +CACHEDPARAM [/rosout_disable_topics_generation] by /image_processing_node
[rosmaster.master][INFO] 2025-12-04 23:16:03,173: +CACHEDPARAM [/rosout_disable_topics_generation] by /image_processing_node
[rosmaster.master][INFO] 2025-12-04 23:16:05,358: +CACHEDPARAM [/rosout_disable_topics_generation] by /image_processing_node
[rosmaster.master][INFO] 2025-12-04 23:16:07,615: +CACHEDPARAM [/rosout_disable_topics_generation] by /image_processing_node
[rosmaster.master][INFO] 2025-12-04 23:16:09,962: +CACHEDPARAM [/rosout_disable_topics_generation] by /image_processing_node
[rosmaster.master][INFO] 2025-12-04 23:16:12,042: +CACHEDPARAM [/rosout_disable_topics_generation] by /image_processing_node
[rosmaster.master][INFO] 2025-12-04 23:16:14,215: +CACHEDPARAM [/rosout_disable_topics_generation] by /image_processing_node
[rosmaster.master][INFO] 2025-12-04 23:16:16,400: +CACHEDPARAM [/rosout_disable_topics_generation] by /image_processing_node
[rosmaster.master][INFO] 2025-12-04 23:16:18,600: +CACHEDPARAM [/rosout_disable_topics_generation] by /image_processing_node
[rosmaster.master][INFO] 2025-12-04 23:16:20,773: +CACHEDPARAM [/rosout_disable_topics_generation] by /image_processing_node
[rosmaster.master][INFO] 2025-12-04 23:16:22,994: +CACHEDPARAM [/rosout_disable_topics_generation] by /image_processing_node
[rosmaster.master][INFO] 2025-12-04 23:16:25,238: +CACHEDPARAM [/rosout_disable_topics_generation] by /image_processing_node
[rosmaster.master][INFO] 2025-12-04 23:16:27,483: +CACHEDPARAM [/rosout_disable_topics_generation] by /image_processing_node
[rosmaster.master][INFO] 2025-12-04 23:16:29,691: +CACHEDPARAM [/rosout_disable_topics_generation] by /image_processing_node
[rosmaster.master][INFO] 2025-12-04 23:16:31,883: +CACHEDPARAM [/rosout_disable_topics_generation] by /image_processing_node
[rosmaster.master][INFO] 2025-12-04 23:16:34,061: +CACHEDPARAM [/rosout_disable_topics_generation] by /image_processing_node
[rosmaster.master][INFO] 2025-12-04 23:16:36,386: +CACHEDPARAM [/rosout_disable_topics_generation] by /image_processing_node
[rosmaster.master][INFO] 2025-12-04 23:16:38,689: +CACHEDPARAM [/rosout_disable_topics_generation] by /image_processing_node
[rosmaster.master][INFO] 2025-12-04 23:16:40,991: +CACHEDPARAM [/rosout_disable_topics_generation] by /image_processing_node
[rosmaster.master][INFO] 2025-12-04 23:16:43,083: +CACHEDPARAM [/rosout_disable_topics_generation] by /image_processing_node
[rosmaster.master][INFO] 2025-12-04 23:16:45,177: +CACHEDPARAM [/rosout_disable_topics_generation] by /image_processing_node
[rosmaster.master][INFO] 2025-12-04 23:16:47,326: +CACHEDPARAM [/rosout_disable_topics_generation] by /image_processing_node
[rosmaster.master][INFO] 2025-12-04 23:16:49,454: +CACHEDPARAM [/rosout_disable_topics_generation] by /image_processing_node
[rosmaster.master][INFO] 2025-12-04 23:16:51,618: +CACHEDPARAM [/rosout_disable_topics_generation] by /image_processing_node
[rosmaster.master][INFO] 2025-12-04 23:16:53,772: +CACHEDPARAM [/rosout_disable_topics_generation] by /image_processing_node
[rosmaster.master][INFO] 2025-12-04 23:16:55,875: +CACHEDPARAM [/rosout_disable_topics_generation] by /image_processing_node
[rosmaster.master][INFO] 2025-12-04 23:16:58,088: +CACHEDPARAM [/rosout_disable_topics_generation] by /image_processing_node
[rosmaster.master][INFO] 2025-12-04 23:17:00,211: +CACHEDPARAM [/rosout_disable_topics_generation] by /image_processing_node
[rosmaster.master][INFO] 2025-12-04 23:17:02,349: +CACHEDPARAM [/rosout_disable_topics_generation] by /image_processing_node
[rosmaster.master][INFO] 2025-12-04 23:17:04,472: +CACHEDPARAM [/rosout_disable_topics_generation] by /image_processing_node
[rosmaster.master][INFO] 2025-12-04 23:17:06,611: +CACHEDPARAM [/rosout_disable_topics_generation] by /image_processing_node
[rosmaster.master][INFO] 2025-12-04 23:17:08,691: +CACHEDPARAM [/rosout_disable_topics_generation] by /image_processing_node
[rosmaster.master][INFO] 2025-12-04 23:17:10,801: +CACHEDPARAM [/rosout_disable_topics_generation] by /image_processing_node
[rosmaster.master][INFO] 2025-12-04 23:17:12,947: +CACHEDPARAM [/rosout_disable_topics_generation] by /image_processing_node
[rosmaster.master][INFO] 2025-12-04 23:17:15,189: +CACHEDPARAM [/rosout_disable_topics_generation] by /image_processing_node
[rosmaster.master][INFO] 2025-12-04 23:17:17,746: +CACHEDPARAM [/rosout_disable_topics_generation] by /image_processing_node
[rosmaster.master][INFO] 2025-12-04 23:17:20,150: +CACHEDPARAM [/rosout_disable_topics_generation] by /image_processing_node
[rosmaster.master][INFO] 2025-12-04 23:17:22,477: +CACHEDPARAM [/rosout_disable_topics_generation] by /image_processing_node
[rosmaster.master][INFO] 2025-12-04 23:17:24,638: +CACHEDPARAM [/rosout_disable_topics_generation] by /image_processing_node
[rosmaster.master][INFO] 2025-12-04 23:17:27,260: +CACHEDPARAM [/rosout_disable_topics_generation] by /image_processing_node
[rosmaster.master][INFO] 2025-12-04 23:17:29,624: +CACHEDPARAM [/rosout_disable_topics_generation] by /image_processing_node
[rosmaster.master][INFO] 2025-12-04 23:17:31,940: +CACHEDPARAM [/rosout_disable_topics_generation] by /image_processing_node
[rosmaster.master][INFO] 2025-12-04 23:17:34,325: +CACHEDPARAM [/rosout_disable_topics_generation] by /image_processing_node
[rosmaster.master][INFO] 2025-12-04 23:17:36,712: +CACHEDPARAM [/rosout_disable_topics_generation] by /image_processing_node
[rosmaster.master][INFO] 2025-12-04 23:17:39,198: +CACHEDPARAM [/rosout_disable_topics_generation] by /image_processing_node
[rosmaster.master][INFO] 2025-12-04 23:17:41,732: +CACHEDPARAM [/rosout_disable_topics_generation] by /image_processing_node
[rosmaster.master][INFO] 2025-12-04 23:17:44,557: +CACHEDPARAM [/rosout_disable_topics_generation] by /image_processing_node
[rosmaster.master][INFO] 2025-12-04 23:17:46,790: +CACHEDPARAM [/rosout_disable_topics_generation] by /image_processing_node
[rosmaster.master][INFO] 2025-12-04 23:17:49,160: +CACHEDPARAM [/rosout_disable_topics_generation] by /image_processing_node
[rosmaster.master][INFO] 2025-12-04 23:17:51,398: +CACHEDPARAM [/rosout_disable_topics_generation] by /image_processing_node
[rosmaster.master][INFO] 2025-12-04 23:17:53,696: +CACHEDPARAM [/rosout_disable_topics_generation] by /image_processing_node
[rosmaster.master][INFO] 2025-12-04 23:17:55,931: +CACHEDPARAM [/rosout_disable_topics_generation] by /image_processing_node
[rosmaster.master][INFO] 2025-12-04 23:17:58,641: +CACHEDPARAM [/rosout_disable_topics_generation] by /image_processing_node
[rosmaster.master][INFO] 2025-12-04 23:18:01,029: +CACHEDPARAM [/rosout_disable_topics_generation] by /image_processing_node
[rosmaster.master][INFO] 2025-12-04 23:18:03,660: +CACHEDPARAM [/rosout_disable_topics_generation] by /image_processing_node
[rosmaster.master][INFO] 2025-12-04 23:18:05,974: +CACHEDPARAM [/rosout_disable_topics_generation] by /image_processing_node
[rosmaster.master][INFO] 2025-12-04 23:18:08,390: +CACHEDPARAM [/rosout_disable_topics_generation] by /image_processing_node
[rosmaster.master][INFO] 2025-12-04 23:18:10,607: +CACHEDPARAM [/rosout_disable_topics_generation] by /image_processing_node
[rosmaster.master][INFO] 2025-12-04 23:18:13,008: +CACHEDPARAM [/rosout_disable_topics_generation] by /image_processing_node
[rosmaster.master][INFO] 2025-12-04 23:18:15,606: +CACHEDPARAM [/rosout_disable_topics_generation] by /image_processing_node
[rosmaster.master][INFO] 2025-12-04 23:18:18,978: +CACHEDPARAM [/rosout_disable_topics_generation] by /image_processing_node
[rosmaster.master][INFO] 2025-12-04 23:18:22,066: +CACHEDPARAM [/rosout_disable_topics_generation] by /image_processing_node
[rosmaster.master][INFO] 2025-12-04 23:18:25,055: +CACHEDPARAM [/rosout_disable_topics_generation] by /image_processing_node
[rosmaster.master][INFO] 2025-12-04 23:18:28,092: +CACHEDPARAM [/rosout_disable_topics_generation] by /image_processing_node
[rosmaster.master][INFO] 2025-12-04 23:18:30,763: +CACHEDPARAM [/rosout_disable_topics_generation] by /image_processing_node
[rosmaster.master][INFO] 2025-12-04 23:18:33,611: +CACHEDPARAM [/rosout_disable_topics_generation] by /image_processing_node
[rosmaster.master][INFO] 2025-12-04 23:18:36,609: +CACHEDPARAM [/rosout_disable_topics_generation] by /image_processing_node
[rosmaster.master][INFO] 2025-12-04 23:18:39,039: +CACHEDPARAM [/rosout_disable_topics_generation] by /image_processing_node
[rosmaster.master][INFO] 2025-12-04 23:18:41,638: +CACHEDPARAM [/rosout_disable_topics_generation] by /image_processing_node
[rosmaster.master][INFO] 2025-12-04 23:18:44,226: +CACHEDPARAM [/rosout_disable_topics_generation] by /image_processing_node
[rosmaster.master][INFO] 2025-12-04 23:18:46,565: +CACHEDPARAM [/rosout_disable_topics_generation] by /image_processing_node
[rosmaster.master][INFO] 2025-12-04 23:18:48,948: +CACHEDPARAM [/rosout_disable_topics_generation] by /image_processing_node
[rosmaster.master][INFO] 2025-12-04 23:18:51,289: +CACHEDPARAM [/rosout_disable_topics_generation] by /image_processing_node
[rosmaster.master][INFO] 2025-12-04 23:18:53,849: +CACHEDPARAM [/rosout_disable_topics_generation] by /image_processing_node
[rosmaster.master][INFO] 2025-12-04 23:18:56,327: +CACHEDPARAM [/rosout_disable_topics_generation] by /image_processing_node
[rosmaster.master][INFO] 2025-12-04 23:18:58,855: +CACHEDPARAM [/rosout_disable_topics_generation] by /image_processing_node
[rosmaster.master][INFO] 2025-12-04 23:19:01,199: +CACHEDPARAM [/rosout_disable_topics_generation] by /image_processing_node
[rosmaster.master][INFO] 2025-12-04 23:19:03,867: +CACHEDPARAM [/rosout_disable_topics_generation] by /image_processing_node
[rosmaster.master][INFO] 2025-12-04 23:19:06,775: +CACHEDPARAM [/rosout_disable_topics_generation] by /image_processing_node
[rosmaster.master][INFO] 2025-12-04 23:19:09,666: +CACHEDPARAM [/rosout_disable_topics_generation] by /image_processing_node
[rosmaster.master][INFO] 2025-12-04 23:19:12,507: +CACHEDPARAM [/rosout_disable_topics_generation] by /image_processing_node
[rosmaster.master][INFO] 2025-12-04 23:19:15,527: +CACHEDPARAM [/rosout_disable_topics_generation] by /image_processing_node
[rosmaster.master][INFO] 2025-12-04 23:19:18,092: +CACHEDPARAM [/rosout_disable_topics_generation] by /image_processing_node
[rosmaster.master][INFO] 2025-12-04 23:19:20,387: +CACHEDPARAM [/rosout_disable_topics_generation] by /image_processing_node
[rosmaster.master][INFO] 2025-12-04 23:19:22,744: +CACHEDPARAM [/rosout_disable_topics_generation] by /image_processing_node
[rosmaster.master][INFO] 2025-12-04 23:19:25,424: +CACHEDPARAM [/rosout_disable_topics_generation] by /image_processing_node
[rosmaster.master][INFO] 2025-12-04 23:19:28,123: +CACHEDPARAM [/rosout_disable_topics_generation] by /image_processing_node
[rosmaster.master][INFO] 2025-12-04 23:19:30,628: +CACHEDPARAM [/rosout_disable_topics_generation] by /image_processing_node
[rosmaster.master][INFO] 2025-12-04 23:19:33,109: +CACHEDPARAM [/rosout_disable_topics_generation] by /image_processing_node
[rosmaster.master][INFO] 2025-12-04 23:19:36,046: +CACHEDPARAM [/rosout_disable_topics_generation] by /image_processing_node
[rosmaster.master][INFO] 2025-12-04 23:19:39,264: +CACHEDPARAM [/rosout_disable_topics_generation] by /image_processing_node
[rosmaster.master][INFO] 2025-12-04 23:19:42,416: +CACHEDPARAM [/rosout_disable_topics_generation] by /image_processing_node
[rosmaster.master][INFO] 2025-12-04 23:19:45,224: +CACHEDPARAM [/rosout_disable_topics_generation] by /image_processing_node
[rosmaster.master][INFO] 2025-12-04 23:19:48,205: +CACHEDPARAM [/rosout_disable_topics_generation] by /image_processing_node
[rosmaster.master][INFO] 2025-12-04 23:19:51,083: +CACHEDPARAM [/rosout_disable_topics_generation] by /image_processing_node
[rosmaster.master][INFO] 2025-12-04 23:19:53,972: +CACHEDPARAM [/rosout_disable_topics_generation] by /image_processing_node
[rosmaster.master][INFO] 2025-12-04 23:19:56,563: +CACHEDPARAM [/rosout_disable_topics_generation] by /image_processing_node
[rosmaster.master][INFO] 2025-12-04 23:19:58,905: +CACHEDPARAM [/rosout_disable_topics_generation] by /image_processing_node
[rosmaster.master][INFO] 2025-12-04 23:20:01,122: +CACHEDPARAM [/rosout_disable_topics_generation] by /image_processing_node
[rosmaster.master][INFO] 2025-12-04 23:20:03,428: +CACHEDPARAM [/rosout_disable_topics_generation] by /image_processing_node
[rosmaster.master][INFO] 2025-12-04 23:20:05,912: +CACHEDPARAM [/rosout_disable_topics_generation] by /image_processing_node
[rosmaster.master][INFO] 2025-12-04 23:20:08,513: +CACHEDPARAM [/rosout_disable_topics_generation] by /image_processing_node
[rosmaster.master][INFO] 2025-12-04 23:20:11,015: +CACHEDPARAM [/rosout_disable_topics_generation] by /image_processing_node
[rosmaster.master][INFO] 2025-12-04 23:20:13,403: +CACHEDPARAM [/rosout_disable_topics_generation] by /image_processing_node
[rosmaster.master][INFO] 2025-12-04 23:20:15,909: +CACHEDPARAM [/rosout_disable_topics_generation] by /image_processing_node
[rosmaster.master][INFO] 2025-12-04 23:20:18,322: +CACHEDPARAM [/rosout_disable_topics_generation] by /image_processing_node
[rosmaster.master][INFO] 2025-12-04 23:20:21,002: +CACHEDPARAM [/rosout_disable_topics_generation] by /image_processing_node
[rosmaster.master][INFO] 2025-12-04 23:20:23,579: +CACHEDPARAM [/rosout_disable_topics_generation] by /image_processing_node
[rosmaster.master][INFO] 2025-12-04 23:20:26,213: +CACHEDPARAM [/rosout_disable_topics_generation] by /image_processing_node
[rosmaster.master][INFO] 2025-12-04 23:20:28,524: +CACHEDPARAM [/rosout_disable_topics_generation] by /image_processing_node
[rosmaster.master][INFO] 2025-12-04 23:20:30,644: +CACHEDPARAM [/rosout_disable_topics_generation] by /image_processing_node
[rosmaster.master][INFO] 2025-12-04 23:20:32,990: +CACHEDPARAM [/rosout_disable_topics_generation] by /image_processing_node
[rosmaster.master][INFO] 2025-12-04 23:20:35,219: +CACHEDPARAM [/rosout_disable_topics_generation] by /image_processing_node
[rosmaster.master][INFO] 2025-12-04 23:20:37,601: +CACHEDPARAM [/rosout_disable_topics_generation] by /image_processing_node
[rosmaster.master][INFO] 2025-12-04 23:20:39,955: +CACHEDPARAM [/rosout_disable_topics_generation] by /image_processing_node
[rosmaster.master][INFO] 2025-12-04 23:20:42,490: +CACHEDPARAM [/rosout_disable_topics_generation] by /image_processing_node
[rosmaster.master][INFO] 2025-12-04 23:20:44,829: +CACHEDPARAM [/rosout_disable_topics_generation] by /image_processing_node
[rosmaster.master][INFO] 2025-12-04 23:20:47,240: +CACHEDPARAM [/rosout_disable_topics_generation] by /image_processing_node
[rosmaster.master][INFO] 2025-12-04 23:20:49,651: +CACHEDPARAM [/rosout_disable_topics_generation] by /image_processing_node
[rosmaster.master][INFO] 2025-12-04 23:20:52,097: +CACHEDPARAM [/rosout_disable_topics_generation] by /image_processing_node
[rosmaster.master][INFO] 2025-12-04 23:20:54,443: +CACHEDPARAM [/rosout_disable_topics_generation] by /image_processing_node
[rosmaster.master][INFO] 2025-12-04 23:20:56,684: +CACHEDPARAM [/rosout_disable_topics_generation] by /image_processing_node
[rosmaster.master][INFO] 2025-12-04 23:20:59,001: +CACHEDPARAM [/rosout_disable_topics_generation] by /image_processing_node
[rosmaster.master][INFO] 2025-12-04 23:21:01,355: +CACHEDPARAM [/rosout_disable_topics_generation] by /image_processing_node
[rosmaster.master][INFO] 2025-12-04 23:21:03,642: +CACHEDPARAM [/rosout_disable_topics_generation] by /image_processing_node
[rosmaster.master][INFO] 2025-12-04 23:21:05,770: +CACHEDPARAM [/rosout_disable_topics_generation] by /image_processing_node
[rosmaster.master][INFO] 2025-12-04 23:21:08,088: +CACHEDPARAM [/rosout_disable_topics_generation] by /image_processing_node
[rosmaster.master][INFO] 2025-12-04 23:21:10,445: +CACHEDPARAM [/rosout_disable_topics_generation] by /image_processing_node
[rosmaster.master][INFO] 2025-12-04 23:21:13,205: +CACHEDPARAM [/rosout_disable_topics_generation] by /image_processing_node
[rosmaster.master][INFO] 2025-12-04 23:21:15,663: +CACHEDPARAM [/rosout_disable_topics_generation] by /image_processing_node
[rosmaster.master][INFO] 2025-12-04 23:21:18,112: +CACHEDPARAM [/rosout_disable_topics_generation] by /image_processing_node
[rosmaster.master][INFO] 2025-12-04 23:21:20,406: +CACHEDPARAM [/rosout_disable_topics_generation] by /image_processing_node
[rosmaster.master][INFO] 2025-12-04 23:21:22,830: +CACHEDPARAM [/rosout_disable_topics_generation] by /image_processing_node
[rosmaster.master][INFO] 2025-12-04 23:21:25,357: +CACHEDPARAM [/rosout_disable_topics_generation] by /image_processing_node
[rosmaster.master][INFO] 2025-12-04 23:21:27,700: +CACHEDPARAM [/rosout_disable_topics_generation] by /image_processing_node
[rosmaster.master][INFO] 2025-12-04 23:21:30,008: +CACHEDPARAM [/rosout_disable_topics_generation] by /image_processing_node
[rosmaster.master][INFO] 2025-12-04 23:21:32,263: +CACHEDPARAM [/rosout_disable_topics_generation] by /image_processing_node
[rosmaster.master][INFO] 2025-12-04 23:21:34,726: +CACHEDPARAM [/rosout_disable_topics_generation] by /image_processing_node
[rosmaster.master][INFO] 2025-12-04 23:21:36,929: +CACHEDPARAM [/rosout_disable_topics_generation] by /image_processing_node
[rosmaster.master][INFO] 2025-12-04 23:21:39,185: +CACHEDPARAM [/rosout_disable_topics_generation] by /image_processing_node
[rosmaster.master][INFO] 2025-12-04 23:21:41,332: +CACHEDPARAM [/rosout_disable_topics_generation] by /image_processing_node
[rosmaster.master][INFO] 2025-12-04 23:21:43,786: +CACHEDPARAM [/rosout_disable_topics_generation] by /image_processing_node
[rosmaster.master][INFO] 2025-12-04 23:21:46,116: +CACHEDPARAM [/rosout_disable_topics_generation] by /image_processing_node
[rosmaster.master][INFO] 2025-12-04 23:21:48,318: +CACHEDPARAM [/rosout_disable_topics_generation] by /image_processing_node
[rosmaster.master][INFO] 2025-12-04 23:21:50,564: +CACHEDPARAM [/rosout_disable_topics_generation] by /image_processing_node
[rosmaster.master][INFO] 2025-12-04 23:21:52,800: +CACHEDPARAM [/rosout_disable_topics_generation] by /image_processing_node
[rosmaster.master][INFO] 2025-12-04 23:21:55,032: +CACHEDPARAM [/rosout_disable_topics_generation] by /image_processing_node
[rosmaster.master][INFO] 2025-12-04 23:21:57,280: +CACHEDPARAM [/rosout_disable_topics_generation] by /image_processing_node
[rosmaster.master][INFO] 2025-12-04 23:21:59,540: +CACHEDPARAM [/rosout_disable_topics_generation] by /image_processing_node
[rosmaster.master][INFO] 2025-12-04 23:22:01,695: +CACHEDPARAM [/rosout_disable_topics_generation] by /image_processing_node
[rosmaster.master][INFO] 2025-12-04 23:22:03,919: +CACHEDPARAM [/rosout_disable_topics_generation] by /image_processing_node
[rosmaster.master][INFO] 2025-12-04 23:22:06,158: +CACHEDPARAM [/rosout_disable_topics_generation] by /image_processing_node
[rosmaster.master][INFO] 2025-12-04 23:22:08,755: +CACHEDPARAM [/rosout_disable_topics_generation] by /image_processing_node
[rosmaster.master][INFO] 2025-12-04 23:22:11,117: +CACHEDPARAM [/rosout_disable_topics_generation] by /image_processing_node
[rosmaster.master][INFO] 2025-12-04 23:22:13,334: +CACHEDPARAM [/rosout_disable_topics_generation] by /image_processing_node
[rosmaster.master][INFO] 2025-12-04 23:22:15,578: +CACHEDPARAM [/rosout_disable_topics_generation] by /image_processing_node
[rosmaster.master][INFO] 2025-12-04 23:22:17,732: +CACHEDPARAM [/rosout_disable_topics_generation] by /image_processing_node
[rosmaster.master][INFO] 2025-12-04 23:22:19,831: +CACHEDPARAM [/rosout_disable_topics_generation] by /image_processing_node
[rosmaster.master][INFO] 2025-12-04 23:22:21,983: +CACHEDPARAM [/rosout_disable_topics_generation] by /image_processing_node
[rosmaster.master][INFO] 2025-12-04 23:22:24,122: +CACHEDPARAM [/rosout_disable_topics_generation] by /image_processing_node
[rosmaster.master][INFO] 2025-12-04 23:22:26,378: +CACHEDPARAM [/rosout_disable_topics_generation] by /image_processing_node
[rosmaster.master][INFO] 2025-12-04 23:22:28,586: +CACHEDPARAM [/rosout_disable_topics_generation] by /image_processing_node
[rosmaster.master][INFO] 2025-12-04 23:22:30,759: +CACHEDPARAM [/rosout_disable_topics_generation] by /image_processing_node
[rosmaster.master][INFO] 2025-12-04 23:22:32,910: +CACHEDPARAM [/rosout_disable_topics_generation] by /image_processing_node
[rosmaster.master][INFO] 2025-12-04 23:22:35,112: +CACHEDPARAM [/rosout_disable_topics_generation] by /image_processing_node
[rosmaster.master][INFO] 2025-12-04 23:22:37,295: +CACHEDPARAM [/rosout_disable_topics_generation] by /image_processing_node
[rosmaster.master][INFO] 2025-12-04 23:22:39,406: +CACHEDPARAM [/rosout_disable_topics_generation] by /image_processing_node
[rosmaster.master][INFO] 2025-12-04 23:22:41,560: +CACHEDPARAM [/rosout_disable_topics_generation] by /image_processing_node
[rosmaster.master][INFO] 2025-12-04 23:22:43,766: +CACHEDPARAM [/rosout_disable_topics_generation] by /image_processing_node
[rosmaster.master][INFO] 2025-12-04 23:22:46,398: +CACHEDPARAM [/rosout_disable_topics_generation] by /image_processing_node
[rosmaster.master][INFO] 2025-12-04 23:22:48,717: +CACHEDPARAM [/rosout_disable_topics_generation] by /image_processing_node
[rosmaster.master][INFO] 2025-12-04 23:22:50,837: +CACHEDPARAM [/rosout_disable_topics_generation] by /image_processing_node
[rosmaster.master][INFO] 2025-12-04 23:22:53,000: +CACHEDPARAM [/rosout_disable_topics_generation] by /image_processing_node
[rosmaster.master][INFO] 2025-12-04 23:22:55,194: +CACHEDPARAM [/rosout_disable_topics_generation] by /image_processing_node
[rosmaster.master][INFO] 2025-12-04 23:22:57,395: +CACHEDPARAM [/rosout_disable_topics_generation] by /image_processing_node
[rosmaster.master][INFO] 2025-12-04 23:22:59,541: +CACHEDPARAM [/rosout_disable_topics_generation] by /image_processing_node
[rosmaster.master][INFO] 2025-12-04 23:23:01,700: +CACHEDPARAM [/rosout_disable_topics_generation] by /image_processing_node
[rosmaster.master][INFO] 2025-12-04 23:23:03,855: +CACHEDPARAM [/rosout_disable_topics_generation] by /image_processing_node
[rosmaster.master][INFO] 2025-12-04 23:23:06,047: +CACHEDPARAM [/rosout_disable_topics_generation] by /image_processing_node
[rosmaster.master][INFO] 2025-12-04 23:23:08,241: +CACHEDPARAM [/rosout_disable_topics_generation] by /image_processing_node
[rosmaster.master][INFO] 2025-12-04 23:23:10,459: +CACHEDPARAM [/rosout_disable_topics_generation] by /image_processing_node
[rosmaster.master][INFO] 2025-12-04 23:23:12,595: +CACHEDPARAM [/rosout_disable_topics_generation] by /image_processing_node
[rosmaster.master][INFO] 2025-12-04 23:23:14,900: +CACHEDPARAM [/rosout_disable_topics_generation] by /image_processing_node
[rosmaster.master][INFO] 2025-12-04 23:23:17,155: +CACHEDPARAM [/rosout_disable_topics_generation] by /image_processing_node
[rosmaster.master][INFO] 2025-12-04 23:23:19,363: +CACHEDPARAM [/rosout_disable_topics_generation] by /image_processing_node
[rosmaster.master][INFO] 2025-12-04 23:23:21,506: +CACHEDPARAM [/rosout_disable_topics_generation] by /image_processing_node
[rosmaster.master][INFO] 2025-12-04 23:23:23,654: +CACHEDPARAM [/rosout_disable_topics_generation] by /image_processing_node
[rosmaster.master][INFO] 2025-12-04 23:23:25,795: +CACHEDPARAM [/rosout_disable_topics_generation] by /image_processing_node
[rosmaster.master][INFO] 2025-12-04 23:23:27,957: +CACHEDPARAM [/rosout_disable_topics_generation] by /image_processing_node
[rosmaster.master][INFO] 2025-12-04 23:23:30,068: +CACHEDPARAM [/rosout_disable_topics_generation] by /image_processing_node
[rosmaster.master][INFO] 2025-12-04 23:23:32,209: +CACHEDPARAM [/rosout_disable_topics_generation] by /image_processing_node
[rosmaster.master][INFO] 2025-12-04 23:23:34,371: +CACHEDPARAM [/rosout_disable_topics_generation] by /image_processing_node
[rosmaster.master][INFO] 2025-12-04 23:23:36,545: +CACHEDPARAM [/rosout_disable_topics_generation] by /image_processing_node
[rosmaster.master][INFO] 2025-12-04 23:23:38,648: +CACHEDPARAM [/rosout_disable_topics_generation] by /image_processing_node
[rosmaster.master][INFO] 2025-12-04 23:23:40,841: +CACHEDPARAM [/rosout_disable_topics_generation] by /image_processing_node
[rosmaster.master][INFO] 2025-12-04 23:23:42,979: +CACHEDPARAM [/rosout_disable_topics_generation] by /image_processing_node
[rosmaster.master][INFO] 2025-12-04 23:23:45,123: +CACHEDPARAM [/rosout_disable_topics_generation] by /image_processing_node
[rosmaster.master][INFO] 2025-12-04 23:23:47,275: +CACHEDPARAM [/rosout_disable_topics_generation] by /image_processing_node
[rosmaster.master][INFO] 2025-12-04 23:23:49,490: +CACHEDPARAM [/rosout_disable_topics_generation] by /image_processing_node
[rosmaster.master][INFO] 2025-12-04 23:23:51,804: +CACHEDPARAM [/rosout_disable_topics_generation] by /image_processing_node
[rosmaster.master][INFO] 2025-12-04 23:23:54,188: +CACHEDPARAM [/rosout_disable_topics_generation] by /image_processing_node
[rosmaster.master][INFO] 2025-12-04 23:23:56,347: +CACHEDPARAM [/rosout_disable_topics_generation] by /image_processing_node
[rosmaster.master][INFO] 2025-12-04 23:23:58,638: +CACHEDPARAM [/rosout_disable_topics_generation] by /image_processing_node
[rosmaster.master][INFO] 2025-12-04 23:24:00,819: +CACHEDPARAM [/rosout_disable_topics_generation] by /image_processing_node
[rosmaster.master][INFO] 2025-12-04 23:24:03,026: +CACHEDPARAM [/rosout_disable_topics_generation] by /image_processing_node
[rosmaster.master][INFO] 2025-12-04 23:24:05,210: +CACHEDPARAM [/rosout_disable_topics_generation] by /image_processing_node
[rosmaster.master][INFO] 2025-12-04 23:24:07,401: +CACHEDPARAM [/rosout_disable_topics_generation] by /image_processing_node
[rosmaster.master][INFO] 2025-12-04 23:24:09,551: +CACHEDPARAM [/rosout_disable_topics_generation] by /image_processing_node
[rosmaster.master][INFO] 2025-12-04 23:24:11,706: +CACHEDPARAM [/rosout_disable_topics_generation] by /image_processing_node
[rosmaster.master][INFO] 2025-12-04 23:24:13,845: +CACHEDPARAM [/rosout_disable_topics_generation] by /image_processing_node
[rosmaster.master][INFO] 2025-12-04 23:24:16,017: +CACHEDPARAM [/rosout_disable_topics_generation] by /image_processing_node
[rosmaster.master][INFO] 2025-12-04 23:24:18,142: +CACHEDPARAM [/rosout_disable_topics_generation] by /image_processing_node
[rosmaster.master][INFO] 2025-12-04 23:24:20,330: +CACHEDPARAM [/rosout_disable_topics_generation] by /image_processing_node
[rosmaster.master][INFO] 2025-12-04 23:24:22,470: +CACHEDPARAM [/rosout_disable_topics_generation] by /image_processing_node
[rosmaster.master][INFO] 2025-12-04 23:24:24,629: +CACHEDPARAM [/rosout_disable_topics_generation] by /image_processing_node
[rosmaster.master][INFO] 2025-12-04 23:24:26,835: +CACHEDPARAM [/rosout_disable_topics_generation] by /image_processing_node
[rosmaster.master][INFO] 2025-12-04 23:24:29,009: +CACHEDPARAM [/rosout_disable_topics_generation] by /image_processing_node
[rosmaster.master][INFO] 2025-12-04 23:24:31,180: +CACHEDPARAM [/rosout_disable_topics_generation] by /image_processing_node
[rosmaster.master][INFO] 2025-12-04 23:24:33,314: +CACHEDPARAM [/rosout_disable_topics_generation] by /image_processing_node
[rosmaster.master][INFO] 2025-12-04 23:24:35,576: +CACHEDPARAM [/rosout_disable_topics_generation] by /image_processing_node
[rosmaster.master][INFO] 2025-12-04 23:24:38,061: +CACHEDPARAM [/rosout_disable_topics_generation] by /image_processing_node
[rosmaster.master][INFO] 2025-12-04 23:24:40,632: +CACHEDPARAM [/rosout_disable_topics_generation] by /image_processing_node
[rosmaster.master][INFO] 2025-12-04 23:24:43,017: +CACHEDPARAM [/rosout_disable_topics_generation] by /image_processing_node
[rosmaster.master][INFO] 2025-12-04 23:24:45,259: +CACHEDPARAM [/rosout_disable_topics_generation] by /image_processing_node
[rosmaster.master][INFO] 2025-12-04 23:24:47,883: +CACHEDPARAM [/rosout_disable_topics_generation] by /image_processing_node
[rosmaster.master][INFO] 2025-12-04 23:24:50,263: +CACHEDPARAM [/rosout_disable_topics_generation] by /image_processing_node
[rosmaster.master][INFO] 2025-12-04 23:24:52,741: +CACHEDPARAM [/rosout_disable_topics_generation] by /image_processing_node
[rosmaster.master][INFO] 2025-12-04 23:24:55,026: +CACHEDPARAM [/rosout_disable_topics_generation] by /image_processing_node
[rosmaster.master][INFO] 2025-12-04 23:24:57,324: +CACHEDPARAM [/rosout_disable_topics_generation] by /image_processing_node
[rosmaster.master][INFO] 2025-12-04 23:24:59,855: +CACHEDPARAM [/rosout_disable_topics_generation] by /image_processing_node
[rosmaster.master][INFO] 2025-12-04 23:25:02,179: +CACHEDPARAM [/rosout_disable_topics_generation] by /image_processing_node
[rosmaster.master][INFO] 2025-12-04 23:25:04,513: +CACHEDPARAM [/rosout_disable_topics_generation] by /image_processing_node
[rosmaster.master][INFO] 2025-12-04 23:25:06,832: +CACHEDPARAM [/rosout_disable_topics_generation] by /image_processing_node
[rosmaster.master][INFO] 2025-12-04 23:25:09,211: +CACHEDPARAM [/rosout_disable_topics_generation] by /image_processing_node
[rosmaster.master][INFO] 2025-12-04 23:25:11,582: +CACHEDPARAM [/rosout_disable_topics_generation] by /image_processing_node
[rosmaster.master][INFO] 2025-12-04 23:25:13,994: +CACHEDPARAM [/rosout_disable_topics_generation] by /image_processing_node
[rosmaster.master][INFO] 2025-12-04 23:25:16,256: +CACHEDPARAM [/rosout_disable_topics_generation] by /image_processing_node
[rosmaster.master][INFO] 2025-12-04 23:25:18,804: +CACHEDPARAM [/rosout_disable_topics_generation] by /image_processing_node
[rosmaster.master][INFO] 2025-12-04 23:25:21,207: +CACHEDPARAM [/rosout_disable_topics_generation] by /image_processing_node
[rosmaster.master][INFO] 2025-12-04 23:25:23,635: +CACHEDPARAM [/rosout_disable_topics_generation] by /image_processing_node
[rosmaster.master][INFO] 2025-12-04 23:25:25,892: +CACHEDPARAM [/rosout_disable_topics_generation] by /image_processing_node
[rosmaster.master][INFO] 2025-12-04 23:25:28,165: +CACHEDPARAM [/rosout_disable_topics_generation] by /image_processing_node
[rosmaster.master][INFO] 2025-12-04 23:25:30,529: +CACHEDPARAM [/rosout_disable_topics_generation] by /image_processing_node
[rosmaster.master][INFO] 2025-12-04 23:25:32,811: +CACHEDPARAM [/rosout_disable_topics_generation] by /image_processing_node
[rosmaster.master][INFO] 2025-12-04 23:25:35,422: +CACHEDPARAM [/rosout_disable_topics_generation] by /image_processing_node
[rosmaster.master][INFO] 2025-12-04 23:25:37,916: +CACHEDPARAM [/rosout_disable_topics_generation] by /image_processing_node
[rosmaster.master][INFO] 2025-12-04 23:25:40,390: +CACHEDPARAM [/rosout_disable_topics_generation] by /image_processing_node
[rosmaster.master][INFO] 2025-12-04 23:25:42,790: +CACHEDPARAM [/rosout_disable_topics_generation] by /image_processing_node
[rosmaster.master][INFO] 2025-12-04 23:25:45,386: +CACHEDPARAM [/rosout_disable_topics_generation] by /image_processing_node
[rosmaster.master][INFO] 2025-12-04 23:25:47,782: +CACHEDPARAM [/rosout_disable_topics_generation] by /image_processing_node
[rosmaster.master][INFO] 2025-12-04 23:25:50,273: +CACHEDPARAM [/rosout_disable_topics_generation] by /image_processing_node
[rosmaster.master][INFO] 2025-12-04 23:25:52,690: +CACHEDPARAM [/rosout_disable_topics_generation] by /image_processing_node
[rosmaster.master][INFO] 2025-12-04 23:25:55,191: +CACHEDPARAM [/rosout_disable_topics_generation] by /image_processing_node
[rosmaster.master][INFO] 2025-12-04 23:25:57,610: +CACHEDPARAM [/rosout_disable_topics_generation] by /image_processing_node
[rosmaster.master][INFO] 2025-12-04 23:26:00,147: +CACHEDPARAM [/rosout_disable_topics_generation] by /image_processing_node
[rosmaster.master][INFO] 2025-12-04 23:26:02,594: +CACHEDPARAM [/rosout_disable_topics_generation] by /image_processing_node
[rosmaster.master][INFO] 2025-12-04 23:26:05,128: +CACHEDPARAM [/rosout_disable_topics_generation] by /image_processing_node
[rosmaster.master][INFO] 2025-12-04 23:26:07,559: +CACHEDPARAM [/rosout_disable_topics_generation] by /image_processing_node
[rosmaster.master][INFO] 2025-12-04 23:26:10,011: +CACHEDPARAM [/rosout_disable_topics_generation] by /image_processing_node
[rosmaster.master][INFO] 2025-12-04 23:26:12,604: +CACHEDPARAM [/rosout_disable_topics_generation] by /image_processing_node
[rosmaster.master][INFO] 2025-12-04 23:26:15,072: +CACHEDPARAM [/rosout_disable_topics_generation] by /image_processing_node
[rosmaster.master][INFO] 2025-12-04 23:26:17,534: +CACHEDPARAM [/rosout_disable_topics_generation] by /image_processing_node
[rosmaster.master][INFO] 2025-12-04 23:26:19,956: +CACHEDPARAM [/rosout_disable_topics_generation] by /image_processing_node
[rosmaster.master][INFO] 2025-12-04 23:26:22,533: +CACHEDPARAM [/rosout_disable_topics_generation] by /image_processing_node
[rosmaster.master][INFO] 2025-12-04 23:26:24,992: +CACHEDPARAM [/rosout_disable_topics_generation] by /image_processing_node
[rosmaster.master][INFO] 2025-12-04 23:26:27,563: +CACHEDPARAM [/rosout_disable_topics_generation] by /image_processing_node
[rosmaster.master][INFO] 2025-12-04 23:26:29,922: +CACHEDPARAM [/rosout_disable_topics_generation] by /image_processing_node
[rosmaster.master][INFO] 2025-12-04 23:26:32,393: +CACHEDPARAM [/rosout_disable_topics_generation] by /image_processing_node
[rosmaster.master][INFO] 2025-12-04 23:26:34,851: +CACHEDPARAM [/rosout_disable_topics_generation] by /image_processing_node
[rosmaster.master][INFO] 2025-12-04 23:26:37,315: +CACHEDPARAM [/rosout_disable_topics_generation] by /image_processing_node
[rosmaster.master][INFO] 2025-12-04 23:26:39,797: +CACHEDPARAM [/rosout_disable_topics_generation] by /image_processing_node
[rosmaster.master][INFO] 2025-12-04 23:26:42,593: +CACHEDPARAM [/rosout_disable_topics_generation] by /image_processing_node
[rosmaster.master][INFO] 2025-12-04 23:26:45,198: +CACHEDPARAM [/rosout_disable_topics_generation] by /image_processing_node
[rosmaster.master][INFO] 2025-12-04 23:26:47,856: +CACHEDPARAM [/rosout_disable_topics_generation] by /image_processing_node
[rosmaster.master][INFO] 2025-12-04 23:26:50,364: +CACHEDPARAM [/rosout_disable_topics_generation] by /image_processing_node
[rosmaster.master][INFO] 2025-12-04 23:26:52,830: +CACHEDPARAM [/rosout_disable_topics_generation] by /image_processing_node
[rosmaster.master][INFO] 2025-12-04 23:26:55,218: +CACHEDPARAM [/rosout_disable_topics_generation] by /image_processing_node
[rosmaster.master][INFO] 2025-12-04 23:26:57,717: +CACHEDPARAM [/rosout_disable_topics_generation] by /image_processing_node
[rosmaster.master][INFO] 2025-12-04 23:27:00,200: +CACHEDPARAM [/rosout_disable_topics_generation] by /image_processing_node
[rosmaster.master][INFO] 2025-12-04 23:27:02,491: +CACHEDPARAM [/rosout_disable_topics_generation] by /image_processing_node
[rosmaster.master][INFO] 2025-12-04 23:27:04,952: +CACHEDPARAM [/rosout_disable_topics_generation] by /image_processing_node
[rosmaster.master][INFO] 2025-12-04 23:27:07,283: +CACHEDPARAM [/rosout_disable_topics_generation] by /image_processing_node
[rosmaster.master][INFO] 2025-12-04 23:27:09,769: +CACHEDPARAM [/rosout_disable_topics_generation] by /image_processing_node
[rosmaster.master][INFO] 2025-12-04 23:27:12,092: +CACHEDPARAM [/rosout_disable_topics_generation] by /image_processing_node
[rosmaster.master][INFO] 2025-12-04 23:27:15,097: +CACHEDPARAM [/rosout_disable_topics_generation] by /image_processing_node
[rosmaster.master][INFO] 2025-12-04 23:27:17,450: +CACHEDPARAM [/rosout_disable_topics_generation] by /image_processing_node
[rosmaster.master][INFO] 2025-12-04 23:27:20,109: +CACHEDPARAM [/rosout_disable_topics_generation] by /image_processing_node
[rosmaster.master][INFO] 2025-12-04 23:27:22,575: +CACHEDPARAM [/rosout_disable_topics_generation] by /image_processing_node
[rosmaster.master][INFO] 2025-12-04 23:27:24,867: +CACHEDPARAM [/rosout_disable_topics_generation] by /image_processing_node
[rosmaster.master][INFO] 2025-12-04 23:27:27,009: +CACHEDPARAM [/rosout_disable_topics_generation] by /image_processing_node
[rosmaster.master][INFO] 2025-12-04 23:27:29,139: +CACHEDPARAM [/rosout_disable_topics_generation] by /image_processing_node
[rosmaster.master][INFO] 2025-12-04 23:27:31,243: +CACHEDPARAM [/rosout_disable_topics_generation] by /image_processing_node
[rosmaster.master][INFO] 2025-12-04 23:27:33,325: +CACHEDPARAM [/rosout_disable_topics_generation] by /image_processing_node
[rosmaster.master][INFO] 2025-12-04 23:27:35,509: +CACHEDPARAM [/rosout_disable_topics_generation] by /image_processing_node
[rosmaster.master][INFO] 2025-12-04 23:27:37,640: +CACHEDPARAM [/rosout_disable_topics_generation] by /image_processing_node
[rosmaster.master][INFO] 2025-12-04 23:27:39,722: +CACHEDPARAM [/rosout_disable_topics_generation] by /image_processing_node
[rosmaster.master][INFO] 2025-12-04 23:27:41,836: +CACHEDPARAM [/rosout_disable_topics_generation] by /image_processing_node
[rosmaster.master][INFO] 2025-12-04 23:27:43,901: +CACHEDPARAM [/rosout_disable_topics_generation] by /image_processing_node
[rosmaster.master][INFO] 2025-12-04 23:27:45,993: +CACHEDPARAM [/rosout_disable_topics_generation] by /image_processing_node
[rosmaster.master][INFO] 2025-12-04 23:27:48,116: +CACHEDPARAM [/rosout_disable_topics_generation] by /image_processing_node
[rosmaster.master][INFO] 2025-12-04 23:27:50,188: +CACHEDPARAM [/rosout_disable_topics_generation] by /image_processing_node
[rosmaster.master][INFO] 2025-12-04 23:27:52,322: +CACHEDPARAM [/rosout_disable_topics_generation] by /image_processing_node
[rosmaster.master][INFO] 2025-12-04 23:27:54,418: +CACHEDPARAM [/rosout_disable_topics_generation] by /image_processing_node
[rosmaster.master][INFO] 2025-12-04 23:27:56,501: +CACHEDPARAM [/rosout_disable_topics_generation] by /image_processing_node
[rosmaster.master][INFO] 2025-12-04 23:27:58,661: +CACHEDPARAM [/rosout_disable_topics_generation] by /image_processing_node
[rosmaster.master][INFO] 2025-12-04 23:28:00,861: +CACHEDPARAM [/rosout_disable_topics_generation] by /image_processing_node
[rosmaster.master][INFO] 2025-12-04 23:28:03,149: +CACHEDPARAM [/rosout_disable_topics_generation] by /image_processing_node
[rosmaster.master][INFO] 2025-12-04 23:28:05,479: +CACHEDPARAM [/rosout_disable_topics_generation] by /image_processing_node
[rosmaster.master][INFO] 2025-12-04 23:28:07,871: +CACHEDPARAM [/rosout_disable_topics_generation] by /image_processing_node
[rosmaster.master][INFO] 2025-12-04 23:28:10,134: +CACHEDPARAM [/rosout_disable_topics_generation] by /image_processing_node
[rosmaster.master][INFO] 2025-12-04 23:28:12,213: +CACHEDPARAM [/rosout_disable_topics_generation] by /image_processing_node
[rosmaster.master][INFO] 2025-12-04 23:28:14,481: +CACHEDPARAM [/rosout_disable_topics_generation] by /image_processing_node
[rosmaster.master][INFO] 2025-12-04 23:28:16,780: +CACHEDPARAM [/rosout_disable_topics_generation] by /image_processing_node
[rosmaster.master][INFO] 2025-12-04 23:28:18,990: +CACHEDPARAM [/rosout_disable_topics_generation] by /image_processing_node
[rosmaster.master][INFO] 2025-12-04 23:28:21,150: +CACHEDPARAM [/rosout_disable_topics_generation] by /image_processing_node
[rosmaster.master][INFO] 2025-12-04 23:28:23,336: +CACHEDPARAM [/rosout_disable_topics_generation] by /image_processing_node
[rosmaster.master][INFO] 2025-12-04 23:28:25,724: +CACHEDPARAM [/rosout_disable_topics_generation] by /image_processing_node
[rosmaster.master][INFO] 2025-12-04 23:28:28,075: +CACHEDPARAM [/rosout_disable_topics_generation] by /image_processing_node
[rosmaster.master][INFO] 2025-12-04 23:28:30,481: +CACHEDPARAM [/rosout_disable_topics_generation] by /image_processing_node
[rosmaster.master][INFO] 2025-12-04 23:28:32,981: +CACHEDPARAM [/rosout_disable_topics_generation] by /image_processing_node
[rosmaster.master][INFO] 2025-12-04 23:28:35,482: +CACHEDPARAM [/rosout_disable_topics_generation] by /image_processing_node
[rosmaster.master][INFO] 2025-12-04 23:28:37,825: +CACHEDPARAM [/rosout_disable_topics_generation] by /image_processing_node
[rosmaster.master][INFO] 2025-12-04 23:28:40,105: +CACHEDPARAM [/rosout_disable_topics_generation] by /image_processing_node
[rosmaster.master][INFO] 2025-12-04 23:28:42,309: +CACHEDPARAM [/rosout_disable_topics_generation] by /image_processing_node
[rosmaster.master][INFO] 2025-12-04 23:28:44,512: +CACHEDPARAM [/rosout_disable_topics_generation] by /image_processing_node
[rosmaster.master][INFO] 2025-12-04 23:28:46,729: +CACHEDPARAM [/rosout_disable_topics_generation] by /image_processing_node
[rosmaster.master][INFO] 2025-12-04 23:28:48,950: +CACHEDPARAM [/rosout_disable_topics_generation] by /image_processing_node
[rosmaster.master][INFO] 2025-12-04 23:28:51,210: +CACHEDPARAM [/rosout_disable_topics_generation] by /image_processing_node
[rosmaster.master][INFO] 2025-12-04 23:28:53,520: +CACHEDPARAM [/rosout_disable_topics_generation] by /image_processing_node
[rosmaster.master][INFO] 2025-12-04 23:28:55,792: +CACHEDPARAM [/rosout_disable_topics_generation] by /image_processing_node
[rosmaster.master][INFO] 2025-12-04 23:28:58,189: +CACHEDPARAM [/rosout_disable_topics_generation] by /image_processing_node
[rosmaster.master][INFO] 2025-12-04 23:29:00,412: +CACHEDPARAM [/rosout_disable_topics_generation] by /image_processing_node
[rosmaster.master][INFO] 2025-12-04 23:29:02,744: +CACHEDPARAM [/rosout_disable_topics_generation] by /image_processing_node
[rosmaster.master][INFO] 2025-12-04 23:29:04,898: +CACHEDPARAM [/rosout_disable_topics_generation] by /image_processing_node
[rosmaster.master][INFO] 2025-12-04 23:29:06,972: +CACHEDPARAM [/rosout_disable_topics_generation] by /image_processing_node
[rosmaster.master][INFO] 2025-12-04 23:29:09,225: +CACHEDPARAM [/rosout_disable_topics_generation] by /image_processing_node
[rosmaster.master][INFO] 2025-12-04 23:29:11,310: +CACHEDPARAM [/rosout_disable_topics_generation] by /image_processing_node
[rosmaster.master][INFO] 2025-12-04 23:29:13,413: +CACHEDPARAM [/rosout_disable_topics_generation] by /image_processing_node
[rosmaster.master][INFO] 2025-12-04 23:29:15,513: +CACHEDPARAM [/rosout_disable_topics_generation] by /image_processing_node
[rosmaster.master][INFO] 2025-12-04 23:29:17,586: +CACHEDPARAM [/rosout_disable_topics_generation] by /image_processing_node
[rosmaster.master][INFO] 2025-12-04 23:29:19,710: +CACHEDPARAM [/rosout_disable_topics_generation] by /image_processing_node
[rosmaster.master][INFO] 2025-12-04 23:29:21,817: +CACHEDPARAM [/rosout_disable_topics_generation] by /image_processing_node
[rosmaster.master][INFO] 2025-12-04 23:29:24,009: +CACHEDPARAM [/rosout_disable_topics_generation] by /image_processing_node
[rosmaster.master][INFO] 2025-12-04 23:29:26,166: +CACHEDPARAM [/rosout_disable_topics_generation] by /image_processing_node
[rosmaster.master][INFO] 2025-12-04 23:29:28,662: +CACHEDPARAM [/rosout_disable_topics_generation] by /image_processing_node
[rosmaster.master][INFO] 2025-12-04 23:29:31,030: +CACHEDPARAM [/rosout_disable_topics_generation] by /image_processing_node
[rosmaster.master][INFO] 2025-12-04 23:29:33,169: +CACHEDPARAM [/rosout_disable_topics_generation] by /image_processing_node
[rosmaster.master][INFO] 2025-12-04 23:29:35,755: +CACHEDPARAM [/rosout_disable_topics_generation] by /image_processing_node
[rosmaster.master][INFO] 2025-12-04 23:29:38,178: +CACHEDPARAM [/rosout_disable_topics_generation] by /image_processing_node
[rosmaster.master][INFO] 2025-12-04 23:29:40,649: +CACHEDPARAM [/rosout_disable_topics_generation] by /image_processing_node
[rosmaster.master][INFO] 2025-12-04 23:29:43,097: +CACHEDPARAM [/rosout_disable_topics_generation] by /image_processing_node
[rosmaster.master][INFO] 2025-12-04 23:29:45,481: +CACHEDPARAM [/rosout_disable_topics_generation] by /image_processing_node
[rosmaster.master][INFO] 2025-12-04 23:29:47,866: +CACHEDPARAM [/rosout_disable_topics_generation] by /image_processing_node
[rosmaster.master][INFO] 2025-12-04 23:29:50,291: +CACHEDPARAM [/rosout_disable_topics_generation] by /image_processing_node
[rosmaster.master][INFO] 2025-12-04 23:29:52,676: +CACHEDPARAM [/rosout_disable_topics_generation] by /image_processing_node
[rosmaster.master][INFO] 2025-12-04 23:29:54,934: +CACHEDPARAM [/rosout_disable_topics_generation] by /image_processing_node
[rosmaster.master][INFO] 2025-12-04 23:29:57,069: +CACHEDPARAM [/rosout_disable_topics_generation] by /image_processing_node
[rosmaster.master][INFO] 2025-12-04 23:29:59,272: +CACHEDPARAM [/rosout_disable_topics_generation] by /image_processing_node
[rosmaster.master][INFO] 2025-12-04 23:30:01,478: +CACHEDPARAM [/rosout_disable_topics_generation] by /image_processing_node
[rosmaster.master][INFO] 2025-12-04 23:30:03,635: +CACHEDPARAM [/rosout_disable_topics_generation] by /image_processing_node
[rosmaster.master][INFO] 2025-12-04 23:30:05,754: +CACHEDPARAM [/rosout_disable_topics_generation] by /image_processing_node
[rosmaster.master][INFO] 2025-12-04 23:30:07,936: +CACHEDPARAM [/rosout_disable_topics_generation] by /image_processing_node
[rosmaster.master][INFO] 2025-12-04 23:30:10,084: +CACHEDPARAM [/rosout_disable_topics_generation] by /image_processing_node
[rosmaster.master][INFO] 2025-12-04 23:30:12,256: +CACHEDPARAM [/rosout_disable_topics_generation] by /image_processing_node
[rosmaster.master][INFO] 2025-12-04 23:30:14,418: +CACHEDPARAM [/rosout_disable_topics_generation] by /image_processing_node
[rosmaster.master][INFO] 2025-12-04 23:30:16,638: +CACHEDPARAM [/rosout_disable_topics_generation] by /image_processing_node
[rosmaster.master][INFO] 2025-12-04 23:30:18,861: +CACHEDPARAM [/rosout_disable_topics_generation] by /image_processing_node
[rosmaster.master][INFO] 2025-12-04 23:30:20,954: +CACHEDPARAM [/rosout_disable_topics_generation] by /image_processing_node
[rosmaster.master][INFO] 2025-12-04 23:30:23,040: +CACHEDPARAM [/rosout_disable_topics_generation] by /image_processing_node
[rosmaster.master][INFO] 2025-12-04 23:30:25,142: +CACHEDPARAM [/rosout_disable_topics_generation] by /image_processing_node
[rosmaster.master][INFO] 2025-12-04 23:30:27,235: +CACHEDPARAM [/rosout_disable_topics_generation] by /image_processing_node
[rosmaster.master][INFO] 2025-12-04 23:30:29,284: +CACHEDPARAM [/rosout_disable_topics_generation] by /image_processing_node
[rosmaster.master][INFO] 2025-12-04 23:30:31,387: +CACHEDPARAM [/rosout_disable_topics_generation] by /image_processing_node
[rosmaster.master][INFO] 2025-12-04 23:30:33,517: +CACHEDPARAM [/rosout_disable_topics_generation] by /image_processing_node
[rosmaster.master][INFO] 2025-12-04 23:30:35,795: +CACHEDPARAM [/rosout_disable_topics_generation] by /image_processing_node
[rosmaster.master][INFO] 2025-12-04 23:30:37,977: +CACHEDPARAM [/rosout_disable_topics_generation] by /image_processing_node
[rosmaster.master][INFO] 2025-12-04 23:30:40,160: +CACHEDPARAM [/rosout_disable_topics_generation] by /image_processing_node
[rosmaster.master][INFO] 2025-12-04 23:30:42,280: +CACHEDPARAM [/rosout_disable_topics_generation] by /image_processing_node
[rosmaster.master][INFO] 2025-12-04 23:30:44,408: +CACHEDPARAM [/rosout_disable_topics_generation] by /image_processing_node
[rosmaster.master][INFO] 2025-12-04 23:30:46,560: +CACHEDPARAM [/rosout_disable_topics_generation] by /image_processing_node
[rosmaster.master][INFO] 2025-12-04 23:30:48,781: +CACHEDPARAM [/rosout_disable_topics_generation] by /image_processing_node
[rosmaster.master][INFO] 2025-12-04 23:30:50,948: +CACHEDPARAM [/rosout_disable_topics_generation] by /image_processing_node
[rosmaster.master][INFO] 2025-12-04 23:30:53,103: +CACHEDPARAM [/rosout_disable_topics_generation] by /image_processing_node
[rosmaster.master][INFO] 2025-12-04 23:30:55,279: +CACHEDPARAM [/rosout_disable_topics_generation] by /image_processing_node
[rosmaster.master][INFO] 2025-12-04 23:30:57,490: +CACHEDPARAM [/rosout_disable_topics_generation] by /image_processing_node
[rosmaster.master][INFO] 2025-12-04 23:30:59,773: +CACHEDPARAM [/rosout_disable_topics_generation] by /image_processing_node
[rosmaster.master][INFO] 2025-12-04 23:31:02,335: +CACHEDPARAM [/rosout_disable_topics_generation] by /image_processing_node
[rosmaster.master][INFO] 2025-12-04 23:31:04,730: +CACHEDPARAM [/rosout_disable_topics_generation] by /image_processing_node
[rosmaster.master][INFO] 2025-12-04 23:31:07,335: +CACHEDPARAM [/rosout_disable_topics_generation] by /image_processing_node
[rosmaster.master][INFO] 2025-12-04 23:31:09,605: +CACHEDPARAM [/rosout_disable_topics_generation] by /image_processing_node
[rosmaster.master][INFO] 2025-12-04 23:31:11,909: +CACHEDPARAM [/rosout_disable_topics_generation] by /image_processing_node
[rosmaster.master][INFO] 2025-12-04 23:31:14,070: +CACHEDPARAM [/rosout_disable_topics_generation] by /image_processing_node
[rosmaster.master][INFO] 2025-12-04 23:31:16,238: +CACHEDPARAM [/rosout_disable_topics_generation] by /image_processing_node
[rosmaster.master][INFO] 2025-12-04 23:31:18,390: +CACHEDPARAM [/rosout_disable_topics_generation] by /image_processing_node
[rosmaster.master][INFO] 2025-12-04 23:31:20,420: +CACHEDPARAM [/rosout_disable_topics_generation] by /image_processing_node
[rosmaster.master][INFO] 2025-12-04 23:31:22,549: +CACHEDPARAM [/rosout_disable_topics_generation] by /image_processing_node
[rosmaster.master][INFO] 2025-12-04 23:31:24,646: +CACHEDPARAM [/rosout_disable_topics_generation] by /image_processing_node
[rosmaster.master][INFO] 2025-12-04 23:31:26,968: +CACHEDPARAM [/rosout_disable_topics_generation] by /image_processing_node
[rosmaster.master][INFO] 2025-12-04 23:31:29,088: +CACHEDPARAM [/rosout_disable_topics_generation] by /image_processing_node
[rosmaster.master][INFO] 2025-12-04 23:31:31,461: +CACHEDPARAM [/rosout_disable_topics_generation] by /image_processing_node
[rosmaster.master][INFO] 2025-12-04 23:31:33,804: +CACHEDPARAM [/rosout_disable_topics_generation] by /image_processing_node
[rosmaster.master][INFO] 2025-12-04 23:31:36,660: +CACHEDPARAM [/rosout_disable_topics_generation] by /image_processing_node
[rosmaster.master][INFO] 2025-12-04 23:31:39,604: +CACHEDPARAM [/rosout_disable_topics_generation] by /image_processing_node
[rosmaster.master][INFO] 2025-12-04 23:31:42,068: +CACHEDPARAM [/rosout_disable_topics_generation] by /image_processing_node
[rosmaster.master][INFO] 2025-12-04 23:31:44,934: +CACHEDPARAM [/rosout_disable_topics_generation] by /image_processing_node
