[rosmaster.main][INFO] 2025-12-04 20:22:43,441: initialization complete, waiting for shutdown
[rosmaster.main][INFO] 2025-12-04 20:22:43,442: Starting ROS Master Node
[xmlrpc][INFO] 2025-12-04 20:22:43,443: XML-RPC server binding to 127.0.0.1:11311
[xmlrpc][INFO] 2025-12-04 20:22:43,443: Started XML-RPC server [http://127.0.0.1:11311/]
[xmlrpc][INFO] 2025-12-04 20:22:43,443: xml rpc node: starting XML-RPC server
[rosmaster.master][INFO] 2025-12-04 20:22:43,443: Master initialized: port[11311], uri[http://127.0.0.1:11311/]
[rosmaster.master][INFO] 2025-12-04 20:22:43,491: +PARAM [/run_id] by /roslaunch
[rosmaster.master][INFO] 2025-12-04 20:22:43,492: +PARAM [/roslaunch/uris/host_127_0_0_1__38507] by /roslaunch
[rosmaster.master][INFO] 2025-12-04 20:22:43,605: +SERVICE [/rosout/get_loggers] /rosout http://127.0.0.1:39091/
[rosmaster.master][INFO] 2025-12-04 20:22:43,610: +PARAM [/rosversion] by /roslaunch
[rosmaster.master][INFO] 2025-12-04 20:22:43,610: +PARAM [/rosdistro] by /roslaunch
[rosmaster.master][INFO] 2025-12-04 20:22:43,610: +PARAM [/use_sim_time] by /roslaunch
[rosmaster.master][INFO] 2025-12-04 20:22:43,610: +PARAM [/pal_robot_info/type] by /roslaunch
[rosmaster.master][INFO] 2025-12-04 20:22:43,611: +PARAM [/pal_robot_info/end_effector] by /roslaunch
[rosmaster.master][INFO] 2025-12-04 20:22:43,611: +PARAM [/pal_robot_info/ft_sensor] by /roslaunch
[rosmaster.master][INFO] 2025-12-04 20:22:43,611: +PARAM [/pal_robot_info/laser_model] by /roslaunch
[rosmaster.master][INFO] 2025-12-04 20:22:43,611: +PARAM [/pal_robot_info/camera_model] by /roslaunch
[rosmaster.master][INFO] 2025-12-04 20:22:43,611: +PARAM [/pal_robot_info/base_type] by /roslaunch
[rosmaster.master][INFO] 2025-12-04 20:22:43,611: +PARAM [/pal_robot_info/arm] by /roslaunch
[rosmaster.master][INFO] 2025-12-04 20:22:43,611: +PARAM [/gains/suspension_left_joint/p] by /roslaunch
[rosmaster.master][INFO] 2025-12-04 20:22:43,611: +PARAM [/gains/suspension_left_joint/d] by /roslaunch
[rosmaster.master][INFO] 2025-12-04 20:22:43,611: +PARAM [/gains/suspension_left_joint/i] by /roslaunch
[rosmaster.master][INFO] 2025-12-04 20:22:43,611: +PARAM [/gains/suspension_left_joint/i_clamp] by /roslaunch
[rosmaster.master][INFO] 2025-12-04 20:22:43,611: +PARAM [/gains/suspension_right_joint/p] by /roslaunch
[rosmaster.master][INFO] 2025-12-04 20:22:43,611: +PARAM [/gains/suspension_right_joint/d] by /roslaunch
[rosmaster.master][INFO] 2025-12-04 20:22:43,611: +PARAM [/gains/suspension_right_joint/i] by /roslaunch
[rosmaster.master][INFO] 2025-12-04 20:22:43,611: +PARAM [/gains/suspension_right_joint/i_clamp] by /roslaunch
[rosmaster.master][INFO] 2025-12-04 20:22:43,611: +PARAM [/gains/torso_lift_joint/p] by /roslaunch
[rosmaster.master][INFO] 2025-12-04 20:22:43,612: +SERVICE [/rosout/set_logger_level] /rosout http://127.0.0.1:39091/
[rosmaster.master][INFO] 2025-12-04 20:22:43,612: +PARAM [/gains/torso_lift_joint/d] by /roslaunch
[rosmaster.master][INFO] 2025-12-04 20:22:43,612: +PARAM [/gains/torso_lift_joint/i] by /roslaunch
[rosmaster.master][INFO] 2025-12-04 20:22:43,612: +PARAM [/gains/torso_lift_joint/i_clamp] by /roslaunch
[rosmaster.master][INFO] 2025-12-04 20:22:43,612: +PARAM [/gains/head_1_joint/p] by /roslaunch
[rosmaster.master][INFO] 2025-12-04 20:22:43,612: +PARAM [/gains/head_1_joint/d] by /roslaunch
[rosmaster.master][INFO] 2025-12-04 20:22:43,612: +PARAM [/gains/head_1_joint/i] by /roslaunch
[rosmaster.master][INFO] 2025-12-04 20:22:43,612: +PARAM [/gains/head_1_joint/i_clamp] by /roslaunch
[rosmaster.master][INFO] 2025-12-04 20:22:43,612: +PARAM [/gains/head_2_joint/p] by /roslaunch
[rosmaster.master][INFO] 2025-12-04 20:22:43,612: +PARAM [/gains/head_2_joint/d] by /roslaunch
[rosmaster.master][INFO] 2025-12-04 20:22:43,612: +PARAM [/gains/head_2_joint/i] by /roslaunch
[rosmaster.master][INFO] 2025-12-04 20:22:43,612: +PARAM [/gains/head_2_joint/i_clamp] by /roslaunch
[rosmaster.master][INFO] 2025-12-04 20:22:43,612: +PARAM [/gains/xtion_frame_joint/p] by /roslaunch
[rosmaster.master][INFO] 2025-12-04 20:22:43,612: +PARAM [/gains/xtion_frame_joint/d] by /roslaunch
[rosmaster.master][INFO] 2025-12-04 20:22:43,613: +PARAM [/gains/xtion_frame_joint/i] by /roslaunch
[rosmaster.master][INFO] 2025-12-04 20:22:43,613: +PARAM [/gains/xtion_frame_joint/i_clamp] by /roslaunch
[rosmaster.master][INFO] 2025-12-04 20:22:43,613: +PARAM [/gains/arm_1_joint/p] by /roslaunch
[rosmaster.master][INFO] 2025-12-04 20:22:43,613: +PARAM [/gains/arm_1_joint/d] by /roslaunch
[rosmaster.master][INFO] 2025-12-04 20:22:43,614: +PARAM [/gains/arm_1_joint/i] by /roslaunch
[rosmaster.master][INFO] 2025-12-04 20:22:43,614: +PARAM [/gains/arm_1_joint/i_clamp] by /roslaunch
[rosmaster.master][INFO] 2025-12-04 20:22:43,614: +PARAM [/gains/arm_1_joint/torque_clamp] by /roslaunch
[rosmaster.master][INFO] 2025-12-04 20:22:43,615: +PARAM [/gains/arm_2_joint/p] by /roslaunch
[rosmaster.master][INFO] 2025-12-04 20:22:43,615: +PARAM [/gains/arm_2_joint/d] by /roslaunch
[rosmaster.master][INFO] 2025-12-04 20:22:43,615: +PARAM [/gains/arm_2_joint/i] by /roslaunch
[rosmaster.master][INFO] 2025-12-04 20:22:43,615: +PARAM [/gains/arm_2_joint/i_clamp] by /roslaunch
[rosmaster.master][INFO] 2025-12-04 20:22:43,615: +PARAM [/gains/arm_2_joint/torque_clamp] by /roslaunch
[rosmaster.master][INFO] 2025-12-04 20:22:43,616: +PARAM [/gains/arm_3_joint/p] by /roslaunch
[rosmaster.master][INFO] 2025-12-04 20:22:43,616: +PARAM [/gains/arm_3_joint/d] by /roslaunch
[rosmaster.master][INFO] 2025-12-04 20:22:43,616: +PARAM [/gains/arm_3_joint/i] by /roslaunch
[rosmaster.master][INFO] 2025-12-04 20:22:43,616: +SUB [/clock] /rosout http://127.0.0.1:39091/
[rosmaster.master][INFO] 2025-12-04 20:22:43,616: +PARAM [/gains/arm_3_joint/i_clamp] by /roslaunch
[rosmaster.master][INFO] 2025-12-04 20:22:43,616: +PARAM [/gains/arm_3_joint/torque_clamp] by /roslaunch
[rosmaster.master][INFO] 2025-12-04 20:22:43,617: +PARAM [/gains/arm_4_joint/p] by /roslaunch
[rosmaster.master][INFO] 2025-12-04 20:22:43,617: +PARAM [/gains/arm_4_joint/d] by /roslaunch
[rosmaster.master][INFO] 2025-12-04 20:22:43,617: +PARAM [/gains/arm_4_joint/i] by /roslaunch
[rosmaster.master][INFO] 2025-12-04 20:22:43,617: +PARAM [/gains/arm_4_joint/i_clamp] by /roslaunch
[rosmaster.master][INFO] 2025-12-04 20:22:43,617: +PARAM [/gains/arm_4_joint/torque_clamp] by /roslaunch
[rosmaster.master][INFO] 2025-12-04 20:22:43,617: +PARAM [/gains/arm_5_joint/p] by /roslaunch
[rosmaster.master][INFO] 2025-12-04 20:22:43,617: +PARAM [/gains/arm_5_joint/d] by /roslaunch
[rosmaster.master][INFO] 2025-12-04 20:22:43,617: +PARAM [/gains/arm_5_joint/i] by /roslaunch
[rosmaster.master][INFO] 2025-12-04 20:22:43,617: +PARAM [/gains/arm_5_joint/i_clamp] by /roslaunch
[rosmaster.master][INFO] 2025-12-04 20:22:43,617: +PUB [/rosout_agg] /rosout http://127.0.0.1:39091/
[rosmaster.master][INFO] 2025-12-04 20:22:43,617: +PARAM [/gains/arm_5_joint/torque_clamp] by /roslaunch
[rosmaster.master][INFO] 2025-12-04 20:22:43,617: +PARAM [/gains/arm_6_joint/p] by /roslaunch
[rosmaster.master][INFO] 2025-12-04 20:22:43,618: +PARAM [/gains/arm_6_joint/d] by /roslaunch
[rosmaster.master][INFO] 2025-12-04 20:22:43,618: +PARAM [/gains/arm_6_joint/i] by /roslaunch
[rosmaster.master][INFO] 2025-12-04 20:22:43,618: +PARAM [/gains/arm_6_joint/i_clamp] by /roslaunch
[rosmaster.master][INFO] 2025-12-04 20:22:43,619: +PARAM [/gains/arm_6_joint/torque_clamp] by /roslaunch
[rosmaster.master][INFO] 2025-12-04 20:22:43,619: +PARAM [/gains/arm_7_joint/p] by /roslaunch
[rosmaster.master][INFO] 2025-12-04 20:22:43,619: +PARAM [/gains/arm_7_joint/d] by /roslaunch
[rosmaster.master][INFO] 2025-12-04 20:22:43,619: +PARAM [/gains/arm_7_joint/i] by /roslaunch
[rosmaster.master][INFO] 2025-12-04 20:22:43,620: +SUB [/rosout] /rosout http://127.0.0.1:39091/
[rosmaster.master][INFO] 2025-12-04 20:22:43,620: +PARAM [/gains/arm_7_joint/i_clamp] by /roslaunch
[rosmaster.master][INFO] 2025-12-04 20:22:43,620: +PARAM [/gains/arm_7_joint/torque_clamp] by /roslaunch
[rosmaster.master][INFO] 2025-12-04 20:22:43,620: +PARAM [/gains/hand_index_joint/p] by /roslaunch
[rosmaster.master][INFO] 2025-12-04 20:22:43,620: +PARAM [/gains/hand_index_joint/d] by /roslaunch
[rosmaster.master][INFO] 2025-12-04 20:22:43,620: +PARAM [/gains/hand_index_joint/i] by /roslaunch
[rosmaster.master][INFO] 2025-12-04 20:22:43,620: +PARAM [/gains/hand_index_joint/i_clamp] by /roslaunch
[rosmaster.master][INFO] 2025-12-04 20:22:43,620: +PARAM [/gains/hand_thumb_joint/p] by /roslaunch
[rosmaster.master][INFO] 2025-12-04 20:22:43,620: +PARAM [/gains/hand_thumb_joint/d] by /roslaunch
[rosmaster.master][INFO] 2025-12-04 20:22:43,620: +PARAM [/gains/hand_thumb_joint/i] by /roslaunch
[rosmaster.master][INFO] 2025-12-04 20:22:43,620: +PARAM [/gains/hand_thumb_joint/i_clamp] by /roslaunch
[rosmaster.master][INFO] 2025-12-04 20:22:43,620: +PARAM [/gains/hand_mrl_joint/p] by /roslaunch
[rosmaster.master][INFO] 2025-12-04 20:22:43,620: +PARAM [/gains/hand_mrl_joint/d] by /roslaunch
[rosmaster.master][INFO] 2025-12-04 20:22:43,620: +PARAM [/gains/hand_mrl_joint/i] by /roslaunch
[rosmaster.master][INFO] 2025-12-04 20:22:43,620: +PARAM [/gains/hand_mrl_joint/i_clamp] by /roslaunch
[rosmaster.master][INFO] 2025-12-04 20:22:43,620: +PARAM [/gains/hand_index_abd_joint/p] by /roslaunch
[rosmaster.master][INFO] 2025-12-04 20:22:43,621: +PARAM [/gains/hand_index_abd_joint/d] by /roslaunch
[rosmaster.master][INFO] 2025-12-04 20:22:43,621: +PARAM [/gains/hand_index_abd_joint/i] by /roslaunch
[rosmaster.master][INFO] 2025-12-04 20:22:43,621: +PARAM [/gains/hand_index_abd_joint/i_clamp] by /roslaunch
[rosmaster.master][INFO] 2025-12-04 20:22:43,621: +PARAM [/gains/hand_index_virtual_1_joint/p] by /roslaunch
[rosmaster.master][INFO] 2025-12-04 20:22:43,621: +PARAM [/gains/hand_index_virtual_1_joint/d] by /roslaunch
[rosmaster.master][INFO] 2025-12-04 20:22:43,621: +PARAM [/gains/hand_index_virtual_1_joint/i] by /roslaunch
[rosmaster.master][INFO] 2025-12-04 20:22:43,621: +PARAM [/gains/hand_index_virtual_1_joint/i_clamp] by /roslaunch
[rosmaster.master][INFO] 2025-12-04 20:22:43,621: +PARAM [/gains/hand_index_virtual_2_joint/p] by /roslaunch
[rosmaster.master][INFO] 2025-12-04 20:22:43,621: +PARAM [/gains/hand_index_virtual_2_joint/d] by /roslaunch
[rosmaster.master][INFO] 2025-12-04 20:22:43,621: +PARAM [/gains/hand_index_virtual_2_joint/i] by /roslaunch
[rosmaster.master][INFO] 2025-12-04 20:22:43,621: +PARAM [/gains/hand_index_virtual_2_joint/i_clamp] by /roslaunch
[rosmaster.master][INFO] 2025-12-04 20:22:43,621: +PARAM [/gains/hand_index_virtual_3_joint/p] by /roslaunch
[rosmaster.master][INFO] 2025-12-04 20:22:43,621: +PARAM [/gains/hand_index_virtual_3_joint/d] by /roslaunch
[rosmaster.master][INFO] 2025-12-04 20:22:43,621: +PARAM [/gains/hand_index_virtual_3_joint/i] by /roslaunch
[rosmaster.master][INFO] 2025-12-04 20:22:43,621: +PARAM [/gains/hand_index_virtual_3_joint/i_clamp] by /roslaunch
[rosmaster.master][INFO] 2025-12-04 20:22:43,621: +PARAM [/gains/hand_index_flex_1_joint/p] by /roslaunch
[rosmaster.master][INFO] 2025-12-04 20:22:43,621: +PARAM [/gains/hand_index_flex_1_joint/d] by /roslaunch
[rosmaster.master][INFO] 2025-12-04 20:22:43,621: +PARAM [/gains/hand_index_flex_1_joint/i] by /roslaunch
[rosmaster.master][INFO] 2025-12-04 20:22:43,621: +PARAM [/gains/hand_index_flex_1_joint/i_clamp] by /roslaunch
[rosmaster.master][INFO] 2025-12-04 20:22:43,621: +PARAM [/gains/hand_index_flex_2_joint/p] by /roslaunch
[rosmaster.master][INFO] 2025-12-04 20:22:43,622: +PARAM [/gains/hand_index_flex_2_joint/d] by /roslaunch
[rosmaster.master][INFO] 2025-12-04 20:22:43,622: +PARAM [/gains/hand_index_flex_2_joint/i] by /roslaunch
[rosmaster.master][INFO] 2025-12-04 20:22:43,622: +PARAM [/gains/hand_index_flex_2_joint/i_clamp] by /roslaunch
[rosmaster.master][INFO] 2025-12-04 20:22:43,622: +PARAM [/gains/hand_index_flex_3_joint/p] by /roslaunch
[rosmaster.master][INFO] 2025-12-04 20:22:43,622: +PARAM [/gains/hand_index_flex_3_joint/d] by /roslaunch
[rosmaster.master][INFO] 2025-12-04 20:22:43,622: +PARAM [/gains/hand_index_flex_3_joint/i] by /roslaunch
[rosmaster.master][INFO] 2025-12-04 20:22:43,622: +PARAM [/gains/hand_index_flex_3_joint/i_clamp] by /roslaunch
[rosmaster.master][INFO] 2025-12-04 20:22:43,622: +PARAM [/gains/hand_little_abd_joint/p] by /roslaunch
[rosmaster.master][INFO] 2025-12-04 20:22:43,622: +PARAM [/gains/hand_little_abd_joint/d] by /roslaunch
[rosmaster.master][INFO] 2025-12-04 20:22:43,622: +PARAM [/gains/hand_little_abd_joint/i] by /roslaunch
[rosmaster.master][INFO] 2025-12-04 20:22:43,622: +PARAM [/gains/hand_little_abd_joint/i_clamp] by /roslaunch
[rosmaster.master][INFO] 2025-12-04 20:22:43,622: +PARAM [/gains/hand_little_virtual_1_joint/p] by /roslaunch
[rosmaster.master][INFO] 2025-12-04 20:22:43,622: +PARAM [/gains/hand_little_virtual_1_joint/d] by /roslaunch
[rosmaster.master][INFO] 2025-12-04 20:22:43,622: +PARAM [/gains/hand_little_virtual_1_joint/i] by /roslaunch
[rosmaster.master][INFO] 2025-12-04 20:22:43,622: +PARAM [/gains/hand_little_virtual_1_joint/i_clamp] by /roslaunch
[rosmaster.master][INFO] 2025-12-04 20:22:43,622: +PARAM [/gains/hand_little_virtual_2_joint/p] by /roslaunch
[rosmaster.master][INFO] 2025-12-04 20:22:43,622: +PARAM [/gains/hand_little_virtual_2_joint/d] by /roslaunch
[rosmaster.master][INFO] 2025-12-04 20:22:43,622: +PARAM [/gains/hand_little_virtual_2_joint/i] by /roslaunch
[rosmaster.master][INFO] 2025-12-04 20:22:43,622: +PARAM [/gains/hand_little_virtual_2_joint/i_clamp] by /roslaunch
[rosmaster.master][INFO] 2025-12-04 20:22:43,622: +PARAM [/gains/hand_little_virtual_3_joint/p] by /roslaunch
[rosmaster.master][INFO] 2025-12-04 20:22:43,622: +PARAM [/gains/hand_little_virtual_3_joint/d] by /roslaunch
[rosmaster.master][INFO] 2025-12-04 20:22:43,622: +PARAM [/gains/hand_little_virtual_3_joint/i] by /roslaunch
[rosmaster.master][INFO] 2025-12-04 20:22:43,622: +PARAM [/gains/hand_little_virtual_3_joint/i_clamp] by /roslaunch
[rosmaster.master][INFO] 2025-12-04 20:22:43,623: +PARAM [/gains/hand_little_flex_1_joint/p] by /roslaunch
[rosmaster.master][INFO] 2025-12-04 20:22:43,623: +PARAM [/gains/hand_little_flex_1_joint/d] by /roslaunch
[rosmaster.master][INFO] 2025-12-04 20:22:43,623: +PARAM [/gains/hand_little_flex_1_joint/i] by /roslaunch
[rosmaster.master][INFO] 2025-12-04 20:22:43,623: +PARAM [/gains/hand_little_flex_1_joint/i_clamp] by /roslaunch
[rosmaster.master][INFO] 2025-12-04 20:22:43,623: +PARAM [/gains/hand_little_flex_2_joint/p] by /roslaunch
[rosmaster.master][INFO] 2025-12-04 20:22:43,623: +PARAM [/gains/hand_little_flex_2_joint/d] by /roslaunch
[rosmaster.master][INFO] 2025-12-04 20:22:43,623: +PARAM [/gains/hand_little_flex_2_joint/i] by /roslaunch
[rosmaster.master][INFO] 2025-12-04 20:22:43,623: +PARAM [/gains/hand_little_flex_2_joint/i_clamp] by /roslaunch
[rosmaster.master][INFO] 2025-12-04 20:22:43,623: +PARAM [/gains/hand_little_flex_3_joint/p] by /roslaunch
[rosmaster.master][INFO] 2025-12-04 20:22:43,623: +PARAM [/gains/hand_little_flex_3_joint/d] by /roslaunch
[rosmaster.master][INFO] 2025-12-04 20:22:43,623: +PARAM [/gains/hand_little_flex_3_joint/i] by /roslaunch
[rosmaster.master][INFO] 2025-12-04 20:22:43,623: +PARAM [/gains/hand_little_flex_3_joint/i_clamp] by /roslaunch
[rosmaster.master][INFO] 2025-12-04 20:22:43,623: +PARAM [/gains/hand_middle_abd_joint/p] by /roslaunch
[rosmaster.master][INFO] 2025-12-04 20:22:43,623: +PARAM [/gains/hand_middle_abd_joint/d] by /roslaunch
[rosmaster.master][INFO] 2025-12-04 20:22:43,623: +PARAM [/gains/hand_middle_abd_joint/i] by /roslaunch
[rosmaster.master][INFO] 2025-12-04 20:22:43,623: +PARAM [/gains/hand_middle_abd_joint/i_clamp] by /roslaunch
[rosmaster.master][INFO] 2025-12-04 20:22:43,623: +PARAM [/gains/hand_middle_virtual_1_joint/p] by /roslaunch
[rosmaster.master][INFO] 2025-12-04 20:22:43,623: +PARAM [/gains/hand_middle_virtual_1_joint/d] by /roslaunch
[rosmaster.master][INFO] 2025-12-04 20:22:43,623: +PARAM [/gains/hand_middle_virtual_1_joint/i] by /roslaunch
[rosmaster.master][INFO] 2025-12-04 20:22:43,623: +PARAM [/gains/hand_middle_virtual_1_joint/i_clamp] by /roslaunch
[rosmaster.master][INFO] 2025-12-04 20:22:43,623: +PARAM [/gains/hand_middle_virtual_2_joint/p] by /roslaunch
[rosmaster.master][INFO] 2025-12-04 20:22:43,623: +PARAM [/gains/hand_middle_virtual_2_joint/d] by /roslaunch
[rosmaster.master][INFO] 2025-12-04 20:22:43,623: +PARAM [/gains/hand_middle_virtual_2_joint/i] by /roslaunch
[rosmaster.master][INFO] 2025-12-04 20:22:43,623: +PARAM [/gains/hand_middle_virtual_2_joint/i_clamp] by /roslaunch
[rosmaster.master][INFO] 2025-12-04 20:22:43,624: +PARAM [/gains/hand_middle_virtual_3_joint/p] by /roslaunch
[rosmaster.master][INFO] 2025-12-04 20:22:43,624: +PARAM [/gains/hand_middle_virtual_3_joint/d] by /roslaunch
[rosmaster.master][INFO] 2025-12-04 20:22:43,624: +PARAM [/gains/hand_middle_virtual_3_joint/i] by /roslaunch
[rosmaster.master][INFO] 2025-12-04 20:22:43,624: +PARAM [/gains/hand_middle_virtual_3_joint/i_clamp] by /roslaunch
[rosmaster.master][INFO] 2025-12-04 20:22:43,624: +PARAM [/gains/hand_middle_flex_1_joint/p] by /roslaunch
[rosmaster.master][INFO] 2025-12-04 20:22:43,624: +PARAM [/gains/hand_middle_flex_1_joint/d] by /roslaunch
[rosmaster.master][INFO] 2025-12-04 20:22:43,624: +PARAM [/gains/hand_middle_flex_1_joint/i] by /roslaunch
[rosmaster.master][INFO] 2025-12-04 20:22:43,624: +PARAM [/gains/hand_middle_flex_1_joint/i_clamp] by /roslaunch
[rosmaster.master][INFO] 2025-12-04 20:22:43,624: +PARAM [/gains/hand_middle_flex_2_joint/p] by /roslaunch
[rosmaster.master][INFO] 2025-12-04 20:22:43,624: +PARAM [/gains/hand_middle_flex_2_joint/d] by /roslaunch
[rosmaster.master][INFO] 2025-12-04 20:22:43,624: +PARAM [/gains/hand_middle_flex_2_joint/i] by /roslaunch
[rosmaster.master][INFO] 2025-12-04 20:22:43,624: +PARAM [/gains/hand_middle_flex_2_joint/i_clamp] by /roslaunch
[rosmaster.master][INFO] 2025-12-04 20:22:43,624: +PARAM [/gains/hand_middle_flex_3_joint/p] by /roslaunch
[rosmaster.master][INFO] 2025-12-04 20:22:43,624: +PARAM [/gains/hand_middle_flex_3_joint/d] by /roslaunch
[rosmaster.master][INFO] 2025-12-04 20:22:43,624: +PARAM [/gains/hand_middle_flex_3_joint/i] by /roslaunch
[rosmaster.master][INFO] 2025-12-04 20:22:43,624: +PARAM [/gains/hand_middle_flex_3_joint/i_clamp] by /roslaunch
[rosmaster.master][INFO] 2025-12-04 20:22:43,624: +PARAM [/gains/hand_ring_abd_joint/p] by /roslaunch
[rosmaster.master][INFO] 2025-12-04 20:22:43,624: +PARAM [/gains/hand_ring_abd_joint/d] by /roslaunch
[rosmaster.master][INFO] 2025-12-04 20:22:43,624: +PARAM [/gains/hand_ring_abd_joint/i] by /roslaunch
[rosmaster.master][INFO] 2025-12-04 20:22:43,624: +PARAM [/gains/hand_ring_abd_joint/i_clamp] by /roslaunch
[rosmaster.master][INFO] 2025-12-04 20:22:43,624: +PARAM [/gains/hand_ring_virtual_1_joint/p] by /roslaunch
[rosmaster.master][INFO] 2025-12-04 20:22:43,624: +PARAM [/gains/hand_ring_virtual_1_joint/d] by /roslaunch
[rosmaster.master][INFO] 2025-12-04 20:22:43,624: +PARAM [/gains/hand_ring_virtual_1_joint/i] by /roslaunch
[rosmaster.master][INFO] 2025-12-04 20:22:43,625: +PARAM [/gains/hand_ring_virtual_1_joint/i_clamp] by /roslaunch
[rosmaster.master][INFO] 2025-12-04 20:22:43,625: +PARAM [/gains/hand_ring_virtual_2_joint/p] by /roslaunch
[rosmaster.master][INFO] 2025-12-04 20:22:43,625: +PARAM [/gains/hand_ring_virtual_2_joint/d] by /roslaunch
[rosmaster.master][INFO] 2025-12-04 20:22:43,625: +PARAM [/gains/hand_ring_virtual_2_joint/i] by /roslaunch
[rosmaster.master][INFO] 2025-12-04 20:22:43,625: +PARAM [/gains/hand_ring_virtual_2_joint/i_clamp] by /roslaunch
[rosmaster.master][INFO] 2025-12-04 20:22:43,625: +PARAM [/gains/hand_ring_virtual_3_joint/p] by /roslaunch
[rosmaster.master][INFO] 2025-12-04 20:22:43,625: +PARAM [/gains/hand_ring_virtual_3_joint/d] by /roslaunch
[rosmaster.master][INFO] 2025-12-04 20:22:43,625: +PARAM [/gains/hand_ring_virtual_3_joint/i] by /roslaunch
[rosmaster.master][INFO] 2025-12-04 20:22:43,625: +PARAM [/gains/hand_ring_virtual_3_joint/i_clamp] by /roslaunch
[rosmaster.master][INFO] 2025-12-04 20:22:43,625: +PARAM [/gains/hand_ring_flex_1_joint/p] by /roslaunch
[rosmaster.master][INFO] 2025-12-04 20:22:43,625: +PARAM [/gains/hand_ring_flex_1_joint/d] by /roslaunch
[rosmaster.master][INFO] 2025-12-04 20:22:43,625: +PARAM [/gains/hand_ring_flex_1_joint/i] by /roslaunch
[rosmaster.master][INFO] 2025-12-04 20:22:43,625: +PARAM [/gains/hand_ring_flex_1_joint/i_clamp] by /roslaunch
[rosmaster.master][INFO] 2025-12-04 20:22:43,625: +PARAM [/gains/hand_ring_flex_2_joint/p] by /roslaunch
[rosmaster.master][INFO] 2025-12-04 20:22:43,625: +PARAM [/gains/hand_ring_flex_2_joint/d] by /roslaunch
[rosmaster.master][INFO] 2025-12-04 20:22:43,625: +PARAM [/gains/hand_ring_flex_2_joint/i] by /roslaunch
[rosmaster.master][INFO] 2025-12-04 20:22:43,625: +PARAM [/gains/hand_ring_flex_2_joint/i_clamp] by /roslaunch
[rosmaster.master][INFO] 2025-12-04 20:22:43,625: +PARAM [/gains/hand_ring_flex_3_joint/p] by /roslaunch
[rosmaster.master][INFO] 2025-12-04 20:22:43,625: +PARAM [/gains/hand_ring_flex_3_joint/d] by /roslaunch
[rosmaster.master][INFO] 2025-12-04 20:22:43,625: +PARAM [/gains/hand_ring_flex_3_joint/i] by /roslaunch
[rosmaster.master][INFO] 2025-12-04 20:22:43,625: +PARAM [/gains/hand_ring_flex_3_joint/i_clamp] by /roslaunch
[rosmaster.master][INFO] 2025-12-04 20:22:43,625: +PARAM [/gains/hand_thumb_abd_joint/p] by /roslaunch
[rosmaster.master][INFO] 2025-12-04 20:22:43,625: +PARAM [/gains/hand_thumb_abd_joint/d] by /roslaunch
[rosmaster.master][INFO] 2025-12-04 20:22:43,626: +PARAM [/gains/hand_thumb_abd_joint/i] by /roslaunch
[rosmaster.master][INFO] 2025-12-04 20:22:43,626: +PARAM [/gains/hand_thumb_abd_joint/i_clamp] by /roslaunch
[rosmaster.master][INFO] 2025-12-04 20:22:43,626: +PARAM [/gains/hand_thumb_virtual_1_joint/p] by /roslaunch
[rosmaster.master][INFO] 2025-12-04 20:22:43,626: +PARAM [/gains/hand_thumb_virtual_1_joint/d] by /roslaunch
[rosmaster.master][INFO] 2025-12-04 20:22:43,626: +PARAM [/gains/hand_thumb_virtual_1_joint/i] by /roslaunch
[rosmaster.master][INFO] 2025-12-04 20:22:43,626: +PARAM [/gains/hand_thumb_virtual_1_joint/i_clamp] by /roslaunch
[rosmaster.master][INFO] 2025-12-04 20:22:43,626: +PARAM [/gains/hand_thumb_virtual_2_joint/p] by /roslaunch
[rosmaster.master][INFO] 2025-12-04 20:22:43,626: +PARAM [/gains/hand_thumb_virtual_2_joint/d] by /roslaunch
[rosmaster.master][INFO] 2025-12-04 20:22:43,626: +PARAM [/gains/hand_thumb_virtual_2_joint/i] by /roslaunch
[rosmaster.master][INFO] 2025-12-04 20:22:43,626: +PARAM [/gains/hand_thumb_virtual_2_joint/i_clamp] by /roslaunch
[rosmaster.master][INFO] 2025-12-04 20:22:43,626: +PARAM [/gains/hand_thumb_virtual_3_joint/p] by /roslaunch
[rosmaster.master][INFO] 2025-12-04 20:22:43,626: +PARAM [/gains/hand_thumb_virtual_3_joint/d] by /roslaunch
[rosmaster.master][INFO] 2025-12-04 20:22:43,626: +PARAM [/gains/hand_thumb_virtual_3_joint/i] by /roslaunch
[rosmaster.master][INFO] 2025-12-04 20:22:43,626: +PARAM [/gains/hand_thumb_virtual_3_joint/i_clamp] by /roslaunch
[rosmaster.master][INFO] 2025-12-04 20:22:43,626: +PARAM [/gains/hand_thumb_flex_1_joint/p] by /roslaunch
[rosmaster.master][INFO] 2025-12-04 20:22:43,626: +PARAM [/gains/hand_thumb_flex_1_joint/d] by /roslaunch
[rosmaster.master][INFO] 2025-12-04 20:22:43,626: +PARAM [/gains/hand_thumb_flex_1_joint/i] by /roslaunch
[rosmaster.master][INFO] 2025-12-04 20:22:43,626: +PARAM [/gains/hand_thumb_flex_1_joint/i_clamp] by /roslaunch
[rosmaster.master][INFO] 2025-12-04 20:22:43,626: +PARAM [/gains/hand_thumb_flex_2_joint/p] by /roslaunch
[rosmaster.master][INFO] 2025-12-04 20:22:43,626: +PARAM [/gains/hand_thumb_flex_2_joint/d] by /roslaunch
[rosmaster.master][INFO] 2025-12-04 20:22:43,626: +PARAM [/gains/hand_thumb_flex_2_joint/i] by /roslaunch
[rosmaster.master][INFO] 2025-12-04 20:22:43,626: +PARAM [/gains/hand_thumb_flex_2_joint/i_clamp] by /roslaunch
[rosmaster.master][INFO] 2025-12-04 20:22:43,626: +PARAM [/gains/hand_thumb_flex_3_joint/p] by /roslaunch
[rosmaster.master][INFO] 2025-12-04 20:22:43,627: +PARAM [/gains/hand_thumb_flex_3_joint/d] by /roslaunch
[rosmaster.master][INFO] 2025-12-04 20:22:43,627: +PARAM [/gains/hand_thumb_flex_3_joint/i] by /roslaunch
[rosmaster.master][INFO] 2025-12-04 20:22:43,627: +PARAM [/gains/hand_thumb_flex_3_joint/i_clamp] by /roslaunch
[rosmaster.master][INFO] 2025-12-04 20:22:43,627: +PARAM [/gains/gripper_left_finger_joint/p] by /roslaunch
[rosmaster.master][INFO] 2025-12-04 20:22:43,627: +PARAM [/gains/gripper_left_finger_joint/d] by /roslaunch
[rosmaster.master][INFO] 2025-12-04 20:22:43,627: +PARAM [/gains/gripper_left_finger_joint/i] by /roslaunch
[rosmaster.master][INFO] 2025-12-04 20:22:43,627: +PARAM [/gains/gripper_left_finger_joint/p_gain] by /roslaunch
[rosmaster.master][INFO] 2025-12-04 20:22:43,627: +PARAM [/gains/gripper_right_finger_joint/p] by /roslaunch
[rosmaster.master][INFO] 2025-12-04 20:22:43,627: +PARAM [/gains/gripper_right_finger_joint/d] by /roslaunch
[rosmaster.master][INFO] 2025-12-04 20:22:43,627: +PARAM [/gains/gripper_right_finger_joint/i] by /roslaunch
[rosmaster.master][INFO] 2025-12-04 20:22:43,627: +PARAM [/gains/gripper_right_finger_joint/p_gain] by /roslaunch
[rosmaster.master][INFO] 2025-12-04 20:22:43,627: +PARAM [/gains/gripper_finger_joint/p] by /roslaunch
[rosmaster.master][INFO] 2025-12-04 20:22:43,627: +PARAM [/gains/gripper_finger_joint/d] by /roslaunch
[rosmaster.master][INFO] 2025-12-04 20:22:43,627: +PARAM [/gains/gripper_finger_joint/i] by /roslaunch
[rosmaster.master][INFO] 2025-12-04 20:22:43,627: +PARAM [/gains/gripper_finger_joint/p_gain] by /roslaunch
[rosmaster.master][INFO] 2025-12-04 20:22:43,627: +PARAM [/gains/FFJ4/p] by /roslaunch
[rosmaster.master][INFO] 2025-12-04 20:22:43,627: +PARAM [/gains/FFJ4/d] by /roslaunch
[rosmaster.master][INFO] 2025-12-04 20:22:43,627: +PARAM [/gains/FFJ4/i] by /roslaunch
[rosmaster.master][INFO] 2025-12-04 20:22:43,627: +PARAM [/gains/FFJ3/p] by /roslaunch
[rosmaster.master][INFO] 2025-12-04 20:22:43,627: +PARAM [/gains/FFJ3/d] by /roslaunch
[rosmaster.master][INFO] 2025-12-04 20:22:43,628: +PARAM [/gains/FFJ3/i] by /roslaunch
[rosmaster.master][INFO] 2025-12-04 20:22:43,628: +PARAM [/gains/FFJ2/p] by /roslaunch
[rosmaster.master][INFO] 2025-12-04 20:22:43,628: +PARAM [/gains/FFJ2/d] by /roslaunch
[rosmaster.master][INFO] 2025-12-04 20:22:43,628: +PARAM [/gains/FFJ2/i] by /roslaunch
[rosmaster.master][INFO] 2025-12-04 20:22:43,628: +PARAM [/gains/FFJ1/p] by /roslaunch
[rosmaster.master][INFO] 2025-12-04 20:22:43,628: +PARAM [/gains/FFJ1/d] by /roslaunch
[rosmaster.master][INFO] 2025-12-04 20:22:43,628: +PARAM [/gains/FFJ1/i] by /roslaunch
[rosmaster.master][INFO] 2025-12-04 20:22:43,628: +PARAM [/gains/MFJ4/p] by /roslaunch
[rosmaster.master][INFO] 2025-12-04 20:22:43,628: +PARAM [/gains/MFJ4/d] by /roslaunch
[rosmaster.master][INFO] 2025-12-04 20:22:43,628: +PARAM [/gains/MFJ4/i] by /roslaunch
[rosmaster.master][INFO] 2025-12-04 20:22:43,628: +PARAM [/gains/MFJ3/p] by /roslaunch
[rosmaster.master][INFO] 2025-12-04 20:22:43,628: +PARAM [/gains/MFJ3/d] by /roslaunch
[rosmaster.master][INFO] 2025-12-04 20:22:43,628: +PARAM [/gains/MFJ3/i] by /roslaunch
[rosmaster.master][INFO] 2025-12-04 20:22:43,628: +PARAM [/gains/MFJ2/p] by /roslaunch
[rosmaster.master][INFO] 2025-12-04 20:22:43,628: +PARAM [/gains/MFJ2/d] by /roslaunch
[rosmaster.master][INFO] 2025-12-04 20:22:43,628: +PARAM [/gains/MFJ2/i] by /roslaunch
[rosmaster.master][INFO] 2025-12-04 20:22:43,628: +PARAM [/gains/MFJ1/p] by /roslaunch
[rosmaster.master][INFO] 2025-12-04 20:22:43,628: +PARAM [/gains/MFJ1/d] by /roslaunch
[rosmaster.master][INFO] 2025-12-04 20:22:43,628: +PARAM [/gains/MFJ1/i] by /roslaunch
[rosmaster.master][INFO] 2025-12-04 20:22:43,628: +PARAM [/gains/RFJ4/p] by /roslaunch
[rosmaster.master][INFO] 2025-12-04 20:22:43,628: +PARAM [/gains/RFJ4/d] by /roslaunch
[rosmaster.master][INFO] 2025-12-04 20:22:43,628: +PARAM [/gains/RFJ4/i] by /roslaunch
[rosmaster.master][INFO] 2025-12-04 20:22:43,628: +PARAM [/gains/RFJ3/p] by /roslaunch
[rosmaster.master][INFO] 2025-12-04 20:22:43,628: +PARAM [/gains/RFJ3/d] by /roslaunch
[rosmaster.master][INFO] 2025-12-04 20:22:43,629: +PARAM [/gains/RFJ3/i] by /roslaunch
[rosmaster.master][INFO] 2025-12-04 20:22:43,629: +PARAM [/gains/RFJ2/p] by /roslaunch
[rosmaster.master][INFO] 2025-12-04 20:22:43,629: +PARAM [/gains/RFJ2/d] by /roslaunch
[rosmaster.master][INFO] 2025-12-04 20:22:43,629: +PARAM [/gains/RFJ2/i] by /roslaunch
[rosmaster.master][INFO] 2025-12-04 20:22:43,629: +PARAM [/gains/RFJ1/p] by /roslaunch
[rosmaster.master][INFO] 2025-12-04 20:22:43,629: +PARAM [/gains/RFJ1/d] by /roslaunch
[rosmaster.master][INFO] 2025-12-04 20:22:43,629: +PARAM [/gains/RFJ1/i] by /roslaunch
[rosmaster.master][INFO] 2025-12-04 20:22:43,629: +PARAM [/gains/THJ5/p] by /roslaunch
[rosmaster.master][INFO] 2025-12-04 20:22:43,629: +PARAM [/gains/THJ5/d] by /roslaunch
[rosmaster.master][INFO] 2025-12-04 20:22:43,629: +PARAM [/gains/THJ5/i] by /roslaunch
[rosmaster.master][INFO] 2025-12-04 20:22:43,629: +PARAM [/gains/THJ4/p] by /roslaunch
[rosmaster.master][INFO] 2025-12-04 20:22:43,629: +PARAM [/gains/THJ4/d] by /roslaunch
[rosmaster.master][INFO] 2025-12-04 20:22:43,629: +PARAM [/gains/THJ4/i] by /roslaunch
[rosmaster.master][INFO] 2025-12-04 20:22:43,629: +PARAM [/gains/THJ2/p] by /roslaunch
[rosmaster.master][INFO] 2025-12-04 20:22:43,629: +PARAM [/gains/THJ2/d] by /roslaunch
[rosmaster.master][INFO] 2025-12-04 20:22:43,629: +PARAM [/gains/THJ2/i] by /roslaunch
[rosmaster.master][INFO] 2025-12-04 20:22:43,629: +PARAM [/gains/THJ1/p] by /roslaunch
[rosmaster.master][INFO] 2025-12-04 20:22:43,629: +PARAM [/gains/THJ1/d] by /roslaunch
[rosmaster.master][INFO] 2025-12-04 20:22:43,629: +PARAM [/gains/THJ1/i] by /roslaunch
[rosmaster.master][INFO] 2025-12-04 20:22:43,629: +PARAM [/velocity/pid_gains/wheel_right_joint/p] by /roslaunch
[rosmaster.master][INFO] 2025-12-04 20:22:43,629: +PARAM [/velocity/pid_gains/wheel_right_joint/d] by /roslaunch
[rosmaster.master][INFO] 2025-12-04 20:22:43,629: +PARAM [/velocity/pid_gains/wheel_right_joint/i] by /roslaunch
[rosmaster.master][INFO] 2025-12-04 20:22:43,629: +PARAM [/velocity/pid_gains/wheel_right_joint/i_clamp] by /roslaunch
[rosmaster.master][INFO] 2025-12-04 20:22:43,630: +PARAM [/velocity/pid_gains/wheel_left_joint/p] by /roslaunch
[rosmaster.master][INFO] 2025-12-04 20:22:43,630: +PARAM [/velocity/pid_gains/wheel_left_joint/d] by /roslaunch
[rosmaster.master][INFO] 2025-12-04 20:22:43,630: +PARAM [/velocity/pid_gains/wheel_left_joint/i] by /roslaunch
[rosmaster.master][INFO] 2025-12-04 20:22:43,630: +PARAM [/velocity/pid_gains/wheel_left_joint/i_clamp] by /roslaunch
[rosmaster.master][INFO] 2025-12-04 20:22:43,630: +PARAM [/velocity/pid_gains/caster_front_right_1_joint/p] by /roslaunch
[rosmaster.master][INFO] 2025-12-04 20:22:43,630: +PARAM [/velocity/pid_gains/caster_front_right_1_joint/d] by /roslaunch
[rosmaster.master][INFO] 2025-12-04 20:22:43,630: +PARAM [/velocity/pid_gains/caster_front_right_1_joint/i] by /roslaunch
[rosmaster.master][INFO] 2025-12-04 20:22:43,630: +PARAM [/velocity/pid_gains/caster_front_right_1_joint/i_clamp] by /roslaunch
[rosmaster.master][INFO] 2025-12-04 20:22:43,630: +PARAM [/velocity/pid_gains/caster_front_right_2_joint/p] by /roslaunch
[rosmaster.master][INFO] 2025-12-04 20:22:43,630: +PARAM [/velocity/pid_gains/caster_front_right_2_joint/d] by /roslaunch
[rosmaster.master][INFO] 2025-12-04 20:22:43,630: +PARAM [/velocity/pid_gains/caster_front_right_2_joint/i] by /roslaunch
[rosmaster.master][INFO] 2025-12-04 20:22:43,630: +PARAM [/velocity/pid_gains/caster_front_right_2_joint/i_clamp] by /roslaunch
[rosmaster.master][INFO] 2025-12-04 20:22:43,630: +PARAM [/velocity/pid_gains/caster_front_left_1_joint/p] by /roslaunch
[rosmaster.master][INFO] 2025-12-04 20:22:43,630: +PARAM [/velocity/pid_gains/caster_front_left_1_joint/d] by /roslaunch
[rosmaster.master][INFO] 2025-12-04 20:22:43,630: +PARAM [/velocity/pid_gains/caster_front_left_1_joint/i] by /roslaunch
[rosmaster.master][INFO] 2025-12-04 20:22:43,630: +PARAM [/velocity/pid_gains/caster_front_left_1_joint/i_clamp] by /roslaunch
[rosmaster.master][INFO] 2025-12-04 20:22:43,630: +PARAM [/velocity/pid_gains/caster_front_left_2_joint/p] by /roslaunch
[rosmaster.master][INFO] 2025-12-04 20:22:43,630: +PARAM [/velocity/pid_gains/caster_front_left_2_joint/d] by /roslaunch
[rosmaster.master][INFO] 2025-12-04 20:22:43,630: +PARAM [/velocity/pid_gains/caster_front_left_2_joint/i] by /roslaunch
[rosmaster.master][INFO] 2025-12-04 20:22:43,630: +PARAM [/velocity/pid_gains/caster_front_left_2_joint/i_clamp] by /roslaunch
[rosmaster.master][INFO] 2025-12-04 20:22:43,630: +PARAM [/velocity/pid_gains/caster_back_right_1_joint/p] by /roslaunch
[rosmaster.master][INFO] 2025-12-04 20:22:43,630: +PARAM [/velocity/pid_gains/caster_back_right_1_joint/d] by /roslaunch
[rosmaster.master][INFO] 2025-12-04 20:22:43,630: +PARAM [/velocity/pid_gains/caster_back_right_1_joint/i] by /roslaunch
[rosmaster.master][INFO] 2025-12-04 20:22:43,631: +PARAM [/velocity/pid_gains/caster_back_right_1_joint/i_clamp] by /roslaunch
[rosmaster.master][INFO] 2025-12-04 20:22:43,631: +PARAM [/velocity/pid_gains/caster_back_right_2_joint/p] by /roslaunch
[rosmaster.master][INFO] 2025-12-04 20:22:43,631: +PARAM [/velocity/pid_gains/caster_back_right_2_joint/d] by /roslaunch
[rosmaster.master][INFO] 2025-12-04 20:22:43,631: +PARAM [/velocity/pid_gains/caster_back_right_2_joint/i] by /roslaunch
[rosmaster.master][INFO] 2025-12-04 20:22:43,631: +PARAM [/velocity/pid_gains/caster_back_right_2_joint/i_clamp] by /roslaunch
[rosmaster.master][INFO] 2025-12-04 20:22:43,631: +PARAM [/velocity/pid_gains/caster_back_left_1_joint/p] by /roslaunch
[rosmaster.master][INFO] 2025-12-04 20:22:43,631: +PARAM [/velocity/pid_gains/caster_back_left_1_joint/d] by /roslaunch
[rosmaster.master][INFO] 2025-12-04 20:22:43,631: +PARAM [/velocity/pid_gains/caster_back_left_1_joint/i] by /roslaunch
[rosmaster.master][INFO] 2025-12-04 20:22:43,631: +PARAM [/velocity/pid_gains/caster_back_left_1_joint/i_clamp] by /roslaunch
[rosmaster.master][INFO] 2025-12-04 20:22:43,631: +PARAM [/velocity/pid_gains/caster_back_left_2_joint/p] by /roslaunch
[rosmaster.master][INFO] 2025-12-04 20:22:43,631: +PARAM [/velocity/pid_gains/caster_back_left_2_joint/d] by /roslaunch
[rosmaster.master][INFO] 2025-12-04 20:22:43,631: +PARAM [/velocity/pid_gains/caster_back_left_2_joint/i] by /roslaunch
[rosmaster.master][INFO] 2025-12-04 20:22:43,631: +PARAM [/velocity/pid_gains/caster_back_left_2_joint/i_clamp] by /roslaunch
[rosmaster.master][INFO] 2025-12-04 20:22:43,631: +PARAM [/force_torque/wrist_ft/sensor_joint] by /roslaunch
[rosmaster.master][INFO] 2025-12-04 20:22:43,631: +PARAM [/force_torque/wrist_ft/frame] by /roslaunch
[rosmaster.master][INFO] 2025-12-04 20:22:43,631: +PARAM [/imu/base_imu/frame] by /roslaunch
[rosmaster.master][INFO] 2025-12-04 20:22:43,631: +PARAM [/imu/base_imu/gazebo_sensor_name] by /roslaunch
[rosmaster.master][INFO] 2025-12-04 20:22:43,631: +PARAM [/robot_description] by /roslaunch
[rosmaster.master][INFO] 2025-12-04 20:22:43,631: +PARAM [/collision_model_parameters/padding] by /roslaunch
[rosmaster.master][INFO] 2025-12-04 20:22:43,631: +PARAM [/collision_model_parameters/links_with_padding] by /roslaunch
[rosmaster.master][INFO] 2025-12-04 20:22:43,631: +PARAM [/collision_model_parameters/blacklist/default] by /roslaunch
[rosmaster.master][INFO] 2025-12-04 20:22:43,631: +PARAM [/mobile_base_controller/type] by /roslaunch
[rosmaster.master][INFO] 2025-12-04 20:22:43,631: +PARAM [/mobile_base_controller/left_front_wheel] by /roslaunch
[rosmaster.master][INFO] 2025-12-04 20:22:43,631: +PARAM [/mobile_base_controller/left_back_wheel] by /roslaunch
[rosmaster.master][INFO] 2025-12-04 20:22:43,632: +PARAM [/mobile_base_controller/right_front_wheel] by /roslaunch
[rosmaster.master][INFO] 2025-12-04 20:22:43,632: +PARAM [/mobile_base_controller/right_back_wheel] by /roslaunch
[rosmaster.master][INFO] 2025-12-04 20:22:43,632: +PARAM [/mobile_base_controller/publish_rate] by /roslaunch
[rosmaster.master][INFO] 2025-12-04 20:22:43,632: +PARAM [/mobile_base_controller/pose_covariance_diagonal] by /roslaunch
[rosmaster.master][INFO] 2025-12-04 20:22:43,632: +PARAM [/mobile_base_controller/twist_covariance_diagonal] by /roslaunch
[rosmaster.master][INFO] 2025-12-04 20:22:43,632: +PARAM [/mobile_base_controller/enable_pose_covariance_update] by /roslaunch
[rosmaster.master][INFO] 2025-12-04 20:22:43,632: +PARAM [/mobile_base_controller/error_constant_left] by /roslaunch
[rosmaster.master][INFO] 2025-12-04 20:22:43,632: +PARAM [/mobile_base_controller/error_constant_right] by /roslaunch
[rosmaster.master][INFO] 2025-12-04 20:22:43,632: +PARAM [/mobile_base_controller/cmd_vel_timeout] by /roslaunch
[rosmaster.master][INFO] 2025-12-04 20:22:43,632: +PARAM [/mobile_base_controller/base_frame_id] by /roslaunch
[rosmaster.master][INFO] 2025-12-04 20:22:43,632: +PARAM [/mobile_base_controller/odom_frame_id] by /roslaunch
[rosmaster.master][INFO] 2025-12-04 20:22:43,632: +PARAM [/mobile_base_controller/preserve_turning_radius] by /roslaunch
[rosmaster.master][INFO] 2025-12-04 20:22:43,632: +PARAM [/mobile_base_controller/publish_cmd] by /roslaunch
[rosmaster.master][INFO] 2025-12-04 20:22:43,632: +PARAM [/mobile_base_controller/publish_wheel_data] by /roslaunch
[rosmaster.master][INFO] 2025-12-04 20:22:43,632: +PARAM [/mobile_base_controller/linear/x/has_velocity_limits] by /roslaunch
[rosmaster.master][INFO] 2025-12-04 20:22:43,632: +PARAM [/mobile_base_controller/linear/x/max_velocity] by /roslaunch
[rosmaster.master][INFO] 2025-12-04 20:22:43,632: +PARAM [/mobile_base_controller/linear/x/min_velocity] by /roslaunch
[rosmaster.master][INFO] 2025-12-04 20:22:43,632: +PARAM [/mobile_base_controller/linear/x/has_acceleration_limits] by /roslaunch
[rosmaster.master][INFO] 2025-12-04 20:22:43,632: +PARAM [/mobile_base_controller/linear/x/max_acceleration] by /roslaunch
[rosmaster.master][INFO] 2025-12-04 20:22:43,632: +PARAM [/mobile_base_controller/linear/x/has_jerk_limits] by /roslaunch
[rosmaster.master][INFO] 2025-12-04 20:22:43,632: +PARAM [/mobile_base_controller/linear/x/max_jerk] by /roslaunch
[rosmaster.master][INFO] 2025-12-04 20:22:43,632: +PARAM [/mobile_base_controller/linear/y/has_velocity_limits] by /roslaunch
[rosmaster.master][INFO] 2025-12-04 20:22:43,632: +PARAM [/mobile_base_controller/linear/y/max_velocity] by /roslaunch
[rosmaster.master][INFO] 2025-12-04 20:22:43,633: +PARAM [/mobile_base_controller/linear/y/min_velocity] by /roslaunch
[rosmaster.master][INFO] 2025-12-04 20:22:43,633: +PARAM [/mobile_base_controller/linear/y/has_acceleration_limits] by /roslaunch
[rosmaster.master][INFO] 2025-12-04 20:22:43,633: +PARAM [/mobile_base_controller/linear/y/max_acceleration] by /roslaunch
[rosmaster.master][INFO] 2025-12-04 20:22:43,633: +PARAM [/mobile_base_controller/linear/y/has_jerk_limits] by /roslaunch
[rosmaster.master][INFO] 2025-12-04 20:22:43,633: +PARAM [/mobile_base_controller/linear/y/max_jerk] by /roslaunch
[rosmaster.master][INFO] 2025-12-04 20:22:43,633: +PARAM [/mobile_base_controller/angular/z/has_velocity_limits] by /roslaunch
[rosmaster.master][INFO] 2025-12-04 20:22:43,633: +PARAM [/mobile_base_controller/angular/z/max_velocity] by /roslaunch
[rosmaster.master][INFO] 2025-12-04 20:22:43,633: +PARAM [/mobile_base_controller/angular/z/has_acceleration_limits] by /roslaunch
[rosmaster.master][INFO] 2025-12-04 20:22:43,633: +PARAM [/mobile_base_controller/angular/z/max_acceleration] by /roslaunch
[rosmaster.master][INFO] 2025-12-04 20:22:43,633: +PARAM [/mobile_base_controller/angular/z/has_jerk_limits] by /roslaunch
[rosmaster.master][INFO] 2025-12-04 20:22:43,633: +PARAM [/mobile_base_controller/angular/z/max_jerk] by /roslaunch
[rosmaster.master][INFO] 2025-12-04 20:22:43,633: +PARAM [/mobile_base_controller/space/xy/max_velocity] by /roslaunch
[rosmaster.master][INFO] 2025-12-04 20:22:43,633: +PARAM [/mobile_base_controller/space/xz/max_velocity] by /roslaunch
[rosmaster.master][INFO] 2025-12-04 20:22:43,633: +PARAM [/mobile_base_controller/space/xyz/max_velocity] by /roslaunch
[rosmaster.master][INFO] 2025-12-04 20:22:43,633: +PARAM [/torso_controller/type] by /roslaunch
[rosmaster.master][INFO] 2025-12-04 20:22:43,633: +PARAM [/torso_controller/joints] by /roslaunch
[rosmaster.master][INFO] 2025-12-04 20:22:43,633: +PARAM [/torso_controller/constraints/goal_time] by /roslaunch
[rosmaster.master][INFO] 2025-12-04 20:22:43,633: +PARAM [/torso_controller/constraints/stopped_velocity_tolerance] by /roslaunch
[rosmaster.master][INFO] 2025-12-04 20:22:43,633: +PARAM [/torso_controller/constraints/torso_lift_joint/goal] by /roslaunch
[rosmaster.master][INFO] 2025-12-04 20:22:43,633: +PARAM [/head_controller/type] by /roslaunch
[rosmaster.master][INFO] 2025-12-04 20:22:43,633: +PARAM [/head_controller/joints] by /roslaunch
[rosmaster.master][INFO] 2025-12-04 20:22:43,633: +PARAM [/head_controller/constraints/goal_time] by /roslaunch
[rosmaster.master][INFO] 2025-12-04 20:22:43,634: +PARAM [/head_controller/constraints/stopped_velocity_tolerance] by /roslaunch
[rosmaster.master][INFO] 2025-12-04 20:22:43,634: +PARAM [/head_controller/constraints/head_1_joint/goal] by /roslaunch
[rosmaster.master][INFO] 2025-12-04 20:22:43,634: +PARAM [/head_controller/constraints/head_2_joint/goal] by /roslaunch
[rosmaster.master][INFO] 2025-12-04 20:22:43,634: +PARAM [/arm_controller/type] by /roslaunch
[rosmaster.master][INFO] 2025-12-04 20:22:43,634: +PARAM [/arm_controller/joints] by /roslaunch
[rosmaster.master][INFO] 2025-12-04 20:22:43,634: +PARAM [/arm_controller/constraints/goal_time] by /roslaunch
[rosmaster.master][INFO] 2025-12-04 20:22:43,634: +PARAM [/arm_controller/constraints/stopped_velocity_tolerance] by /roslaunch
[rosmaster.master][INFO] 2025-12-04 20:22:43,634: +PARAM [/arm_controller/constraints/arm_1_joint/goal] by /roslaunch
[rosmaster.master][INFO] 2025-12-04 20:22:43,634: +PARAM [/arm_controller/constraints/arm_2_joint/goal] by /roslaunch
[rosmaster.master][INFO] 2025-12-04 20:22:43,634: +PARAM [/arm_controller/constraints/arm_3_joint/goal] by /roslaunch
[rosmaster.master][INFO] 2025-12-04 20:22:43,634: +PARAM [/arm_controller/constraints/arm_4_joint/goal] by /roslaunch
[rosmaster.master][INFO] 2025-12-04 20:22:43,634: +PARAM [/arm_controller/constraints/arm_5_joint/goal] by /roslaunch
[rosmaster.master][INFO] 2025-12-04 20:22:43,634: +PARAM [/arm_controller/constraints/arm_6_joint/goal] by /roslaunch
[rosmaster.master][INFO] 2025-12-04 20:22:43,634: +PARAM [/arm_controller/constraints/arm_7_joint/goal] by /roslaunch
[rosmaster.master][INFO] 2025-12-04 20:22:43,634: +PARAM [/joint_state_controller/type] by /roslaunch
[rosmaster.master][INFO] 2025-12-04 20:22:43,634: +PARAM [/joint_state_controller/publish_rate] by /roslaunch
[rosmaster.master][INFO] 2025-12-04 20:22:43,634: +PARAM [/head_controller/point_head_action/pan_link] by /roslaunch
[rosmaster.master][INFO] 2025-12-04 20:22:43,634: +PARAM [/head_controller/point_head_action/tilt_link] by /roslaunch
[rosmaster.master][INFO] 2025-12-04 20:22:43,634: +PARAM [/head_controller/point_head_action/success_angle_threshold] by /roslaunch
[rosmaster.master][INFO] 2025-12-04 20:22:43,634: +PARAM [/imu_sensor_controller/type] by /roslaunch
[rosmaster.master][INFO] 2025-12-04 20:22:43,634: +PARAM [/imu_sensor_controller/publish_rate] by /roslaunch
[rosmaster.master][INFO] 2025-12-04 20:22:43,634: +PARAM [/force_torque_sensor_controller/type] by /roslaunch
[rosmaster.master][INFO] 2025-12-04 20:22:43,635: +PARAM [/force_torque_sensor_controller/publish_rate] by /roslaunch
[rosmaster.master][INFO] 2025-12-04 20:22:43,635: +PARAM [/gripper_controller/type] by /roslaunch
[rosmaster.master][INFO] 2025-12-04 20:22:43,635: +PARAM [/gripper_controller/joints] by /roslaunch
[rosmaster.master][INFO] 2025-12-04 20:22:43,635: +PARAM [/gripper_controller/constraints/goal_time] by /roslaunch
[rosmaster.master][INFO] 2025-12-04 20:22:43,635: +PARAM [/gripper_controller/constraints/stopped_velocity_tolerance] by /roslaunch
[rosmaster.master][INFO] 2025-12-04 20:22:43,635: +PARAM [/gripper_controller/constraints/gripper_right_finger_joint/goal] by /roslaunch
[rosmaster.master][INFO] 2025-12-04 20:22:43,635: +PARAM [/gripper_controller/constraints/gripper_left_finger_joint/goal] by /roslaunch
[rosmaster.master][INFO] 2025-12-04 20:22:43,635: +PARAM [/home_gripper/suffix] by /roslaunch
[rosmaster.master][INFO] 2025-12-04 20:22:43,635: +PARAM [/play_motion/controllers] by /roslaunch
[rosmaster.master][INFO] 2025-12-04 20:22:43,635: +PARAM [/play_motion/motions/home/joints] by /roslaunch
[rosmaster.master][INFO] 2025-12-04 20:22:43,635: +PARAM [/play_motion/motions/home/points] by /roslaunch
[rosmaster.master][INFO] 2025-12-04 20:22:43,635: +PARAM [/play_motion/motions/home/meta/name] by /roslaunch
[rosmaster.master][INFO] 2025-12-04 20:22:43,635: +PARAM [/play_motion/motions/home/meta/usage] by /roslaunch
[rosmaster.master][INFO] 2025-12-04 20:22:43,635: +PARAM [/play_motion/motions/home/meta/description] by /roslaunch
[rosmaster.master][INFO] 2025-12-04 20:22:43,635: +PARAM [/play_motion/motions/unfold_arm/joints] by /roslaunch
[rosmaster.master][INFO] 2025-12-04 20:22:43,635: +PARAM [/play_motion/motions/unfold_arm/points] by /roslaunch
[rosmaster.master][INFO] 2025-12-04 20:22:43,635: +PARAM [/play_motion/motions/unfold_arm/meta/name] by /roslaunch
[rosmaster.master][INFO] 2025-12-04 20:22:43,635: +PARAM [/play_motion/motions/unfold_arm/meta/usage] by /roslaunch
[rosmaster.master][INFO] 2025-12-04 20:22:43,635: +PARAM [/play_motion/motions/unfold_arm/meta/description] by /roslaunch
[rosmaster.master][INFO] 2025-12-04 20:22:43,635: +PARAM [/play_motion/motions/reach_floor/joints] by /roslaunch
[rosmaster.master][INFO] 2025-12-04 20:22:43,635: +PARAM [/play_motion/motions/reach_floor/points] by /roslaunch
[rosmaster.master][INFO] 2025-12-04 20:22:43,635: +PARAM [/play_motion/motions/reach_floor/meta/name] by /roslaunch
[rosmaster.master][INFO] 2025-12-04 20:22:43,636: +PARAM [/play_motion/motions/reach_floor/meta/usage] by /roslaunch
[rosmaster.master][INFO] 2025-12-04 20:22:43,636: +PARAM [/play_motion/motions/reach_floor/meta/description] by /roslaunch
[rosmaster.master][INFO] 2025-12-04 20:22:43,636: +PARAM [/play_motion/motions/reach_max/joints] by /roslaunch
[rosmaster.master][INFO] 2025-12-04 20:22:43,636: +PARAM [/play_motion/motions/reach_max/points] by /roslaunch
[rosmaster.master][INFO] 2025-12-04 20:22:43,636: +PARAM [/play_motion/motions/reach_max/meta/name] by /roslaunch
[rosmaster.master][INFO] 2025-12-04 20:22:43,636: +PARAM [/play_motion/motions/reach_max/meta/usage] by /roslaunch
[rosmaster.master][INFO] 2025-12-04 20:22:43,636: +PARAM [/play_motion/motions/reach_max/meta/description] by /roslaunch
[rosmaster.master][INFO] 2025-12-04 20:22:43,636: +PARAM [/play_motion/motions/prepare_grasp/joints] by /roslaunch
[rosmaster.master][INFO] 2025-12-04 20:22:43,636: +PARAM [/play_motion/motions/prepare_grasp/points] by /roslaunch
[rosmaster.master][INFO] 2025-12-04 20:22:43,636: +PARAM [/play_motion/motions/prepare_grasp/meta/name] by /roslaunch
[rosmaster.master][INFO] 2025-12-04 20:22:43,636: +PARAM [/play_motion/motions/prepare_grasp/meta/usage] by /roslaunch
[rosmaster.master][INFO] 2025-12-04 20:22:43,636: +PARAM [/play_motion/motions/prepare_grasp/meta/description] by /roslaunch
[rosmaster.master][INFO] 2025-12-04 20:22:43,636: +PARAM [/play_motion/motions/inspect_surroundings/joints] by /roslaunch
[rosmaster.master][INFO] 2025-12-04 20:22:43,636: +PARAM [/play_motion/motions/inspect_surroundings/points] by /roslaunch
[rosmaster.master][INFO] 2025-12-04 20:22:43,636: +PARAM [/play_motion/motions/inspect_surroundings/meta/name] by /roslaunch
[rosmaster.master][INFO] 2025-12-04 20:22:43,636: +PARAM [/play_motion/motions/inspect_surroundings/meta/usage] by /roslaunch
[rosmaster.master][INFO] 2025-12-04 20:22:43,636: +PARAM [/play_motion/motions/inspect_surroundings/meta/description] by /roslaunch
[rosmaster.master][INFO] 2025-12-04 20:22:43,636: +PARAM [/play_motion/motions/close_gripper/joints] by /roslaunch
[rosmaster.master][INFO] 2025-12-04 20:22:43,636: +PARAM [/play_motion/motions/close_gripper/points] by /roslaunch
[rosmaster.master][INFO] 2025-12-04 20:22:43,636: +PARAM [/play_motion/motions/close/joints] by /roslaunch
[rosmaster.master][INFO] 2025-12-04 20:22:43,636: +PARAM [/play_motion/motions/close/points] by /roslaunch
[rosmaster.master][INFO] 2025-12-04 20:22:43,636: +PARAM [/play_motion/motions/close/meta/name] by /roslaunch
[rosmaster.master][INFO] 2025-12-04 20:22:43,636: +PARAM [/play_motion/motions/close/meta/usage] by /roslaunch
[rosmaster.master][INFO] 2025-12-04 20:22:43,637: +PARAM [/play_motion/motions/close/meta/description] by /roslaunch
[rosmaster.master][INFO] 2025-12-04 20:22:43,637: +PARAM [/play_motion/motions/close_gripper_half/joints] by /roslaunch
[rosmaster.master][INFO] 2025-12-04 20:22:43,637: +PARAM [/play_motion/motions/close_gripper_half/points] by /roslaunch
[rosmaster.master][INFO] 2025-12-04 20:22:43,637: +PARAM [/play_motion/motions/close_half/joints] by /roslaunch
[rosmaster.master][INFO] 2025-12-04 20:22:43,637: +PARAM [/play_motion/motions/close_half/points] by /roslaunch
[rosmaster.master][INFO] 2025-12-04 20:22:43,637: +PARAM [/play_motion/motions/close_half/meta/name] by /roslaunch
[rosmaster.master][INFO] 2025-12-04 20:22:43,637: +PARAM [/play_motion/motions/close_half/meta/usage] by /roslaunch
[rosmaster.master][INFO] 2025-12-04 20:22:43,637: +PARAM [/play_motion/motions/close_half/meta/description] by /roslaunch
[rosmaster.master][INFO] 2025-12-04 20:22:43,637: +PARAM [/play_motion/motions/open_gripper/joints] by /roslaunch
[rosmaster.master][INFO] 2025-12-04 20:22:43,637: +PARAM [/play_motion/motions/open_gripper/points] by /roslaunch
[rosmaster.master][INFO] 2025-12-04 20:22:43,637: +PARAM [/play_motion/motions/open/joints] by /roslaunch
[rosmaster.master][INFO] 2025-12-04 20:22:43,637: +PARAM [/play_motion/motions/open/points] by /roslaunch
[rosmaster.master][INFO] 2025-12-04 20:22:43,637: +PARAM [/play_motion/motions/open/meta/name] by /roslaunch
[rosmaster.master][INFO] 2025-12-04 20:22:43,637: +PARAM [/play_motion/motions/open/meta/usage] by /roslaunch
[rosmaster.master][INFO] 2025-12-04 20:22:43,637: +PARAM [/play_motion/motions/open/meta/description] by /roslaunch
[rosmaster.master][INFO] 2025-12-04 20:22:43,637: +PARAM [/play_motion/motions/point/joints] by /roslaunch
[rosmaster.master][INFO] 2025-12-04 20:22:43,637: +PARAM [/play_motion/motions/point/points] by /roslaunch
[rosmaster.master][INFO] 2025-12-04 20:22:43,637: +PARAM [/play_motion/motions/point/meta/name] by /roslaunch
[rosmaster.master][INFO] 2025-12-04 20:22:43,637: +PARAM [/play_motion/motions/point/meta/usage] by /roslaunch
[rosmaster.master][INFO] 2025-12-04 20:22:43,637: +PARAM [/play_motion/motions/point/meta/description] by /roslaunch
[rosmaster.master][INFO] 2025-12-04 20:22:43,637: +PARAM [/play_motion/motions/wave/joints] by /roslaunch
[rosmaster.master][INFO] 2025-12-04 20:22:43,637: +PARAM [/play_motion/motions/wave/points] by /roslaunch
[rosmaster.master][INFO] 2025-12-04 20:22:43,637: +PARAM [/play_motion/motions/wave/meta/name] by /roslaunch
[rosmaster.master][INFO] 2025-12-04 20:22:43,638: +PARAM [/play_motion/motions/wave/meta/usage] by /roslaunch
[rosmaster.master][INFO] 2025-12-04 20:22:43,638: +PARAM [/play_motion/motions/wave/meta/description] by /roslaunch
[rosmaster.master][INFO] 2025-12-04 20:22:43,638: +PARAM [/play_motion/motions/pregrasp_weight/joints] by /roslaunch
[rosmaster.master][INFO] 2025-12-04 20:22:43,638: +PARAM [/play_motion/motions/pregrasp_weight/points] by /roslaunch
[rosmaster.master][INFO] 2025-12-04 20:22:43,638: +PARAM [/play_motion/motions/pregrasp_weight/meta/name] by /roslaunch
[rosmaster.master][INFO] 2025-12-04 20:22:43,638: +PARAM [/play_motion/motions/pregrasp_weight/meta/usage] by /roslaunch
[rosmaster.master][INFO] 2025-12-04 20:22:43,638: +PARAM [/play_motion/motions/pregrasp_weight/meta/description] by /roslaunch
[rosmaster.master][INFO] 2025-12-04 20:22:43,638: +PARAM [/play_motion/motions/do_weights/joints] by /roslaunch
[rosmaster.master][INFO] 2025-12-04 20:22:43,638: +PARAM [/play_motion/motions/do_weights/points] by /roslaunch
[rosmaster.master][INFO] 2025-12-04 20:22:43,638: +PARAM [/play_motion/motions/do_weights/meta/name] by /roslaunch
[rosmaster.master][INFO] 2025-12-04 20:22:43,638: +PARAM [/play_motion/motions/do_weights/meta/usage] by /roslaunch
[rosmaster.master][INFO] 2025-12-04 20:22:43,638: +PARAM [/play_motion/motions/do_weights/meta/description] by /roslaunch
[rosmaster.master][INFO] 2025-12-04 20:22:43,638: +PARAM [/play_motion/motions/offer_gripper/joints] by /roslaunch
[rosmaster.master][INFO] 2025-12-04 20:22:43,638: +PARAM [/play_motion/motions/offer_gripper/points] by /roslaunch
[rosmaster.master][INFO] 2025-12-04 20:22:43,638: +PARAM [/play_motion/motions/offer/joints] by /roslaunch
[rosmaster.master][INFO] 2025-12-04 20:22:43,638: +PARAM [/play_motion/motions/offer/points] by /roslaunch
[rosmaster.master][INFO] 2025-12-04 20:22:43,638: +PARAM [/play_motion/motions/offer/meta/name] by /roslaunch
[rosmaster.master][INFO] 2025-12-04 20:22:43,638: +PARAM [/play_motion/motions/offer/meta/usage] by /roslaunch
[rosmaster.master][INFO] 2025-12-04 20:22:43,638: +PARAM [/play_motion/motions/offer/meta/description] by /roslaunch
[rosmaster.master][INFO] 2025-12-04 20:22:43,638: +PARAM [/play_motion/motions/shake_hands/joints] by /roslaunch
[rosmaster.master][INFO] 2025-12-04 20:22:43,638: +PARAM [/play_motion/motions/shake_hands/points] by /roslaunch
[rosmaster.master][INFO] 2025-12-04 20:22:43,638: +PARAM [/play_motion/motions/shake_hands/meta/name] by /roslaunch
[rosmaster.master][INFO] 2025-12-04 20:22:43,639: +PARAM [/play_motion/motions/shake_hands/meta/usage] by /roslaunch
[rosmaster.master][INFO] 2025-12-04 20:22:43,639: +PARAM [/play_motion/motions/shake_hands/meta/description] by /roslaunch
[rosmaster.master][INFO] 2025-12-04 20:22:43,639: +PARAM [/play_motion/motions/pick_from_floor/joints] by /roslaunch
[rosmaster.master][INFO] 2025-12-04 20:22:43,639: +PARAM [/play_motion/motions/pick_from_floor/points] by /roslaunch
[rosmaster.master][INFO] 2025-12-04 20:22:43,639: +PARAM [/play_motion/motions/pick_from_floor/meta/name] by /roslaunch
[rosmaster.master][INFO] 2025-12-04 20:22:43,639: +PARAM [/play_motion/motions/pick_from_floor/meta/usage] by /roslaunch
[rosmaster.master][INFO] 2025-12-04 20:22:43,639: +PARAM [/play_motion/motions/pick_from_floor/meta/description] by /roslaunch
[rosmaster.master][INFO] 2025-12-04 20:22:43,639: +PARAM [/play_motion/motions/head_tour/joints] by /roslaunch
[rosmaster.master][INFO] 2025-12-04 20:22:43,639: +PARAM [/play_motion/motions/head_tour/points] by /roslaunch
[rosmaster.master][INFO] 2025-12-04 20:22:43,639: +PARAM [/play_motion/motions/head_tour/meta/name] by /roslaunch
[rosmaster.master][INFO] 2025-12-04 20:22:43,639: +PARAM [/play_motion/motions/head_tour/meta/usage] by /roslaunch
[rosmaster.master][INFO] 2025-12-04 20:22:43,639: +PARAM [/play_motion/motions/head_tour/meta/description] by /roslaunch
[rosmaster.master][INFO] 2025-12-04 20:22:43,639: +PARAM [/play_motion/disable_motion_planning] by /roslaunch
[rosmaster.master][INFO] 2025-12-04 20:22:43,639: +PARAM [/play_motion/approach_planner/planning_groups] by /roslaunch
[rosmaster.master][INFO] 2025-12-04 20:22:43,639: +PARAM [/play_motion/approach_planner/exclude_from_planning_joints] by /roslaunch
[rosmaster.master][INFO] 2025-12-04 20:22:43,639: +PARAM [/play_motion/approach_planner/joint_tolerance] by /roslaunch
[rosmaster.master][INFO] 2025-12-04 20:22:43,639: +PARAM [/play_motion/approach_planner/skip_planning_approach_vel] by /roslaunch
[rosmaster.master][INFO] 2025-12-04 20:22:43,639: +PARAM [/play_motion/approach_planner/skip_planning_approach_min_dur] by /roslaunch
[rosmaster.master][INFO] 2025-12-04 20:22:43,639: +PARAM [/robot_description_semantic] by /roslaunch
[rosmaster.master][INFO] 2025-12-04 20:22:43,639: +PARAM [/move_group/robot_description_planning/default_robot_link_padding/arm_5_link] by /roslaunch
[rosmaster.master][INFO] 2025-12-04 20:22:43,639: +PARAM [/robot_description_planning/default_velocity_scaling_factor] by /roslaunch
[rosmaster.master][INFO] 2025-12-04 20:22:43,639: +PARAM [/robot_description_planning/joint_limits/arm_2_joint/has_velocity_limits] by /roslaunch
[rosmaster.master][INFO] 2025-12-04 20:22:43,639: +PARAM [/robot_description_planning/joint_limits/arm_2_joint/max_velocity] by /roslaunch
[rosmaster.master][INFO] 2025-12-04 20:22:43,640: +PARAM [/robot_description_planning/joint_limits/arm_2_joint/has_acceleration_limits] by /roslaunch
[rosmaster.master][INFO] 2025-12-04 20:22:43,640: +PARAM [/robot_description_planning/joint_limits/arm_2_joint/max_acceleration] by /roslaunch
[rosmaster.master][INFO] 2025-12-04 20:22:43,640: +PARAM [/robot_description_planning/joint_limits/arm_1_joint/has_velocity_limits] by /roslaunch
[rosmaster.master][INFO] 2025-12-04 20:22:43,640: +PARAM [/robot_description_planning/joint_limits/arm_1_joint/max_velocity] by /roslaunch
[rosmaster.master][INFO] 2025-12-04 20:22:43,640: +PARAM [/robot_description_planning/joint_limits/arm_1_joint/has_acceleration_limits] by /roslaunch
[rosmaster.master][INFO] 2025-12-04 20:22:43,640: +PARAM [/robot_description_planning/joint_limits/arm_1_joint/max_acceleration] by /roslaunch
[rosmaster.master][INFO] 2025-12-04 20:22:43,640: +PARAM [/robot_description_planning/joint_limits/arm_6_joint/has_velocity_limits] by /roslaunch
[rosmaster.master][INFO] 2025-12-04 20:22:43,640: +PARAM [/robot_description_planning/joint_limits/arm_6_joint/max_velocity] by /roslaunch
[rosmaster.master][INFO] 2025-12-04 20:22:43,640: +PARAM [/robot_description_planning/joint_limits/arm_6_joint/has_acceleration_limits] by /roslaunch
[rosmaster.master][INFO] 2025-12-04 20:22:43,640: +PARAM [/robot_description_planning/joint_limits/arm_6_joint/max_acceleration] by /roslaunch
[rosmaster.master][INFO] 2025-12-04 20:22:43,640: +PARAM [/robot_description_planning/joint_limits/arm_7_joint/has_velocity_limits] by /roslaunch
[rosmaster.master][INFO] 2025-12-04 20:22:43,640: +PARAM [/robot_description_planning/joint_limits/arm_7_joint/max_velocity] by /roslaunch
[rosmaster.master][INFO] 2025-12-04 20:22:43,640: +PARAM [/robot_description_planning/joint_limits/arm_7_joint/has_acceleration_limits] by /roslaunch
[rosmaster.master][INFO] 2025-12-04 20:22:43,640: +PARAM [/robot_description_planning/joint_limits/arm_7_joint/max_acceleration] by /roslaunch
[rosmaster.master][INFO] 2025-12-04 20:22:43,640: +PARAM [/robot_description_planning/joint_limits/arm_4_joint/has_velocity_limits] by /roslaunch
[rosmaster.master][INFO] 2025-12-04 20:22:43,640: +PARAM [/robot_description_planning/joint_limits/arm_4_joint/max_velocity] by /roslaunch
[rosmaster.master][INFO] 2025-12-04 20:22:43,640: +PARAM [/robot_description_planning/joint_limits/arm_4_joint/has_acceleration_limits] by /roslaunch
[rosmaster.master][INFO] 2025-12-04 20:22:43,640: +PARAM [/robot_description_planning/joint_limits/arm_4_joint/max_acceleration] by /roslaunch
[rosmaster.master][INFO] 2025-12-04 20:22:43,640: +PARAM [/robot_description_planning/joint_limits/arm_5_joint/has_velocity_limits] by /roslaunch
[rosmaster.master][INFO] 2025-12-04 20:22:43,640: +PARAM [/robot_description_planning/joint_limits/arm_5_joint/max_velocity] by /roslaunch
[rosmaster.master][INFO] 2025-12-04 20:22:43,640: +PARAM [/robot_description_planning/joint_limits/arm_5_joint/has_acceleration_limits] by /roslaunch
[rosmaster.master][INFO] 2025-12-04 20:22:43,640: +PARAM [/robot_description_planning/joint_limits/arm_5_joint/max_acceleration] by /roslaunch
[rosmaster.master][INFO] 2025-12-04 20:22:43,640: +PARAM [/robot_description_planning/joint_limits/arm_3_joint/has_velocity_limits] by /roslaunch
[rosmaster.master][INFO] 2025-12-04 20:22:43,641: +PARAM [/robot_description_planning/joint_limits/arm_3_joint/max_velocity] by /roslaunch
[rosmaster.master][INFO] 2025-12-04 20:22:43,641: +PARAM [/robot_description_planning/joint_limits/arm_3_joint/has_acceleration_limits] by /roslaunch
[rosmaster.master][INFO] 2025-12-04 20:22:43,641: +PARAM [/robot_description_planning/joint_limits/arm_3_joint/max_acceleration] by /roslaunch
[rosmaster.master][INFO] 2025-12-04 20:22:43,641: +PARAM [/robot_description_planning/joint_limits/torso_lift_joint/has_velocity_limits] by /roslaunch
[rosmaster.master][INFO] 2025-12-04 20:22:43,641: +PARAM [/robot_description_planning/joint_limits/torso_lift_joint/max_velocity] by /roslaunch
[rosmaster.master][INFO] 2025-12-04 20:22:43,641: +PARAM [/robot_description_planning/joint_limits/torso_lift_joint/has_acceleration_limits] by /roslaunch
[rosmaster.master][INFO] 2025-12-04 20:22:43,641: +PARAM [/robot_description_planning/joint_limits/torso_lift_joint/max_acceleration] by /roslaunch
[rosmaster.master][INFO] 2025-12-04 20:22:43,641: +PARAM [/robot_description_planning/joint_limits/gripper_left_finger_joint/has_velocity_limits] by /roslaunch
[rosmaster.master][INFO] 2025-12-04 20:22:43,641: +PARAM [/robot_description_planning/joint_limits/gripper_left_finger_joint/max_velocity] by /roslaunch
[rosmaster.master][INFO] 2025-12-04 20:22:43,641: +PARAM [/robot_description_planning/joint_limits/gripper_left_finger_joint/has_acceleration_limits] by /roslaunch
[rosmaster.master][INFO] 2025-12-04 20:22:43,641: +PARAM [/robot_description_planning/joint_limits/gripper_left_finger_joint/max_acceleration] by /roslaunch
[rosmaster.master][INFO] 2025-12-04 20:22:43,641: +PARAM [/robot_description_planning/joint_limits/gripper_right_finger_joint/has_velocity_limits] by /roslaunch
[rosmaster.master][INFO] 2025-12-04 20:22:43,641: +PARAM [/robot_description_planning/joint_limits/gripper_right_finger_joint/max_velocity] by /roslaunch
[rosmaster.master][INFO] 2025-12-04 20:22:43,641: +PARAM [/robot_description_planning/joint_limits/gripper_right_finger_joint/has_acceleration_limits] by /roslaunch
[rosmaster.master][INFO] 2025-12-04 20:22:43,641: +PARAM [/robot_description_planning/joint_limits/gripper_right_finger_joint/max_acceleration] by /roslaunch
[rosmaster.master][INFO] 2025-12-04 20:22:43,641: +PARAM [/robot_description_planning/joint_limits/gripper_finger_joint/has_velocity_limits] by /roslaunch
[rosmaster.master][INFO] 2025-12-04 20:22:43,641: +PARAM [/robot_description_planning/joint_limits/gripper_finger_joint/max_velocity] by /roslaunch
[rosmaster.master][INFO] 2025-12-04 20:22:43,641: +PARAM [/robot_description_planning/joint_limits/gripper_finger_joint/has_acceleration_limits] by /roslaunch
[rosmaster.master][INFO] 2025-12-04 20:22:43,641: +PARAM [/robot_description_planning/joint_limits/gripper_finger_joint/max_acceleration] by /roslaunch
[rosmaster.master][INFO] 2025-12-04 20:22:43,641: +PARAM [/robot_description_kinematics/arm_torso/kinematics_solver] by /roslaunch
[rosmaster.master][INFO] 2025-12-04 20:22:43,641: +PARAM [/robot_description_kinematics/arm_torso/kinematics_solver_search_resolution] by /roslaunch
[rosmaster.master][INFO] 2025-12-04 20:22:43,641: +PARAM [/robot_description_kinematics/arm_torso/kinematics_solver_timeout] by /roslaunch
[rosmaster.master][INFO] 2025-12-04 20:22:43,641: +PARAM [/robot_description_kinematics/arm_torso/kinematics_solver_attempts] by /roslaunch
[rosmaster.master][INFO] 2025-12-04 20:22:43,642: +PARAM [/robot_description_kinematics/arm/kinematics_solver] by /roslaunch
[rosmaster.master][INFO] 2025-12-04 20:22:43,642: +PARAM [/robot_description_kinematics/arm/kinematics_solver_search_resolution] by /roslaunch
[rosmaster.master][INFO] 2025-12-04 20:22:43,642: +PARAM [/robot_description_kinematics/arm/kinematics_solver_timeout] by /roslaunch
[rosmaster.master][INFO] 2025-12-04 20:22:43,642: +PARAM [/robot_description_kinematics/arm/kinematics_solver_attempts] by /roslaunch
[rosmaster.master][INFO] 2025-12-04 20:22:43,642: +PARAM [/move_group/planning_plugin] by /roslaunch
[rosmaster.master][INFO] 2025-12-04 20:22:43,642: +PARAM [/move_group/request_adapters] by /roslaunch
[rosmaster.master][INFO] 2025-12-04 20:22:43,642: +PARAM [/move_group/start_state_max_bounds_error] by /roslaunch
[rosmaster.master][INFO] 2025-12-04 20:22:43,642: +PARAM [/move_group/planner_configs/SBLkConfigDefault/type] by /roslaunch
[rosmaster.master][INFO] 2025-12-04 20:22:43,642: +PARAM [/move_group/planner_configs/ESTkConfigDefault/type] by /roslaunch
[rosmaster.master][INFO] 2025-12-04 20:22:43,642: +PARAM [/move_group/planner_configs/LBKPIECEkConfigDefault/type] by /roslaunch
[rosmaster.master][INFO] 2025-12-04 20:22:43,642: +PARAM [/move_group/planner_configs/BKPIECEkConfigDefault/type] by /roslaunch
[rosmaster.master][INFO] 2025-12-04 20:22:43,642: +PARAM [/move_group/planner_configs/KPIECEkConfigDefault/type] by /roslaunch
[rosmaster.master][INFO] 2025-12-04 20:22:43,642: +PARAM [/move_group/planner_configs/RRTkConfigDefault/type] by /roslaunch
[rosmaster.master][INFO] 2025-12-04 20:22:43,642: +PARAM [/move_group/planner_configs/RRTConnectkConfigDefault/type] by /roslaunch
[rosmaster.master][INFO] 2025-12-04 20:22:43,642: +PARAM [/move_group/planner_configs/RRTstarkConfigDefault/type] by /roslaunch
[rosmaster.master][INFO] 2025-12-04 20:22:43,642: +PARAM [/move_group/planner_configs/TRRTkConfigDefault/type] by /roslaunch
[rosmaster.master][INFO] 2025-12-04 20:22:43,642: +PARAM [/move_group/planner_configs/PRMkConfigDefault/type] by /roslaunch
[rosmaster.master][INFO] 2025-12-04 20:22:43,642: +PARAM [/move_group/planner_configs/PRMstarkConfigDefault/type] by /roslaunch
[rosmaster.master][INFO] 2025-12-04 20:22:43,642: +PARAM [/move_group/arm_torso/planner_configs] by /roslaunch
[rosmaster.master][INFO] 2025-12-04 20:22:43,642: +PARAM [/move_group/arm_torso/projection_evaluator] by /roslaunch
[rosmaster.master][INFO] 2025-12-04 20:22:43,642: +PARAM [/move_group/arm_torso/longest_valid_segment_fraction] by /roslaunch
[rosmaster.master][INFO] 2025-12-04 20:22:43,642: +PARAM [/move_group/arm/planner_configs] by /roslaunch
[rosmaster.master][INFO] 2025-12-04 20:22:43,642: +PARAM [/move_group/arm/projection_evaluator] by /roslaunch
[rosmaster.master][INFO] 2025-12-04 20:22:43,643: +PARAM [/move_group/arm/longest_valid_segment_fraction] by /roslaunch
[rosmaster.master][INFO] 2025-12-04 20:22:43,643: +PARAM [/move_group/moveit_manage_controllers] by /roslaunch
[rosmaster.master][INFO] 2025-12-04 20:22:43,643: +PARAM [/move_group/trajectory_execution/allowed_execution_duration_scaling] by /roslaunch
[rosmaster.master][INFO] 2025-12-04 20:22:43,643: +PARAM [/move_group/trajectory_execution/allowed_goal_duration_margin] by /roslaunch
[rosmaster.master][INFO] 2025-12-04 20:22:43,643: +PARAM [/move_group/moveit_controller_manager] by /roslaunch
[rosmaster.master][INFO] 2025-12-04 20:22:43,643: +PARAM [/move_group/controller_manager_name] by /roslaunch
[rosmaster.master][INFO] 2025-12-04 20:22:43,643: +PARAM [/move_group/use_controller_manager] by /roslaunch
[rosmaster.master][INFO] 2025-12-04 20:22:43,643: +PARAM [/move_group/controller_manager_ns] by /roslaunch
[rosmaster.master][INFO] 2025-12-04 20:22:43,643: +PARAM [/move_group/controller_list] by /roslaunch
[rosmaster.master][INFO] 2025-12-04 20:22:43,643: +PARAM [/move_group/allow_trajectory_execution] by /roslaunch
[rosmaster.master][INFO] 2025-12-04 20:22:43,643: +PARAM [/move_group/max_safe_path_cost] by /roslaunch
[rosmaster.master][INFO] 2025-12-04 20:22:43,643: +PARAM [/move_group/jiggle_fraction] by /roslaunch
[rosmaster.master][INFO] 2025-12-04 20:22:43,643: +PARAM [/move_group/capabilities] by /roslaunch
[rosmaster.master][INFO] 2025-12-04 20:22:43,643: +PARAM [/move_group/disable_capabilities] by /roslaunch
[rosmaster.master][INFO] 2025-12-04 20:22:43,643: +PARAM [/move_group/planning_scene_monitor/publish_planning_scene] by /roslaunch
[rosmaster.master][INFO] 2025-12-04 20:22:43,643: +PARAM [/move_group/planning_scene_monitor/publish_geometry_updates] by /roslaunch
[rosmaster.master][INFO] 2025-12-04 20:22:43,644: +PARAM [/move_group/planning_scene_monitor/publish_state_updates] by /roslaunch
[rosmaster.master][INFO] 2025-12-04 20:22:43,644: +PARAM [/move_group/planning_scene_monitor/publish_transforms_updates] by /roslaunch
[rosmaster.master][INFO] 2025-12-04 20:22:43,644: +PARAM [/robot_state_publisher/publish_frequency] by /roslaunch
[rosmaster.master][INFO] 2025-12-04 20:22:43,644: +PARAM [/robot_state_publisher/tf_prefix] by /roslaunch
[rosmaster.master][INFO] 2025-12-04 20:22:43,644: +PARAM [/twist_mux/locks] by /roslaunch
[rosmaster.master][INFO] 2025-12-04 20:22:43,644: +PARAM [/twist_mux/topics] by /roslaunch
[rosmaster.master][INFO] 2025-12-04 20:22:43,644: +PARAM [/joystick_relay/priority] by /roslaunch
[rosmaster.master][INFO] 2025-12-04 20:22:43,644: +PARAM [/joystick_relay/turbo/linear_forward_min] by /roslaunch
[rosmaster.master][INFO] 2025-12-04 20:22:43,644: +PARAM [/joystick_relay/turbo/linear_forward_max] by /roslaunch
[rosmaster.master][INFO] 2025-12-04 20:22:43,644: +PARAM [/joystick_relay/turbo/linear_backward_min] by /roslaunch
[rosmaster.master][INFO] 2025-12-04 20:22:43,644: +PARAM [/joystick_relay/turbo/linear_backward_max] by /roslaunch
[rosmaster.master][INFO] 2025-12-04 20:22:43,644: +PARAM [/joystick_relay/turbo/angular_min] by /roslaunch
[rosmaster.master][INFO] 2025-12-04 20:22:43,644: +PARAM [/joystick_relay/turbo/angular_max] by /roslaunch
[rosmaster.master][INFO] 2025-12-04 20:22:43,644: +PARAM [/joystick_relay/turbo/steps] by /roslaunch
[rosmaster.master][INFO] 2025-12-04 20:22:43,644: +PARAM [/dynamic_footprint_publisher/footprint] by /roslaunch
[rosmaster.master][INFO] 2025-12-04 20:22:43,644: +PARAM [/dynamic_footprint_publisher/link_list] by /roslaunch
[rosmaster.master][INFO] 2025-12-04 20:22:43,644: +PARAM [/dynamic_footprint_publisher/padding] by /roslaunch
[rosmaster.master][INFO] 2025-12-04 20:22:43,644: +PARAM [/collision_decomposition_description] by /roslaunch
[rosmaster.master][INFO] 2025-12-04 20:22:43,644: +PARAM [/extra_capsule_descriptions/arm_7_link/position] by /roslaunch
[rosmaster.master][INFO] 2025-12-04 20:22:43,644: +PARAM [/extra_capsule_descriptions/arm_7_link/orientation] by /roslaunch
[rosmaster.master][INFO] 2025-12-04 20:22:43,644: +PARAM [/extra_capsule_descriptions/arm_7_link/l] by /roslaunch
[rosmaster.master][INFO] 2025-12-04 20:22:43,644: +PARAM [/extra_capsule_descriptions/arm_7_link/r] by /roslaunch
[rosmaster.master][INFO] 2025-12-04 20:22:43,645: +PARAM [/capsule_collision_operations] by /roslaunch
[rosmaster.master][INFO] 2025-12-04 20:22:43,645: +PARAM [/whole_body_kinematic_controller/type] by /roslaunch
[rosmaster.master][INFO] 2025-12-04 20:22:43,645: +PARAM [/whole_body_kinematic_controller/useHead] by /roslaunch
[rosmaster.master][INFO] 2025-12-04 20:22:43,645: +PARAM [/whole_body_kinematic_controller/force_torque/wrist_ft/frame] by /roslaunch
[rosmaster.master][INFO] 2025-12-04 20:22:43,645: +PARAM [/whole_body_kinematic_controller/dt] by /roslaunch
[rosmaster.master][INFO] 2025-12-04 20:22:43,645: +PARAM [/whole_body_kinematic_controller/floating_base] by /roslaunch
[rosmaster.master][INFO] 2025-12-04 20:22:43,645: +PARAM [/whole_body_kinematic_controller/formulation] by /roslaunch
[rosmaster.master][INFO] 2025-12-04 20:22:43,645: +PARAM [/whole_body_kinematic_controller/stack_configuration] by /roslaunch
[rosmaster.master][INFO] 2025-12-04 20:22:43,645: +PARAM [/whole_body_kinematic_controller/solver_type] by /roslaunch
[rosmaster.master][INFO] 2025-12-04 20:22:43,645: +PARAM [/whole_body_kinematic_controller/initialize_bfp_tf] by /roslaunch
[rosmaster.master][INFO] 2025-12-04 20:22:43,645: +PARAM [/whole_body_kinematic_controller/use_home_posture] by /roslaunch
[rosmaster.master][INFO] 2025-12-04 20:22:43,645: +PARAM [/whole_body_kinematic_controller/use_odom] by /roslaunch
[rosmaster.master][INFO] 2025-12-04 20:22:43,645: +PARAM [/whole_body_kinematic_controller/robot_model_chains] by /roslaunch
[rosmaster.master][INFO] 2025-12-04 20:22:43,645: +PARAM [/whole_body_kinematic_controller/default_configuration/arm_1_joint] by /roslaunch
[rosmaster.master][INFO] 2025-12-04 20:22:43,645: +PARAM [/whole_body_kinematic_controller/default_configuration/arm_2_joint] by /roslaunch
[rosmaster.master][INFO] 2025-12-04 20:22:43,645: +PARAM [/whole_body_kinematic_controller/default_configuration/arm_3_joint] by /roslaunch
[rosmaster.master][INFO] 2025-12-04 20:22:43,645: +PARAM [/whole_body_kinematic_controller/default_configuration/arm_4_joint] by /roslaunch
[rosmaster.master][INFO] 2025-12-04 20:22:43,645: +PARAM [/whole_body_kinematic_controller/default_configuration/arm_5_joint] by /roslaunch
[rosmaster.master][INFO] 2025-12-04 20:22:43,645: +PARAM [/whole_body_kinematic_controller/default_configuration/arm_6_joint] by /roslaunch
[rosmaster.master][INFO] 2025-12-04 20:22:43,645: +PARAM [/whole_body_kinematic_controller/default_configuration/arm_7_joint] by /roslaunch
[rosmaster.master][INFO] 2025-12-04 20:22:43,645: +PARAM [/whole_body_kinematic_controller/default_configuration/head_1_joint] by /roslaunch
[rosmaster.master][INFO] 2025-12-04 20:22:43,645: +PARAM [/whole_body_kinematic_controller/default_configuration/head_2_joint] by /roslaunch
[rosmaster.master][INFO] 2025-12-04 20:22:43,645: +PARAM [/whole_body_kinematic_controller/default_configuration/torso_lift_joint] by /roslaunch
[rosmaster.master][INFO] 2025-12-04 20:22:43,645: +PARAM [/whole_body_kinematic_controller/joints/arm_1_joint/actuator_params/ball_screw_efficiency] by /roslaunch
[rosmaster.master][INFO] 2025-12-04 20:22:43,646: +PARAM [/whole_body_kinematic_controller/joints/arm_1_joint/actuator_params/ball_screw_lead] by /roslaunch
[rosmaster.master][INFO] 2025-12-04 20:22:43,646: +PARAM [/whole_body_kinematic_controller/joints/arm_1_joint/actuator_params/motor_torque_constant] by /roslaunch
[rosmaster.master][INFO] 2025-12-04 20:22:43,646: +PARAM [/whole_body_kinematic_controller/joints/arm_1_joint/actuator_params/torque_sensor_offset] by /roslaunch
[rosmaster.master][INFO] 2025-12-04 20:22:43,646: +PARAM [/whole_body_kinematic_controller/joints/arm_1_joint/actuator_params/reduction_ratio] by /roslaunch
[rosmaster.master][INFO] 2025-12-04 20:22:43,646: +PARAM [/whole_body_kinematic_controller/joints/arm_1_joint/actuator_params/actuator_names] by /roslaunch
[rosmaster.master][INFO] 2025-12-04 20:22:43,646: +PARAM [/whole_body_kinematic_controller/joints/arm_1_joint/actuator_params/check_mode] by /roslaunch
[rosmaster.master][INFO] 2025-12-04 20:22:43,646: +PARAM [/whole_body_kinematic_controller/joints/arm_1_joint/actuator_params/motor_inertia] by /roslaunch
[rosmaster.master][INFO] 2025-12-04 20:22:43,646: +PARAM [/whole_body_kinematic_controller/joints/arm_1_joint/actuator_params/static_friction] by /roslaunch
[rosmaster.master][INFO] 2025-12-04 20:22:43,646: +PARAM [/whole_body_kinematic_controller/joints/arm_1_joint/actuator_params/viscous_friction] by /roslaunch
[rosmaster.master][INFO] 2025-12-04 20:22:43,646: +PARAM [/whole_body_kinematic_controller/joints/arm_1_joint/actuator_params/joint_elasticity] by /roslaunch
[rosmaster.master][INFO] 2025-12-04 20:22:43,646: +PARAM [/whole_body_kinematic_controller/joints/arm_1_joint/actuator_params/joint_elasticity_damping] by /roslaunch
[rosmaster.master][INFO] 2025-12-04 20:22:43,646: +PARAM [/whole_body_kinematic_controller/joints/arm_1_joint/type] by /roslaunch
[rosmaster.master][INFO] 2025-12-04 20:22:43,646: +PARAM [/whole_body_kinematic_controller/joints/arm_1_joint/check_mode] by /roslaunch
[rosmaster.master][INFO] 2025-12-04 20:22:43,646: +PARAM [/whole_body_kinematic_controller/joints/arm_1_joint/open_loop] by /roslaunch
[rosmaster.master][INFO] 2025-12-04 20:22:43,646: +PARAM [/whole_body_kinematic_controller/joints/arm_2_joint/actuator_params/ball_screw_efficiency] by /roslaunch
[rosmaster.master][INFO] 2025-12-04 20:22:43,646: +PARAM [/whole_body_kinematic_controller/joints/arm_2_joint/actuator_params/ball_screw_lead] by /roslaunch
[rosmaster.master][INFO] 2025-12-04 20:22:43,646: +PARAM [/whole_body_kinematic_controller/joints/arm_2_joint/actuator_params/motor_torque_constant] by /roslaunch
[rosmaster.master][INFO] 2025-12-04 20:22:43,646: +PARAM [/whole_body_kinematic_controller/joints/arm_2_joint/actuator_params/torque_sensor_offset] by /roslaunch
[rosmaster.master][INFO] 2025-12-04 20:22:43,646: +PARAM [/whole_body_kinematic_controller/joints/arm_2_joint/actuator_params/reduction_ratio] by /roslaunch
[rosmaster.master][INFO] 2025-12-04 20:22:43,646: +PARAM [/whole_body_kinematic_controller/joints/arm_2_joint/actuator_params/actuator_names] by /roslaunch
[rosmaster.master][INFO] 2025-12-04 20:22:43,646: +PARAM [/whole_body_kinematic_controller/joints/arm_2_joint/actuator_params/check_mode] by /roslaunch
[rosmaster.master][INFO] 2025-12-04 20:22:43,646: +PARAM [/whole_body_kinematic_controller/joints/arm_2_joint/actuator_params/motor_inertia] by /roslaunch
[rosmaster.master][INFO] 2025-12-04 20:22:43,647: +PARAM [/whole_body_kinematic_controller/joints/arm_2_joint/actuator_params/static_friction] by /roslaunch
[rosmaster.master][INFO] 2025-12-04 20:22:43,647: +PARAM [/whole_body_kinematic_controller/joints/arm_2_joint/actuator_params/viscous_friction] by /roslaunch
[rosmaster.master][INFO] 2025-12-04 20:22:43,647: +PARAM [/whole_body_kinematic_controller/joints/arm_2_joint/actuator_params/joint_elasticity] by /roslaunch
[rosmaster.master][INFO] 2025-12-04 20:22:43,647: +PARAM [/whole_body_kinematic_controller/joints/arm_2_joint/actuator_params/joint_elasticity_damping] by /roslaunch
[rosmaster.master][INFO] 2025-12-04 20:22:43,647: +PARAM [/whole_body_kinematic_controller/joints/arm_2_joint/type] by /roslaunch
[rosmaster.master][INFO] 2025-12-04 20:22:43,647: +PARAM [/whole_body_kinematic_controller/joints/arm_2_joint/check_mode] by /roslaunch
[rosmaster.master][INFO] 2025-12-04 20:22:43,647: +PARAM [/whole_body_kinematic_controller/joints/arm_2_joint/open_loop] by /roslaunch
[rosmaster.master][INFO] 2025-12-04 20:22:43,647: +PARAM [/whole_body_kinematic_controller/joints/arm_3_joint/actuator_params/ball_screw_efficiency] by /roslaunch
[rosmaster.master][INFO] 2025-12-04 20:22:43,647: +PARAM [/whole_body_kinematic_controller/joints/arm_3_joint/actuator_params/ball_screw_lead] by /roslaunch
[rosmaster.master][INFO] 2025-12-04 20:22:43,647: +PARAM [/whole_body_kinematic_controller/joints/arm_3_joint/actuator_params/motor_torque_constant] by /roslaunch
[rosmaster.master][INFO] 2025-12-04 20:22:43,647: +PARAM [/whole_body_kinematic_controller/joints/arm_3_joint/actuator_params/torque_sensor_offset] by /roslaunch
[rosmaster.master][INFO] 2025-12-04 20:22:43,647: +PARAM [/whole_body_kinematic_controller/joints/arm_3_joint/actuator_params/reduction_ratio] by /roslaunch
[rosmaster.master][INFO] 2025-12-04 20:22:43,647: +PARAM [/whole_body_kinematic_controller/joints/arm_3_joint/actuator_params/actuator_names] by /roslaunch
[rosmaster.master][INFO] 2025-12-04 20:22:43,647: +PARAM [/whole_body_kinematic_controller/joints/arm_3_joint/actuator_params/check_mode] by /roslaunch
[rosmaster.master][INFO] 2025-12-04 20:22:43,647: +PARAM [/whole_body_kinematic_controller/joints/arm_3_joint/actuator_params/motor_inertia] by /roslaunch
[rosmaster.master][INFO] 2025-12-04 20:22:43,647: +PARAM [/whole_body_kinematic_controller/joints/arm_3_joint/actuator_params/static_friction] by /roslaunch
[rosmaster.master][INFO] 2025-12-04 20:22:43,647: +PARAM [/whole_body_kinematic_controller/joints/arm_3_joint/actuator_params/viscous_friction] by /roslaunch
[rosmaster.master][INFO] 2025-12-04 20:22:43,647: +PARAM [/whole_body_kinematic_controller/joints/arm_3_joint/actuator_params/joint_elasticity] by /roslaunch
[rosmaster.master][INFO] 2025-12-04 20:22:43,647: +PARAM [/whole_body_kinematic_controller/joints/arm_3_joint/actuator_params/joint_elasticity_damping] by /roslaunch
[rosmaster.master][INFO] 2025-12-04 20:22:43,647: +PARAM [/whole_body_kinematic_controller/joints/arm_3_joint/type] by /roslaunch
[rosmaster.master][INFO] 2025-12-04 20:22:43,647: +PARAM [/whole_body_kinematic_controller/joints/arm_3_joint/check_mode] by /roslaunch
[rosmaster.master][INFO] 2025-12-04 20:22:43,647: +PARAM [/whole_body_kinematic_controller/joints/arm_3_joint/open_loop] by /roslaunch
[rosmaster.master][INFO] 2025-12-04 20:22:43,648: +PARAM [/whole_body_kinematic_controller/joints/arm_4_joint/actuator_params/ball_screw_efficiency] by /roslaunch
[rosmaster.master][INFO] 2025-12-04 20:22:43,648: +PARAM [/whole_body_kinematic_controller/joints/arm_4_joint/actuator_params/ball_screw_lead] by /roslaunch
[rosmaster.master][INFO] 2025-12-04 20:22:43,648: +PARAM [/whole_body_kinematic_controller/joints/arm_4_joint/actuator_params/motor_torque_constant] by /roslaunch
[rosmaster.master][INFO] 2025-12-04 20:22:43,648: +PARAM [/whole_body_kinematic_controller/joints/arm_4_joint/actuator_params/torque_sensor_offset] by /roslaunch
[rosmaster.master][INFO] 2025-12-04 20:22:43,648: +PARAM [/whole_body_kinematic_controller/joints/arm_4_joint/actuator_params/reduction_ratio] by /roslaunch
[rosmaster.master][INFO] 2025-12-04 20:22:43,648: +PARAM [/whole_body_kinematic_controller/joints/arm_4_joint/actuator_params/actuator_names] by /roslaunch
[rosmaster.master][INFO] 2025-12-04 20:22:43,648: +PARAM [/whole_body_kinematic_controller/joints/arm_4_joint/actuator_params/check_mode] by /roslaunch
[rosmaster.master][INFO] 2025-12-04 20:22:43,648: +PARAM [/whole_body_kinematic_controller/joints/arm_4_joint/actuator_params/motor_inertia] by /roslaunch
[rosmaster.master][INFO] 2025-12-04 20:22:43,648: +PARAM [/whole_body_kinematic_controller/joints/arm_4_joint/actuator_params/static_friction] by /roslaunch
[rosmaster.master][INFO] 2025-12-04 20:22:43,648: +PARAM [/whole_body_kinematic_controller/joints/arm_4_joint/actuator_params/viscous_friction] by /roslaunch
[rosmaster.master][INFO] 2025-12-04 20:22:43,648: +PARAM [/whole_body_kinematic_controller/joints/arm_4_joint/actuator_params/joint_elasticity] by /roslaunch
[rosmaster.master][INFO] 2025-12-04 20:22:43,648: +PARAM [/whole_body_kinematic_controller/joints/arm_4_joint/actuator_params/joint_elasticity_damping] by /roslaunch
[rosmaster.master][INFO] 2025-12-04 20:22:43,648: +PARAM [/whole_body_kinematic_controller/joints/arm_4_joint/type] by /roslaunch
[rosmaster.master][INFO] 2025-12-04 20:22:43,648: +PARAM [/whole_body_kinematic_controller/joints/arm_4_joint/check_mode] by /roslaunch
[rosmaster.master][INFO] 2025-12-04 20:22:43,648: +PARAM [/whole_body_kinematic_controller/joints/arm_4_joint/open_loop] by /roslaunch
[rosmaster.master][INFO] 2025-12-04 20:22:43,648: +PARAM [/whole_body_kinematic_controller/joints/arm_5_joint/actuator_params/ball_screw_efficiency] by /roslaunch
[rosmaster.master][INFO] 2025-12-04 20:22:43,648: +PARAM [/whole_body_kinematic_controller/joints/arm_5_joint/actuator_params/ball_screw_lead] by /roslaunch
[rosmaster.master][INFO] 2025-12-04 20:22:43,648: +PARAM [/whole_body_kinematic_controller/joints/arm_5_joint/actuator_params/motor_torque_constant] by /roslaunch
[rosmaster.master][INFO] 2025-12-04 20:22:43,648: +PARAM [/whole_body_kinematic_controller/joints/arm_5_joint/actuator_params/torque_sensor_offset] by /roslaunch
[rosmaster.master][INFO] 2025-12-04 20:22:43,648: +PARAM [/whole_body_kinematic_controller/joints/arm_5_joint/actuator_params/reduction_ratio] by /roslaunch
[rosmaster.master][INFO] 2025-12-04 20:22:43,648: +PARAM [/whole_body_kinematic_controller/joints/arm_5_joint/actuator_params/actuator_names] by /roslaunch
[rosmaster.master][INFO] 2025-12-04 20:22:43,648: +PARAM [/whole_body_kinematic_controller/joints/arm_5_joint/actuator_params/check_mode] by /roslaunch
[rosmaster.master][INFO] 2025-12-04 20:22:43,648: +PARAM [/whole_body_kinematic_controller/joints/arm_5_joint/actuator_params/motor_inertia] by /roslaunch
[rosmaster.master][INFO] 2025-12-04 20:22:43,649: +PARAM [/whole_body_kinematic_controller/joints/arm_5_joint/actuator_params/static_friction] by /roslaunch
[rosmaster.master][INFO] 2025-12-04 20:22:43,649: +PARAM [/whole_body_kinematic_controller/joints/arm_5_joint/actuator_params/viscous_friction] by /roslaunch
[rosmaster.master][INFO] 2025-12-04 20:22:43,649: +PARAM [/whole_body_kinematic_controller/joints/arm_5_joint/actuator_params/joint_elasticity] by /roslaunch
[rosmaster.master][INFO] 2025-12-04 20:22:43,649: +PARAM [/whole_body_kinematic_controller/joints/arm_5_joint/actuator_params/joint_elasticity_damping] by /roslaunch
[rosmaster.master][INFO] 2025-12-04 20:22:43,649: +PARAM [/whole_body_kinematic_controller/joints/arm_5_joint/type] by /roslaunch
[rosmaster.master][INFO] 2025-12-04 20:22:43,649: +PARAM [/whole_body_kinematic_controller/joints/arm_5_joint/check_mode] by /roslaunch
[rosmaster.master][INFO] 2025-12-04 20:22:43,649: +PARAM [/whole_body_kinematic_controller/joints/arm_5_joint/open_loop] by /roslaunch
[rosmaster.master][INFO] 2025-12-04 20:22:43,649: +PARAM [/whole_body_kinematic_controller/joints/arm_6_joint/actuator_params/ball_screw_efficiency] by /roslaunch
[rosmaster.master][INFO] 2025-12-04 20:22:43,649: +PARAM [/whole_body_kinematic_controller/joints/arm_6_joint/actuator_params/ball_screw_lead] by /roslaunch
[rosmaster.master][INFO] 2025-12-04 20:22:43,649: +PARAM [/whole_body_kinematic_controller/joints/arm_6_joint/actuator_params/motor_torque_constant] by /roslaunch
[rosmaster.master][INFO] 2025-12-04 20:22:43,649: +PARAM [/whole_body_kinematic_controller/joints/arm_6_joint/actuator_params/torque_sensor_offset] by /roslaunch
[rosmaster.master][INFO] 2025-12-04 20:22:43,649: +PARAM [/whole_body_kinematic_controller/joints/arm_6_joint/actuator_params/reduction_ratio] by /roslaunch
[rosmaster.master][INFO] 2025-12-04 20:22:43,649: +PARAM [/whole_body_kinematic_controller/joints/arm_6_joint/actuator_params/actuator_names] by /roslaunch
[rosmaster.master][INFO] 2025-12-04 20:22:43,649: +PARAM [/whole_body_kinematic_controller/joints/arm_6_joint/actuator_params/check_mode] by /roslaunch
[rosmaster.master][INFO] 2025-12-04 20:22:43,649: +PARAM [/whole_body_kinematic_controller/joints/arm_6_joint/actuator_params/motor_inertia] by /roslaunch
[rosmaster.master][INFO] 2025-12-04 20:22:43,649: +PARAM [/whole_body_kinematic_controller/joints/arm_6_joint/actuator_params/static_friction] by /roslaunch
[rosmaster.master][INFO] 2025-12-04 20:22:43,649: +PARAM [/whole_body_kinematic_controller/joints/arm_6_joint/actuator_params/viscous_friction] by /roslaunch
[rosmaster.master][INFO] 2025-12-04 20:22:43,649: +PARAM [/whole_body_kinematic_controller/joints/arm_6_joint/actuator_params/joint_elasticity] by /roslaunch
[rosmaster.master][INFO] 2025-12-04 20:22:43,649: +PARAM [/whole_body_kinematic_controller/joints/arm_6_joint/actuator_params/joint_elasticity_damping] by /roslaunch
[rosmaster.master][INFO] 2025-12-04 20:22:43,649: +PARAM [/whole_body_kinematic_controller/joints/arm_6_joint/type] by /roslaunch
[rosmaster.master][INFO] 2025-12-04 20:22:43,649: +PARAM [/whole_body_kinematic_controller/joints/arm_6_joint/check_mode] by /roslaunch
[rosmaster.master][INFO] 2025-12-04 20:22:43,649: +PARAM [/whole_body_kinematic_controller/joints/arm_6_joint/open_loop] by /roslaunch
[rosmaster.master][INFO] 2025-12-04 20:22:43,649: +PARAM [/whole_body_kinematic_controller/joints/arm_7_joint/actuator_params/ball_screw_efficiency] by /roslaunch
[rosmaster.master][INFO] 2025-12-04 20:22:43,650: +PARAM [/whole_body_kinematic_controller/joints/arm_7_joint/actuator_params/ball_screw_lead] by /roslaunch
[rosmaster.master][INFO] 2025-12-04 20:22:43,650: +PARAM [/whole_body_kinematic_controller/joints/arm_7_joint/actuator_params/motor_torque_constant] by /roslaunch
[rosmaster.master][INFO] 2025-12-04 20:22:43,650: +PARAM [/whole_body_kinematic_controller/joints/arm_7_joint/actuator_params/torque_sensor_offset] by /roslaunch
[rosmaster.master][INFO] 2025-12-04 20:22:43,650: +PARAM [/whole_body_kinematic_controller/joints/arm_7_joint/actuator_params/reduction_ratio] by /roslaunch
[rosmaster.master][INFO] 2025-12-04 20:22:43,650: +PARAM [/whole_body_kinematic_controller/joints/arm_7_joint/actuator_params/actuator_names] by /roslaunch
[rosmaster.master][INFO] 2025-12-04 20:22:43,650: +PARAM [/whole_body_kinematic_controller/joints/arm_7_joint/actuator_params/check_mode] by /roslaunch
[rosmaster.master][INFO] 2025-12-04 20:22:43,650: +PARAM [/whole_body_kinematic_controller/joints/arm_7_joint/actuator_params/motor_inertia] by /roslaunch
[rosmaster.master][INFO] 2025-12-04 20:22:43,650: +PARAM [/whole_body_kinematic_controller/joints/arm_7_joint/actuator_params/static_friction] by /roslaunch
[rosmaster.master][INFO] 2025-12-04 20:22:43,650: +PARAM [/whole_body_kinematic_controller/joints/arm_7_joint/actuator_params/viscous_friction] by /roslaunch
[rosmaster.master][INFO] 2025-12-04 20:22:43,650: +PARAM [/whole_body_kinematic_controller/joints/arm_7_joint/actuator_params/joint_elasticity] by /roslaunch
[rosmaster.master][INFO] 2025-12-04 20:22:43,650: +PARAM [/whole_body_kinematic_controller/joints/arm_7_joint/actuator_params/joint_elasticity_damping] by /roslaunch
[rosmaster.master][INFO] 2025-12-04 20:22:43,650: +PARAM [/whole_body_kinematic_controller/joints/arm_7_joint/type] by /roslaunch
[rosmaster.master][INFO] 2025-12-04 20:22:43,650: +PARAM [/whole_body_kinematic_controller/joints/arm_7_joint/check_mode] by /roslaunch
[rosmaster.master][INFO] 2025-12-04 20:22:43,650: +PARAM [/whole_body_kinematic_controller/joints/arm_7_joint/open_loop] by /roslaunch
[rosmaster.master][INFO] 2025-12-04 20:22:43,650: +PARAM [/whole_body_kinematic_controller/joints/head_1_joint/actuator_params/ball_screw_efficiency] by /roslaunch
[rosmaster.master][INFO] 2025-12-04 20:22:43,650: +PARAM [/whole_body_kinematic_controller/joints/head_1_joint/actuator_params/ball_screw_lead] by /roslaunch
[rosmaster.master][INFO] 2025-12-04 20:22:43,650: +PARAM [/whole_body_kinematic_controller/joints/head_1_joint/actuator_params/motor_torque_constant] by /roslaunch
[rosmaster.master][INFO] 2025-12-04 20:22:43,650: +PARAM [/whole_body_kinematic_controller/joints/head_1_joint/actuator_params/torque_sensor_offset] by /roslaunch
[rosmaster.master][INFO] 2025-12-04 20:22:43,650: +PARAM [/whole_body_kinematic_controller/joints/head_1_joint/actuator_params/reduction_ratio] by /roslaunch
[rosmaster.master][INFO] 2025-12-04 20:22:43,650: +PARAM [/whole_body_kinematic_controller/joints/head_1_joint/actuator_params/actuator_names] by /roslaunch
[rosmaster.master][INFO] 2025-12-04 20:22:43,650: +PARAM [/whole_body_kinematic_controller/joints/head_1_joint/actuator_params/check_mode] by /roslaunch
[rosmaster.master][INFO] 2025-12-04 20:22:43,650: +PARAM [/whole_body_kinematic_controller/joints/head_1_joint/actuator_params/motor_inertia] by /roslaunch
[rosmaster.master][INFO] 2025-12-04 20:22:43,650: +PARAM [/whole_body_kinematic_controller/joints/head_1_joint/actuator_params/static_friction] by /roslaunch
[rosmaster.master][INFO] 2025-12-04 20:22:43,651: +PARAM [/whole_body_kinematic_controller/joints/head_1_joint/actuator_params/viscous_friction] by /roslaunch
[rosmaster.master][INFO] 2025-12-04 20:22:43,651: +PARAM [/whole_body_kinematic_controller/joints/head_1_joint/actuator_params/joint_elasticity] by /roslaunch
[rosmaster.master][INFO] 2025-12-04 20:22:43,651: +PARAM [/whole_body_kinematic_controller/joints/head_1_joint/actuator_params/joint_elasticity_damping] by /roslaunch
[rosmaster.master][INFO] 2025-12-04 20:22:43,651: +PARAM [/whole_body_kinematic_controller/joints/head_1_joint/type] by /roslaunch
[rosmaster.master][INFO] 2025-12-04 20:22:43,651: +PARAM [/whole_body_kinematic_controller/joints/head_1_joint/check_mode] by /roslaunch
[rosmaster.master][INFO] 2025-12-04 20:22:43,651: +PARAM [/whole_body_kinematic_controller/joints/head_1_joint/open_loop] by /roslaunch
[rosmaster.master][INFO] 2025-12-04 20:22:43,651: +PARAM [/whole_body_kinematic_controller/joints/head_2_joint/actuator_params/ball_screw_efficiency] by /roslaunch
[rosmaster.master][INFO] 2025-12-04 20:22:43,651: +PARAM [/whole_body_kinematic_controller/joints/head_2_joint/actuator_params/ball_screw_lead] by /roslaunch
[rosmaster.master][INFO] 2025-12-04 20:22:43,651: +PARAM [/whole_body_kinematic_controller/joints/head_2_joint/actuator_params/motor_torque_constant] by /roslaunch
[rosmaster.master][INFO] 2025-12-04 20:22:43,651: +PARAM [/whole_body_kinematic_controller/joints/head_2_joint/actuator_params/torque_sensor_offset] by /roslaunch
[rosmaster.master][INFO] 2025-12-04 20:22:43,651: +PARAM [/whole_body_kinematic_controller/joints/head_2_joint/actuator_params/reduction_ratio] by /roslaunch
[rosmaster.master][INFO] 2025-12-04 20:22:43,651: +PARAM [/whole_body_kinematic_controller/joints/head_2_joint/actuator_params/actuator_names] by /roslaunch
[rosmaster.master][INFO] 2025-12-04 20:22:43,651: +PARAM [/whole_body_kinematic_controller/joints/head_2_joint/actuator_params/check_mode] by /roslaunch
[rosmaster.master][INFO] 2025-12-04 20:22:43,651: +PARAM [/whole_body_kinematic_controller/joints/head_2_joint/actuator_params/motor_inertia] by /roslaunch
[rosmaster.master][INFO] 2025-12-04 20:22:43,651: +PARAM [/whole_body_kinematic_controller/joints/head_2_joint/actuator_params/static_friction] by /roslaunch
[rosmaster.master][INFO] 2025-12-04 20:22:43,651: +PARAM [/whole_body_kinematic_controller/joints/head_2_joint/actuator_params/viscous_friction] by /roslaunch
[rosmaster.master][INFO] 2025-12-04 20:22:43,651: +PARAM [/whole_body_kinematic_controller/joints/head_2_joint/actuator_params/joint_elasticity] by /roslaunch
[rosmaster.master][INFO] 2025-12-04 20:22:43,651: +PARAM [/whole_body_kinematic_controller/joints/head_2_joint/actuator_params/joint_elasticity_damping] by /roslaunch
[rosmaster.master][INFO] 2025-12-04 20:22:43,651: +PARAM [/whole_body_kinematic_controller/joints/head_2_joint/type] by /roslaunch
[rosmaster.master][INFO] 2025-12-04 20:22:43,651: +PARAM [/whole_body_kinematic_controller/joints/head_2_joint/check_mode] by /roslaunch
[rosmaster.master][INFO] 2025-12-04 20:22:43,651: +PARAM [/whole_body_kinematic_controller/joints/head_2_joint/open_loop] by /roslaunch
[rosmaster.master][INFO] 2025-12-04 20:22:43,651: +PARAM [/whole_body_kinematic_controller/joints/torso_lift_joint/actuator_params/ball_screw_efficiency] by /roslaunch
[rosmaster.master][INFO] 2025-12-04 20:22:43,651: +PARAM [/whole_body_kinematic_controller/joints/torso_lift_joint/actuator_params/ball_screw_lead] by /roslaunch
[rosmaster.master][INFO] 2025-12-04 20:22:43,652: +PARAM [/whole_body_kinematic_controller/joints/torso_lift_joint/actuator_params/motor_torque_constant] by /roslaunch
[rosmaster.master][INFO] 2025-12-04 20:22:43,652: +PARAM [/whole_body_kinematic_controller/joints/torso_lift_joint/actuator_params/torque_sensor_offset] by /roslaunch
[rosmaster.master][INFO] 2025-12-04 20:22:43,652: +PARAM [/whole_body_kinematic_controller/joints/torso_lift_joint/actuator_params/reduction_ratio] by /roslaunch
[rosmaster.master][INFO] 2025-12-04 20:22:43,652: +PARAM [/whole_body_kinematic_controller/joints/torso_lift_joint/actuator_params/actuator_names] by /roslaunch
[rosmaster.master][INFO] 2025-12-04 20:22:43,652: +PARAM [/whole_body_kinematic_controller/joints/torso_lift_joint/actuator_params/check_mode] by /roslaunch
[rosmaster.master][INFO] 2025-12-04 20:22:43,652: +PARAM [/whole_body_kinematic_controller/joints/torso_lift_joint/actuator_params/motor_inertia] by /roslaunch
[rosmaster.master][INFO] 2025-12-04 20:22:43,652: +PARAM [/whole_body_kinematic_controller/joints/torso_lift_joint/actuator_params/static_friction] by /roslaunch
[rosmaster.master][INFO] 2025-12-04 20:22:43,652: +PARAM [/whole_body_kinematic_controller/joints/torso_lift_joint/actuator_params/viscous_friction] by /roslaunch
[rosmaster.master][INFO] 2025-12-04 20:22:43,652: +PARAM [/whole_body_kinematic_controller/joints/torso_lift_joint/actuator_params/joint_elasticity] by /roslaunch
[rosmaster.master][INFO] 2025-12-04 20:22:43,652: +PARAM [/whole_body_kinematic_controller/joints/torso_lift_joint/actuator_params/joint_elasticity_damping] by /roslaunch
[rosmaster.master][INFO] 2025-12-04 20:22:43,652: +PARAM [/whole_body_kinematic_controller/joints/torso_lift_joint/type] by /roslaunch
[rosmaster.master][INFO] 2025-12-04 20:22:43,652: +PARAM [/whole_body_kinematic_controller/joints/torso_lift_joint/check_mode] by /roslaunch
[rosmaster.master][INFO] 2025-12-04 20:22:43,652: +PARAM [/whole_body_kinematic_controller/joints/torso_lift_joint/open_loop] by /roslaunch
[rosmaster.master][INFO] 2025-12-04 20:22:43,798: +PUB [/rosout] /head_controller/point_head_action http://127.0.0.1:41445/
[rosmaster.master][INFO] 2025-12-04 20:22:43,800: +SERVICE [/head_controller/point_head_action/get_loggers] /head_controller/point_head_action http://127.0.0.1:41445/
[rosmaster.master][INFO] 2025-12-04 20:22:43,801: +SERVICE [/head_controller/point_head_action/set_logger_level] /head_controller/point_head_action http://127.0.0.1:41445/
[rosmaster.master][INFO] 2025-12-04 20:22:43,804: +SUB [/clock] /head_controller/point_head_action http://127.0.0.1:41445/
[rosmaster.master][INFO] 2025-12-04 20:22:43,806: +SUB [/tf] /head_controller/point_head_action http://127.0.0.1:41445/
[rosmaster.master][INFO] 2025-12-04 20:22:43,809: +SUB [/tf_static] /head_controller/point_head_action http://127.0.0.1:41445/
[rosmaster.master][INFO] 2025-12-04 20:22:43,811: +PUB [/head_controller/command] /head_controller/point_head_action http://127.0.0.1:41445/
[rosmaster.master][INFO] 2025-12-04 20:22:43,813: +SUB [/head_controller/state] /head_controller/point_head_action http://127.0.0.1:41445/
[rosmaster.master][INFO] 2025-12-04 20:22:43,815: +CACHEDPARAM [/rosout_disable_topics_generation] by /head_controller/point_head_action
[rosmaster.master][INFO] 2025-12-04 20:22:43,833: +PUB [/head_controller/point_head_action/result] /head_controller/point_head_action http://127.0.0.1:41445/
[rosmaster.master][INFO] 2025-12-04 20:22:43,834: +PUB [/head_controller/point_head_action/feedback] /head_controller/point_head_action http://127.0.0.1:41445/
[rosmaster.master][INFO] 2025-12-04 20:22:43,835: +PUB [/head_controller/point_head_action/status] /head_controller/point_head_action http://127.0.0.1:41445/
[rosmaster.master][INFO] 2025-12-04 20:22:43,838: +SUB [/head_controller/point_head_action/goal] /head_controller/point_head_action http://127.0.0.1:41445/
[rosmaster.master][INFO] 2025-12-04 20:22:43,840: +SUB [/head_controller/point_head_action/cancel] /head_controller/point_head_action http://127.0.0.1:41445/
[rosmaster.master][INFO] 2025-12-04 20:22:43,843: publisherUpdate[/rosout] -> http://127.0.0.1:39091/ ['http://127.0.0.1:41445/']
[rosmaster.master][INFO] 2025-12-04 20:22:43,949: publisherUpdate[/rosout] -> http://127.0.0.1:39091/ ['http://127.0.0.1:41445/']: sec=0.11, result=[1, '', 0]
[rosmaster.master][INFO] 2025-12-04 20:22:44,073: +PUB [/rosout] /tf_lookup http://127.0.0.1:33711/
[rosmaster.master][INFO] 2025-12-04 20:22:44,074: +PUB [/rosout] /robot_state_publisher http://127.0.0.1:44237/
[rosmaster.master][INFO] 2025-12-04 20:22:44,075: +PUB [/rosout] /play_motion http://127.0.0.1:46405/
[rosmaster.master][INFO] 2025-12-04 20:22:44,076: +SERVICE [/robot_state_publisher/get_loggers] /robot_state_publisher http://127.0.0.1:44237/
[rosmaster.master][INFO] 2025-12-04 20:22:44,077: +SERVICE [/tf_lookup/get_loggers] /tf_lookup http://127.0.0.1:33711/
[rosmaster.master][INFO] 2025-12-04 20:22:44,077: +SERVICE [/play_motion/get_loggers] /play_motion http://127.0.0.1:46405/
[rosmaster.master][INFO] 2025-12-04 20:22:44,078: +SERVICE [/play_motion/set_logger_level] /play_motion http://127.0.0.1:46405/
[rosmaster.master][INFO] 2025-12-04 20:22:44,079: +SERVICE [/robot_state_publisher/set_logger_level] /robot_state_publisher http://127.0.0.1:44237/
[rosmaster.master][INFO] 2025-12-04 20:22:44,079: +SERVICE [/tf_lookup/set_logger_level] /tf_lookup http://127.0.0.1:33711/
[rosmaster.master][INFO] 2025-12-04 20:22:44,086: +SUB [/clock] /play_motion http://127.0.0.1:46405/
[rosmaster.master][INFO] 2025-12-04 20:22:44,088: +SUB [/clock] /tf_lookup http://127.0.0.1:33711/
[rosmaster.master][INFO] 2025-12-04 20:22:44,090: +SUB [/clock] /robot_state_publisher http://127.0.0.1:44237/
[rosmaster.master][INFO] 2025-12-04 20:22:44,100: +SUB [/tf] /tf_lookup http://127.0.0.1:33711/
[rosmaster.master][INFO] 2025-12-04 20:22:44,106: +SUB [/joint_states] /play_motion http://127.0.0.1:46405/
[rosmaster.master][INFO] 2025-12-04 20:22:44,111: +PUB [/tf] /robot_state_publisher http://127.0.0.1:44237/
[rosmaster.master][INFO] 2025-12-04 20:22:44,114: +PUB [/rosout] /twist_mux http://127.0.0.1:41377/
[rosmaster.master][INFO] 2025-12-04 20:22:44,116: +PUB [/rosout] /twist_marker http://127.0.0.1:36077/
[rosmaster.master][INFO] 2025-12-04 20:22:44,156: publisherUpdate[/rosout] -> http://127.0.0.1:39091/ ['http://127.0.0.1:41445/', 'http://127.0.0.1:33711/']
[rosmaster.master][INFO] 2025-12-04 20:22:44,157: publisherUpdate[/tf] -> http://127.0.0.1:41445/ ['http://127.0.0.1:44237/']
[rosmaster.master][INFO] 2025-12-04 20:22:44,157: publisherUpdate[/tf] -> http://127.0.0.1:33711/ ['http://127.0.0.1:44237/']
[rosmaster.master][INFO] 2025-12-04 20:22:44,162: +SERVICE [/twist_mux/get_loggers] /twist_mux http://127.0.0.1:41377/
[rosmaster.master][INFO] 2025-12-04 20:22:44,163: +SUB [/tf_static] /tf_lookup http://127.0.0.1:33711/
[rosmaster.master][INFO] 2025-12-04 20:22:44,166: +PUB [/tf_static] /robot_state_publisher http://127.0.0.1:44237/
[rosmaster.master][INFO] 2025-12-04 20:22:44,169: +SERVICE [/twist_marker/get_loggers] /twist_marker http://127.0.0.1:36077/
[rosmaster.master][INFO] 2025-12-04 20:22:44,175: +SERVICE [/twist_mux/set_logger_level] /twist_mux http://127.0.0.1:41377/
[rosmaster.master][INFO] 2025-12-04 20:22:44,177: +SERVICE [/twist_marker/set_logger_level] /twist_marker http://127.0.0.1:36077/
[rosmaster.master][INFO] 2025-12-04 20:22:44,181: +CACHEDPARAM [/rosout_disable_topics_generation] by /tf_lookup
[rosmaster.master][INFO] 2025-12-04 20:22:44,186: +SERVICE [/lookupTransform] /tf_lookup http://127.0.0.1:33711/
[rosmaster.master][INFO] 2025-12-04 20:22:44,195: +SUB [/clock] /twist_mux http://127.0.0.1:41377/
[rosmaster.master][INFO] 2025-12-04 20:22:44,200: +PUB [/tf_lookup/result] /tf_lookup http://127.0.0.1:33711/
[rosmaster.master][INFO] 2025-12-04 20:22:44,202: +CACHEDPARAM [/twist_mux/topics] by /twist_mux
[rosmaster.master][INFO] 2025-12-04 20:22:44,204: +SUB [/tf] /play_motion http://127.0.0.1:46405/
[rosmaster.master][INFO] 2025-12-04 20:22:44,206: +SUB [/joint_states] /robot_state_publisher http://127.0.0.1:44237/
[rosmaster.master][INFO] 2025-12-04 20:22:44,209: +SUB [/clock] /twist_marker http://127.0.0.1:36077/
[rosmaster.master][INFO] 2025-12-04 20:22:44,211: +PUB [/tf_lookup/feedback] /tf_lookup http://127.0.0.1:33711/
[rosmaster.master][INFO] 2025-12-04 20:22:44,212: +PUB [/rosout] /move_group http://127.0.0.1:38395/
[rosmaster.master][INFO] 2025-12-04 20:22:44,215: +CACHEDPARAM [/rosout_disable_topics_generation] by /twist_mux
[rosmaster.master][INFO] 2025-12-04 20:22:44,218: +PUB [/twist_marker] /twist_marker http://127.0.0.1:36077/
[rosmaster.master][INFO] 2025-12-04 20:22:44,219: +PUB [/tf_lookup/status] /tf_lookup http://127.0.0.1:33711/
[rosmaster.master][INFO] 2025-12-04 20:22:44,221: +SERVICE [/move_group/get_loggers] /move_group http://127.0.0.1:38395/
[rosmaster.master][INFO] 2025-12-04 20:22:44,223: +SUB [/tf_static] /play_motion http://127.0.0.1:46405/
[rosmaster.master][INFO] 2025-12-04 20:22:44,225: +SERVICE [/move_group/set_logger_level] /move_group http://127.0.0.1:38395/
[rosmaster.master][INFO] 2025-12-04 20:22:44,231: publisherUpdate[/rosout] -> http://127.0.0.1:39091/ ['http://127.0.0.1:41445/', 'http://127.0.0.1:33711/']: sec=0.07, result=[1, '', 0]
[rosmaster.master][INFO] 2025-12-04 20:22:44,231: publisherUpdate[/rosout] -> http://127.0.0.1:39091/ ['http://127.0.0.1:41445/', 'http://127.0.0.1:33711/', 'http://127.0.0.1:44237/']
[rosmaster.master][INFO] 2025-12-04 20:22:44,244: publisherUpdate[/tf] -> http://127.0.0.1:41445/ ['http://127.0.0.1:44237/']: sec=0.08, result=[1, '', 0]
[rosmaster.master][INFO] 2025-12-04 20:22:44,244: publisherUpdate[/tf_static] -> http://127.0.0.1:41445/ ['http://127.0.0.1:44237/']
[rosmaster.master][INFO] 2025-12-04 20:22:44,246: publisherUpdate[/rosout] -> http://127.0.0.1:39091/ ['http://127.0.0.1:41445/', 'http://127.0.0.1:33711/', 'http://127.0.0.1:44237/']: sec=0.01, result=[1, '', 0]
[rosmaster.master][INFO] 2025-12-04 20:22:44,251: publisherUpdate[/rosout] -> http://127.0.0.1:39091/ ['http://127.0.0.1:41445/', 'http://127.0.0.1:33711/', 'http://127.0.0.1:44237/', 'http://127.0.0.1:46405/']
[rosmaster.master][INFO] 2025-12-04 20:22:44,253: +SUB [/mobile_base_controller/cmd_vel] /twist_marker http://127.0.0.1:36077/
[rosmaster.master][INFO] 2025-12-04 20:22:44,257: publisherUpdate[/tf_static] -> http://127.0.0.1:41445/ ['http://127.0.0.1:44237/']: sec=0.01, result=[1, '', 0]
[rosmaster.master][INFO] 2025-12-04 20:22:44,262: +SUB [/nav_vel] /twist_mux http://127.0.0.1:41377/
[rosmaster.master][INFO] 2025-12-04 20:22:44,264: publisherUpdate[/rosout] -> http://127.0.0.1:39091/ ['http://127.0.0.1:41445/', 'http://127.0.0.1:33711/', 'http://127.0.0.1:44237/', 'http://127.0.0.1:46405/']: sec=0.01, result=[1, '', 0]
[rosmaster.master][INFO] 2025-12-04 20:22:44,270: publisherUpdate[/rosout] -> http://127.0.0.1:39091/ ['http://127.0.0.1:41445/', 'http://127.0.0.1:33711/', 'http://127.0.0.1:44237/', 'http://127.0.0.1:46405/', 'http://127.0.0.1:41377/']
[rosmaster.master][INFO] 2025-12-04 20:22:44,269: +SUB [/tf_lookup/goal] /tf_lookup http://127.0.0.1:33711/
[rosmaster.master][INFO] 2025-12-04 20:22:44,272: +SUB [/clock] /move_group http://127.0.0.1:38395/
[rosmaster.master][INFO] 2025-12-04 20:22:44,274: +SUB [/joy_vel] /twist_mux http://127.0.0.1:41377/
[rosmaster.master][INFO] 2025-12-04 20:22:44,313: +CACHEDPARAM [/rosout_disable_topics_generation] by /play_motion
[rosmaster.master][INFO] 2025-12-04 20:22:44,318: publisherUpdate[/rosout] -> http://127.0.0.1:39091/ ['http://127.0.0.1:41445/', 'http://127.0.0.1:33711/', 'http://127.0.0.1:44237/', 'http://127.0.0.1:46405/', 'http://127.0.0.1:41377/']: sec=0.05, result=[1, '', 0]
[rosmaster.master][INFO] 2025-12-04 20:22:44,318: publisherUpdate[/rosout] -> http://127.0.0.1:39091/ ['http://127.0.0.1:41445/', 'http://127.0.0.1:33711/', 'http://127.0.0.1:44237/', 'http://127.0.0.1:46405/', 'http://127.0.0.1:41377/', 'http://127.0.0.1:36077/']
[rosmaster.master][INFO] 2025-12-04 20:22:44,325: +PUB [/rosout] /image_raw_to_rect_color_relay http://127.0.0.1:34859/
[rosmaster.master][INFO] 2025-12-04 20:22:44,326: publisherUpdate[/rosout] -> http://127.0.0.1:39091/ ['http://127.0.0.1:41445/', 'http://127.0.0.1:33711/', 'http://127.0.0.1:44237/', 'http://127.0.0.1:46405/', 'http://127.0.0.1:41377/', 'http://127.0.0.1:36077/']: sec=0.01, result=[1, '', 0]
[rosmaster.master][INFO] 2025-12-04 20:22:44,329: +SUB [/tf_lookup/cancel] /tf_lookup http://127.0.0.1:33711/
[rosmaster.master][INFO] 2025-12-04 20:22:44,336: +SUB [/key_vel] /twist_mux http://127.0.0.1:41377/
[rosmaster.master][INFO] 2025-12-04 20:22:44,339: +SERVICE [/image_raw_to_rect_color_relay/get_loggers] /image_raw_to_rect_color_relay http://127.0.0.1:34859/
[rosmaster.master][INFO] 2025-12-04 20:22:44,335: publisherUpdate[/rosout] -> http://127.0.0.1:39091/ ['http://127.0.0.1:41445/', 'http://127.0.0.1:33711/', 'http://127.0.0.1:44237/', 'http://127.0.0.1:46405/', 'http://127.0.0.1:41377/', 'http://127.0.0.1:36077/', 'http://127.0.0.1:38395/']
[rosmaster.master][INFO] 2025-12-04 20:22:44,341: +PUB [/tf_stream/result] /tf_lookup http://127.0.0.1:33711/
[rosmaster.master][INFO] 2025-12-04 20:22:44,347: +CACHEDPARAM [/rosout_disable_topics_generation] by /move_group
[rosmaster.master][INFO] 2025-12-04 20:22:44,348: +SERVICE [/image_raw_to_rect_color_relay/set_logger_level] /image_raw_to_rect_color_relay http://127.0.0.1:34859/
[rosmaster.master][INFO] 2025-12-04 20:22:44,353: +PUB [/tf_stream/feedback] /tf_lookup http://127.0.0.1:33711/
[rosmaster.master][INFO] 2025-12-04 20:22:44,356: publisherUpdate[/tf] -> http://127.0.0.1:33711/ ['http://127.0.0.1:44237/']: sec=0.20, result=[1, '', 0]
[rosmaster.master][INFO] 2025-12-04 20:22:44,379: publisherUpdate[/tf_static] -> http://127.0.0.1:33711/ ['http://127.0.0.1:44237/']
[rosmaster.master][INFO] 2025-12-04 20:22:44,386: publisherUpdate[/tf_static] -> http://127.0.0.1:33711/ ['http://127.0.0.1:44237/']: sec=0.00, result=[1, '', 0]
[rosmaster.master][INFO] 2025-12-04 20:22:44,348: publisherUpdate[/rosout] -> http://127.0.0.1:39091/ ['http://127.0.0.1:41445/', 'http://127.0.0.1:33711/', 'http://127.0.0.1:44237/', 'http://127.0.0.1:46405/', 'http://127.0.0.1:41377/', 'http://127.0.0.1:36077/', 'http://127.0.0.1:38395/']: sec=0.01, result=[1, '', 0]
[rosmaster.master][INFO] 2025-12-04 20:22:44,404: publisherUpdate[/rosout] -> http://127.0.0.1:39091/ ['http://127.0.0.1:41445/', 'http://127.0.0.1:33711/', 'http://127.0.0.1:44237/', 'http://127.0.0.1:46405/', 'http://127.0.0.1:41377/', 'http://127.0.0.1:36077/', 'http://127.0.0.1:38395/', 'http://127.0.0.1:34859/']
[rosmaster.master][INFO] 2025-12-04 20:22:44,360: +PARAM [/move_group/default_planning_pipeline] by /move_group
[rosmaster.master][INFO] 2025-12-04 20:22:44,357: +PUB [/tf_stream/status] /tf_lookup http://127.0.0.1:33711/
[rosmaster.master][INFO] 2025-12-04 20:22:44,405: publisherUpdate[/rosout] -> http://127.0.0.1:39091/ ['http://127.0.0.1:41445/', 'http://127.0.0.1:33711/', 'http://127.0.0.1:44237/', 'http://127.0.0.1:46405/', 'http://127.0.0.1:41377/', 'http://127.0.0.1:36077/', 'http://127.0.0.1:38395/', 'http://127.0.0.1:34859/']: sec=0.00, result=[1, '', 0]
[rosmaster.master][INFO] 2025-12-04 20:22:44,406: +SUB [/tab_vel] /twist_mux http://127.0.0.1:41377/
[rosmaster.master][INFO] 2025-12-04 20:22:44,415: +SUB [/clock] /image_raw_to_rect_color_relay http://127.0.0.1:34859/
[rosmaster.master][INFO] 2025-12-04 20:22:44,420: +SUB [/tf] /move_group http://127.0.0.1:38395/
[rosmaster.master][INFO] 2025-12-04 20:22:44,433: +SUB [/tf_stream/goal] /tf_lookup http://127.0.0.1:33711/
[rosmaster.master][INFO] 2025-12-04 20:22:44,436: +SUB [/marker_vel] /twist_mux http://127.0.0.1:41377/
[rosmaster.master][INFO] 2025-12-04 20:22:44,437: +SUB [/tf_static] /move_group http://127.0.0.1:38395/
[rosmaster.master][INFO] 2025-12-04 20:22:44,444: +SUB [/xtion/rgb/image_raw] /image_raw_to_rect_color_relay http://127.0.0.1:34859/
[rosmaster.master][INFO] 2025-12-04 20:22:44,449: +SUB [/tf_stream/cancel] /tf_lookup http://127.0.0.1:33711/
[rosmaster.master][INFO] 2025-12-04 20:22:44,454: +SUB [/phone_vel] /twist_mux http://127.0.0.1:41377/
[rosmaster.master][INFO] 2025-12-04 20:22:44,475: +SUB [/rviz_joy_vel] /twist_mux http://127.0.0.1:41377/
[rosmaster.master][INFO] 2025-12-04 20:22:44,483: +SUB [/servoing_cmd_vel] /twist_mux http://127.0.0.1:41377/
[rosmaster.master][INFO] 2025-12-04 20:22:44,490: +CACHEDPARAM [/twist_mux/locks] by /twist_mux
[rosmaster.master][INFO] 2025-12-04 20:22:44,492: +CACHEDPARAM [/rosout/omit_topics] by /rosout
[rosmaster.master][INFO] 2025-12-04 20:22:44,501: +SUB [/pause_navigation] /twist_mux http://127.0.0.1:41377/
[rosmaster.master][INFO] 2025-12-04 20:22:44,514: +SUB [/stop_closing_loop] /twist_mux http://127.0.0.1:41377/
[rosmaster.master][INFO] 2025-12-04 20:22:44,517: +PUB [/rosout] /spawn_model http://127.0.0.1:43895/
[rosmaster.master][INFO] 2025-12-04 20:22:44,518: publisherUpdate[/rosout] -> http://127.0.0.1:39091/ ['http://127.0.0.1:41445/', 'http://127.0.0.1:33711/', 'http://127.0.0.1:44237/', 'http://127.0.0.1:46405/', 'http://127.0.0.1:41377/', 'http://127.0.0.1:36077/', 'http://127.0.0.1:38395/', 'http://127.0.0.1:34859/', 'http://127.0.0.1:43895/']
[rosmaster.master][INFO] 2025-12-04 20:22:44,520: publisherUpdate[/rosout] -> http://127.0.0.1:39091/ ['http://127.0.0.1:41445/', 'http://127.0.0.1:33711/', 'http://127.0.0.1:44237/', 'http://127.0.0.1:46405/', 'http://127.0.0.1:41377/', 'http://127.0.0.1:36077/', 'http://127.0.0.1:38395/', 'http://127.0.0.1:34859/', 'http://127.0.0.1:43895/']: sec=0.00, result=[1, '', 0]
[rosmaster.master][INFO] 2025-12-04 20:22:44,528: +SUB [/joy_priority] /twist_mux http://127.0.0.1:41377/
[rosmaster.master][INFO] 2025-12-04 20:22:44,528: +PUB [/mobile_base_controller/cmd_vel] /twist_mux http://127.0.0.1:41377/
[rosmaster.master][INFO] 2025-12-04 20:22:44,530: +PUB [/diagnostics] /twist_mux http://127.0.0.1:41377/
[rosmaster.master][INFO] 2025-12-04 20:22:44,530: +CACHEDPARAM [/twist_mux/diagnostic_period] by /twist_mux
[rosmaster.master][INFO] 2025-12-04 20:22:44,538: +SUB [/clock] /spawn_model http://127.0.0.1:43895/
[rosmaster.master][INFO] 2025-12-04 20:22:44,549: +SERVICE [/spawn_model/get_loggers] /spawn_model http://127.0.0.1:43895/
[rosmaster.master][INFO] 2025-12-04 20:22:44,557: +SERVICE [/spawn_model/set_logger_level] /spawn_model http://127.0.0.1:43895/
[rosmaster.master][INFO] 2025-12-04 20:22:44,561: +CACHEDPARAM [/rosout_disable_topics_generation] by /spawn_model
[rosmaster.master][INFO] 2025-12-04 20:22:44,565: publisherUpdate[/mobile_base_controller/cmd_vel] -> http://127.0.0.1:36077/ ['http://127.0.0.1:41377/']
[rosmaster.master][INFO] 2025-12-04 20:22:44,601: +CACHEDPARAM [/rosout_disable_topics_generation] by /spawn_model
[rosmaster.master][INFO] 2025-12-04 20:22:44,627: publisherUpdate[/mobile_base_controller/cmd_vel] -> http://127.0.0.1:36077/ ['http://127.0.0.1:41377/']: sec=0.06, result=[1, '', 0]
[rosmaster.master][INFO] 2025-12-04 20:22:44,647: +PUB [/rosout] /throttle_filtering_points http://127.0.0.1:33773/
[rosmaster.master][INFO] 2025-12-04 20:22:44,650: +SERVICE [/throttle_filtering_points/get_loggers] /throttle_filtering_points http://127.0.0.1:33773/
[rosmaster.master][INFO] 2025-12-04 20:22:44,652: +SERVICE [/throttle_filtering_points/set_logger_level] /throttle_filtering_points http://127.0.0.1:33773/
[rosmaster.master][INFO] 2025-12-04 20:22:44,660: +SUB [/clock] /throttle_filtering_points http://127.0.0.1:33773/
[rosmaster.master][INFO] 2025-12-04 20:22:44,679: +PUB [/rosout] /xtion/rgb/image_proc http://127.0.0.1:42625/
[rosmaster.master][INFO] 2025-12-04 20:22:44,680: +SERVICE [/xtion/rgb/image_proc/get_loggers] /xtion/rgb/image_proc http://127.0.0.1:42625/
[rosmaster.master][INFO] 2025-12-04 20:22:44,681: +SERVICE [/xtion/rgb/image_proc/set_logger_level] /xtion/rgb/image_proc http://127.0.0.1:42625/
[rosmaster.master][INFO] 2025-12-04 20:22:44,685: +SUB [/clock] /xtion/rgb/image_proc http://127.0.0.1:42625/
[rosmaster.master][INFO] 2025-12-04 20:22:44,721: publisherUpdate[/rosout] -> http://127.0.0.1:39091/ ['http://127.0.0.1:41445/', 'http://127.0.0.1:33711/', 'http://127.0.0.1:44237/', 'http://127.0.0.1:46405/', 'http://127.0.0.1:41377/', 'http://127.0.0.1:36077/', 'http://127.0.0.1:38395/', 'http://127.0.0.1:34859/', 'http://127.0.0.1:43895/', 'http://127.0.0.1:33773/']
[rosmaster.master][INFO] 2025-12-04 20:22:44,725: publisherUpdate[/rosout] -> http://127.0.0.1:39091/ ['http://127.0.0.1:41445/', 'http://127.0.0.1:33711/', 'http://127.0.0.1:44237/', 'http://127.0.0.1:46405/', 'http://127.0.0.1:41377/', 'http://127.0.0.1:36077/', 'http://127.0.0.1:38395/', 'http://127.0.0.1:34859/', 'http://127.0.0.1:43895/', 'http://127.0.0.1:33773/']: sec=0.00, result=[1, '', 0]
[rosmaster.master][INFO] 2025-12-04 20:22:44,726: publisherUpdate[/rosout] -> http://127.0.0.1:39091/ ['http://127.0.0.1:41445/', 'http://127.0.0.1:33711/', 'http://127.0.0.1:44237/', 'http://127.0.0.1:46405/', 'http://127.0.0.1:41377/', 'http://127.0.0.1:36077/', 'http://127.0.0.1:38395/', 'http://127.0.0.1:34859/', 'http://127.0.0.1:43895/', 'http://127.0.0.1:33773/', 'http://127.0.0.1:42625/']
[rosmaster.master][INFO] 2025-12-04 20:22:44,727: publisherUpdate[/rosout] -> http://127.0.0.1:39091/ ['http://127.0.0.1:41445/', 'http://127.0.0.1:33711/', 'http://127.0.0.1:44237/', 'http://127.0.0.1:46405/', 'http://127.0.0.1:41377/', 'http://127.0.0.1:36077/', 'http://127.0.0.1:38395/', 'http://127.0.0.1:34859/', 'http://127.0.0.1:43895/', 'http://127.0.0.1:33773/', 'http://127.0.0.1:42625/']: sec=0.00, result=[1, '', 0]
[rosmaster.master][INFO] 2025-12-04 20:22:44,924: +PUB [/trajectory_execution_event] /play_motion http://127.0.0.1:46405/
[rosmaster.master][INFO] 2025-12-04 20:22:44,925: +PUB [/attached_collision_object] /play_motion http://127.0.0.1:46405/
[rosmaster.master][INFO] 2025-12-04 20:22:45,087: +PUB [/rosout] /home_gripper http://127.0.0.1:46027/
[rosmaster.master][INFO] 2025-12-04 20:22:45,112: +SERVICE [/xtion/rgb/image_proc_debayer/set_parameters] /xtion/rgb/image_proc http://127.0.0.1:42625/
[rosmaster.master][INFO] 2025-12-04 20:22:45,116: +PUB [/rosout] /joystick_relay http://127.0.0.1:36433/
[rosmaster.master][INFO] 2025-12-04 20:22:45,118: +PUB [/xtion/rgb/image_proc_debayer/parameter_descriptions] /xtion/rgb/image_proc http://127.0.0.1:42625/
[rosmaster.master][INFO] 2025-12-04 20:22:45,119: +SUB [/clock] /home_gripper http://127.0.0.1:46027/
[rosmaster.master][INFO] 2025-12-04 20:22:45,120: +PUB [/xtion/rgb/image_proc_debayer/parameter_updates] /xtion/rgb/image_proc http://127.0.0.1:42625/
[rosmaster.master][INFO] 2025-12-04 20:22:45,123: +PARAM [/xtion/rgb/image_proc_debayer/debayer] by /xtion/rgb/image_proc
[rosmaster.master][INFO] 2025-12-04 20:22:45,124: +SERVICE [/home_gripper/get_loggers] /home_gripper http://127.0.0.1:46027/
[rosmaster.master][INFO] 2025-12-04 20:22:45,126: +PARAM [/xtion/rgb/image_proc_debayer/debayer] by /xtion/rgb/image_proc
[rosmaster.master][INFO] 2025-12-04 20:22:45,126: publisherUpdate[/rosout] -> http://127.0.0.1:39091/ ['http://127.0.0.1:41445/', 'http://127.0.0.1:33711/', 'http://127.0.0.1:44237/', 'http://127.0.0.1:46405/', 'http://127.0.0.1:41377/', 'http://127.0.0.1:36077/', 'http://127.0.0.1:38395/', 'http://127.0.0.1:34859/', 'http://127.0.0.1:43895/', 'http://127.0.0.1:33773/', 'http://127.0.0.1:42625/', 'http://127.0.0.1:46027/']
[rosmaster.master][INFO] 2025-12-04 20:22:45,130: +SUB [/clock] /joystick_relay http://127.0.0.1:36433/
[rosmaster.master][INFO] 2025-12-04 20:22:45,132: +SERVICE [/home_gripper/set_logger_level] /home_gripper http://127.0.0.1:46027/
[rosmaster.master][INFO] 2025-12-04 20:22:45,136: +CACHEDPARAM [/rosout_disable_topics_generation] by /home_gripper
[rosmaster.master][INFO] 2025-12-04 20:22:45,137: +SERVICE [/joystick_relay/get_loggers] /joystick_relay http://127.0.0.1:36433/
[rosmaster.master][INFO] 2025-12-04 20:22:45,140: +PUB [/gripper_controller/follow_joint_trajectory/goal] /home_gripper http://127.0.0.1:46027/
[rosmaster.master][INFO] 2025-12-04 20:22:45,141: +PUB [/gripper_controller/follow_joint_trajectory/cancel] /home_gripper http://127.0.0.1:46027/
[rosmaster.master][INFO] 2025-12-04 20:22:45,147: +PUB [/xtion/rgb/image_mono/compressedDepth] /xtion/rgb/image_proc http://127.0.0.1:42625/
[rosmaster.master][INFO] 2025-12-04 20:22:45,148: +SERVICE [/joystick_relay/set_logger_level] /joystick_relay http://127.0.0.1:36433/
[rosmaster.master][INFO] 2025-12-04 20:22:45,150: +SERVICE [/xtion/rgb/image_mono/compressedDepth/set_parameters] /xtion/rgb/image_proc http://127.0.0.1:42625/
[rosmaster.master][INFO] 2025-12-04 20:22:45,152: +SUB [/gripper_controller/follow_joint_trajectory/status] /home_gripper http://127.0.0.1:46027/
[rosmaster.master][INFO] 2025-12-04 20:22:45,153: +PUB [/xtion/rgb/image_mono/compressedDepth/parameter_descriptions] /xtion/rgb/image_proc http://127.0.0.1:42625/
[rosmaster.master][INFO] 2025-12-04 20:22:45,156: +SUB [/gripper_controller/follow_joint_trajectory/result] /home_gripper http://127.0.0.1:46027/
[rosmaster.master][INFO] 2025-12-04 20:22:45,178: +SUB [/gripper_controller/follow_joint_trajectory/feedback] /home_gripper http://127.0.0.1:46027/
[rosmaster.master][INFO] 2025-12-04 20:22:45,213: +PUB [/xtion/rgb/image_mono/compressedDepth/parameter_updates] /xtion/rgb/image_proc http://127.0.0.1:42625/
[rosmaster.master][INFO] 2025-12-04 20:22:45,214: publisherUpdate[/rosout] -> http://127.0.0.1:39091/ ['http://127.0.0.1:41445/', 'http://127.0.0.1:33711/', 'http://127.0.0.1:44237/', 'http://127.0.0.1:46405/', 'http://127.0.0.1:41377/', 'http://127.0.0.1:36077/', 'http://127.0.0.1:38395/', 'http://127.0.0.1:34859/', 'http://127.0.0.1:43895/', 'http://127.0.0.1:33773/', 'http://127.0.0.1:42625/', 'http://127.0.0.1:46027/']: sec=0.08, result=[1, '', 0]
[rosmaster.master][INFO] 2025-12-04 20:22:45,216: publisherUpdate[/rosout] -> http://127.0.0.1:39091/ ['http://127.0.0.1:41445/', 'http://127.0.0.1:33711/', 'http://127.0.0.1:44237/', 'http://127.0.0.1:46405/', 'http://127.0.0.1:41377/', 'http://127.0.0.1:36077/', 'http://127.0.0.1:38395/', 'http://127.0.0.1:34859/', 'http://127.0.0.1:43895/', 'http://127.0.0.1:33773/', 'http://127.0.0.1:42625/', 'http://127.0.0.1:46027/', 'http://127.0.0.1:36433/']
[rosmaster.master][INFO] 2025-12-04 20:22:45,217: +PUB [/rosout] /is_already_there http://127.0.0.1:34497/
[rosmaster.master][INFO] 2025-12-04 20:22:45,229: +PARAM [/xtion/rgb/image_mono/compressedDepth/format] by /xtion/rgb/image_proc
[rosmaster.master][INFO] 2025-12-04 20:22:45,231: publisherUpdate[/rosout] -> http://127.0.0.1:39091/ ['http://127.0.0.1:41445/', 'http://127.0.0.1:33711/', 'http://127.0.0.1:44237/', 'http://127.0.0.1:46405/', 'http://127.0.0.1:41377/', 'http://127.0.0.1:36077/', 'http://127.0.0.1:38395/', 'http://127.0.0.1:34859/', 'http://127.0.0.1:43895/', 'http://127.0.0.1:33773/', 'http://127.0.0.1:42625/', 'http://127.0.0.1:46027/', 'http://127.0.0.1:36433/']: sec=0.01, result=[1, '', 0]
[rosmaster.master][INFO] 2025-12-04 20:22:45,231: publisherUpdate[/rosout] -> http://127.0.0.1:39091/ ['http://127.0.0.1:41445/', 'http://127.0.0.1:33711/', 'http://127.0.0.1:44237/', 'http://127.0.0.1:46405/', 'http://127.0.0.1:41377/', 'http://127.0.0.1:36077/', 'http://127.0.0.1:38395/', 'http://127.0.0.1:34859/', 'http://127.0.0.1:43895/', 'http://127.0.0.1:33773/', 'http://127.0.0.1:42625/', 'http://127.0.0.1:46027/', 'http://127.0.0.1:36433/', 'http://127.0.0.1:34497/']
[rosmaster.master][INFO] 2025-12-04 20:22:45,233: +PARAM [/xtion/rgb/image_mono/compressedDepth/depth_max] by /xtion/rgb/image_proc
[rosmaster.master][INFO] 2025-12-04 20:22:45,234: publisherUpdate[/rosout] -> http://127.0.0.1:39091/ ['http://127.0.0.1:41445/', 'http://127.0.0.1:33711/', 'http://127.0.0.1:44237/', 'http://127.0.0.1:46405/', 'http://127.0.0.1:41377/', 'http://127.0.0.1:36077/', 'http://127.0.0.1:38395/', 'http://127.0.0.1:34859/', 'http://127.0.0.1:43895/', 'http://127.0.0.1:33773/', 'http://127.0.0.1:42625/', 'http://127.0.0.1:46027/', 'http://127.0.0.1:36433/', 'http://127.0.0.1:34497/']: sec=0.00, result=[1, '', 0]
[rosmaster.master][INFO] 2025-12-04 20:22:45,234: +SUB [/clock] /is_already_there http://127.0.0.1:34497/
[rosmaster.master][INFO] 2025-12-04 20:22:45,235: +PARAM [/xtion/rgb/image_mono/compressedDepth/depth_quantization] by /xtion/rgb/image_proc
[rosmaster.master][INFO] 2025-12-04 20:22:45,236: +PARAM [/xtion/rgb/image_mono/compressedDepth/png_level] by /xtion/rgb/image_proc
[rosmaster.master][INFO] 2025-12-04 20:22:45,237: +PUB [/text_marker] /joystick_relay http://127.0.0.1:36433/
[rosmaster.master][INFO] 2025-12-04 20:22:45,237: +PARAM [/xtion/rgb/image_mono/compressedDepth/format] by /xtion/rgb/image_proc
[rosmaster.master][INFO] 2025-12-04 20:22:45,238: +PARAM [/xtion/rgb/image_mono/compressedDepth/depth_max] by /xtion/rgb/image_proc
[rosmaster.master][INFO] 2025-12-04 20:22:45,239: +PUB [/joy_vel] /joystick_relay http://127.0.0.1:36433/
[rosmaster.master][INFO] 2025-12-04 20:22:45,239: +PARAM [/xtion/rgb/image_mono/compressedDepth/depth_quantization] by /xtion/rgb/image_proc
[rosmaster.master][INFO] 2025-12-04 20:22:45,240: +SERVICE [/is_already_there/get_loggers] /is_already_there http://127.0.0.1:34497/
[rosmaster.master][INFO] 2025-12-04 20:22:45,240: +PARAM [/xtion/rgb/image_mono/compressedDepth/png_level] by /xtion/rgb/image_proc
[rosmaster.master][INFO] 2025-12-04 20:22:45,242: +SUB [/input_joy/cmd_vel] /joystick_relay http://127.0.0.1:36433/
[rosmaster.master][INFO] 2025-12-04 20:22:45,242: +SERVICE [/is_already_there/set_logger_level] /is_already_there http://127.0.0.1:34497/
[rosmaster.master][INFO] 2025-12-04 20:22:45,243: +PUB [/joy_priority] /joystick_relay http://127.0.0.1:36433/
[rosmaster.master][INFO] 2025-12-04 20:22:45,244: +SERVICE [/play_motion/is_already_there] /is_already_there http://127.0.0.1:34497/
[rosmaster.master][INFO] 2025-12-04 20:22:45,245: +PUB [/xtion/rgb/image_mono/compressed] /xtion/rgb/image_proc http://127.0.0.1:42625/
[rosmaster.master][INFO] 2025-12-04 20:22:45,246: +SERVICE [/xtion/rgb/image_mono/compressed/set_parameters] /xtion/rgb/image_proc http://127.0.0.1:42625/
[rosmaster.master][INFO] 2025-12-04 20:22:45,247: +PUB [/xtion/rgb/image_mono/compressed/parameter_descriptions] /xtion/rgb/image_proc http://127.0.0.1:42625/
[rosmaster.master][INFO] 2025-12-04 20:22:45,247: +SUB [/joint_states] /is_already_there http://127.0.0.1:34497/
[rosmaster.master][INFO] 2025-12-04 20:22:45,248: +PUB [/xtion/rgb/image_mono/compressed/parameter_updates] /xtion/rgb/image_proc http://127.0.0.1:42625/
[rosmaster.master][INFO] 2025-12-04 20:22:45,249: publisherUpdate[/joy_vel] -> http://127.0.0.1:41377/ ['http://127.0.0.1:36433/']
[rosmaster.master][INFO] 2025-12-04 20:22:45,251: +PUB [/joy_priority_action/status] /joystick_relay http://127.0.0.1:36433/
[rosmaster.master][INFO] 2025-12-04 20:22:45,254: +PUB [/joy_priority_action/result] /joystick_relay http://127.0.0.1:36433/
[rosmaster.master][INFO] 2025-12-04 20:22:45,256: +PARAM [/xtion/rgb/image_mono/compressed/format] by /xtion/rgb/image_proc
[rosmaster.master][INFO] 2025-12-04 20:22:45,256: +PUB [/joy_priority_action/feedback] /joystick_relay http://127.0.0.1:36433/
[rosmaster.master][INFO] 2025-12-04 20:22:45,258: +PARAM [/xtion/rgb/image_mono/compressed/jpeg_quality] by /xtion/rgb/image_proc
[rosmaster.master][INFO] 2025-12-04 20:22:45,263: +PARAM [/xtion/rgb/image_mono/compressed/jpeg_progressive] by /xtion/rgb/image_proc
[rosmaster.master][INFO] 2025-12-04 20:22:45,264: +PARAM [/xtion/rgb/image_mono/compressed/jpeg_optimize] by /xtion/rgb/image_proc
[rosmaster.master][INFO] 2025-12-04 20:22:45,265: +PARAM [/xtion/rgb/image_mono/compressed/jpeg_restart_interval] by /xtion/rgb/image_proc
[rosmaster.master][INFO] 2025-12-04 20:22:45,266: +SUB [/joy_priority_action/goal] /joystick_relay http://127.0.0.1:36433/
[rosmaster.master][INFO] 2025-12-04 20:22:45,272: +PARAM [/xtion/rgb/image_mono/compressed/png_level] by /xtion/rgb/image_proc
[rosmaster.master][INFO] 2025-12-04 20:22:45,273: +PARAM [/xtion/rgb/image_mono/compressed/format] by /xtion/rgb/image_proc
[rosmaster.master][INFO] 2025-12-04 20:22:45,274: +SUB [/joy_priority_action/cancel] /joystick_relay http://127.0.0.1:36433/
[rosmaster.master][INFO] 2025-12-04 20:22:45,275: +PARAM [/xtion/rgb/image_mono/compressed/jpeg_quality] by /xtion/rgb/image_proc
[rosmaster.master][INFO] 2025-12-04 20:22:45,277: +PARAM [/xtion/rgb/image_mono/compressed/jpeg_progressive] by /xtion/rgb/image_proc
[rosmaster.master][INFO] 2025-12-04 20:22:45,280: +PARAM [/xtion/rgb/image_mono/compressed/jpeg_optimize] by /xtion/rgb/image_proc
[rosmaster.master][INFO] 2025-12-04 20:22:45,282: +PARAM [/xtion/rgb/image_mono/compressed/jpeg_restart_interval] by /xtion/rgb/image_proc
[rosmaster.master][INFO] 2025-12-04 20:22:45,283: +PARAM [/xtion/rgb/image_mono/compressed/png_level] by /xtion/rgb/image_proc
[rosmaster.master][INFO] 2025-12-04 20:22:45,286: +PUB [/xtion/rgb/image_mono] /xtion/rgb/image_proc http://127.0.0.1:42625/
[rosmaster.master][INFO] 2025-12-04 20:22:45,293: +PUB [/joy_turbo_increase/status] /joystick_relay http://127.0.0.1:36433/
[rosmaster.master][INFO] 2025-12-04 20:22:45,295: +PUB [/joy_turbo_increase/result] /joystick_relay http://127.0.0.1:36433/
[rosmaster.master][INFO] 2025-12-04 20:22:45,297: +PUB [/joy_turbo_increase/feedback] /joystick_relay http://127.0.0.1:36433/
[rosmaster.master][INFO] 2025-12-04 20:22:45,301: +PUB [/rosout] /dynamic_footprint_publisher http://127.0.0.1:36829/
[rosmaster.master][INFO] 2025-12-04 20:22:45,306: +SUB [/joy_turbo_increase/goal] /joystick_relay http://127.0.0.1:36433/
[rosmaster.master][INFO] 2025-12-04 20:22:45,310: +SUB [/joy_turbo_increase/cancel] /joystick_relay http://127.0.0.1:36433/
[rosmaster.master][INFO] 2025-12-04 20:22:45,317: +PUB [/xtion/rgb/image_mono/theora] /xtion/rgb/image_proc http://127.0.0.1:42625/
[rosmaster.master][INFO] 2025-12-04 20:22:45,331: +SERVICE [/xtion/rgb/image_mono/theora/set_parameters] /xtion/rgb/image_proc http://127.0.0.1:42625/
[rosmaster.master][INFO] 2025-12-04 20:22:45,335: publisherUpdate[/rosout] -> http://127.0.0.1:39091/ ['http://127.0.0.1:41445/', 'http://127.0.0.1:33711/', 'http://127.0.0.1:44237/', 'http://127.0.0.1:46405/', 'http://127.0.0.1:41377/', 'http://127.0.0.1:36077/', 'http://127.0.0.1:38395/', 'http://127.0.0.1:34859/', 'http://127.0.0.1:43895/', 'http://127.0.0.1:33773/', 'http://127.0.0.1:42625/', 'http://127.0.0.1:46027/', 'http://127.0.0.1:36433/', 'http://127.0.0.1:34497/', 'http://127.0.0.1:36829/']
[rosmaster.master][INFO] 2025-12-04 20:22:45,336: publisherUpdate[/rosout] -> http://127.0.0.1:39091/ ['http://127.0.0.1:41445/', 'http://127.0.0.1:33711/', 'http://127.0.0.1:44237/', 'http://127.0.0.1:46405/', 'http://127.0.0.1:41377/', 'http://127.0.0.1:36077/', 'http://127.0.0.1:38395/', 'http://127.0.0.1:34859/', 'http://127.0.0.1:43895/', 'http://127.0.0.1:33773/', 'http://127.0.0.1:42625/', 'http://127.0.0.1:46027/', 'http://127.0.0.1:36433/', 'http://127.0.0.1:34497/', 'http://127.0.0.1:36829/']: sec=0.00, result=[1, '', 0]
[rosmaster.master][INFO] 2025-12-04 20:22:45,337: +PUB [/xtion/rgb/image_mono/theora/parameter_descriptions] /xtion/rgb/image_proc http://127.0.0.1:42625/
[rosmaster.master][INFO] 2025-12-04 20:22:45,338: publisherUpdate[/joy_vel] -> http://127.0.0.1:41377/ ['http://127.0.0.1:36433/']: sec=0.09, result=[1, '', 0]
[rosmaster.master][INFO] 2025-12-04 20:22:45,342: publisherUpdate[/joy_priority] -> http://127.0.0.1:41377/ ['http://127.0.0.1:36433/']
[rosmaster.master][INFO] 2025-12-04 20:22:45,342: +SUB [/clock] /dynamic_footprint_publisher http://127.0.0.1:36829/
[rosmaster.master][INFO] 2025-12-04 20:22:45,343: +PUB [/xtion/rgb/image_mono/theora/parameter_updates] /xtion/rgb/image_proc http://127.0.0.1:42625/
[rosmaster.master][INFO] 2025-12-04 20:22:45,343: +PUB [/joy_turbo_decrease/status] /joystick_relay http://127.0.0.1:36433/
[rosmaster.master][INFO] 2025-12-04 20:22:45,344: +PUB [/joy_turbo_decrease/result] /joystick_relay http://127.0.0.1:36433/
[rosmaster.master][INFO] 2025-12-04 20:22:45,348: +PUB [/joy_turbo_decrease/feedback] /joystick_relay http://127.0.0.1:36433/
[rosmaster.master][INFO] 2025-12-04 20:22:45,346: publisherUpdate[/joy_priority] -> http://127.0.0.1:41377/ ['http://127.0.0.1:36433/']: sec=0.00, result=[1, '', 0]
[rosmaster.master][INFO] 2025-12-04 20:22:45,354: +SERVICE [/dynamic_footprint_publisher/get_loggers] /dynamic_footprint_publisher http://127.0.0.1:36829/
[rosmaster.master][INFO] 2025-12-04 20:22:45,357: +SERVICE [/dynamic_footprint_publisher/set_logger_level] /dynamic_footprint_publisher http://127.0.0.1:36829/
[rosmaster.master][INFO] 2025-12-04 20:22:45,358: +PARAM [/xtion/rgb/image_mono/theora/optimize_for] by /xtion/rgb/image_proc
[rosmaster.master][INFO] 2025-12-04 20:22:45,360: +PARAM [/xtion/rgb/image_mono/theora/target_bitrate] by /xtion/rgb/image_proc
[rosmaster.master][INFO] 2025-12-04 20:22:45,363: +SUB [/joy_turbo_decrease/goal] /joystick_relay http://127.0.0.1:36433/
[rosmaster.master][INFO] 2025-12-04 20:22:45,365: +PARAM [/xtion/rgb/image_mono/theora/quality] by /xtion/rgb/image_proc
[rosmaster.master][INFO] 2025-12-04 20:22:45,370: +PARAM [/xtion/rgb/image_mono/theora/keyframe_frequency] by /xtion/rgb/image_proc
[rosmaster.master][INFO] 2025-12-04 20:22:45,374: +PARAM [/xtion/rgb/image_mono/theora/optimize_for] by /xtion/rgb/image_proc
[rosmaster.master][INFO] 2025-12-04 20:22:45,371: +SUB [/joy_turbo_decrease/cancel] /joystick_relay http://127.0.0.1:36433/
[rosmaster.master][INFO] 2025-12-04 20:22:45,378: +PARAM [/xtion/rgb/image_mono/theora/target_bitrate] by /xtion/rgb/image_proc
[rosmaster.master][INFO] 2025-12-04 20:22:45,382: +PARAM [/xtion/rgb/image_mono/theora/quality] by /xtion/rgb/image_proc
[rosmaster.master][INFO] 2025-12-04 20:22:45,382: +PUB [/tf_stream/goal] /dynamic_footprint_publisher http://127.0.0.1:36829/
[rosmaster.master][INFO] 2025-12-04 20:22:45,386: +PUB [/tf_stream/cancel] /dynamic_footprint_publisher http://127.0.0.1:36829/
[rosmaster.master][INFO] 2025-12-04 20:22:45,385: +PARAM [/xtion/rgb/image_mono/theora/keyframe_frequency] by /xtion/rgb/image_proc
[rosmaster.master][INFO] 2025-12-04 20:22:45,390: +PUB [/joy_turbo_angular_increase/status] /joystick_relay http://127.0.0.1:36433/
[rosmaster.master][INFO] 2025-12-04 20:22:45,393: +PUB [/xtion/rgb/image_color/compressedDepth] /xtion/rgb/image_proc http://127.0.0.1:42625/
[rosmaster.master][INFO] 2025-12-04 20:22:45,396: +SERVICE [/xtion/rgb/image_color/compressedDepth/set_parameters] /xtion/rgb/image_proc http://127.0.0.1:42625/
[rosmaster.master][INFO] 2025-12-04 20:22:45,404: +PUB [/joy_turbo_angular_increase/result] /joystick_relay http://127.0.0.1:36433/
[rosmaster.master][INFO] 2025-12-04 20:22:45,405: +PUB [/joy_turbo_angular_increase/feedback] /joystick_relay http://127.0.0.1:36433/
[rosmaster.master][INFO] 2025-12-04 20:22:45,405: +SUB [/tf_stream/status] /dynamic_footprint_publisher http://127.0.0.1:36829/
[rosmaster.master][INFO] 2025-12-04 20:22:45,406: +PUB [/xtion/rgb/image_color/compressedDepth/parameter_descriptions] /xtion/rgb/image_proc http://127.0.0.1:42625/
[rosmaster.master][INFO] 2025-12-04 20:22:45,408: +SUB [/joy_turbo_angular_increase/goal] /joystick_relay http://127.0.0.1:36433/
[rosmaster.master][INFO] 2025-12-04 20:22:45,408: +PUB [/xtion/rgb/image_color/compressedDepth/parameter_updates] /xtion/rgb/image_proc http://127.0.0.1:42625/
[rosmaster.master][INFO] 2025-12-04 20:22:45,414: +SUB [/tf_stream/result] /dynamic_footprint_publisher http://127.0.0.1:36829/
[rosmaster.master][INFO] 2025-12-04 20:22:45,414: +SUB [/joy_turbo_angular_increase/cancel] /joystick_relay http://127.0.0.1:36433/
[rosmaster.master][INFO] 2025-12-04 20:22:45,415: +PARAM [/xtion/rgb/image_color/compressedDepth/format] by /xtion/rgb/image_proc
[rosmaster.master][INFO] 2025-12-04 20:22:45,416: +PARAM [/xtion/rgb/image_color/compressedDepth/depth_max] by /xtion/rgb/image_proc
[rosmaster.master][INFO] 2025-12-04 20:22:45,420: +PARAM [/xtion/rgb/image_color/compressedDepth/depth_quantization] by /xtion/rgb/image_proc
[rosmaster.master][INFO] 2025-12-04 20:22:45,420: +PARAM [/xtion/rgb/image_color/compressedDepth/png_level] by /xtion/rgb/image_proc
[rosmaster.master][INFO] 2025-12-04 20:22:45,422: +PARAM [/xtion/rgb/image_color/compressedDepth/format] by /xtion/rgb/image_proc
[rosmaster.master][INFO] 2025-12-04 20:22:45,422: +SUB [/tf_stream/feedback] /dynamic_footprint_publisher http://127.0.0.1:36829/
[rosmaster.master][INFO] 2025-12-04 20:22:45,423: +PARAM [/xtion/rgb/image_color/compressedDepth/depth_max] by /xtion/rgb/image_proc
[rosmaster.master][INFO] 2025-12-04 20:22:45,424: +PUB [/joy_turbo_angular_decrease/status] /joystick_relay http://127.0.0.1:36433/
[rosmaster.master][INFO] 2025-12-04 20:22:45,425: +PARAM [/xtion/rgb/image_color/compressedDepth/depth_quantization] by /xtion/rgb/image_proc
[rosmaster.master][INFO] 2025-12-04 20:22:45,425: +PUB [/dynamic_footprint_publisher/footprint] /dynamic_footprint_publisher http://127.0.0.1:36829/
[rosmaster.master][INFO] 2025-12-04 20:22:45,426: +PARAM [/xtion/rgb/image_color/compressedDepth/png_level] by /xtion/rgb/image_proc
[rosmaster.master][INFO] 2025-12-04 20:22:45,426: +PUB [/joy_turbo_angular_decrease/result] /joystick_relay http://127.0.0.1:36433/
[rosmaster.master][INFO] 2025-12-04 20:22:45,427: +PUB [/xtion/rgb/image_color/compressed] /xtion/rgb/image_proc http://127.0.0.1:42625/
[rosmaster.master][INFO] 2025-12-04 20:22:45,428: +PUB [/joy_turbo_angular_decrease/feedback] /joystick_relay http://127.0.0.1:36433/
[rosmaster.master][INFO] 2025-12-04 20:22:45,429: +SERVICE [/xtion/rgb/image_color/compressed/set_parameters] /xtion/rgb/image_proc http://127.0.0.1:42625/
[rosmaster.master][INFO] 2025-12-04 20:22:45,429: +PUB [/xtion/rgb/image_color/compressed/parameter_descriptions] /xtion/rgb/image_proc http://127.0.0.1:42625/
[rosmaster.master][INFO] 2025-12-04 20:22:45,430: +PUB [/dynamic_footprint_publisher/footprint_stamped] /dynamic_footprint_publisher http://127.0.0.1:36829/
[rosmaster.master][INFO] 2025-12-04 20:22:45,431: +PUB [/xtion/rgb/image_color/compressed/parameter_updates] /xtion/rgb/image_proc http://127.0.0.1:42625/
[rosmaster.master][INFO] 2025-12-04 20:22:45,432: +SERVICE [/dynamic_footprint_publisher/change_params] /dynamic_footprint_publisher http://127.0.0.1:36829/
[rosmaster.master][INFO] 2025-12-04 20:22:45,433: +SUB [/joy_turbo_angular_decrease/goal] /joystick_relay http://127.0.0.1:36433/
[rosmaster.master][INFO] 2025-12-04 20:22:45,435: +CACHEDPARAM [/rosout_disable_topics_generation] by /dynamic_footprint_publisher
[rosmaster.master][INFO] 2025-12-04 20:22:45,437: publisherUpdate[/tf_stream/goal] -> http://127.0.0.1:33711/ ['http://127.0.0.1:36829/']
[rosmaster.master][INFO] 2025-12-04 20:22:45,437: +PARAM [/xtion/rgb/image_color/compressed/format] by /xtion/rgb/image_proc
[rosmaster.master][INFO] 2025-12-04 20:22:45,438: +SUB [/joy_turbo_angular_decrease/cancel] /joystick_relay http://127.0.0.1:36433/
[rosmaster.master][INFO] 2025-12-04 20:22:45,439: +PARAM [/xtion/rgb/image_color/compressed/jpeg_quality] by /xtion/rgb/image_proc
[rosmaster.master][INFO] 2025-12-04 20:22:45,440: +PARAM [/xtion/rgb/image_color/compressed/jpeg_progressive] by /xtion/rgb/image_proc
[rosmaster.master][INFO] 2025-12-04 20:22:45,441: +PARAM [/xtion/rgb/image_color/compressed/jpeg_optimize] by /xtion/rgb/image_proc
[rosmaster.master][INFO] 2025-12-04 20:22:45,441: +PARAM [/xtion/rgb/image_color/compressed/jpeg_restart_interval] by /xtion/rgb/image_proc
[rosmaster.master][INFO] 2025-12-04 20:22:45,442: +PARAM [/xtion/rgb/image_color/compressed/png_level] by /xtion/rgb/image_proc
[rosmaster.master][INFO] 2025-12-04 20:22:45,442: +PARAM [/xtion/rgb/image_color/compressed/format] by /xtion/rgb/image_proc
[rosmaster.master][INFO] 2025-12-04 20:22:45,443: +PARAM [/xtion/rgb/image_color/compressed/jpeg_quality] by /xtion/rgb/image_proc
[rosmaster.master][INFO] 2025-12-04 20:22:45,444: +PARAM [/xtion/rgb/image_color/compressed/jpeg_progressive] by /xtion/rgb/image_proc
[rosmaster.master][INFO] 2025-12-04 20:22:45,445: +PARAM [/xtion/rgb/image_color/compressed/jpeg_optimize] by /xtion/rgb/image_proc
[rosmaster.master][INFO] 2025-12-04 20:22:45,446: +PARAM [/xtion/rgb/image_color/compressed/jpeg_restart_interval] by /xtion/rgb/image_proc
[rosmaster.master][INFO] 2025-12-04 20:22:45,447: +PARAM [/xtion/rgb/image_color/compressed/png_level] by /xtion/rgb/image_proc
[rosmaster.master][INFO] 2025-12-04 20:22:45,448: +PUB [/xtion/rgb/image_color] /xtion/rgb/image_proc http://127.0.0.1:42625/
[rosmaster.master][INFO] 2025-12-04 20:22:45,449: +PUB [/joy_turbo_reset/status] /joystick_relay http://127.0.0.1:36433/
[rosmaster.master][INFO] 2025-12-04 20:22:45,449: +PUB [/xtion/rgb/image_color/theora] /xtion/rgb/image_proc http://127.0.0.1:42625/
[rosmaster.master][INFO] 2025-12-04 20:22:45,450: +SERVICE [/xtion/rgb/image_color/theora/set_parameters] /xtion/rgb/image_proc http://127.0.0.1:42625/
[rosmaster.master][INFO] 2025-12-04 20:22:45,451: +PUB [/joy_turbo_reset/result] /joystick_relay http://127.0.0.1:36433/
[rosmaster.master][INFO] 2025-12-04 20:22:45,451: +PUB [/xtion/rgb/image_color/theora/parameter_descriptions] /xtion/rgb/image_proc http://127.0.0.1:42625/
[rosmaster.master][INFO] 2025-12-04 20:22:45,452: +PUB [/joy_turbo_reset/feedback] /joystick_relay http://127.0.0.1:36433/
[rosmaster.master][INFO] 2025-12-04 20:22:45,452: +PUB [/xtion/rgb/image_color/theora/parameter_updates] /xtion/rgb/image_proc http://127.0.0.1:42625/
[rosmaster.master][INFO] 2025-12-04 20:22:45,456: +PARAM [/xtion/rgb/image_color/theora/optimize_for] by /xtion/rgb/image_proc
[rosmaster.master][INFO] 2025-12-04 20:22:45,456: +SUB [/joy_turbo_reset/goal] /joystick_relay http://127.0.0.1:36433/
[rosmaster.master][INFO] 2025-12-04 20:22:45,457: +PARAM [/xtion/rgb/image_color/theora/target_bitrate] by /xtion/rgb/image_proc
[rosmaster.master][INFO] 2025-12-04 20:22:45,458: +PARAM [/xtion/rgb/image_color/theora/quality] by /xtion/rgb/image_proc
[rosmaster.master][INFO] 2025-12-04 20:22:45,458: +SUB [/joy_turbo_reset/cancel] /joystick_relay http://127.0.0.1:36433/
[rosmaster.master][INFO] 2025-12-04 20:22:45,459: +PARAM [/xtion/rgb/image_color/theora/keyframe_frequency] by /xtion/rgb/image_proc
[rosmaster.master][INFO] 2025-12-04 20:22:45,461: +PARAM [/xtion/rgb/image_color/theora/optimize_for] by /xtion/rgb/image_proc
[rosmaster.master][INFO] 2025-12-04 20:22:45,462: +PARAM [/xtion/rgb/image_color/theora/target_bitrate] by /xtion/rgb/image_proc
[rosmaster.master][INFO] 2025-12-04 20:22:45,464: +PARAM [/xtion/rgb/image_color/theora/quality] by /xtion/rgb/image_proc
[rosmaster.master][INFO] 2025-12-04 20:22:45,466: +PARAM [/xtion/rgb/image_color/theora/keyframe_frequency] by /xtion/rgb/image_proc
[rosmaster.master][INFO] 2025-12-04 20:22:45,469: +SERVICE [/xtion/rgb/image_proc_rectify_mono/set_parameters] /xtion/rgb/image_proc http://127.0.0.1:42625/
[rosmaster.master][INFO] 2025-12-04 20:22:45,471: +PUB [/xtion/rgb/image_proc_rectify_mono/parameter_descriptions] /xtion/rgb/image_proc http://127.0.0.1:42625/
[rosmaster.master][INFO] 2025-12-04 20:22:45,472: +SERVICE [/move_group/planning_scene_monitor/set_parameters] /move_group http://127.0.0.1:38395/
[rosmaster.master][INFO] 2025-12-04 20:22:45,473: +PUB [/xtion/rgb/image_proc_rectify_mono/parameter_updates] /xtion/rgb/image_proc http://127.0.0.1:42625/
[rosmaster.master][INFO] 2025-12-04 20:22:45,474: +PUB [/move_group/planning_scene_monitor/parameter_descriptions] /move_group http://127.0.0.1:38395/
[rosmaster.master][INFO] 2025-12-04 20:22:45,475: +PARAM [/xtion/rgb/image_proc_rectify_mono/interpolation] by /xtion/rgb/image_proc
[rosmaster.master][INFO] 2025-12-04 20:22:45,475: +PARAM [/xtion/rgb/image_proc_rectify_mono/interpolation] by /xtion/rgb/image_proc
[rosmaster.master][INFO] 2025-12-04 20:22:45,477: +PUB [/xtion/rgb/image_rect/compressedDepth] /xtion/rgb/image_proc http://127.0.0.1:42625/
[rosmaster.master][INFO] 2025-12-04 20:22:45,477: +PUB [/move_group/planning_scene_monitor/parameter_updates] /move_group http://127.0.0.1:38395/
[rosmaster.master][INFO] 2025-12-04 20:22:45,482: +SERVICE [/xtion/rgb/image_rect/compressedDepth/set_parameters] /xtion/rgb/image_proc http://127.0.0.1:42625/
[rosmaster.master][INFO] 2025-12-04 20:22:45,487: +PUB [/xtion/rgb/image_rect/compressedDepth/parameter_descriptions] /xtion/rgb/image_proc http://127.0.0.1:42625/
[rosmaster.master][INFO] 2025-12-04 20:22:45,492: +PUB [/xtion/rgb/image_rect/compressedDepth/parameter_updates] /xtion/rgb/image_proc http://127.0.0.1:42625/
[rosmaster.master][INFO] 2025-12-04 20:22:45,493: +PARAM [/move_group/planning_scene_monitor/publish_planning_scene] by /move_group
[rosmaster.master][INFO] 2025-12-04 20:22:45,495: +PARAM [/move_group/planning_scene_monitor/publish_planning_scene_hz] by /move_group
[rosmaster.master][INFO] 2025-12-04 20:22:45,496: +PARAM [/move_group/planning_scene_monitor/publish_geometry_updates] by /move_group
[rosmaster.master][INFO] 2025-12-04 20:22:45,496: +PARAM [/xtion/rgb/image_rect/compressedDepth/format] by /xtion/rgb/image_proc
[rosmaster.master][INFO] 2025-12-04 20:22:45,497: +PARAM [/xtion/rgb/image_rect/compressedDepth/depth_max] by /xtion/rgb/image_proc
[rosmaster.master][INFO] 2025-12-04 20:22:45,498: +PARAM [/move_group/planning_scene_monitor/publish_state_updates] by /move_group
[rosmaster.master][INFO] 2025-12-04 20:22:45,498: +PARAM [/move_group/planning_scene_monitor/publish_transforms_updates] by /move_group
[rosmaster.master][INFO] 2025-12-04 20:22:45,499: +PARAM [/xtion/rgb/image_rect/compressedDepth/depth_quantization] by /xtion/rgb/image_proc
[rosmaster.master][INFO] 2025-12-04 20:22:45,499: +PARAM [/xtion/rgb/image_rect/compressedDepth/png_level] by /xtion/rgb/image_proc
[rosmaster.master][INFO] 2025-12-04 20:22:45,500: +PUB [/move_group/monitored_planning_scene] /move_group http://127.0.0.1:38395/
[rosmaster.master][INFO] 2025-12-04 20:22:45,501: +PARAM [/move_group/planning_scene_monitor/publish_planning_scene] by /move_group
[rosmaster.master][INFO] 2025-12-04 20:22:45,501: +PARAM [/xtion/rgb/image_rect/compressedDepth/format] by /xtion/rgb/image_proc
[rosmaster.master][INFO] 2025-12-04 20:22:45,502: +PARAM [/xtion/rgb/image_rect/compressedDepth/depth_max] by /xtion/rgb/image_proc
[rosmaster.master][INFO] 2025-12-04 20:22:45,502: +PARAM [/move_group/planning_scene_monitor/publish_planning_scene_hz] by /move_group
[rosmaster.master][INFO] 2025-12-04 20:22:45,503: +PARAM [/xtion/rgb/image_rect/compressedDepth/depth_quantization] by /xtion/rgb/image_proc
[rosmaster.master][INFO] 2025-12-04 20:22:45,504: +PARAM [/move_group/planning_scene_monitor/publish_geometry_updates] by /move_group
[rosmaster.master][INFO] 2025-12-04 20:22:45,504: +PARAM [/xtion/rgb/image_rect/compressedDepth/png_level] by /xtion/rgb/image_proc
[rosmaster.master][INFO] 2025-12-04 20:22:45,505: +PARAM [/move_group/planning_scene_monitor/publish_state_updates] by /move_group
[rosmaster.master][INFO] 2025-12-04 20:22:45,506: +PUB [/xtion/rgb/image_rect/compressed] /xtion/rgb/image_proc http://127.0.0.1:42625/
[rosmaster.master][INFO] 2025-12-04 20:22:45,506: +PARAM [/move_group/planning_scene_monitor/publish_transforms_updates] by /move_group
[rosmaster.master][INFO] 2025-12-04 20:22:45,507: +SERVICE [/xtion/rgb/image_rect/compressed/set_parameters] /xtion/rgb/image_proc http://127.0.0.1:42625/
[rosmaster.master][INFO] 2025-12-04 20:22:45,508: +PUB [/xtion/rgb/image_rect/compressed/parameter_descriptions] /xtion/rgb/image_proc http://127.0.0.1:42625/
[rosmaster.master][INFO] 2025-12-04 20:22:45,510: +PUB [/xtion/rgb/image_rect/compressed/parameter_updates] /xtion/rgb/image_proc http://127.0.0.1:42625/
[rosmaster.master][INFO] 2025-12-04 20:22:45,511: +PUB [/rosout] /bringup_controllers_spawner_imu http://127.0.0.1:37107/
[rosmaster.master][INFO] 2025-12-04 20:22:45,513: +SUB [/joint_states] /move_group http://127.0.0.1:38395/
[rosmaster.master][INFO] 2025-12-04 20:22:45,518: +SUB [/clock] /bringup_controllers_spawner_imu http://127.0.0.1:37107/
[rosmaster.master][INFO] 2025-12-04 20:22:45,521: +PARAM [/xtion/rgb/image_rect/compressed/format] by /xtion/rgb/image_proc
[rosmaster.master][INFO] 2025-12-04 20:22:45,522: +SUB [/attached_collision_object] /move_group http://127.0.0.1:38395/
[rosmaster.master][INFO] 2025-12-04 20:22:45,523: +PARAM [/xtion/rgb/image_rect/compressed/jpeg_quality] by /xtion/rgb/image_proc
[rosmaster.master][INFO] 2025-12-04 20:22:45,523: +SERVICE [/bringup_controllers_spawner_imu/get_loggers] /bringup_controllers_spawner_imu http://127.0.0.1:37107/
[rosmaster.master][INFO] 2025-12-04 20:22:45,525: +PARAM [/xtion/rgb/image_rect/compressed/jpeg_progressive] by /xtion/rgb/image_proc
[rosmaster.master][INFO] 2025-12-04 20:22:45,527: +SERVICE [/bringup_controllers_spawner_imu/set_logger_level] /bringup_controllers_spawner_imu http://127.0.0.1:37107/
[rosmaster.master][INFO] 2025-12-04 20:22:45,528: +PARAM [/xtion/rgb/image_rect/compressed/jpeg_optimize] by /xtion/rgb/image_proc
[rosmaster.master][INFO] 2025-12-04 20:22:45,529: +PARAM [/xtion/rgb/image_rect/compressed/jpeg_restart_interval] by /xtion/rgb/image_proc
[rosmaster.master][INFO] 2025-12-04 20:22:45,535: +CACHEDPARAM [/rosout_disable_topics_generation] by /bringup_controllers_spawner_imu
[rosmaster.master][INFO] 2025-12-04 20:22:45,535: publisherUpdate[/tf_stream/goal] -> http://127.0.0.1:33711/ ['http://127.0.0.1:36829/']: sec=0.10, result=[1, '', 0]
[rosmaster.master][INFO] 2025-12-04 20:22:45,538: publisherUpdate[/tf_stream/cancel] -> http://127.0.0.1:33711/ ['http://127.0.0.1:36829/']
[rosmaster.master][INFO] 2025-12-04 20:22:45,538: +SUB [/planning_scene] /move_group http://127.0.0.1:38395/
[rosmaster.master][INFO] 2025-12-04 20:22:45,537: +PARAM [/xtion/rgb/image_rect/compressed/png_level] by /xtion/rgb/image_proc
[rosmaster.master][INFO] 2025-12-04 20:22:45,541: publisherUpdate[/rosout] -> http://127.0.0.1:39091/ ['http://127.0.0.1:41445/', 'http://127.0.0.1:33711/', 'http://127.0.0.1:44237/', 'http://127.0.0.1:46405/', 'http://127.0.0.1:41377/', 'http://127.0.0.1:36077/', 'http://127.0.0.1:38395/', 'http://127.0.0.1:34859/', 'http://127.0.0.1:43895/', 'http://127.0.0.1:33773/', 'http://127.0.0.1:42625/', 'http://127.0.0.1:46027/', 'http://127.0.0.1:36433/', 'http://127.0.0.1:34497/', 'http://127.0.0.1:36829/', 'http://127.0.0.1:37107/']
[rosmaster.master][INFO] 2025-12-04 20:22:45,541: +PARAM [/xtion/rgb/image_rect/compressed/format] by /xtion/rgb/image_proc
[rosmaster.master][INFO] 2025-12-04 20:22:45,542: +PARAM [/xtion/rgb/image_rect/compressed/jpeg_quality] by /xtion/rgb/image_proc
[rosmaster.master][INFO] 2025-12-04 20:22:45,543: +SUB [/collision_object] /move_group http://127.0.0.1:38395/
[rosmaster.master][INFO] 2025-12-04 20:22:45,543: +PARAM [/xtion/rgb/image_rect/compressed/jpeg_progressive] by /xtion/rgb/image_proc
[rosmaster.master][INFO] 2025-12-04 20:22:45,544: publisherUpdate[/rosout] -> http://127.0.0.1:39091/ ['http://127.0.0.1:41445/', 'http://127.0.0.1:33711/', 'http://127.0.0.1:44237/', 'http://127.0.0.1:46405/', 'http://127.0.0.1:41377/', 'http://127.0.0.1:36077/', 'http://127.0.0.1:38395/', 'http://127.0.0.1:34859/', 'http://127.0.0.1:43895/', 'http://127.0.0.1:33773/', 'http://127.0.0.1:42625/', 'http://127.0.0.1:46027/', 'http://127.0.0.1:36433/', 'http://127.0.0.1:34497/', 'http://127.0.0.1:36829/', 'http://127.0.0.1:37107/']: sec=0.00, result=[1, '', 0]
[rosmaster.master][INFO] 2025-12-04 20:22:45,545: +PARAM [/xtion/rgb/image_rect/compressed/jpeg_optimize] by /xtion/rgb/image_proc
[rosmaster.master][INFO] 2025-12-04 20:22:45,546: +PARAM [/xtion/rgb/image_rect/compressed/jpeg_restart_interval] by /xtion/rgb/image_proc
[rosmaster.master][INFO] 2025-12-04 20:22:45,547: +PARAM [/xtion/rgb/image_rect/compressed/png_level] by /xtion/rgb/image_proc
[rosmaster.master][INFO] 2025-12-04 20:22:45,547: +SUB [/planning_scene_world] /move_group http://127.0.0.1:38395/
[rosmaster.master][INFO] 2025-12-04 20:22:45,548: +PUB [/xtion/rgb/image_rect] /xtion/rgb/image_proc http://127.0.0.1:42625/
[rosmaster.master][INFO] 2025-12-04 20:22:45,550: +PUB [/xtion/rgb/image_rect/theora] /xtion/rgb/image_proc http://127.0.0.1:42625/
[rosmaster.master][INFO] 2025-12-04 20:22:45,552: +SERVICE [/xtion/rgb/image_rect/theora/set_parameters] /xtion/rgb/image_proc http://127.0.0.1:42625/
[rosmaster.master][INFO] 2025-12-04 20:22:45,552: +SERVICE [/move_group/save_map] /move_group http://127.0.0.1:38395/
[rosmaster.master][INFO] 2025-12-04 20:22:45,552: +PUB [/xtion/rgb/image_rect/theora/parameter_descriptions] /xtion/rgb/image_proc http://127.0.0.1:42625/
[rosmaster.master][INFO] 2025-12-04 20:22:45,553: +SERVICE [/move_group/load_map] /move_group http://127.0.0.1:38395/
[rosmaster.master][INFO] 2025-12-04 20:22:45,553: +PUB [/xtion/rgb/image_rect/theora/parameter_updates] /xtion/rgb/image_proc http://127.0.0.1:42625/
[rosmaster.master][INFO] 2025-12-04 20:22:45,556: +PARAM [/xtion/rgb/image_rect/theora/optimize_for] by /xtion/rgb/image_proc
[rosmaster.master][INFO] 2025-12-04 20:22:45,557: +PARAM [/xtion/rgb/image_rect/theora/target_bitrate] by /xtion/rgb/image_proc
[rosmaster.master][INFO] 2025-12-04 20:22:45,558: +PARAM [/xtion/rgb/image_rect/theora/quality] by /xtion/rgb/image_proc
[rosmaster.master][INFO] 2025-12-04 20:22:45,559: +PARAM [/xtion/rgb/image_rect/theora/keyframe_frequency] by /xtion/rgb/image_proc
[rosmaster.master][INFO] 2025-12-04 20:22:45,561: +PARAM [/xtion/rgb/image_rect/theora/optimize_for] by /xtion/rgb/image_proc
[rosmaster.master][INFO] 2025-12-04 20:22:45,562: +PARAM [/xtion/rgb/image_rect/theora/target_bitrate] by /xtion/rgb/image_proc
[rosmaster.master][INFO] 2025-12-04 20:22:45,563: +PARAM [/xtion/rgb/image_rect/theora/quality] by /xtion/rgb/image_proc
[rosmaster.master][INFO] 2025-12-04 20:22:45,564: +PARAM [/xtion/rgb/image_rect/theora/keyframe_frequency] by /xtion/rgb/image_proc
[rosmaster.master][INFO] 2025-12-04 20:22:45,568: +SERVICE [/xtion/rgb/image_proc_rectify_color/set_parameters] /xtion/rgb/image_proc http://127.0.0.1:42625/
[rosmaster.master][INFO] 2025-12-04 20:22:45,569: +PUB [/xtion/rgb/image_proc_rectify_color/parameter_descriptions] /xtion/rgb/image_proc http://127.0.0.1:42625/
[rosmaster.master][INFO] 2025-12-04 20:22:45,571: +PUB [/xtion/rgb/image_proc_rectify_color/parameter_updates] /xtion/rgb/image_proc http://127.0.0.1:42625/
[rosmaster.master][INFO] 2025-12-04 20:22:45,572: +PARAM [/xtion/rgb/image_proc_rectify_color/interpolation] by /xtion/rgb/image_proc
[rosmaster.master][INFO] 2025-12-04 20:22:45,573: publisherUpdate[/tf_stream/cancel] -> http://127.0.0.1:33711/ ['http://127.0.0.1:36829/']: sec=0.03, result=[1, '', 0]
[rosmaster.master][INFO] 2025-12-04 20:22:45,575: +PARAM [/xtion/rgb/image_proc_rectify_color/interpolation] by /xtion/rgb/image_proc
[rosmaster.master][INFO] 2025-12-04 20:22:45,576: +PUB [/rosout] /bringup_controllers_spawner_ft http://127.0.0.1:36765/
[rosmaster.master][INFO] 2025-12-04 20:22:45,577: +PUB [/xtion/rgb/image_rect_color/compressedDepth] /xtion/rgb/image_proc http://127.0.0.1:42625/
[rosmaster.master][INFO] 2025-12-04 20:22:45,577: +SERVICE [/xtion/rgb/image_rect_color/compressedDepth/set_parameters] /xtion/rgb/image_proc http://127.0.0.1:42625/
[rosmaster.master][INFO] 2025-12-04 20:22:45,578: +PUB [/xtion/rgb/image_rect_color/compressedDepth/parameter_descriptions] /xtion/rgb/image_proc http://127.0.0.1:42625/
[rosmaster.master][INFO] 2025-12-04 20:22:45,579: +PUB [/xtion/rgb/image_rect_color/compressedDepth/parameter_updates] /xtion/rgb/image_proc http://127.0.0.1:42625/
[rosmaster.master][INFO] 2025-12-04 20:22:45,581: +PARAM [/xtion/rgb/image_rect_color/compressedDepth/format] by /xtion/rgb/image_proc
[rosmaster.master][INFO] 2025-12-04 20:22:45,581: +PARAM [/xtion/rgb/image_rect_color/compressedDepth/depth_max] by /xtion/rgb/image_proc
[rosmaster.master][INFO] 2025-12-04 20:22:45,582: +SUB [/clock] /bringup_controllers_spawner_ft http://127.0.0.1:36765/
[rosmaster.master][INFO] 2025-12-04 20:22:45,582: +PARAM [/xtion/rgb/image_rect_color/compressedDepth/depth_quantization] by /xtion/rgb/image_proc
[rosmaster.master][INFO] 2025-12-04 20:22:45,583: +PARAM [/xtion/rgb/image_rect_color/compressedDepth/png_level] by /xtion/rgb/image_proc
[rosmaster.master][INFO] 2025-12-04 20:22:45,583: +PARAM [/xtion/rgb/image_rect_color/compressedDepth/format] by /xtion/rgb/image_proc
[rosmaster.master][INFO] 2025-12-04 20:22:45,584: +PARAM [/xtion/rgb/image_rect_color/compressedDepth/depth_max] by /xtion/rgb/image_proc
[rosmaster.master][INFO] 2025-12-04 20:22:45,584: +SERVICE [/bringup_controllers_spawner_ft/get_loggers] /bringup_controllers_spawner_ft http://127.0.0.1:36765/
[rosmaster.master][INFO] 2025-12-04 20:22:45,585: +PARAM [/xtion/rgb/image_rect_color/compressedDepth/depth_quantization] by /xtion/rgb/image_proc
[rosmaster.master][INFO] 2025-12-04 20:22:45,585: +PARAM [/xtion/rgb/image_rect_color/compressedDepth/png_level] by /xtion/rgb/image_proc
[rosmaster.master][INFO] 2025-12-04 20:22:45,586: +SERVICE [/bringup_controllers_spawner_ft/set_logger_level] /bringup_controllers_spawner_ft http://127.0.0.1:36765/
[rosmaster.master][INFO] 2025-12-04 20:22:45,586: +PUB [/xtion/rgb/image_rect_color/compressed] /xtion/rgb/image_proc http://127.0.0.1:42625/
[rosmaster.master][INFO] 2025-12-04 20:22:45,587: +SERVICE [/xtion/rgb/image_rect_color/compressed/set_parameters] /xtion/rgb/image_proc http://127.0.0.1:42625/
[rosmaster.master][INFO] 2025-12-04 20:22:45,587: +CACHEDPARAM [/rosout_disable_topics_generation] by /bringup_controllers_spawner_ft
[rosmaster.master][INFO] 2025-12-04 20:22:45,588: +PUB [/xtion/rgb/image_rect_color/compressed/parameter_descriptions] /xtion/rgb/image_proc http://127.0.0.1:42625/
[rosmaster.master][INFO] 2025-12-04 20:22:45,588: +PUB [/xtion/rgb/image_rect_color/compressed/parameter_updates] /xtion/rgb/image_proc http://127.0.0.1:42625/
[rosmaster.master][INFO] 2025-12-04 20:22:45,591: +PARAM [/xtion/rgb/image_rect_color/compressed/format] by /xtion/rgb/image_proc
[rosmaster.master][INFO] 2025-12-04 20:22:45,593: +PARAM [/xtion/rgb/image_rect_color/compressed/jpeg_quality] by /xtion/rgb/image_proc
[rosmaster.master][INFO] 2025-12-04 20:22:45,594: +PARAM [/xtion/rgb/image_rect_color/compressed/jpeg_progressive] by /xtion/rgb/image_proc
[rosmaster.master][INFO] 2025-12-04 20:22:45,595: +PARAM [/xtion/rgb/image_rect_color/compressed/jpeg_optimize] by /xtion/rgb/image_proc
[rosmaster.master][INFO] 2025-12-04 20:22:45,596: +PARAM [/xtion/rgb/image_rect_color/compressed/jpeg_restart_interval] by /xtion/rgb/image_proc
[rosmaster.master][INFO] 2025-12-04 20:22:45,596: +PARAM [/xtion/rgb/image_rect_color/compressed/png_level] by /xtion/rgb/image_proc
[rosmaster.master][INFO] 2025-12-04 20:22:45,597: +PARAM [/xtion/rgb/image_rect_color/compressed/format] by /xtion/rgb/image_proc
[rosmaster.master][INFO] 2025-12-04 20:22:45,597: +PARAM [/xtion/rgb/image_rect_color/compressed/jpeg_quality] by /xtion/rgb/image_proc
[rosmaster.master][INFO] 2025-12-04 20:22:45,598: +PARAM [/xtion/rgb/image_rect_color/compressed/jpeg_progressive] by /xtion/rgb/image_proc
[rosmaster.master][INFO] 2025-12-04 20:22:45,599: +PARAM [/xtion/rgb/image_rect_color/compressed/jpeg_optimize] by /xtion/rgb/image_proc
[rosmaster.master][INFO] 2025-12-04 20:22:45,599: +PARAM [/xtion/rgb/image_rect_color/compressed/jpeg_restart_interval] by /xtion/rgb/image_proc
[rosmaster.master][INFO] 2025-12-04 20:22:45,600: +PARAM [/xtion/rgb/image_rect_color/compressed/png_level] by /xtion/rgb/image_proc
[rosmaster.master][INFO] 2025-12-04 20:22:45,601: +PUB [/xtion/rgb/image_rect_color] /xtion/rgb/image_proc http://127.0.0.1:42625/
[rosmaster.master][INFO] 2025-12-04 20:22:45,602: +PUB [/xtion/rgb/image_rect_color/theora] /xtion/rgb/image_proc http://127.0.0.1:42625/
[rosmaster.master][INFO] 2025-12-04 20:22:45,603: +SERVICE [/xtion/rgb/image_rect_color/theora/set_parameters] /xtion/rgb/image_proc http://127.0.0.1:42625/
[rosmaster.master][INFO] 2025-12-04 20:22:45,604: +PUB [/xtion/rgb/image_rect_color/theora/parameter_descriptions] /xtion/rgb/image_proc http://127.0.0.1:42625/
[rosmaster.master][INFO] 2025-12-04 20:22:45,605: +PUB [/xtion/rgb/image_rect_color/theora/parameter_updates] /xtion/rgb/image_proc http://127.0.0.1:42625/
[rosmaster.master][INFO] 2025-12-04 20:22:45,607: +PARAM [/xtion/rgb/image_rect_color/theora/optimize_for] by /xtion/rgb/image_proc
[rosmaster.master][INFO] 2025-12-04 20:22:45,608: +PARAM [/xtion/rgb/image_rect_color/theora/target_bitrate] by /xtion/rgb/image_proc
[rosmaster.master][INFO] 2025-12-04 20:22:45,609: +PARAM [/xtion/rgb/image_rect_color/theora/quality] by /xtion/rgb/image_proc
[rosmaster.master][INFO] 2025-12-04 20:22:45,610: +PARAM [/xtion/rgb/image_rect_color/theora/keyframe_frequency] by /xtion/rgb/image_proc
[rosmaster.master][INFO] 2025-12-04 20:22:45,610: +PUB [/rosout] /gripper_controllers_spawner http://127.0.0.1:36591/
[rosmaster.master][INFO] 2025-12-04 20:22:45,612: +PARAM [/xtion/rgb/image_rect_color/theora/optimize_for] by /xtion/rgb/image_proc
[rosmaster.master][INFO] 2025-12-04 20:22:45,612: +PARAM [/xtion/rgb/image_rect_color/theora/target_bitrate] by /xtion/rgb/image_proc
[rosmaster.master][INFO] 2025-12-04 20:22:45,613: +PARAM [/xtion/rgb/image_rect_color/theora/quality] by /xtion/rgb/image_proc
[rosmaster.master][INFO] 2025-12-04 20:22:45,614: +PARAM [/xtion/rgb/image_rect_color/theora/keyframe_frequency] by /xtion/rgb/image_proc
[rosmaster.master][INFO] 2025-12-04 20:22:45,615: +SUB [/clock] /gripper_controllers_spawner http://127.0.0.1:36591/
[rosmaster.master][INFO] 2025-12-04 20:22:45,618: +CACHEDPARAM [/rosout_disable_topics_generation] by /xtion/rgb/image_proc
[rosmaster.master][INFO] 2025-12-04 20:22:45,619: +PUB [/rosout] /tuck_arm http://127.0.0.1:44707/
[rosmaster.master][INFO] 2025-12-04 20:22:45,622: +SERVICE [/gripper_controllers_spawner/get_loggers] /gripper_controllers_spawner http://127.0.0.1:36591/
[rosmaster.master][INFO] 2025-12-04 20:22:45,623: +SERVICE [/gripper_controllers_spawner/set_logger_level] /gripper_controllers_spawner http://127.0.0.1:36591/
[rosmaster.master][INFO] 2025-12-04 20:22:45,626: +CACHEDPARAM [/rosout_disable_topics_generation] by /gripper_controllers_spawner
[rosmaster.master][INFO] 2025-12-04 20:22:45,630: +SUB [/clock] /tuck_arm http://127.0.0.1:44707/
[rosmaster.master][INFO] 2025-12-04 20:22:45,631: +PUB [/rosout] /default_controllers_spawner http://127.0.0.1:33799/
[rosmaster.master][INFO] 2025-12-04 20:22:45,633: +SERVICE [/tuck_arm/get_loggers] /tuck_arm http://127.0.0.1:44707/
[rosmaster.master][INFO] 2025-12-04 20:22:45,636: +SERVICE [/tuck_arm/set_logger_level] /tuck_arm http://127.0.0.1:44707/
[rosmaster.master][INFO] 2025-12-04 20:22:45,636: +SERVICE [/move_group/ompl/set_parameters] /move_group http://127.0.0.1:38395/
[rosmaster.master][INFO] 2025-12-04 20:22:45,637: +CACHEDPARAM [/rosout_disable_topics_generation] by /tuck_arm
[rosmaster.master][INFO] 2025-12-04 20:22:45,639: +PUB [/move_group/ompl/parameter_descriptions] /move_group http://127.0.0.1:38395/
[rosmaster.master][INFO] 2025-12-04 20:22:45,639: +SUB [/clock] /default_controllers_spawner http://127.0.0.1:33799/
[rosmaster.master][INFO] 2025-12-04 20:22:45,640: +PUB [/move_group/ompl/parameter_updates] /move_group http://127.0.0.1:38395/
[rosmaster.master][INFO] 2025-12-04 20:22:45,641: +PUB [/play_motion/goal] /tuck_arm http://127.0.0.1:44707/
[rosmaster.master][INFO] 2025-12-04 20:22:45,642: +SERVICE [/default_controllers_spawner/get_loggers] /default_controllers_spawner http://127.0.0.1:33799/
[rosmaster.master][INFO] 2025-12-04 20:22:45,643: +PUB [/play_motion/cancel] /tuck_arm http://127.0.0.1:44707/
[rosmaster.master][INFO] 2025-12-04 20:22:45,644: +SERVICE [/default_controllers_spawner/set_logger_level] /default_controllers_spawner http://127.0.0.1:33799/
[rosmaster.master][INFO] 2025-12-04 20:22:45,645: +PARAM [/move_group/ompl/simplify_solutions] by /move_group
[rosmaster.master][INFO] 2025-12-04 20:22:45,645: publisherUpdate[/rosout] -> http://127.0.0.1:39091/ ['http://127.0.0.1:41445/', 'http://127.0.0.1:33711/', 'http://127.0.0.1:44237/', 'http://127.0.0.1:46405/', 'http://127.0.0.1:41377/', 'http://127.0.0.1:36077/', 'http://127.0.0.1:38395/', 'http://127.0.0.1:34859/', 'http://127.0.0.1:43895/', 'http://127.0.0.1:33773/', 'http://127.0.0.1:42625/', 'http://127.0.0.1:46027/', 'http://127.0.0.1:36433/', 'http://127.0.0.1:34497/', 'http://127.0.0.1:36829/', 'http://127.0.0.1:37107/', 'http://127.0.0.1:36765/']
[rosmaster.master][INFO] 2025-12-04 20:22:45,646: +SUB [/play_motion/status] /tuck_arm http://127.0.0.1:44707/
[rosmaster.master][INFO] 2025-12-04 20:22:45,646: +PARAM [/move_group/ompl/minimum_waypoint_count] by /move_group
[rosmaster.master][INFO] 2025-12-04 20:22:45,647: +CACHEDPARAM [/rosout_disable_topics_generation] by /default_controllers_spawner
[rosmaster.master][INFO] 2025-12-04 20:22:45,648: publisherUpdate[/rosout] -> http://127.0.0.1:39091/ ['http://127.0.0.1:41445/', 'http://127.0.0.1:33711/', 'http://127.0.0.1:44237/', 'http://127.0.0.1:46405/', 'http://127.0.0.1:41377/', 'http://127.0.0.1:36077/', 'http://127.0.0.1:38395/', 'http://127.0.0.1:34859/', 'http://127.0.0.1:43895/', 'http://127.0.0.1:33773/', 'http://127.0.0.1:42625/', 'http://127.0.0.1:46027/', 'http://127.0.0.1:36433/', 'http://127.0.0.1:34497/', 'http://127.0.0.1:36829/', 'http://127.0.0.1:37107/', 'http://127.0.0.1:36765/']: sec=0.00, result=[1, '', 0]
[rosmaster.master][INFO] 2025-12-04 20:22:45,648: +PARAM [/move_group/ompl/maximum_waypoint_distance] by /move_group
[rosmaster.master][INFO] 2025-12-04 20:22:45,649: publisherUpdate[/rosout] -> http://127.0.0.1:39091/ ['http://127.0.0.1:41445/', 'http://127.0.0.1:33711/', 'http://127.0.0.1:44237/', 'http://127.0.0.1:46405/', 'http://127.0.0.1:41377/', 'http://127.0.0.1:36077/', 'http://127.0.0.1:38395/', 'http://127.0.0.1:34859/', 'http://127.0.0.1:43895/', 'http://127.0.0.1:33773/', 'http://127.0.0.1:42625/', 'http://127.0.0.1:46027/', 'http://127.0.0.1:36433/', 'http://127.0.0.1:34497/', 'http://127.0.0.1:36829/', 'http://127.0.0.1:37107/', 'http://127.0.0.1:36765/', 'http://127.0.0.1:36591/']
[rosmaster.master][INFO] 2025-12-04 20:22:45,652: +SUB [/play_motion/result] /tuck_arm http://127.0.0.1:44707/
[rosmaster.master][INFO] 2025-12-04 20:22:45,653: +PARAM [/move_group/ompl/link_for_exploration_tree] by /move_group
[rosmaster.master][INFO] 2025-12-04 20:22:45,654: +PARAM [/move_group/ompl/display_random_valid_states] by /move_group
[rosmaster.master][INFO] 2025-12-04 20:22:45,656: publisherUpdate[/rosout] -> http://127.0.0.1:39091/ ['http://127.0.0.1:41445/', 'http://127.0.0.1:33711/', 'http://127.0.0.1:44237/', 'http://127.0.0.1:46405/', 'http://127.0.0.1:41377/', 'http://127.0.0.1:36077/', 'http://127.0.0.1:38395/', 'http://127.0.0.1:34859/', 'http://127.0.0.1:43895/', 'http://127.0.0.1:33773/', 'http://127.0.0.1:42625/', 'http://127.0.0.1:46027/', 'http://127.0.0.1:36433/', 'http://127.0.0.1:34497/', 'http://127.0.0.1:36829/', 'http://127.0.0.1:37107/', 'http://127.0.0.1:36765/', 'http://127.0.0.1:36591/']: sec=0.00, result=[1, '', 0]
[rosmaster.master][INFO] 2025-12-04 20:22:45,656: publisherUpdate[/rosout] -> http://127.0.0.1:39091/ ['http://127.0.0.1:41445/', 'http://127.0.0.1:33711/', 'http://127.0.0.1:44237/', 'http://127.0.0.1:46405/', 'http://127.0.0.1:41377/', 'http://127.0.0.1:36077/', 'http://127.0.0.1:38395/', 'http://127.0.0.1:34859/', 'http://127.0.0.1:43895/', 'http://127.0.0.1:33773/', 'http://127.0.0.1:42625/', 'http://127.0.0.1:46027/', 'http://127.0.0.1:36433/', 'http://127.0.0.1:34497/', 'http://127.0.0.1:36829/', 'http://127.0.0.1:37107/', 'http://127.0.0.1:36765/', 'http://127.0.0.1:36591/', 'http://127.0.0.1:44707/']
[rosmaster.master][INFO] 2025-12-04 20:22:45,657: +PARAM [/move_group/ompl/simplify_solutions] by /move_group
[rosmaster.master][INFO] 2025-12-04 20:22:45,658: +SUB [/play_motion/feedback] /tuck_arm http://127.0.0.1:44707/
[rosmaster.master][INFO] 2025-12-04 20:22:45,659: publisherUpdate[/rosout] -> http://127.0.0.1:39091/ ['http://127.0.0.1:41445/', 'http://127.0.0.1:33711/', 'http://127.0.0.1:44237/', 'http://127.0.0.1:46405/', 'http://127.0.0.1:41377/', 'http://127.0.0.1:36077/', 'http://127.0.0.1:38395/', 'http://127.0.0.1:34859/', 'http://127.0.0.1:43895/', 'http://127.0.0.1:33773/', 'http://127.0.0.1:42625/', 'http://127.0.0.1:46027/', 'http://127.0.0.1:36433/', 'http://127.0.0.1:34497/', 'http://127.0.0.1:36829/', 'http://127.0.0.1:37107/', 'http://127.0.0.1:36765/', 'http://127.0.0.1:36591/', 'http://127.0.0.1:44707/']: sec=0.00, result=[1, '', 0]
[rosmaster.master][INFO] 2025-12-04 20:22:45,661: publisherUpdate[/rosout] -> http://127.0.0.1:39091/ ['http://127.0.0.1:41445/', 'http://127.0.0.1:33711/', 'http://127.0.0.1:44237/', 'http://127.0.0.1:46405/', 'http://127.0.0.1:41377/', 'http://127.0.0.1:36077/', 'http://127.0.0.1:38395/', 'http://127.0.0.1:34859/', 'http://127.0.0.1:43895/', 'http://127.0.0.1:33773/', 'http://127.0.0.1:42625/', 'http://127.0.0.1:46027/', 'http://127.0.0.1:36433/', 'http://127.0.0.1:34497/', 'http://127.0.0.1:36829/', 'http://127.0.0.1:37107/', 'http://127.0.0.1:36765/', 'http://127.0.0.1:36591/', 'http://127.0.0.1:44707/', 'http://127.0.0.1:33799/']
[rosmaster.master][INFO] 2025-12-04 20:22:45,660: +PARAM [/move_group/ompl/minimum_waypoint_count] by /move_group
[rosmaster.master][INFO] 2025-12-04 20:22:45,663: publisherUpdate[/rosout] -> http://127.0.0.1:39091/ ['http://127.0.0.1:41445/', 'http://127.0.0.1:33711/', 'http://127.0.0.1:44237/', 'http://127.0.0.1:46405/', 'http://127.0.0.1:41377/', 'http://127.0.0.1:36077/', 'http://127.0.0.1:38395/', 'http://127.0.0.1:34859/', 'http://127.0.0.1:43895/', 'http://127.0.0.1:33773/', 'http://127.0.0.1:42625/', 'http://127.0.0.1:46027/', 'http://127.0.0.1:36433/', 'http://127.0.0.1:34497/', 'http://127.0.0.1:36829/', 'http://127.0.0.1:37107/', 'http://127.0.0.1:36765/', 'http://127.0.0.1:36591/', 'http://127.0.0.1:44707/', 'http://127.0.0.1:33799/']: sec=0.00, result=[1, '', 0]
[rosmaster.master][INFO] 2025-12-04 20:22:45,663: +PARAM [/move_group/ompl/maximum_waypoint_distance] by /move_group
[rosmaster.master][INFO] 2025-12-04 20:22:45,664: +PARAM [/move_group/ompl/link_for_exploration_tree] by /move_group
[rosmaster.master][INFO] 2025-12-04 20:22:45,665: +PARAM [/move_group/ompl/display_random_valid_states] by /move_group
[rosmaster.master][INFO] 2025-12-04 20:22:45,675: +PUB [/move_group/display_planned_path] /move_group http://127.0.0.1:38395/
[rosmaster.master][INFO] 2025-12-04 20:22:45,676: +PUB [/move_group/display_contacts] /move_group http://127.0.0.1:38395/
[rosmaster.master][INFO] 2025-12-04 20:22:45,690: +PUB [/rosout] /gazebo http://127.0.0.1:36901/
[rosmaster.master][INFO] 2025-12-04 20:22:45,691: +SERVICE [/gazebo/get_loggers] /gazebo http://127.0.0.1:36901/
[rosmaster.master][INFO] 2025-12-04 20:22:45,692: +SERVICE [/gazebo/set_logger_level] /gazebo http://127.0.0.1:36901/
[rosmaster.master][INFO] 2025-12-04 20:22:45,694: +SUB [/clock] /gazebo http://127.0.0.1:36901/
[rosmaster.master][INFO] 2025-12-04 20:22:45,698: +CACHEDPARAM [/rosout_disable_topics_generation] by /gazebo
[rosmaster.master][INFO] 2025-12-04 20:22:45,750: publisherUpdate[/rosout] -> http://127.0.0.1:39091/ ['http://127.0.0.1:41445/', 'http://127.0.0.1:33711/', 'http://127.0.0.1:44237/', 'http://127.0.0.1:46405/', 'http://127.0.0.1:41377/', 'http://127.0.0.1:36077/', 'http://127.0.0.1:38395/', 'http://127.0.0.1:34859/', 'http://127.0.0.1:43895/', 'http://127.0.0.1:33773/', 'http://127.0.0.1:42625/', 'http://127.0.0.1:46027/', 'http://127.0.0.1:36433/', 'http://127.0.0.1:34497/', 'http://127.0.0.1:36829/', 'http://127.0.0.1:37107/', 'http://127.0.0.1:36765/', 'http://127.0.0.1:36591/', 'http://127.0.0.1:44707/', 'http://127.0.0.1:33799/', 'http://127.0.0.1:36901/']
[rosmaster.master][INFO] 2025-12-04 20:22:45,751: publisherUpdate[/rosout] -> http://127.0.0.1:39091/ ['http://127.0.0.1:41445/', 'http://127.0.0.1:33711/', 'http://127.0.0.1:44237/', 'http://127.0.0.1:46405/', 'http://127.0.0.1:41377/', 'http://127.0.0.1:36077/', 'http://127.0.0.1:38395/', 'http://127.0.0.1:34859/', 'http://127.0.0.1:43895/', 'http://127.0.0.1:33773/', 'http://127.0.0.1:42625/', 'http://127.0.0.1:46027/', 'http://127.0.0.1:36433/', 'http://127.0.0.1:34497/', 'http://127.0.0.1:36829/', 'http://127.0.0.1:37107/', 'http://127.0.0.1:36765/', 'http://127.0.0.1:36591/', 'http://127.0.0.1:44707/', 'http://127.0.0.1:33799/', 'http://127.0.0.1:36901/']: sec=0.00, result=[1, '', 0]
[rosmaster.master][INFO] 2025-12-04 20:22:46,167: +PUB [/clock] /gazebo http://127.0.0.1:36901/
[rosmaster.master][INFO] 2025-12-04 20:22:46,167: +SERVICE [/gazebo/spawn_sdf_model] /gazebo http://127.0.0.1:36901/
[rosmaster.master][INFO] 2025-12-04 20:22:46,168: +SERVICE [/gazebo/spawn_urdf_model] /gazebo http://127.0.0.1:36901/
[rosmaster.master][INFO] 2025-12-04 20:22:46,168: +SERVICE [/gazebo/delete_model] /gazebo http://127.0.0.1:36901/
[rosmaster.master][INFO] 2025-12-04 20:22:46,169: +SERVICE [/gazebo/delete_light] /gazebo http://127.0.0.1:36901/
[rosmaster.master][INFO] 2025-12-04 20:22:46,169: +SERVICE [/gazebo/get_model_properties] /gazebo http://127.0.0.1:36901/
[rosmaster.master][INFO] 2025-12-04 20:22:46,169: +SERVICE [/gazebo/get_model_state] /gazebo http://127.0.0.1:36901/
[rosmaster.master][INFO] 2025-12-04 20:22:46,170: +SERVICE [/gazebo/get_world_properties] /gazebo http://127.0.0.1:36901/
[rosmaster.master][INFO] 2025-12-04 20:22:46,170: +SERVICE [/gazebo/get_joint_properties] /gazebo http://127.0.0.1:36901/
[rosmaster.master][INFO] 2025-12-04 20:22:46,171: +SERVICE [/gazebo/get_link_properties] /gazebo http://127.0.0.1:36901/
[rosmaster.master][INFO] 2025-12-04 20:22:46,171: +SERVICE [/gazebo/get_link_state] /gazebo http://127.0.0.1:36901/
[rosmaster.master][INFO] 2025-12-04 20:22:46,171: +SERVICE [/gazebo/get_light_properties] /gazebo http://127.0.0.1:36901/
[rosmaster.master][INFO] 2025-12-04 20:22:46,172: +SERVICE [/gazebo/set_light_properties] /gazebo http://127.0.0.1:36901/
[rosmaster.master][INFO] 2025-12-04 20:22:46,172: +SERVICE [/gazebo/get_physics_properties] /gazebo http://127.0.0.1:36901/
[rosmaster.master][INFO] 2025-12-04 20:22:46,172: +PUB [/gazebo/link_states] /gazebo http://127.0.0.1:36901/
[rosmaster.master][INFO] 2025-12-04 20:22:46,173: +PUB [/gazebo/model_states] /gazebo http://127.0.0.1:36901/
[rosmaster.master][INFO] 2025-12-04 20:22:46,173: +SERVICE [/gazebo/set_link_properties] /gazebo http://127.0.0.1:36901/
[rosmaster.master][INFO] 2025-12-04 20:22:46,173: +SERVICE [/gazebo/set_physics_properties] /gazebo http://127.0.0.1:36901/
[rosmaster.master][INFO] 2025-12-04 20:22:46,174: +SERVICE [/gazebo/set_model_state] /gazebo http://127.0.0.1:36901/
[rosmaster.master][INFO] 2025-12-04 20:22:46,174: +SERVICE [/gazebo/set_model_configuration] /gazebo http://127.0.0.1:36901/
[rosmaster.master][INFO] 2025-12-04 20:22:46,175: +SERVICE [/gazebo/set_joint_properties] /gazebo http://127.0.0.1:36901/
[rosmaster.master][INFO] 2025-12-04 20:22:46,175: publisherUpdate[/clock] -> http://127.0.0.1:39091/ ['http://127.0.0.1:36901/']
[rosmaster.master][INFO] 2025-12-04 20:22:46,175: +SERVICE [/gazebo/set_link_state] /gazebo http://127.0.0.1:36901/
[rosmaster.master][INFO] 2025-12-04 20:22:46,176: publisherUpdate[/clock] -> http://127.0.0.1:39091/ ['http://127.0.0.1:36901/']: sec=0.00, result=[1, '', 0]
[rosmaster.master][INFO] 2025-12-04 20:22:46,176: publisherUpdate[/clock] -> http://127.0.0.1:41445/ ['http://127.0.0.1:36901/']
[rosmaster.master][INFO] 2025-12-04 20:22:46,178: +SUB [/gazebo/set_link_state] /gazebo http://127.0.0.1:36901/
[rosmaster.master][INFO] 2025-12-04 20:22:46,181: +SERVICE [/gazebo/set_parameters] /gazebo http://127.0.0.1:36901/
[rosmaster.master][INFO] 2025-12-04 20:22:46,181: +SUB [/gazebo/set_model_state] /gazebo http://127.0.0.1:36901/
[rosmaster.master][INFO] 2025-12-04 20:22:46,182: +PUB [/gazebo/parameter_descriptions] /gazebo http://127.0.0.1:36901/
[rosmaster.master][INFO] 2025-12-04 20:22:46,182: +SERVICE [/gazebo/pause_physics] /gazebo http://127.0.0.1:36901/
[rosmaster.master][INFO] 2025-12-04 20:22:46,182: +SERVICE [/gazebo/unpause_physics] /gazebo http://127.0.0.1:36901/
[rosmaster.master][INFO] 2025-12-04 20:22:46,183: +PUB [/gazebo/parameter_updates] /gazebo http://127.0.0.1:36901/
[rosmaster.master][INFO] 2025-12-04 20:22:46,183: +SERVICE [/gazebo/apply_body_wrench] /gazebo http://127.0.0.1:36901/
[rosmaster.master][INFO] 2025-12-04 20:22:46,183: +SERVICE [/gazebo/apply_joint_effort] /gazebo http://127.0.0.1:36901/
[rosmaster.master][INFO] 2025-12-04 20:22:46,184: +SERVICE [/gazebo/clear_joint_forces] /gazebo http://127.0.0.1:36901/
[rosmaster.master][INFO] 2025-12-04 20:22:46,185: +SERVICE [/gazebo/clear_body_wrenches] /gazebo http://127.0.0.1:36901/
[rosmaster.master][INFO] 2025-12-04 20:22:46,186: +SERVICE [/gazebo/reset_simulation] /gazebo http://127.0.0.1:36901/
[rosmaster.master][INFO] 2025-12-04 20:22:46,187: +SERVICE [/gazebo/reset_world] /gazebo http://127.0.0.1:36901/
[rosmaster.master][INFO] 2025-12-04 20:22:46,189: +PARAM [/gazebo/time_step] by /gazebo
[rosmaster.master][INFO] 2025-12-04 20:22:46,191: +PARAM [/gazebo/max_update_rate] by /gazebo
[rosmaster.master][INFO] 2025-12-04 20:22:46,193: +PARAM [/gazebo/gravity_x] by /gazebo
[rosmaster.master][INFO] 2025-12-04 20:22:46,197: +PARAM [/gazebo/gravity_y] by /gazebo
[rosmaster.master][INFO] 2025-12-04 20:22:46,199: +PARAM [/gazebo/gravity_z] by /gazebo
[rosmaster.master][INFO] 2025-12-04 20:22:46,203: +PARAM [/gazebo/auto_disable_bodies] by /gazebo
[rosmaster.master][INFO] 2025-12-04 20:22:46,206: +PARAM [/gazebo/sor_pgs_precon_iters] by /gazebo
[rosmaster.master][INFO] 2025-12-04 20:22:46,208: +PARAM [/gazebo/sor_pgs_iters] by /gazebo
[rosmaster.master][INFO] 2025-12-04 20:22:46,210: +PARAM [/gazebo/sor_pgs_w] by /gazebo
[rosmaster.master][INFO] 2025-12-04 20:22:46,213: +PARAM [/gazebo/sor_pgs_rms_error_tol] by /gazebo
[rosmaster.master][INFO] 2025-12-04 20:22:46,215: +PARAM [/gazebo/cfm] by /gazebo
[rosmaster.master][INFO] 2025-12-04 20:22:46,217: +PARAM [/gazebo/erp] by /gazebo
[rosmaster.master][INFO] 2025-12-04 20:22:46,220: +PARAM [/gazebo/contact_surface_layer] by /gazebo
[rosmaster.master][INFO] 2025-12-04 20:22:46,222: +PARAM [/gazebo/contact_max_correcting_vel] by /gazebo
[rosmaster.master][INFO] 2025-12-04 20:22:46,223: +PARAM [/gazebo/max_contacts] by /gazebo
[rosmaster.master][INFO] 2025-12-04 20:22:46,228: publisherUpdate[/clock] -> http://127.0.0.1:41445/ ['http://127.0.0.1:36901/']: sec=0.05, result=[1, '', 0]
[rosmaster.master][INFO] 2025-12-04 20:22:46,228: publisherUpdate[/clock] -> http://127.0.0.1:46405/ ['http://127.0.0.1:36901/']
[rosmaster.master][INFO] 2025-12-04 20:22:46,229: +PARAM [/gazebo/time_step] by /gazebo
[rosmaster.master][INFO] 2025-12-04 20:22:46,229: +PARAM [/gazebo/max_update_rate] by /gazebo
[rosmaster.master][INFO] 2025-12-04 20:22:46,230: +PARAM [/gazebo/gravity_x] by /gazebo
[rosmaster.master][INFO] 2025-12-04 20:22:46,231: +PARAM [/gazebo/gravity_y] by /gazebo
[rosmaster.master][INFO] 2025-12-04 20:22:46,231: +PARAM [/gazebo/gravity_z] by /gazebo
[rosmaster.master][INFO] 2025-12-04 20:22:46,232: +PARAM [/gazebo/auto_disable_bodies] by /gazebo
[rosmaster.master][INFO] 2025-12-04 20:22:46,233: +PARAM [/gazebo/sor_pgs_precon_iters] by /gazebo
[rosmaster.master][INFO] 2025-12-04 20:22:46,233: +PARAM [/gazebo/sor_pgs_iters] by /gazebo
[rosmaster.master][INFO] 2025-12-04 20:22:46,234: +PARAM [/gazebo/sor_pgs_w] by /gazebo
[rosmaster.master][INFO] 2025-12-04 20:22:46,235: +PARAM [/gazebo/sor_pgs_rms_error_tol] by /gazebo
[rosmaster.master][INFO] 2025-12-04 20:22:46,236: +PARAM [/gazebo/cfm] by /gazebo
[rosmaster.master][INFO] 2025-12-04 20:22:46,236: +PARAM [/gazebo/erp] by /gazebo
[rosmaster.master][INFO] 2025-12-04 20:22:46,237: +PARAM [/gazebo/contact_surface_layer] by /gazebo
[rosmaster.master][INFO] 2025-12-04 20:22:46,237: +PARAM [/gazebo/contact_max_correcting_vel] by /gazebo
[rosmaster.master][INFO] 2025-12-04 20:22:46,238: +PARAM [/gazebo/max_contacts] by /gazebo
[rosmaster.master][INFO] 2025-12-04 20:22:46,252: publisherUpdate[/clock] -> http://127.0.0.1:33711/ ['http://127.0.0.1:36901/']
[rosmaster.master][INFO] 2025-12-04 20:22:46,264: publisherUpdate[/clock] -> http://127.0.0.1:44237/ ['http://127.0.0.1:36901/']
[rosmaster.master][INFO] 2025-12-04 20:22:46,283: publisherUpdate[/clock] -> http://127.0.0.1:46405/ ['http://127.0.0.1:36901/']: sec=0.06, result=[1, '', 0]
[rosmaster.master][INFO] 2025-12-04 20:22:46,284: publisherUpdate[/clock] -> http://127.0.0.1:41377/ ['http://127.0.0.1:36901/']
[rosmaster.master][INFO] 2025-12-04 20:22:46,299: publisherUpdate[/clock] -> http://127.0.0.1:33711/ ['http://127.0.0.1:36901/']: sec=0.05, result=[1, '', 0]
[rosmaster.master][INFO] 2025-12-04 20:22:46,299: publisherUpdate[/clock] -> http://127.0.0.1:36077/ ['http://127.0.0.1:36901/']
[rosmaster.master][INFO] 2025-12-04 20:22:46,300: publisherUpdate[/clock] -> http://127.0.0.1:36077/ ['http://127.0.0.1:36901/']: sec=0.00, result=[1, '', 0]
[rosmaster.master][INFO] 2025-12-04 20:22:46,301: publisherUpdate[/clock] -> http://127.0.0.1:38395/ ['http://127.0.0.1:36901/']
[rosmaster.master][INFO] 2025-12-04 20:22:46,319: publisherUpdate[/clock] -> http://127.0.0.1:44237/ ['http://127.0.0.1:36901/']: sec=0.05, result=[1, '', 0]
[rosmaster.master][INFO] 2025-12-04 20:22:46,319: publisherUpdate[/clock] -> http://127.0.0.1:34859/ ['http://127.0.0.1:36901/']
[rosmaster.master][INFO] 2025-12-04 20:22:46,334: publisherUpdate[/clock] -> http://127.0.0.1:41377/ ['http://127.0.0.1:36901/']: sec=0.05, result=[1, '', 0]
[rosmaster.master][INFO] 2025-12-04 20:22:46,334: publisherUpdate[/clock] -> http://127.0.0.1:43895/ ['http://127.0.0.1:36901/']
[rosmaster.master][INFO] 2025-12-04 20:22:46,335: publisherUpdate[/clock] -> http://127.0.0.1:43895/ ['http://127.0.0.1:36901/']: sec=0.00, result=[1, '', 0]
[rosmaster.master][INFO] 2025-12-04 20:22:46,335: publisherUpdate[/clock] -> http://127.0.0.1:33773/ ['http://127.0.0.1:36901/']
[rosmaster.master][INFO] 2025-12-04 20:22:46,344: publisherUpdate[/clock] -> http://127.0.0.1:38395/ ['http://127.0.0.1:36901/']: sec=0.04, result=[1, '', 0]
[rosmaster.master][INFO] 2025-12-04 20:22:46,344: publisherUpdate[/clock] -> http://127.0.0.1:42625/ ['http://127.0.0.1:36901/']
[rosmaster.master][INFO] 2025-12-04 20:22:46,361: publisherUpdate[/clock] -> http://127.0.0.1:34859/ ['http://127.0.0.1:36901/']: sec=0.04, result=[1, '', 0]
[rosmaster.master][INFO] 2025-12-04 20:22:46,361: publisherUpdate[/clock] -> http://127.0.0.1:46027/ ['http://127.0.0.1:36901/']
[rosmaster.master][INFO] 2025-12-04 20:22:46,363: publisherUpdate[/clock] -> http://127.0.0.1:46027/ ['http://127.0.0.1:36901/']: sec=0.00, result=[1, '', 0]
[rosmaster.master][INFO] 2025-12-04 20:22:46,363: publisherUpdate[/clock] -> http://127.0.0.1:36433/ ['http://127.0.0.1:36901/']
[rosmaster.master][INFO] 2025-12-04 20:22:46,364: publisherUpdate[/clock] -> http://127.0.0.1:36433/ ['http://127.0.0.1:36901/']: sec=0.00, result=[1, '', 0]
[rosmaster.master][INFO] 2025-12-04 20:22:46,364: publisherUpdate[/clock] -> http://127.0.0.1:34497/ ['http://127.0.0.1:36901/']
[rosmaster.master][INFO] 2025-12-04 20:22:46,365: publisherUpdate[/clock] -> http://127.0.0.1:34497/ ['http://127.0.0.1:36901/']: sec=0.00, result=[1, '', 0]
[rosmaster.master][INFO] 2025-12-04 20:22:46,366: publisherUpdate[/clock] -> http://127.0.0.1:36829/ ['http://127.0.0.1:36901/']
[rosmaster.master][INFO] 2025-12-04 20:22:46,377: publisherUpdate[/clock] -> http://127.0.0.1:33773/ ['http://127.0.0.1:36901/']: sec=0.04, result=[1, '', 0]
[rosmaster.master][INFO] 2025-12-04 20:22:46,377: publisherUpdate[/clock] -> http://127.0.0.1:37107/ ['http://127.0.0.1:36901/']
[rosmaster.master][INFO] 2025-12-04 20:22:46,379: publisherUpdate[/clock] -> http://127.0.0.1:37107/ ['http://127.0.0.1:36901/']: sec=0.00, result=[1, '', 0]
[rosmaster.master][INFO] 2025-12-04 20:22:46,379: publisherUpdate[/clock] -> http://127.0.0.1:36765/ ['http://127.0.0.1:36901/']
[rosmaster.master][INFO] 2025-12-04 20:22:46,380: publisherUpdate[/clock] -> http://127.0.0.1:36765/ ['http://127.0.0.1:36901/']: sec=0.00, result=[1, '', 0]
[rosmaster.master][INFO] 2025-12-04 20:22:46,380: publisherUpdate[/clock] -> http://127.0.0.1:36591/ ['http://127.0.0.1:36901/']
[rosmaster.master][INFO] 2025-12-04 20:22:46,382: publisherUpdate[/clock] -> http://127.0.0.1:36591/ ['http://127.0.0.1:36901/']: sec=0.00, result=[1, '', 0]
[rosmaster.master][INFO] 2025-12-04 20:22:46,382: publisherUpdate[/clock] -> http://127.0.0.1:44707/ ['http://127.0.0.1:36901/']
[rosmaster.master][INFO] 2025-12-04 20:22:46,382: publisherUpdate[/clock] -> http://127.0.0.1:36829/ ['http://127.0.0.1:36901/']: sec=0.02, result=[1, '', 0]
[rosmaster.master][INFO] 2025-12-04 20:22:46,382: publisherUpdate[/clock] -> http://127.0.0.1:33799/ ['http://127.0.0.1:36901/']
[rosmaster.master][INFO] 2025-12-04 20:22:46,384: publisherUpdate[/clock] -> http://127.0.0.1:44707/ ['http://127.0.0.1:36901/']: sec=0.00, result=[1, '', 0]
[rosmaster.master][INFO] 2025-12-04 20:22:46,384: publisherUpdate[/clock] -> http://127.0.0.1:33799/ ['http://127.0.0.1:36901/']: sec=0.00, result=[1, '', 0]
[rosmaster.master][INFO] 2025-12-04 20:22:46,384: publisherUpdate[/clock] -> http://127.0.0.1:36901/ ['http://127.0.0.1:36901/']
[rosmaster.master][INFO] 2025-12-04 20:22:46,388: publisherUpdate[/clock] -> http://127.0.0.1:42625/ ['http://127.0.0.1:36901/']: sec=0.04, result=[1, '', 0]
[rosmaster.master][INFO] 2025-12-04 20:22:46,461: +CACHEDPARAM [/rosout_disable_topics_generation] by /spawn_model
[rosmaster.master][INFO] 2025-12-04 20:22:46,474: +CACHEDPARAM [/rosout_disable_topics_generation] by /spawn_model
[rosmaster.master][INFO] 2025-12-04 20:22:46,475: -SUB [/clock] /spawn_model http://127.0.0.1:43895/
[rosmaster.master][INFO] 2025-12-04 20:22:46,475: -PUB [/rosout] /spawn_model http://127.0.0.1:43895/
[rosmaster.master][INFO] 2025-12-04 20:22:46,475: -SERVICE [/spawn_model/get_loggers] /spawn_model rosrpc://127.0.0.1:35755
[rosmaster.master][INFO] 2025-12-04 20:22:46,475: -SERVICE [/spawn_model/set_logger_level] /spawn_model rosrpc://127.0.0.1:35755
[rosmaster.master][INFO] 2025-12-04 20:22:46,484: publisherUpdate[/rosout] -> http://127.0.0.1:39091/ ['http://127.0.0.1:41445/', 'http://127.0.0.1:33711/', 'http://127.0.0.1:44237/', 'http://127.0.0.1:46405/', 'http://127.0.0.1:41377/', 'http://127.0.0.1:36077/', 'http://127.0.0.1:38395/', 'http://127.0.0.1:34859/', 'http://127.0.0.1:33773/', 'http://127.0.0.1:42625/', 'http://127.0.0.1:46027/', 'http://127.0.0.1:36433/', 'http://127.0.0.1:34497/', 'http://127.0.0.1:36829/', 'http://127.0.0.1:37107/', 'http://127.0.0.1:36765/', 'http://127.0.0.1:36591/', 'http://127.0.0.1:44707/', 'http://127.0.0.1:33799/', 'http://127.0.0.1:36901/']
[rosmaster.master][INFO] 2025-12-04 20:22:46,489: publisherUpdate[/rosout] -> http://127.0.0.1:39091/ ['http://127.0.0.1:41445/', 'http://127.0.0.1:33711/', 'http://127.0.0.1:44237/', 'http://127.0.0.1:46405/', 'http://127.0.0.1:41377/', 'http://127.0.0.1:36077/', 'http://127.0.0.1:38395/', 'http://127.0.0.1:34859/', 'http://127.0.0.1:33773/', 'http://127.0.0.1:42625/', 'http://127.0.0.1:46027/', 'http://127.0.0.1:36433/', 'http://127.0.0.1:34497/', 'http://127.0.0.1:36829/', 'http://127.0.0.1:37107/', 'http://127.0.0.1:36765/', 'http://127.0.0.1:36591/', 'http://127.0.0.1:44707/', 'http://127.0.0.1:33799/', 'http://127.0.0.1:36901/']: sec=0.00, result=[1, '', 0]
[rosmaster.master][ERROR] 2025-12-04 20:22:47,090: Traceback (most recent call last):
  File "/opt/ros/noetic/lib/python3/dist-packages/rosmaster/master_api.py", line 177, in validated_f
    code, msg, val = f(*newArgs, **kwds)
  File "/opt/ros/noetic/lib/python3/dist-packages/rosmaster/master_api.py", line 435, in searchParam
    search_key = self.param_server.search_param(caller_id, key)
  File "/opt/ros/noetic/lib/python3/dist-packages/rosmaster/paramserver.py", line 116, in search_param
    raise ValueError("namespace must be global")
ValueError: namespace must be global

[rosmaster.master][INFO] 2025-12-04 20:22:47,091: +PUB [/scan_front_raw] /gazebo http://127.0.0.1:36901/
[rosmaster.master][ERROR] 2025-12-04 20:22:47,092: Traceback (most recent call last):
  File "/opt/ros/noetic/lib/python3/dist-packages/rosmaster/master_api.py", line 177, in validated_f
    code, msg, val = f(*newArgs, **kwds)
  File "/opt/ros/noetic/lib/python3/dist-packages/rosmaster/master_api.py", line 435, in searchParam
    search_key = self.param_server.search_param(caller_id, key)
  File "/opt/ros/noetic/lib/python3/dist-packages/rosmaster/paramserver.py", line 116, in search_param
    raise ValueError("namespace must be global")
ValueError: namespace must be global

[rosmaster.master][INFO] 2025-12-04 20:22:47,093: +PUB [/scan_rear_raw] /gazebo http://127.0.0.1:36901/
[rosmaster.master][INFO] 2025-12-04 20:22:47,122: +SERVICE [/xtion/set_camera_info] /gazebo http://127.0.0.1:36901/
[rosmaster.master][INFO] 2025-12-04 20:22:47,126: +SERVICE [/xtion/set_parameters] /gazebo http://127.0.0.1:36901/
[rosmaster.master][INFO] 2025-12-04 20:22:47,127: +PUB [/xtion/parameter_descriptions] /gazebo http://127.0.0.1:36901/
[rosmaster.master][INFO] 2025-12-04 20:22:47,128: +PUB [/xtion/parameter_updates] /gazebo http://127.0.0.1:36901/
[rosmaster.master][INFO] 2025-12-04 20:22:47,129: +PARAM [/xtion/imager_rate] by /gazebo
[rosmaster.master][INFO] 2025-12-04 20:22:47,130: +PARAM [/xtion/imager_rate] by /gazebo
[rosmaster.master][INFO] 2025-12-04 20:22:47,189: +PUB [/xtion/rgb/image_raw/compressedDepth] /gazebo http://127.0.0.1:36901/
[rosmaster.master][INFO] 2025-12-04 20:22:47,190: +SERVICE [/xtion/rgb/image_raw/compressedDepth/set_parameters] /gazebo http://127.0.0.1:36901/
[rosmaster.master][INFO] 2025-12-04 20:22:47,190: +PUB [/xtion/rgb/image_raw/compressedDepth/parameter_descriptions] /gazebo http://127.0.0.1:36901/
[rosmaster.master][INFO] 2025-12-04 20:22:47,191: +PUB [/xtion/rgb/image_raw/compressedDepth/parameter_updates] /gazebo http://127.0.0.1:36901/
[rosmaster.master][INFO] 2025-12-04 20:22:47,193: +PARAM [/xtion/rgb/image_raw/compressedDepth/format] by /gazebo
[rosmaster.master][INFO] 2025-12-04 20:22:47,193: +PARAM [/xtion/rgb/image_raw/compressedDepth/depth_max] by /gazebo
[rosmaster.master][INFO] 2025-12-04 20:22:47,194: +PARAM [/xtion/rgb/image_raw/compressedDepth/depth_quantization] by /gazebo
[rosmaster.master][INFO] 2025-12-04 20:22:47,194: +PARAM [/xtion/rgb/image_raw/compressedDepth/png_level] by /gazebo
[rosmaster.master][INFO] 2025-12-04 20:22:47,195: +PARAM [/xtion/rgb/image_raw/compressedDepth/format] by /gazebo
[rosmaster.master][INFO] 2025-12-04 20:22:47,195: +PARAM [/xtion/rgb/image_raw/compressedDepth/depth_max] by /gazebo
[rosmaster.master][INFO] 2025-12-04 20:22:47,196: +PARAM [/xtion/rgb/image_raw/compressedDepth/depth_quantization] by /gazebo
[rosmaster.master][INFO] 2025-12-04 20:22:47,196: +PARAM [/xtion/rgb/image_raw/compressedDepth/png_level] by /gazebo
[rosmaster.master][INFO] 2025-12-04 20:22:47,200: +PUB [/xtion/rgb/image_raw/compressed] /gazebo http://127.0.0.1:36901/
[rosmaster.master][INFO] 2025-12-04 20:22:47,200: +SERVICE [/xtion/rgb/image_raw/compressed/set_parameters] /gazebo http://127.0.0.1:36901/
[rosmaster.master][INFO] 2025-12-04 20:22:47,201: +PUB [/xtion/rgb/image_raw/compressed/parameter_descriptions] /gazebo http://127.0.0.1:36901/
[rosmaster.master][INFO] 2025-12-04 20:22:47,201: +PUB [/xtion/rgb/image_raw/compressed/parameter_updates] /gazebo http://127.0.0.1:36901/
[rosmaster.master][INFO] 2025-12-04 20:22:47,204: +PARAM [/xtion/rgb/image_raw/compressed/format] by /gazebo
[rosmaster.master][INFO] 2025-12-04 20:22:47,204: +PARAM [/xtion/rgb/image_raw/compressed/jpeg_quality] by /gazebo
[rosmaster.master][INFO] 2025-12-04 20:22:47,205: +PARAM [/xtion/rgb/image_raw/compressed/jpeg_progressive] by /gazebo
[rosmaster.master][INFO] 2025-12-04 20:22:47,205: +PARAM [/xtion/rgb/image_raw/compressed/jpeg_optimize] by /gazebo
[rosmaster.master][INFO] 2025-12-04 20:22:47,206: +PARAM [/xtion/rgb/image_raw/compressed/jpeg_restart_interval] by /gazebo
[rosmaster.master][INFO] 2025-12-04 20:22:47,206: +PARAM [/xtion/rgb/image_raw/compressed/png_level] by /gazebo
[rosmaster.master][INFO] 2025-12-04 20:22:47,207: +PARAM [/xtion/rgb/image_raw/compressed/format] by /gazebo
[rosmaster.master][INFO] 2025-12-04 20:22:47,207: +PARAM [/xtion/rgb/image_raw/compressed/jpeg_quality] by /gazebo
[rosmaster.master][INFO] 2025-12-04 20:22:47,207: +PARAM [/xtion/rgb/image_raw/compressed/jpeg_progressive] by /gazebo
[rosmaster.master][INFO] 2025-12-04 20:22:47,208: +PARAM [/xtion/rgb/image_raw/compressed/jpeg_optimize] by /gazebo
[rosmaster.master][INFO] 2025-12-04 20:22:47,208: +PARAM [/xtion/rgb/image_raw/compressed/jpeg_restart_interval] by /gazebo
[rosmaster.master][INFO] 2025-12-04 20:22:47,209: +PARAM [/xtion/rgb/image_raw/compressed/png_level] by /gazebo
[rosmaster.master][INFO] 2025-12-04 20:22:47,213: +PUB [/xtion/rgb/image_raw] /gazebo http://127.0.0.1:36901/
[rosmaster.master][INFO] 2025-12-04 20:22:47,218: +PUB [/xtion/rgb/image_raw/theora] /gazebo http://127.0.0.1:36901/
[rosmaster.master][INFO] 2025-12-04 20:22:47,219: +SERVICE [/xtion/rgb/image_raw/theora/set_parameters] /gazebo http://127.0.0.1:36901/
[rosmaster.master][INFO] 2025-12-04 20:22:47,219: +PUB [/xtion/rgb/image_raw/theora/parameter_descriptions] /gazebo http://127.0.0.1:36901/
[rosmaster.master][INFO] 2025-12-04 20:22:47,220: +PUB [/xtion/rgb/image_raw/theora/parameter_updates] /gazebo http://127.0.0.1:36901/
[rosmaster.master][INFO] 2025-12-04 20:22:47,221: +PARAM [/xtion/rgb/image_raw/theora/optimize_for] by /gazebo
[rosmaster.master][INFO] 2025-12-04 20:22:47,222: +PARAM [/xtion/rgb/image_raw/theora/target_bitrate] by /gazebo
[rosmaster.master][INFO] 2025-12-04 20:22:47,222: +PARAM [/xtion/rgb/image_raw/theora/quality] by /gazebo
[rosmaster.master][INFO] 2025-12-04 20:22:47,223: +PARAM [/xtion/rgb/image_raw/theora/keyframe_frequency] by /gazebo
[rosmaster.master][INFO] 2025-12-04 20:22:47,223: +PARAM [/xtion/rgb/image_raw/theora/optimize_for] by /gazebo
[rosmaster.master][INFO] 2025-12-04 20:22:47,224: +PARAM [/xtion/rgb/image_raw/theora/target_bitrate] by /gazebo
[rosmaster.master][INFO] 2025-12-04 20:22:47,225: +PARAM [/xtion/rgb/image_raw/theora/quality] by /gazebo
[rosmaster.master][INFO] 2025-12-04 20:22:47,225: +PARAM [/xtion/rgb/image_raw/theora/keyframe_frequency] by /gazebo
[rosmaster.master][INFO] 2025-12-04 20:22:47,226: +PUB [/xtion/rgb/camera_info] /gazebo http://127.0.0.1:36901/
[rosmaster.master][INFO] 2025-12-04 20:22:47,226: +PUB [/xtion/depth_registered/points] /gazebo http://127.0.0.1:36901/
[rosmaster.master][INFO] 2025-12-04 20:22:47,227: +PUB [/xtion/depth_registered/image_raw] /gazebo http://127.0.0.1:36901/
[rosmaster.master][INFO] 2025-12-04 20:22:47,228: +PUB [/xtion/depth_registered/camera_info] /gazebo http://127.0.0.1:36901/
[rosmaster.master][INFO] 2025-12-04 20:22:47,288: +SERVICE [/gains/torso_lift_joint/set_parameters] /gazebo http://127.0.0.1:36901/
[rosmaster.master][INFO] 2025-12-04 20:22:47,289: +PUB [/gains/torso_lift_joint/parameter_descriptions] /gazebo http://127.0.0.1:36901/
[rosmaster.master][INFO] 2025-12-04 20:22:47,289: +PUB [/gains/torso_lift_joint/parameter_updates] /gazebo http://127.0.0.1:36901/
[rosmaster.master][INFO] 2025-12-04 20:22:47,290: publisherUpdate[/xtion/rgb/image_raw] -> http://127.0.0.1:34859/ ['http://127.0.0.1:36901/']
[rosmaster.master][INFO] 2025-12-04 20:22:47,292: +PARAM [/gains/torso_lift_joint/p] by /gazebo
[rosmaster.master][INFO] 2025-12-04 20:22:47,293: +PARAM [/gains/torso_lift_joint/i] by /gazebo
[rosmaster.master][INFO] 2025-12-04 20:22:47,293: +PARAM [/gains/torso_lift_joint/d] by /gazebo
[rosmaster.master][INFO] 2025-12-04 20:22:47,294: +PARAM [/gains/torso_lift_joint/i_clamp_min] by /gazebo
[rosmaster.master][INFO] 2025-12-04 20:22:47,295: +PARAM [/gains/torso_lift_joint/i_clamp_max] by /gazebo
[rosmaster.master][INFO] 2025-12-04 20:22:47,295: +PARAM [/gains/torso_lift_joint/antiwindup] by /gazebo
[rosmaster.master][INFO] 2025-12-04 20:22:47,296: +PARAM [/gains/torso_lift_joint/p] by /gazebo
[rosmaster.master][INFO] 2025-12-04 20:22:47,296: +PARAM [/gains/torso_lift_joint/i] by /gazebo
[rosmaster.master][INFO] 2025-12-04 20:22:47,297: +PARAM [/gains/torso_lift_joint/d] by /gazebo
[rosmaster.master][INFO] 2025-12-04 20:22:47,297: +PARAM [/gains/torso_lift_joint/i_clamp_min] by /gazebo
[rosmaster.master][INFO] 2025-12-04 20:22:47,298: +PARAM [/gains/torso_lift_joint/i_clamp_max] by /gazebo
[rosmaster.master][INFO] 2025-12-04 20:22:47,298: +PARAM [/gains/torso_lift_joint/antiwindup] by /gazebo
[rosmaster.master][INFO] 2025-12-04 20:22:47,299: +PARAM [/gains/torso_lift_joint/p] by /gazebo
[rosmaster.master][INFO] 2025-12-04 20:22:47,299: +PARAM [/gains/torso_lift_joint/i] by /gazebo
[rosmaster.master][INFO] 2025-12-04 20:22:47,300: +PARAM [/gains/torso_lift_joint/d] by /gazebo
[rosmaster.master][INFO] 2025-12-04 20:22:47,300: +PARAM [/gains/torso_lift_joint/i_clamp_min] by /gazebo
[rosmaster.master][INFO] 2025-12-04 20:22:47,300: +PARAM [/gains/torso_lift_joint/i_clamp_max] by /gazebo
[rosmaster.master][INFO] 2025-12-04 20:22:47,301: +PARAM [/gains/torso_lift_joint/antiwindup] by /gazebo
[rosmaster.master][INFO] 2025-12-04 20:22:47,301: +PARAM [/gains/torso_lift_joint/p] by /gazebo
[rosmaster.master][INFO] 2025-12-04 20:22:47,302: +PARAM [/gains/torso_lift_joint/i] by /gazebo
[rosmaster.master][INFO] 2025-12-04 20:22:47,302: +PARAM [/gains/torso_lift_joint/d] by /gazebo
[rosmaster.master][INFO] 2025-12-04 20:22:47,303: +PARAM [/gains/torso_lift_joint/i_clamp_min] by /gazebo
[rosmaster.master][INFO] 2025-12-04 20:22:47,303: +PARAM [/gains/torso_lift_joint/i_clamp_max] by /gazebo
[rosmaster.master][INFO] 2025-12-04 20:22:47,303: +PARAM [/gains/torso_lift_joint/antiwindup] by /gazebo
[rosmaster.master][INFO] 2025-12-04 20:22:47,307: +SERVICE [/gains/head_1_joint/set_parameters] /gazebo http://127.0.0.1:36901/
[rosmaster.master][INFO] 2025-12-04 20:22:47,307: +PUB [/gains/head_1_joint/parameter_descriptions] /gazebo http://127.0.0.1:36901/
[rosmaster.master][INFO] 2025-12-04 20:22:47,307: +PUB [/gains/head_1_joint/parameter_updates] /gazebo http://127.0.0.1:36901/
[rosmaster.master][INFO] 2025-12-04 20:22:47,309: +PARAM [/gains/head_1_joint/p] by /gazebo
[rosmaster.master][INFO] 2025-12-04 20:22:47,310: +PARAM [/gains/head_1_joint/i] by /gazebo
[rosmaster.master][INFO] 2025-12-04 20:22:47,310: +PARAM [/gains/head_1_joint/d] by /gazebo
[rosmaster.master][INFO] 2025-12-04 20:22:47,311: +PARAM [/gains/head_1_joint/i_clamp_min] by /gazebo
[rosmaster.master][INFO] 2025-12-04 20:22:47,311: +PARAM [/gains/head_1_joint/i_clamp_max] by /gazebo
[rosmaster.master][INFO] 2025-12-04 20:22:47,312: +PARAM [/gains/head_1_joint/antiwindup] by /gazebo
[rosmaster.master][INFO] 2025-12-04 20:22:47,313: +PARAM [/gains/head_1_joint/p] by /gazebo
[rosmaster.master][INFO] 2025-12-04 20:22:47,313: +PARAM [/gains/head_1_joint/i] by /gazebo
[rosmaster.master][INFO] 2025-12-04 20:22:47,314: +PARAM [/gains/head_1_joint/d] by /gazebo
[rosmaster.master][INFO] 2025-12-04 20:22:47,315: +PARAM [/gains/head_1_joint/i_clamp_min] by /gazebo
[rosmaster.master][INFO] 2025-12-04 20:22:47,316: +PARAM [/gains/head_1_joint/i_clamp_max] by /gazebo
[rosmaster.master][INFO] 2025-12-04 20:22:47,317: +PARAM [/gains/head_1_joint/antiwindup] by /gazebo
[rosmaster.master][INFO] 2025-12-04 20:22:47,317: +PARAM [/gains/head_1_joint/p] by /gazebo
[rosmaster.master][INFO] 2025-12-04 20:22:47,318: +PARAM [/gains/head_1_joint/i] by /gazebo
[rosmaster.master][INFO] 2025-12-04 20:22:47,318: +PARAM [/gains/head_1_joint/d] by /gazebo
[rosmaster.master][INFO] 2025-12-04 20:22:47,319: +PARAM [/gains/head_1_joint/i_clamp_min] by /gazebo
[rosmaster.master][INFO] 2025-12-04 20:22:47,320: +PARAM [/gains/head_1_joint/i_clamp_max] by /gazebo
[rosmaster.master][INFO] 2025-12-04 20:22:47,321: +PARAM [/gains/head_1_joint/antiwindup] by /gazebo
[rosmaster.master][INFO] 2025-12-04 20:22:47,321: +PARAM [/gains/head_1_joint/p] by /gazebo
[rosmaster.master][INFO] 2025-12-04 20:22:47,322: +PARAM [/gains/head_1_joint/i] by /gazebo
[rosmaster.master][INFO] 2025-12-04 20:22:47,322: +PARAM [/gains/head_1_joint/d] by /gazebo
[rosmaster.master][INFO] 2025-12-04 20:22:47,323: +PARAM [/gains/head_1_joint/i_clamp_min] by /gazebo
[rosmaster.master][INFO] 2025-12-04 20:22:47,323: +PARAM [/gains/head_1_joint/i_clamp_max] by /gazebo
[rosmaster.master][INFO] 2025-12-04 20:22:47,324: +PARAM [/gains/head_1_joint/antiwindup] by /gazebo
[rosmaster.master][INFO] 2025-12-04 20:22:47,328: +SERVICE [/gains/head_2_joint/set_parameters] /gazebo http://127.0.0.1:36901/
[rosmaster.master][INFO] 2025-12-04 20:22:47,328: +PUB [/gains/head_2_joint/parameter_descriptions] /gazebo http://127.0.0.1:36901/
[rosmaster.master][INFO] 2025-12-04 20:22:47,329: +PUB [/gains/head_2_joint/parameter_updates] /gazebo http://127.0.0.1:36901/
[rosmaster.master][INFO] 2025-12-04 20:22:47,332: +PARAM [/gains/head_2_joint/p] by /gazebo
[rosmaster.master][INFO] 2025-12-04 20:22:47,332: +PARAM [/gains/head_2_joint/i] by /gazebo
[rosmaster.master][INFO] 2025-12-04 20:22:47,333: +PARAM [/gains/head_2_joint/d] by /gazebo
[rosmaster.master][INFO] 2025-12-04 20:22:47,333: +PARAM [/gains/head_2_joint/i_clamp_min] by /gazebo
[rosmaster.master][INFO] 2025-12-04 20:22:47,333: +PARAM [/gains/head_2_joint/i_clamp_max] by /gazebo
[rosmaster.master][INFO] 2025-12-04 20:22:47,334: +PARAM [/gains/head_2_joint/antiwindup] by /gazebo
[rosmaster.master][INFO] 2025-12-04 20:22:47,334: +PARAM [/gains/head_2_joint/p] by /gazebo
[rosmaster.master][INFO] 2025-12-04 20:22:47,335: +PARAM [/gains/head_2_joint/i] by /gazebo
[rosmaster.master][INFO] 2025-12-04 20:22:47,335: +PARAM [/gains/head_2_joint/d] by /gazebo
[rosmaster.master][INFO] 2025-12-04 20:22:47,335: +PARAM [/gains/head_2_joint/i_clamp_min] by /gazebo
[rosmaster.master][INFO] 2025-12-04 20:22:47,336: +PARAM [/gains/head_2_joint/i_clamp_max] by /gazebo
[rosmaster.master][INFO] 2025-12-04 20:22:47,336: +PARAM [/gains/head_2_joint/antiwindup] by /gazebo
[rosmaster.master][INFO] 2025-12-04 20:22:47,337: +PARAM [/gains/head_2_joint/p] by /gazebo
[rosmaster.master][INFO] 2025-12-04 20:22:47,337: +PARAM [/gains/head_2_joint/i] by /gazebo
[rosmaster.master][INFO] 2025-12-04 20:22:47,337: +PARAM [/gains/head_2_joint/d] by /gazebo
[rosmaster.master][INFO] 2025-12-04 20:22:47,338: +PARAM [/gains/head_2_joint/i_clamp_min] by /gazebo
[rosmaster.master][INFO] 2025-12-04 20:22:47,338: +PARAM [/gains/head_2_joint/i_clamp_max] by /gazebo
[rosmaster.master][INFO] 2025-12-04 20:22:47,338: +PARAM [/gains/head_2_joint/antiwindup] by /gazebo
[rosmaster.master][INFO] 2025-12-04 20:22:47,339: +PARAM [/gains/head_2_joint/p] by /gazebo
[rosmaster.master][INFO] 2025-12-04 20:22:47,339: +PARAM [/gains/head_2_joint/i] by /gazebo
[rosmaster.master][INFO] 2025-12-04 20:22:47,340: +PARAM [/gains/head_2_joint/d] by /gazebo
[rosmaster.master][INFO] 2025-12-04 20:22:47,340: +PARAM [/gains/head_2_joint/i_clamp_min] by /gazebo
[rosmaster.master][INFO] 2025-12-04 20:22:47,341: +PARAM [/gains/head_2_joint/i_clamp_max] by /gazebo
[rosmaster.master][INFO] 2025-12-04 20:22:47,341: +PARAM [/gains/head_2_joint/antiwindup] by /gazebo
[rosmaster.master][INFO] 2025-12-04 20:22:47,342: publisherUpdate[/xtion/rgb/image_raw] -> http://127.0.0.1:34859/ ['http://127.0.0.1:36901/']: sec=0.05, result=[1, '', 0]
[rosmaster.master][INFO] 2025-12-04 20:22:47,345: +SERVICE [/gains/arm_5_joint/set_parameters] /gazebo http://127.0.0.1:36901/
[rosmaster.master][INFO] 2025-12-04 20:22:47,346: +PUB [/gains/arm_5_joint/parameter_descriptions] /gazebo http://127.0.0.1:36901/
[rosmaster.master][INFO] 2025-12-04 20:22:47,346: +PUB [/gains/arm_5_joint/parameter_updates] /gazebo http://127.0.0.1:36901/
[rosmaster.master][INFO] 2025-12-04 20:22:47,348: +PARAM [/gains/arm_5_joint/p] by /gazebo
[rosmaster.master][INFO] 2025-12-04 20:22:47,349: +PARAM [/gains/arm_5_joint/i] by /gazebo
[rosmaster.master][INFO] 2025-12-04 20:22:47,349: +PARAM [/gains/arm_5_joint/d] by /gazebo
[rosmaster.master][INFO] 2025-12-04 20:22:47,349: +PARAM [/gains/arm_5_joint/i_clamp_min] by /gazebo
[rosmaster.master][INFO] 2025-12-04 20:22:47,350: +PARAM [/gains/arm_5_joint/i_clamp_max] by /gazebo
[rosmaster.master][INFO] 2025-12-04 20:22:47,350: +PARAM [/gains/arm_5_joint/antiwindup] by /gazebo
[rosmaster.master][INFO] 2025-12-04 20:22:47,351: +PARAM [/gains/arm_5_joint/p] by /gazebo
[rosmaster.master][INFO] 2025-12-04 20:22:47,351: +PARAM [/gains/arm_5_joint/i] by /gazebo
[rosmaster.master][INFO] 2025-12-04 20:22:47,351: +PARAM [/gains/arm_5_joint/d] by /gazebo
[rosmaster.master][INFO] 2025-12-04 20:22:47,352: +PARAM [/gains/arm_5_joint/i_clamp_min] by /gazebo
[rosmaster.master][INFO] 2025-12-04 20:22:47,352: +PARAM [/gains/arm_5_joint/i_clamp_max] by /gazebo
[rosmaster.master][INFO] 2025-12-04 20:22:47,352: +PARAM [/gains/arm_5_joint/antiwindup] by /gazebo
[rosmaster.master][INFO] 2025-12-04 20:22:47,353: +PARAM [/gains/arm_5_joint/p] by /gazebo
[rosmaster.master][INFO] 2025-12-04 20:22:47,353: +PARAM [/gains/arm_5_joint/i] by /gazebo
[rosmaster.master][INFO] 2025-12-04 20:22:47,353: +PARAM [/gains/arm_5_joint/d] by /gazebo
[rosmaster.master][INFO] 2025-12-04 20:22:47,354: +PARAM [/gains/arm_5_joint/i_clamp_min] by /gazebo
[rosmaster.master][INFO] 2025-12-04 20:22:47,354: +PARAM [/gains/arm_5_joint/i_clamp_max] by /gazebo
[rosmaster.master][INFO] 2025-12-04 20:22:47,354: +PARAM [/gains/arm_5_joint/antiwindup] by /gazebo
[rosmaster.master][INFO] 2025-12-04 20:22:47,355: +PARAM [/gains/arm_5_joint/p] by /gazebo
[rosmaster.master][INFO] 2025-12-04 20:22:47,355: +PARAM [/gains/arm_5_joint/i] by /gazebo
[rosmaster.master][INFO] 2025-12-04 20:22:47,356: +PARAM [/gains/arm_5_joint/d] by /gazebo
[rosmaster.master][INFO] 2025-12-04 20:22:47,356: +PARAM [/gains/arm_5_joint/i_clamp_min] by /gazebo
[rosmaster.master][INFO] 2025-12-04 20:22:47,356: +PARAM [/gains/arm_5_joint/i_clamp_max] by /gazebo
[rosmaster.master][INFO] 2025-12-04 20:22:47,357: +PARAM [/gains/arm_5_joint/antiwindup] by /gazebo
[rosmaster.master][INFO] 2025-12-04 20:22:47,360: +SERVICE [/gains/arm_6_joint/set_parameters] /gazebo http://127.0.0.1:36901/
[rosmaster.master][INFO] 2025-12-04 20:22:47,361: +PUB [/gains/arm_6_joint/parameter_descriptions] /gazebo http://127.0.0.1:36901/
[rosmaster.master][INFO] 2025-12-04 20:22:47,361: +PUB [/gains/arm_6_joint/parameter_updates] /gazebo http://127.0.0.1:36901/
[rosmaster.master][INFO] 2025-12-04 20:22:47,363: +PARAM [/gains/arm_6_joint/p] by /gazebo
[rosmaster.master][INFO] 2025-12-04 20:22:47,363: +PARAM [/gains/arm_6_joint/i] by /gazebo
[rosmaster.master][INFO] 2025-12-04 20:22:47,364: +PARAM [/gains/arm_6_joint/d] by /gazebo
[rosmaster.master][INFO] 2025-12-04 20:22:47,364: +PARAM [/gains/arm_6_joint/i_clamp_min] by /gazebo
[rosmaster.master][INFO] 2025-12-04 20:22:47,365: +PARAM [/gains/arm_6_joint/i_clamp_max] by /gazebo
[rosmaster.master][INFO] 2025-12-04 20:22:47,365: +PARAM [/gains/arm_6_joint/antiwindup] by /gazebo
[rosmaster.master][INFO] 2025-12-04 20:22:47,365: +PARAM [/gains/arm_6_joint/p] by /gazebo
[rosmaster.master][INFO] 2025-12-04 20:22:47,366: +PARAM [/gains/arm_6_joint/i] by /gazebo
[rosmaster.master][INFO] 2025-12-04 20:22:47,366: +PARAM [/gains/arm_6_joint/d] by /gazebo
[rosmaster.master][INFO] 2025-12-04 20:22:47,366: +PARAM [/gains/arm_6_joint/i_clamp_min] by /gazebo
[rosmaster.master][INFO] 2025-12-04 20:22:47,367: +PARAM [/gains/arm_6_joint/i_clamp_max] by /gazebo
[rosmaster.master][INFO] 2025-12-04 20:22:47,367: +PARAM [/gains/arm_6_joint/antiwindup] by /gazebo
[rosmaster.master][INFO] 2025-12-04 20:22:47,368: +PARAM [/gains/arm_6_joint/p] by /gazebo
[rosmaster.master][INFO] 2025-12-04 20:22:47,368: +PARAM [/gains/arm_6_joint/i] by /gazebo
[rosmaster.master][INFO] 2025-12-04 20:22:47,369: +PARAM [/gains/arm_6_joint/d] by /gazebo
[rosmaster.master][INFO] 2025-12-04 20:22:47,369: +PARAM [/gains/arm_6_joint/i_clamp_min] by /gazebo
[rosmaster.master][INFO] 2025-12-04 20:22:47,369: +PARAM [/gains/arm_6_joint/i_clamp_max] by /gazebo
[rosmaster.master][INFO] 2025-12-04 20:22:47,370: +PARAM [/gains/arm_6_joint/antiwindup] by /gazebo
[rosmaster.master][INFO] 2025-12-04 20:22:47,370: +PARAM [/gains/arm_6_joint/p] by /gazebo
[rosmaster.master][INFO] 2025-12-04 20:22:47,371: +PARAM [/gains/arm_6_joint/i] by /gazebo
[rosmaster.master][INFO] 2025-12-04 20:22:47,371: +PARAM [/gains/arm_6_joint/d] by /gazebo
[rosmaster.master][INFO] 2025-12-04 20:22:47,372: +PARAM [/gains/arm_6_joint/i_clamp_min] by /gazebo
[rosmaster.master][INFO] 2025-12-04 20:22:47,372: +PARAM [/gains/arm_6_joint/i_clamp_max] by /gazebo
[rosmaster.master][INFO] 2025-12-04 20:22:47,373: +PARAM [/gains/arm_6_joint/antiwindup] by /gazebo
[rosmaster.master][INFO] 2025-12-04 20:22:47,376: +SERVICE [/gains/arm_7_joint/set_parameters] /gazebo http://127.0.0.1:36901/
[rosmaster.master][INFO] 2025-12-04 20:22:47,377: +PUB [/gains/arm_7_joint/parameter_descriptions] /gazebo http://127.0.0.1:36901/
[rosmaster.master][INFO] 2025-12-04 20:22:47,377: +PUB [/gains/arm_7_joint/parameter_updates] /gazebo http://127.0.0.1:36901/
[rosmaster.master][INFO] 2025-12-04 20:22:47,379: +PARAM [/gains/arm_7_joint/p] by /gazebo
[rosmaster.master][INFO] 2025-12-04 20:22:47,379: +PARAM [/gains/arm_7_joint/i] by /gazebo
[rosmaster.master][INFO] 2025-12-04 20:22:47,380: +PARAM [/gains/arm_7_joint/d] by /gazebo
[rosmaster.master][INFO] 2025-12-04 20:22:47,380: +PARAM [/gains/arm_7_joint/i_clamp_min] by /gazebo
[rosmaster.master][INFO] 2025-12-04 20:22:47,381: +PARAM [/gains/arm_7_joint/i_clamp_max] by /gazebo
[rosmaster.master][INFO] 2025-12-04 20:22:47,381: +PARAM [/gains/arm_7_joint/antiwindup] by /gazebo
[rosmaster.master][INFO] 2025-12-04 20:22:47,381: +PARAM [/gains/arm_7_joint/p] by /gazebo
[rosmaster.master][INFO] 2025-12-04 20:22:47,382: +PARAM [/gains/arm_7_joint/i] by /gazebo
[rosmaster.master][INFO] 2025-12-04 20:22:47,382: +PARAM [/gains/arm_7_joint/d] by /gazebo
[rosmaster.master][INFO] 2025-12-04 20:22:47,383: +PARAM [/gains/arm_7_joint/i_clamp_min] by /gazebo
[rosmaster.master][INFO] 2025-12-04 20:22:47,383: +PARAM [/gains/arm_7_joint/i_clamp_max] by /gazebo
[rosmaster.master][INFO] 2025-12-04 20:22:47,383: +PARAM [/gains/arm_7_joint/antiwindup] by /gazebo
[rosmaster.master][INFO] 2025-12-04 20:22:47,384: +PARAM [/gains/arm_7_joint/p] by /gazebo
[rosmaster.master][INFO] 2025-12-04 20:22:47,384: +PARAM [/gains/arm_7_joint/i] by /gazebo
[rosmaster.master][INFO] 2025-12-04 20:22:47,385: +PARAM [/gains/arm_7_joint/d] by /gazebo
[rosmaster.master][INFO] 2025-12-04 20:22:47,386: +PARAM [/gains/arm_7_joint/i_clamp_min] by /gazebo
[rosmaster.master][INFO] 2025-12-04 20:22:47,387: +PARAM [/gains/arm_7_joint/i_clamp_max] by /gazebo
[rosmaster.master][INFO] 2025-12-04 20:22:47,387: +PARAM [/gains/arm_7_joint/antiwindup] by /gazebo
[rosmaster.master][INFO] 2025-12-04 20:22:47,388: +PARAM [/gains/arm_7_joint/p] by /gazebo
[rosmaster.master][INFO] 2025-12-04 20:22:47,388: +PARAM [/gains/arm_7_joint/i] by /gazebo
[rosmaster.master][INFO] 2025-12-04 20:22:47,388: +PARAM [/gains/arm_7_joint/d] by /gazebo
[rosmaster.master][INFO] 2025-12-04 20:22:47,389: +PARAM [/gains/arm_7_joint/i_clamp_min] by /gazebo
[rosmaster.master][INFO] 2025-12-04 20:22:47,389: +PARAM [/gains/arm_7_joint/i_clamp_max] by /gazebo
[rosmaster.master][INFO] 2025-12-04 20:22:47,390: +PARAM [/gains/arm_7_joint/antiwindup] by /gazebo
[rosmaster.master][INFO] 2025-12-04 20:22:47,393: +SERVICE [/gains/arm_1_joint/set_parameters] /gazebo http://127.0.0.1:36901/
[rosmaster.master][INFO] 2025-12-04 20:22:47,393: +PUB [/gains/arm_1_joint/parameter_descriptions] /gazebo http://127.0.0.1:36901/
[rosmaster.master][INFO] 2025-12-04 20:22:47,394: +PUB [/gains/arm_1_joint/parameter_updates] /gazebo http://127.0.0.1:36901/
[rosmaster.master][INFO] 2025-12-04 20:22:47,396: +PARAM [/gains/arm_1_joint/p] by /gazebo
[rosmaster.master][INFO] 2025-12-04 20:22:47,397: +PARAM [/gains/arm_1_joint/i] by /gazebo
[rosmaster.master][INFO] 2025-12-04 20:22:47,397: +PARAM [/gains/arm_1_joint/d] by /gazebo
[rosmaster.master][INFO] 2025-12-04 20:22:47,398: +PARAM [/gains/arm_1_joint/i_clamp_min] by /gazebo
[rosmaster.master][INFO] 2025-12-04 20:22:47,398: +PARAM [/gains/arm_1_joint/i_clamp_max] by /gazebo
[rosmaster.master][INFO] 2025-12-04 20:22:47,399: +PARAM [/gains/arm_1_joint/antiwindup] by /gazebo
[rosmaster.master][INFO] 2025-12-04 20:22:47,399: +PARAM [/gains/arm_1_joint/p] by /gazebo
[rosmaster.master][INFO] 2025-12-04 20:22:47,399: +PARAM [/gains/arm_1_joint/i] by /gazebo
[rosmaster.master][INFO] 2025-12-04 20:22:47,400: +PARAM [/gains/arm_1_joint/d] by /gazebo
[rosmaster.master][INFO] 2025-12-04 20:22:47,400: +PARAM [/gains/arm_1_joint/i_clamp_min] by /gazebo
[rosmaster.master][INFO] 2025-12-04 20:22:47,401: +PARAM [/gains/arm_1_joint/i_clamp_max] by /gazebo
[rosmaster.master][INFO] 2025-12-04 20:22:47,401: +PARAM [/gains/arm_1_joint/antiwindup] by /gazebo
[rosmaster.master][INFO] 2025-12-04 20:22:47,401: +PARAM [/gains/arm_1_joint/p] by /gazebo
[rosmaster.master][INFO] 2025-12-04 20:22:47,402: +PARAM [/gains/arm_1_joint/i] by /gazebo
[rosmaster.master][INFO] 2025-12-04 20:22:47,402: +PARAM [/gains/arm_1_joint/d] by /gazebo
[rosmaster.master][INFO] 2025-12-04 20:22:47,402: +PARAM [/gains/arm_1_joint/i_clamp_min] by /gazebo
[rosmaster.master][INFO] 2025-12-04 20:22:47,403: +PARAM [/gains/arm_1_joint/i_clamp_max] by /gazebo
[rosmaster.master][INFO] 2025-12-04 20:22:47,403: +PARAM [/gains/arm_1_joint/antiwindup] by /gazebo
[rosmaster.master][INFO] 2025-12-04 20:22:47,404: +PARAM [/gains/arm_1_joint/p] by /gazebo
[rosmaster.master][INFO] 2025-12-04 20:22:47,405: +PARAM [/gains/arm_1_joint/i] by /gazebo
[rosmaster.master][INFO] 2025-12-04 20:22:47,405: +PARAM [/gains/arm_1_joint/d] by /gazebo
[rosmaster.master][INFO] 2025-12-04 20:22:47,405: +PARAM [/gains/arm_1_joint/i_clamp_min] by /gazebo
[rosmaster.master][INFO] 2025-12-04 20:22:47,406: +PARAM [/gains/arm_1_joint/i_clamp_max] by /gazebo
[rosmaster.master][INFO] 2025-12-04 20:22:47,406: +PARAM [/gains/arm_1_joint/antiwindup] by /gazebo
[rosmaster.master][INFO] 2025-12-04 20:22:47,410: +SERVICE [/gains/arm_2_joint/set_parameters] /gazebo http://127.0.0.1:36901/
[rosmaster.master][INFO] 2025-12-04 20:22:47,410: +PUB [/gains/arm_2_joint/parameter_descriptions] /gazebo http://127.0.0.1:36901/
[rosmaster.master][INFO] 2025-12-04 20:22:47,411: +PUB [/gains/arm_2_joint/parameter_updates] /gazebo http://127.0.0.1:36901/
[rosmaster.master][INFO] 2025-12-04 20:22:47,412: +PARAM [/gains/arm_2_joint/p] by /gazebo
[rosmaster.master][INFO] 2025-12-04 20:22:47,413: +PARAM [/gains/arm_2_joint/i] by /gazebo
[rosmaster.master][INFO] 2025-12-04 20:22:47,413: +PARAM [/gains/arm_2_joint/d] by /gazebo
[rosmaster.master][INFO] 2025-12-04 20:22:47,414: +PARAM [/gains/arm_2_joint/i_clamp_min] by /gazebo
[rosmaster.master][INFO] 2025-12-04 20:22:47,414: +PARAM [/gains/arm_2_joint/i_clamp_max] by /gazebo
[rosmaster.master][INFO] 2025-12-04 20:22:47,414: +PARAM [/gains/arm_2_joint/antiwindup] by /gazebo
[rosmaster.master][INFO] 2025-12-04 20:22:47,415: +PARAM [/gains/arm_2_joint/p] by /gazebo
[rosmaster.master][INFO] 2025-12-04 20:22:47,415: +PARAM [/gains/arm_2_joint/i] by /gazebo
[rosmaster.master][INFO] 2025-12-04 20:22:47,416: +PARAM [/gains/arm_2_joint/d] by /gazebo
[rosmaster.master][INFO] 2025-12-04 20:22:47,416: +PARAM [/gains/arm_2_joint/i_clamp_min] by /gazebo
[rosmaster.master][INFO] 2025-12-04 20:22:47,417: +PARAM [/gains/arm_2_joint/i_clamp_max] by /gazebo
[rosmaster.master][INFO] 2025-12-04 20:22:47,417: +PARAM [/gains/arm_2_joint/antiwindup] by /gazebo
[rosmaster.master][INFO] 2025-12-04 20:22:47,417: +PARAM [/gains/arm_2_joint/p] by /gazebo
[rosmaster.master][INFO] 2025-12-04 20:22:47,418: +PARAM [/gains/arm_2_joint/i] by /gazebo
[rosmaster.master][INFO] 2025-12-04 20:22:47,418: +PARAM [/gains/arm_2_joint/d] by /gazebo
[rosmaster.master][INFO] 2025-12-04 20:22:47,419: +PARAM [/gains/arm_2_joint/i_clamp_min] by /gazebo
[rosmaster.master][INFO] 2025-12-04 20:22:47,419: +PARAM [/gains/arm_2_joint/i_clamp_max] by /gazebo
[rosmaster.master][INFO] 2025-12-04 20:22:47,420: +PARAM [/gains/arm_2_joint/antiwindup] by /gazebo
[rosmaster.master][INFO] 2025-12-04 20:22:47,420: +PARAM [/gains/arm_2_joint/p] by /gazebo
[rosmaster.master][INFO] 2025-12-04 20:22:47,421: +PARAM [/gains/arm_2_joint/i] by /gazebo
[rosmaster.master][INFO] 2025-12-04 20:22:47,422: +PARAM [/gains/arm_2_joint/d] by /gazebo
[rosmaster.master][INFO] 2025-12-04 20:22:47,423: +PARAM [/gains/arm_2_joint/i_clamp_min] by /gazebo
[rosmaster.master][INFO] 2025-12-04 20:22:47,424: +PARAM [/gains/arm_2_joint/i_clamp_max] by /gazebo
[rosmaster.master][INFO] 2025-12-04 20:22:47,425: +PARAM [/gains/arm_2_joint/antiwindup] by /gazebo
[rosmaster.master][INFO] 2025-12-04 20:22:47,428: +SERVICE [/gains/arm_3_joint/set_parameters] /gazebo http://127.0.0.1:36901/
[rosmaster.master][INFO] 2025-12-04 20:22:47,429: +PUB [/gains/arm_3_joint/parameter_descriptions] /gazebo http://127.0.0.1:36901/
[rosmaster.master][INFO] 2025-12-04 20:22:47,429: +PUB [/gains/arm_3_joint/parameter_updates] /gazebo http://127.0.0.1:36901/
[rosmaster.master][INFO] 2025-12-04 20:22:47,431: +PARAM [/gains/arm_3_joint/p] by /gazebo
[rosmaster.master][INFO] 2025-12-04 20:22:47,431: +PARAM [/gains/arm_3_joint/i] by /gazebo
[rosmaster.master][INFO] 2025-12-04 20:22:47,431: +PARAM [/gains/arm_3_joint/d] by /gazebo
[rosmaster.master][INFO] 2025-12-04 20:22:47,432: +PARAM [/gains/arm_3_joint/i_clamp_min] by /gazebo
[rosmaster.master][INFO] 2025-12-04 20:22:47,432: +PARAM [/gains/arm_3_joint/i_clamp_max] by /gazebo
[rosmaster.master][INFO] 2025-12-04 20:22:47,432: +PARAM [/gains/arm_3_joint/antiwindup] by /gazebo
[rosmaster.master][INFO] 2025-12-04 20:22:47,433: +PARAM [/gains/arm_3_joint/p] by /gazebo
[rosmaster.master][INFO] 2025-12-04 20:22:47,433: +PARAM [/gains/arm_3_joint/i] by /gazebo
[rosmaster.master][INFO] 2025-12-04 20:22:47,433: +PARAM [/gains/arm_3_joint/d] by /gazebo
[rosmaster.master][INFO] 2025-12-04 20:22:47,434: +PARAM [/gains/arm_3_joint/i_clamp_min] by /gazebo
[rosmaster.master][INFO] 2025-12-04 20:22:47,434: +PARAM [/gains/arm_3_joint/i_clamp_max] by /gazebo
[rosmaster.master][INFO] 2025-12-04 20:22:47,435: +PARAM [/gains/arm_3_joint/antiwindup] by /gazebo
[rosmaster.master][INFO] 2025-12-04 20:22:47,435: +PARAM [/gains/arm_3_joint/p] by /gazebo
[rosmaster.master][INFO] 2025-12-04 20:22:47,435: +PARAM [/gains/arm_3_joint/i] by /gazebo
[rosmaster.master][INFO] 2025-12-04 20:22:47,436: +PARAM [/gains/arm_3_joint/d] by /gazebo
[rosmaster.master][INFO] 2025-12-04 20:22:47,436: +PARAM [/gains/arm_3_joint/i_clamp_min] by /gazebo
[rosmaster.master][INFO] 2025-12-04 20:22:47,436: +PARAM [/gains/arm_3_joint/i_clamp_max] by /gazebo
[rosmaster.master][INFO] 2025-12-04 20:22:47,437: +PARAM [/gains/arm_3_joint/antiwindup] by /gazebo
[rosmaster.master][INFO] 2025-12-04 20:22:47,437: +PARAM [/gains/arm_3_joint/p] by /gazebo
[rosmaster.master][INFO] 2025-12-04 20:22:47,437: +PARAM [/gains/arm_3_joint/i] by /gazebo
[rosmaster.master][INFO] 2025-12-04 20:22:47,438: +PARAM [/gains/arm_3_joint/d] by /gazebo
[rosmaster.master][INFO] 2025-12-04 20:22:47,438: +PARAM [/gains/arm_3_joint/i_clamp_min] by /gazebo
[rosmaster.master][INFO] 2025-12-04 20:22:47,438: +PARAM [/gains/arm_3_joint/i_clamp_max] by /gazebo
[rosmaster.master][INFO] 2025-12-04 20:22:47,439: +PARAM [/gains/arm_3_joint/antiwindup] by /gazebo
[rosmaster.master][INFO] 2025-12-04 20:22:47,442: +SERVICE [/gains/arm_4_joint/set_parameters] /gazebo http://127.0.0.1:36901/
[rosmaster.master][INFO] 2025-12-04 20:22:47,442: +PUB [/gains/arm_4_joint/parameter_descriptions] /gazebo http://127.0.0.1:36901/
[rosmaster.master][INFO] 2025-12-04 20:22:47,443: +PUB [/gains/arm_4_joint/parameter_updates] /gazebo http://127.0.0.1:36901/
[rosmaster.master][INFO] 2025-12-04 20:22:47,444: +PARAM [/gains/arm_4_joint/p] by /gazebo
[rosmaster.master][INFO] 2025-12-04 20:22:47,445: +PARAM [/gains/arm_4_joint/i] by /gazebo
[rosmaster.master][INFO] 2025-12-04 20:22:47,445: +PARAM [/gains/arm_4_joint/d] by /gazebo
[rosmaster.master][INFO] 2025-12-04 20:22:47,445: +PARAM [/gains/arm_4_joint/i_clamp_min] by /gazebo
[rosmaster.master][INFO] 2025-12-04 20:22:47,445: +PARAM [/gains/arm_4_joint/i_clamp_max] by /gazebo
[rosmaster.master][INFO] 2025-12-04 20:22:47,446: +PARAM [/gains/arm_4_joint/antiwindup] by /gazebo
[rosmaster.master][INFO] 2025-12-04 20:22:47,446: +PARAM [/gains/arm_4_joint/p] by /gazebo
[rosmaster.master][INFO] 2025-12-04 20:22:47,447: +PARAM [/gains/arm_4_joint/i] by /gazebo
[rosmaster.master][INFO] 2025-12-04 20:22:47,447: +PARAM [/gains/arm_4_joint/d] by /gazebo
[rosmaster.master][INFO] 2025-12-04 20:22:47,447: +PARAM [/gains/arm_4_joint/i_clamp_min] by /gazebo
[rosmaster.master][INFO] 2025-12-04 20:22:47,448: +PARAM [/gains/arm_4_joint/i_clamp_max] by /gazebo
[rosmaster.master][INFO] 2025-12-04 20:22:47,449: +PARAM [/gains/arm_4_joint/antiwindup] by /gazebo
[rosmaster.master][INFO] 2025-12-04 20:22:47,449: +PARAM [/gains/arm_4_joint/p] by /gazebo
[rosmaster.master][INFO] 2025-12-04 20:22:47,449: +PARAM [/gains/arm_4_joint/i] by /gazebo
[rosmaster.master][INFO] 2025-12-04 20:22:47,450: +PARAM [/gains/arm_4_joint/d] by /gazebo
[rosmaster.master][INFO] 2025-12-04 20:22:47,450: +PARAM [/gains/arm_4_joint/i_clamp_min] by /gazebo
[rosmaster.master][INFO] 2025-12-04 20:22:47,451: +PARAM [/gains/arm_4_joint/i_clamp_max] by /gazebo
[rosmaster.master][INFO] 2025-12-04 20:22:47,451: +PARAM [/gains/arm_4_joint/antiwindup] by /gazebo
[rosmaster.master][INFO] 2025-12-04 20:22:47,451: +PARAM [/gains/arm_4_joint/p] by /gazebo
[rosmaster.master][INFO] 2025-12-04 20:22:47,452: +PARAM [/gains/arm_4_joint/i] by /gazebo
[rosmaster.master][INFO] 2025-12-04 20:22:47,452: +PARAM [/gains/arm_4_joint/d] by /gazebo
[rosmaster.master][INFO] 2025-12-04 20:22:47,452: +PARAM [/gains/arm_4_joint/i_clamp_min] by /gazebo
[rosmaster.master][INFO] 2025-12-04 20:22:47,453: +PARAM [/gains/arm_4_joint/i_clamp_max] by /gazebo
[rosmaster.master][INFO] 2025-12-04 20:22:47,453: +PARAM [/gains/arm_4_joint/antiwindup] by /gazebo
[rosmaster.master][INFO] 2025-12-04 20:22:47,456: +SERVICE [/gains/gripper_left_finger_joint/set_parameters] /gazebo http://127.0.0.1:36901/
[rosmaster.master][INFO] 2025-12-04 20:22:47,456: +PUB [/gains/gripper_left_finger_joint/parameter_descriptions] /gazebo http://127.0.0.1:36901/
[rosmaster.master][INFO] 2025-12-04 20:22:47,456: +PUB [/gains/gripper_left_finger_joint/parameter_updates] /gazebo http://127.0.0.1:36901/
[rosmaster.master][INFO] 2025-12-04 20:22:47,458: +PARAM [/gains/gripper_left_finger_joint/p] by /gazebo
[rosmaster.master][INFO] 2025-12-04 20:22:47,458: +PARAM [/gains/gripper_left_finger_joint/i] by /gazebo
[rosmaster.master][INFO] 2025-12-04 20:22:47,458: +PARAM [/gains/gripper_left_finger_joint/d] by /gazebo
[rosmaster.master][INFO] 2025-12-04 20:22:47,459: +PARAM [/gains/gripper_left_finger_joint/i_clamp_min] by /gazebo
[rosmaster.master][INFO] 2025-12-04 20:22:47,459: +PARAM [/gains/gripper_left_finger_joint/i_clamp_max] by /gazebo
[rosmaster.master][INFO] 2025-12-04 20:22:47,459: +PARAM [/gains/gripper_left_finger_joint/antiwindup] by /gazebo
[rosmaster.master][INFO] 2025-12-04 20:22:47,460: +PARAM [/gains/gripper_left_finger_joint/p] by /gazebo
[rosmaster.master][INFO] 2025-12-04 20:22:47,460: +PARAM [/gains/gripper_left_finger_joint/i] by /gazebo
[rosmaster.master][INFO] 2025-12-04 20:22:47,460: +PARAM [/gains/gripper_left_finger_joint/d] by /gazebo
[rosmaster.master][INFO] 2025-12-04 20:22:47,461: +PARAM [/gains/gripper_left_finger_joint/i_clamp_min] by /gazebo
[rosmaster.master][INFO] 2025-12-04 20:22:47,461: +PARAM [/gains/gripper_left_finger_joint/i_clamp_max] by /gazebo
[rosmaster.master][INFO] 2025-12-04 20:22:47,462: +PARAM [/gains/gripper_left_finger_joint/antiwindup] by /gazebo
[rosmaster.master][INFO] 2025-12-04 20:22:47,463: +PARAM [/gains/gripper_left_finger_joint/p] by /gazebo
[rosmaster.master][INFO] 2025-12-04 20:22:47,463: +PARAM [/gains/gripper_left_finger_joint/i] by /gazebo
[rosmaster.master][INFO] 2025-12-04 20:22:47,464: +PARAM [/gains/gripper_left_finger_joint/d] by /gazebo
[rosmaster.master][INFO] 2025-12-04 20:22:47,464: +PARAM [/gains/gripper_left_finger_joint/i_clamp_min] by /gazebo
[rosmaster.master][INFO] 2025-12-04 20:22:47,465: +PARAM [/gains/gripper_left_finger_joint/i_clamp_max] by /gazebo
[rosmaster.master][INFO] 2025-12-04 20:22:47,465: +PARAM [/gains/gripper_left_finger_joint/antiwindup] by /gazebo
[rosmaster.master][INFO] 2025-12-04 20:22:47,466: +PARAM [/gains/gripper_left_finger_joint/p] by /gazebo
[rosmaster.master][INFO] 2025-12-04 20:22:47,466: +PARAM [/gains/gripper_left_finger_joint/i] by /gazebo
[rosmaster.master][INFO] 2025-12-04 20:22:47,467: +PARAM [/gains/gripper_left_finger_joint/d] by /gazebo
[rosmaster.master][INFO] 2025-12-04 20:22:47,467: +PARAM [/gains/gripper_left_finger_joint/i_clamp_min] by /gazebo
[rosmaster.master][INFO] 2025-12-04 20:22:47,467: +PARAM [/gains/gripper_left_finger_joint/i_clamp_max] by /gazebo
[rosmaster.master][INFO] 2025-12-04 20:22:47,468: +PARAM [/gains/gripper_left_finger_joint/antiwindup] by /gazebo
[rosmaster.master][INFO] 2025-12-04 20:22:47,470: +SERVICE [/gains/gripper_right_finger_joint/set_parameters] /gazebo http://127.0.0.1:36901/
[rosmaster.master][INFO] 2025-12-04 20:22:47,471: +PUB [/gains/gripper_right_finger_joint/parameter_descriptions] /gazebo http://127.0.0.1:36901/
[rosmaster.master][INFO] 2025-12-04 20:22:47,471: +PUB [/gains/gripper_right_finger_joint/parameter_updates] /gazebo http://127.0.0.1:36901/
[rosmaster.master][INFO] 2025-12-04 20:22:47,473: +PARAM [/gains/gripper_right_finger_joint/p] by /gazebo
[rosmaster.master][INFO] 2025-12-04 20:22:47,473: +PARAM [/gains/gripper_right_finger_joint/i] by /gazebo
[rosmaster.master][INFO] 2025-12-04 20:22:47,474: +PARAM [/gains/gripper_right_finger_joint/d] by /gazebo
[rosmaster.master][INFO] 2025-12-04 20:22:47,474: +PARAM [/gains/gripper_right_finger_joint/i_clamp_min] by /gazebo
[rosmaster.master][INFO] 2025-12-04 20:22:47,474: +PARAM [/gains/gripper_right_finger_joint/i_clamp_max] by /gazebo
[rosmaster.master][INFO] 2025-12-04 20:22:47,474: +PARAM [/gains/gripper_right_finger_joint/antiwindup] by /gazebo
[rosmaster.master][INFO] 2025-12-04 20:22:47,475: +PARAM [/gains/gripper_right_finger_joint/p] by /gazebo
[rosmaster.master][INFO] 2025-12-04 20:22:47,475: +PARAM [/gains/gripper_right_finger_joint/i] by /gazebo
[rosmaster.master][INFO] 2025-12-04 20:22:47,475: +PARAM [/gains/gripper_right_finger_joint/d] by /gazebo
[rosmaster.master][INFO] 2025-12-04 20:22:47,475: +PARAM [/gains/gripper_right_finger_joint/i_clamp_min] by /gazebo
[rosmaster.master][INFO] 2025-12-04 20:22:47,476: +PARAM [/gains/gripper_right_finger_joint/i_clamp_max] by /gazebo
[rosmaster.master][INFO] 2025-12-04 20:22:47,476: +PARAM [/gains/gripper_right_finger_joint/antiwindup] by /gazebo
[rosmaster.master][INFO] 2025-12-04 20:22:47,476: +PARAM [/gains/gripper_right_finger_joint/p] by /gazebo
[rosmaster.master][INFO] 2025-12-04 20:22:47,477: +PARAM [/gains/gripper_right_finger_joint/i] by /gazebo
[rosmaster.master][INFO] 2025-12-04 20:22:47,477: +PARAM [/gains/gripper_right_finger_joint/d] by /gazebo
[rosmaster.master][INFO] 2025-12-04 20:22:47,477: +PARAM [/gains/gripper_right_finger_joint/i_clamp_min] by /gazebo
[rosmaster.master][INFO] 2025-12-04 20:22:47,478: +PARAM [/gains/gripper_right_finger_joint/i_clamp_max] by /gazebo
[rosmaster.master][INFO] 2025-12-04 20:22:47,478: +PARAM [/gains/gripper_right_finger_joint/antiwindup] by /gazebo
[rosmaster.master][INFO] 2025-12-04 20:22:47,479: +PARAM [/gains/gripper_right_finger_joint/p] by /gazebo
[rosmaster.master][INFO] 2025-12-04 20:22:47,479: +PARAM [/gains/gripper_right_finger_joint/i] by /gazebo
[rosmaster.master][INFO] 2025-12-04 20:22:47,479: +PARAM [/gains/gripper_right_finger_joint/d] by /gazebo
[rosmaster.master][INFO] 2025-12-04 20:22:47,480: +PARAM [/gains/gripper_right_finger_joint/i_clamp_min] by /gazebo
[rosmaster.master][INFO] 2025-12-04 20:22:47,480: +PARAM [/gains/gripper_right_finger_joint/i_clamp_max] by /gazebo
[rosmaster.master][INFO] 2025-12-04 20:22:47,481: +PARAM [/gains/gripper_right_finger_joint/antiwindup] by /gazebo
[rosmaster.master][INFO] 2025-12-04 20:22:47,490: +SERVICE [/controller_manager/list_controllers] /gazebo http://127.0.0.1:36901/
[rosmaster.master][INFO] 2025-12-04 20:22:47,491: +SERVICE [/controller_manager/list_controller_types] /gazebo http://127.0.0.1:36901/
[rosmaster.master][INFO] 2025-12-04 20:22:47,493: +SERVICE [/controller_manager/load_controller] /gazebo http://127.0.0.1:36901/
[rosmaster.master][INFO] 2025-12-04 20:22:47,496: +SERVICE [/controller_manager/unload_controller] /gazebo http://127.0.0.1:36901/
[rosmaster.master][INFO] 2025-12-04 20:22:47,499: +SERVICE [/controller_manager/switch_controller] /gazebo http://127.0.0.1:36901/
[rosmaster.master][INFO] 2025-12-04 20:22:47,502: +SERVICE [/controller_manager/reload_controller_libraries] /gazebo http://127.0.0.1:36901/
[rosmaster.master][ERROR] 2025-12-04 20:22:47,520: Traceback (most recent call last):
  File "/opt/ros/noetic/lib/python3/dist-packages/rosmaster/master_api.py", line 177, in validated_f
    code, msg, val = f(*newArgs, **kwds)
  File "/opt/ros/noetic/lib/python3/dist-packages/rosmaster/master_api.py", line 435, in searchParam
    search_key = self.param_server.search_param(caller_id, key)
  File "/opt/ros/noetic/lib/python3/dist-packages/rosmaster/paramserver.py", line 116, in search_param
    raise ValueError("namespace must be global")
ValueError: namespace must be global

[rosmaster.master][INFO] 2025-12-04 20:22:47,521: +PUB [/tf] /gazebo http://127.0.0.1:36901/
[rosmaster.master][INFO] 2025-12-04 20:22:47,524: +SUB [/mobile_base_controller/cmd_vel] /gazebo http://127.0.0.1:36901/
[rosmaster.master][INFO] 2025-12-04 20:22:47,525: +PUB [/mobile_base_controller/odom] /gazebo http://127.0.0.1:36901/
[rosmaster.master][INFO] 2025-12-04 20:22:47,537: +PUB [/ground_truth_odom] /gazebo http://127.0.0.1:36901/
[rosmaster.master][INFO] 2025-12-04 20:22:47,543: publisherUpdate[/tf] -> http://127.0.0.1:41445/ ['http://127.0.0.1:44237/', 'http://127.0.0.1:36901/']
[rosmaster.master][INFO] 2025-12-04 20:22:47,551: publisherUpdate[/tf] -> http://127.0.0.1:41445/ ['http://127.0.0.1:44237/', 'http://127.0.0.1:36901/']: sec=0.01, result=[1, '', 0]
[rosmaster.master][INFO] 2025-12-04 20:22:47,551: publisherUpdate[/tf] -> http://127.0.0.1:33711/ ['http://127.0.0.1:44237/', 'http://127.0.0.1:36901/']
[rosmaster.master][INFO] 2025-12-04 20:22:47,553: publisherUpdate[/tf] -> http://127.0.0.1:33711/ ['http://127.0.0.1:44237/', 'http://127.0.0.1:36901/']: sec=0.00, result=[1, '', 0]
[rosmaster.master][INFO] 2025-12-04 20:22:47,553: publisherUpdate[/tf] -> http://127.0.0.1:46405/ ['http://127.0.0.1:44237/', 'http://127.0.0.1:36901/']
[rosmaster.master][INFO] 2025-12-04 20:22:47,557: +PUB [/gazebo/world_odometry/parameter_descriptions] /gazebo http://127.0.0.1:36901/
[rosmaster.master][INFO] 2025-12-04 20:22:47,560: +PUB [/gazebo/world_odometry/parameter_updates] /gazebo http://127.0.0.1:36901/
[rosmaster.master][INFO] 2025-12-04 20:22:47,561: +SERVICE [/gazebo/world_odometry/set_parameters] /gazebo http://127.0.0.1:36901/
[rosmaster.master][INFO] 2025-12-04 20:22:47,563: +PUB [/floating_base_pose_simulated] /gazebo http://127.0.0.1:36901/
[rosmaster.master][INFO] 2025-12-04 20:22:47,563: +PUB [/introspection_data/full] /gazebo http://127.0.0.1:36901/
[rosmaster.master][INFO] 2025-12-04 20:22:47,564: +PUB [/introspection_data/names] /gazebo http://127.0.0.1:36901/
[rosmaster.master][INFO] 2025-12-04 20:22:47,565: +PUB [/introspection_data/values] /gazebo http://127.0.0.1:36901/
[rosmaster.master][INFO] 2025-12-04 20:22:47,571: +PUB [/tfs_14594000000] /tf_lookup http://127.0.0.1:33711/
[rosmaster.master][INFO] 2025-12-04 20:22:47,574: +SERVICE [/throttle_filtering_points/set_parameters] /throttle_filtering_points http://127.0.0.1:33773/
[rosmaster.master][INFO] 2025-12-04 20:22:47,590: +SUB [/arm_controller/follow_joint_trajectory/status] /move_group http://127.0.0.1:38395/
[rosmaster.master][INFO] 2025-12-04 20:22:47,593: +PUB [/throttle_filtering_points/parameter_descriptions] /throttle_filtering_points http://127.0.0.1:33773/
[rosmaster.master][INFO] 2025-12-04 20:22:47,594: +PUB [/throttle_filtering_points/parameter_updates] /throttle_filtering_points http://127.0.0.1:33773/
[rosmaster.master][INFO] 2025-12-04 20:22:47,596: +PARAM [/throttle_filtering_points/throttle_node_rate] by /throttle_filtering_points
[rosmaster.master][INFO] 2025-12-04 20:22:47,598: +PARAM [/throttle_filtering_points/downsampling_size] by /throttle_filtering_points
[rosmaster.master][INFO] 2025-12-04 20:22:47,598: +SUB [/move_group/status] /play_motion http://127.0.0.1:46405/
[rosmaster.master][INFO] 2025-12-04 20:22:47,600: +CACHEDPARAM [/rosout_disable_topics_generation] by /throttle_filtering_points
[rosmaster.master][INFO] 2025-12-04 20:22:47,602: +PUB [/throttle_filtering_points/filtered_points] /throttle_filtering_points http://127.0.0.1:33773/
[rosmaster.master][INFO] 2025-12-04 20:22:47,603: +PARAM [/throttle_filtering_points/throttle_node_rate] by /throttle_filtering_points
[rosmaster.master][INFO] 2025-12-04 20:22:47,605: +PARAM [/throttle_filtering_points/downsampling_size] by /throttle_filtering_points
[rosmaster.master][INFO] 2025-12-04 20:22:47,610: publisherUpdate[/tf] -> http://127.0.0.1:38395/ ['http://127.0.0.1:44237/', 'http://127.0.0.1:36901/']
[rosmaster.master][INFO] 2025-12-04 20:22:47,611: +SUB [/tfs_14594000000] /dynamic_footprint_publisher http://127.0.0.1:36829/
[rosmaster.master][INFO] 2025-12-04 20:22:47,612: +SUB [/arm_controller/follow_joint_trajectory/feedback] /move_group http://127.0.0.1:38395/
[rosmaster.master][INFO] 2025-12-04 20:22:47,613: +SUB [/move_group/feedback] /play_motion http://127.0.0.1:46405/
[rosmaster.master][INFO] 2025-12-04 20:22:47,621: +SUB [/move_group/result] /play_motion http://127.0.0.1:46405/
[rosmaster.master][INFO] 2025-12-04 20:22:47,622: +SUB [/arm_controller/follow_joint_trajectory/result] /move_group http://127.0.0.1:38395/
[rosmaster.master][INFO] 2025-12-04 20:22:47,628: +PUB [/arm_controller/follow_joint_trajectory/goal] /move_group http://127.0.0.1:38395/
[rosmaster.master][INFO] 2025-12-04 20:22:47,629: publisherUpdate[/tf] -> http://127.0.0.1:46405/ ['http://127.0.0.1:44237/', 'http://127.0.0.1:36901/']: sec=0.08, result=[1, '', 0]
[rosmaster.master][INFO] 2025-12-04 20:22:47,629: +PUB [/move_group/goal] /play_motion http://127.0.0.1:46405/
[rosmaster.master][INFO] 2025-12-04 20:22:47,630: +PUB [/arm_controller/follow_joint_trajectory/cancel] /move_group http://127.0.0.1:38395/
[rosmaster.master][INFO] 2025-12-04 20:22:47,631: +PUB [/move_group/cancel] /play_motion http://127.0.0.1:46405/
[rosmaster.master][INFO] 2025-12-04 20:22:47,650: +CACHEDPARAM [/rosout_disable_topics_generation] by /bringup_controllers_spawner_imu
[rosmaster.master][INFO] 2025-12-04 20:22:47,665: +CACHEDPARAM [/rosout_disable_topics_generation] by /bringup_controllers_spawner_imu
[rosmaster.master][INFO] 2025-12-04 20:22:47,668: publisherUpdate[/clock] -> http://127.0.0.1:36901/ ['http://127.0.0.1:36901/']: sec=1.28, result=[1, '', 0]
[rosmaster.master][INFO] 2025-12-04 20:22:47,669: publisherUpdate[/tf] -> http://127.0.0.1:38395/ ['http://127.0.0.1:44237/', 'http://127.0.0.1:36901/']: sec=0.06, result=[1, '', 0]
[rosmaster.master][INFO] 2025-12-04 20:22:47,674: +CACHEDPARAM [/rosout_disable_topics_generation] by /bringup_controllers_spawner_imu
[rosmaster.master][INFO] 2025-12-04 20:22:47,689: +PUB [/base_imu] /gazebo http://127.0.0.1:36901/
[rosmaster.master][INFO] 2025-12-04 20:22:47,691: +CACHEDPARAM [/rosout_disable_topics_generation] by /bringup_controllers_spawner_imu
[rosmaster.master][INFO] 2025-12-04 20:22:47,697: +CACHEDPARAM [/rosout_disable_topics_generation] by /bringup_controllers_spawner_imu
[rosmaster.master][INFO] 2025-12-04 20:22:47,709: +CACHEDPARAM [/rosout_disable_topics_generation] by /bringup_controllers_spawner_ft
[rosmaster.master][INFO] 2025-12-04 20:22:47,716: +CACHEDPARAM [/rosout_disable_topics_generation] by /bringup_controllers_spawner_ft
[rosmaster.master][INFO] 2025-12-04 20:22:47,724: +CACHEDPARAM [/rosout_disable_topics_generation] by /bringup_controllers_spawner_ft
[rosmaster.master][INFO] 2025-12-04 20:22:47,739: +PUB [/wrist_ft] /gazebo http://127.0.0.1:36901/
[rosmaster.master][INFO] 2025-12-04 20:22:47,741: +PUB [/wrist_ft_temperature] /gazebo http://127.0.0.1:36901/
[rosmaster.master][INFO] 2025-12-04 20:22:47,744: +CACHEDPARAM [/rosout_disable_topics_generation] by /bringup_controllers_spawner_ft
[rosmaster.master][INFO] 2025-12-04 20:22:47,752: +CACHEDPARAM [/rosout_disable_topics_generation] by /bringup_controllers_spawner_ft
[rosmaster.master][INFO] 2025-12-04 20:22:47,753: +CACHEDPARAM [/rosout_disable_topics_generation] by /gripper_controllers_spawner
[rosmaster.master][INFO] 2025-12-04 20:22:47,760: +CACHEDPARAM [/rosout_disable_topics_generation] by /gripper_controllers_spawner
[rosmaster.master][INFO] 2025-12-04 20:22:47,764: +CACHEDPARAM [/rosout_disable_topics_generation] by /default_controllers_spawner
[rosmaster.master][INFO] 2025-12-04 20:22:47,770: +CACHEDPARAM [/rosout_disable_topics_generation] by /gripper_controllers_spawner
[rosmaster.master][INFO] 2025-12-04 20:22:47,774: +CACHEDPARAM [/rosout_disable_topics_generation] by /default_controllers_spawner
[rosmaster.master][INFO] 2025-12-04 20:22:47,781: +CACHEDPARAM [/rosout_disable_topics_generation] by /default_controllers_spawner
[rosmaster.master][INFO] 2025-12-04 20:22:47,805: +PUB [/xtion/rgb/image_rect_color] /image_raw_to_rect_color_relay http://127.0.0.1:34859/
[rosmaster.master][INFO] 2025-12-04 20:22:47,807: +CACHEDPARAM [/rosout_disable_topics_generation] by /image_raw_to_rect_color_relay
[rosmaster.master][INFO] 2025-12-04 20:22:47,829: +SUB [/gripper_controller/command] /gazebo http://127.0.0.1:36901/
[rosmaster.master][INFO] 2025-12-04 20:22:47,831: +PUB [/gripper_controller/state] /gazebo http://127.0.0.1:36901/
[rosmaster.master][INFO] 2025-12-04 20:22:47,833: +PUB [/gripper_controller/follow_joint_trajectory/result] /gazebo http://127.0.0.1:36901/
[rosmaster.master][INFO] 2025-12-04 20:22:47,834: +PUB [/gripper_controller/follow_joint_trajectory/feedback] /gazebo http://127.0.0.1:36901/
[rosmaster.master][INFO] 2025-12-04 20:22:47,835: +PUB [/gripper_controller/follow_joint_trajectory/status] /gazebo http://127.0.0.1:36901/
[rosmaster.master][INFO] 2025-12-04 20:22:47,838: +SUB [/gripper_controller/follow_joint_trajectory/goal] /gazebo http://127.0.0.1:36901/
[rosmaster.master][INFO] 2025-12-04 20:22:47,841: +SUB [/gripper_controller/follow_joint_trajectory/cancel] /gazebo http://127.0.0.1:36901/
[rosmaster.master][INFO] 2025-12-04 20:22:47,842: +SERVICE [/gripper_controller/query_state] /gazebo http://127.0.0.1:36901/
[rosmaster.master][INFO] 2025-12-04 20:22:47,846: +CACHEDPARAM [/rosout_disable_topics_generation] by /gripper_controllers_spawner
[rosmaster.master][INFO] 2025-12-04 20:22:47,855: +PUB [/joint_states] /gazebo http://127.0.0.1:36901/
[rosmaster.master][INFO] 2025-12-04 20:22:47,862: +CACHEDPARAM [/rosout_disable_topics_generation] by /default_controllers_spawner
[rosmaster.master][INFO] 2025-12-04 20:22:47,863: +CACHEDPARAM [/rosout_disable_topics_generation] by /gripper_controllers_spawner
[rosmaster.master][INFO] 2025-12-04 20:22:47,869: publisherUpdate[/gripper_controller/follow_joint_trajectory/result] -> http://127.0.0.1:46027/ ['http://127.0.0.1:36901/']
[rosmaster.master][INFO] 2025-12-04 20:22:47,870: publisherUpdate[/joint_states] -> http://127.0.0.1:46405/ ['http://127.0.0.1:36901/']
[rosmaster.master][INFO] 2025-12-04 20:22:47,874: publisherUpdate[/gripper_controller/follow_joint_trajectory/result] -> http://127.0.0.1:46027/ ['http://127.0.0.1:36901/']: sec=0.01, result=[1, '', 0]
[rosmaster.master][INFO] 2025-12-04 20:22:47,876: publisherUpdate[/gripper_controller/follow_joint_trajectory/feedback] -> http://127.0.0.1:46027/ ['http://127.0.0.1:36901/']
[rosmaster.master][INFO] 2025-12-04 20:22:47,879: publisherUpdate[/gripper_controller/follow_joint_trajectory/feedback] -> http://127.0.0.1:46027/ ['http://127.0.0.1:36901/']: sec=0.00, result=[1, '', 0]
[rosmaster.master][INFO] 2025-12-04 20:22:47,879: publisherUpdate[/gripper_controller/follow_joint_trajectory/status] -> http://127.0.0.1:46027/ ['http://127.0.0.1:36901/']
[rosmaster.master][INFO] 2025-12-04 20:22:47,881: publisherUpdate[/gripper_controller/follow_joint_trajectory/status] -> http://127.0.0.1:46027/ ['http://127.0.0.1:36901/']: sec=0.00, result=[1, '', 0]
[rosmaster.master][INFO] 2025-12-04 20:22:47,883: publisherUpdate[/joint_states] -> http://127.0.0.1:44237/ ['http://127.0.0.1:36901/']
[rosmaster.master][INFO] 2025-12-04 20:22:47,916: +SUB [/torso_controller/command] /gazebo http://127.0.0.1:36901/
[rosmaster.master][INFO] 2025-12-04 20:22:47,917: +PUB [/torso_controller/state] /gazebo http://127.0.0.1:36901/
[rosmaster.master][INFO] 2025-12-04 20:22:47,919: +PUB [/torso_controller/follow_joint_trajectory/result] /gazebo http://127.0.0.1:36901/
[rosmaster.master][INFO] 2025-12-04 20:22:47,921: +PUB [/torso_controller/follow_joint_trajectory/feedback] /gazebo http://127.0.0.1:36901/
[rosmaster.master][INFO] 2025-12-04 20:22:47,923: +PUB [/torso_controller/follow_joint_trajectory/status] /gazebo http://127.0.0.1:36901/
[rosmaster.master][INFO] 2025-12-04 20:22:47,924: publisherUpdate[/joint_states] -> http://127.0.0.1:46405/ ['http://127.0.0.1:36901/']: sec=0.05, result=[1, '', 0]
[rosmaster.master][INFO] 2025-12-04 20:22:47,925: publisherUpdate[/joint_states] -> http://127.0.0.1:34497/ ['http://127.0.0.1:36901/']
[rosmaster.master][INFO] 2025-12-04 20:22:47,927: publisherUpdate[/joint_states] -> http://127.0.0.1:34497/ ['http://127.0.0.1:36901/']: sec=0.00, result=[1, '', 0]
[rosmaster.master][INFO] 2025-12-04 20:22:47,928: publisherUpdate[/joint_states] -> http://127.0.0.1:38395/ ['http://127.0.0.1:36901/']
[rosmaster.master][INFO] 2025-12-04 20:22:47,929: publisherUpdate[/joint_states] -> http://127.0.0.1:38395/ ['http://127.0.0.1:36901/']: sec=0.00, result=[1, '', 0]
[rosmaster.master][INFO] 2025-12-04 20:22:47,932: +SUB [/torso_controller/follow_joint_trajectory/goal] /gazebo http://127.0.0.1:36901/
[rosmaster.master][INFO] 2025-12-04 20:22:47,937: publisherUpdate[/joint_states] -> http://127.0.0.1:44237/ ['http://127.0.0.1:36901/']: sec=0.05, result=[1, '', 0]
[rosmaster.master][INFO] 2025-12-04 20:22:47,942: +SUB [/torso_controller/follow_joint_trajectory/cancel] /gazebo http://127.0.0.1:36901/
[rosmaster.master][INFO] 2025-12-04 20:22:47,944: +SERVICE [/torso_controller/query_state] /gazebo http://127.0.0.1:36901/
[rosmaster.master][INFO] 2025-12-04 20:22:47,948: +CACHEDPARAM [/rosout_disable_topics_generation] by /default_controllers_spawner
[rosmaster.master][INFO] 2025-12-04 20:22:47,983: +SUB [/head_controller/command] /gazebo http://127.0.0.1:36901/
[rosmaster.master][INFO] 2025-12-04 20:22:47,985: +PUB [/head_controller/state] /gazebo http://127.0.0.1:36901/
[rosmaster.master][INFO] 2025-12-04 20:22:47,989: +PUB [/head_controller/follow_joint_trajectory/result] /gazebo http://127.0.0.1:36901/
[rosmaster.master][INFO] 2025-12-04 20:22:47,990: +PUB [/head_controller/follow_joint_trajectory/feedback] /gazebo http://127.0.0.1:36901/
[rosmaster.master][INFO] 2025-12-04 20:22:47,993: +PUB [/head_controller/follow_joint_trajectory/status] /gazebo http://127.0.0.1:36901/
[rosmaster.master][INFO] 2025-12-04 20:22:48,000: +SUB [/head_controller/follow_joint_trajectory/goal] /gazebo http://127.0.0.1:36901/
[rosmaster.master][INFO] 2025-12-04 20:22:48,004: +SUB [/head_controller/follow_joint_trajectory/cancel] /gazebo http://127.0.0.1:36901/
[rosmaster.master][INFO] 2025-12-04 20:22:48,006: +SERVICE [/head_controller/query_state] /gazebo http://127.0.0.1:36901/
[rosmaster.master][INFO] 2025-12-04 20:22:48,009: +CACHEDPARAM [/rosout_disable_topics_generation] by /default_controllers_spawner
[rosmaster.master][INFO] 2025-12-04 20:22:48,030: publisherUpdate[/head_controller/state] -> http://127.0.0.1:41445/ ['http://127.0.0.1:36901/']
[rosmaster.master][INFO] 2025-12-04 20:22:48,054: +SUB [/arm_controller/command] /gazebo http://127.0.0.1:36901/
[rosmaster.master][INFO] 2025-12-04 20:22:48,055: +PUB [/arm_controller/state] /gazebo http://127.0.0.1:36901/
[rosmaster.master][INFO] 2025-12-04 20:22:48,061: +PUB [/arm_controller/follow_joint_trajectory/result] /gazebo http://127.0.0.1:36901/
[rosmaster.master][INFO] 2025-12-04 20:22:48,065: +PUB [/arm_controller/follow_joint_trajectory/feedback] /gazebo http://127.0.0.1:36901/
[rosmaster.master][INFO] 2025-12-04 20:22:48,067: +PUB [/arm_controller/follow_joint_trajectory/status] /gazebo http://127.0.0.1:36901/
[rosmaster.master][INFO] 2025-12-04 20:22:48,077: +SUB [/arm_controller/follow_joint_trajectory/goal] /gazebo http://127.0.0.1:36901/
[rosmaster.master][INFO] 2025-12-04 20:22:48,084: +SUB [/arm_controller/follow_joint_trajectory/cancel] /gazebo http://127.0.0.1:36901/
[rosmaster.master][INFO] 2025-12-04 20:22:48,086: +SERVICE [/arm_controller/query_state] /gazebo http://127.0.0.1:36901/
[rosmaster.master][INFO] 2025-12-04 20:22:48,088: publisherUpdate[/head_controller/state] -> http://127.0.0.1:41445/ ['http://127.0.0.1:36901/']: sec=0.06, result=[1, '', 0]
[rosmaster.master][INFO] 2025-12-04 20:22:48,088: publisherUpdate[/arm_controller/follow_joint_trajectory/result] -> http://127.0.0.1:38395/ ['http://127.0.0.1:36901/']
[rosmaster.master][INFO] 2025-12-04 20:22:48,089: +CACHEDPARAM [/rosout_disable_topics_generation] by /default_controllers_spawner
[rosmaster.master][INFO] 2025-12-04 20:22:48,186: publisherUpdate[/arm_controller/follow_joint_trajectory/result] -> http://127.0.0.1:38395/ ['http://127.0.0.1:36901/']: sec=0.10, result=[1, '', 0]
[rosmaster.master][INFO] 2025-12-04 20:22:48,186: publisherUpdate[/arm_controller/follow_joint_trajectory/feedback] -> http://127.0.0.1:38395/ ['http://127.0.0.1:36901/']
[rosmaster.master][INFO] 2025-12-04 20:22:48,188: publisherUpdate[/arm_controller/follow_joint_trajectory/feedback] -> http://127.0.0.1:38395/ ['http://127.0.0.1:36901/']: sec=0.00, result=[1, '', 0]
[rosmaster.master][INFO] 2025-12-04 20:22:48,190: +CACHEDPARAM [/rosout_disable_topics_generation] by /home_gripper
[rosmaster.master][INFO] 2025-12-04 20:22:48,191: publisherUpdate[/arm_controller/follow_joint_trajectory/status] -> http://127.0.0.1:38395/ ['http://127.0.0.1:36901/']
[rosmaster.master][INFO] 2025-12-04 20:22:48,196: publisherUpdate[/arm_controller/follow_joint_trajectory/status] -> http://127.0.0.1:38395/ ['http://127.0.0.1:36901/']: sec=0.00, result=[1, '', 0]
[rosmaster.master][INFO] 2025-12-04 20:22:48,199: +SERVICE [/mobile_base_controller/set_parameters] /gazebo http://127.0.0.1:36901/
[rosmaster.master][INFO] 2025-12-04 20:22:48,200: +SUB [/joint_states] /home_gripper http://127.0.0.1:46027/
[rosmaster.master][INFO] 2025-12-04 20:22:48,201: +PUB [/mobile_base_controller/parameter_descriptions] /gazebo http://127.0.0.1:36901/
[rosmaster.master][INFO] 2025-12-04 20:22:48,203: +PUB [/mobile_base_controller/parameter_updates] /gazebo http://127.0.0.1:36901/
[rosmaster.master][INFO] 2025-12-04 20:22:48,207: +PARAM [/mobile_base_controller/wheel_separation_multiplier] by /gazebo
[rosmaster.master][INFO] 2025-12-04 20:22:48,207: +PARAM [/mobile_base_controller/axis_separation_multiplier] by /gazebo
[rosmaster.master][INFO] 2025-12-04 20:22:48,210: +PARAM [/mobile_base_controller/wheel_radius_multiplier] by /gazebo
[rosmaster.master][INFO] 2025-12-04 20:22:48,211: +PARAM [/mobile_base_controller/publish_rate] by /gazebo
[rosmaster.master][INFO] 2025-12-04 20:22:48,212: +PARAM [/mobile_base_controller/enable_odom_tf] by /gazebo
[rosmaster.master][INFO] 2025-12-04 20:22:48,213: +PARAM [/mobile_base_controller/wheel_separation_multiplier] by /gazebo
[rosmaster.master][INFO] 2025-12-04 20:22:48,214: +PARAM [/mobile_base_controller/axis_separation_multiplier] by /gazebo
[rosmaster.master][INFO] 2025-12-04 20:22:48,215: +PARAM [/mobile_base_controller/wheel_radius_multiplier] by /gazebo
[rosmaster.master][INFO] 2025-12-04 20:22:48,215: +PARAM [/mobile_base_controller/publish_rate] by /gazebo
[rosmaster.master][INFO] 2025-12-04 20:22:48,216: +PARAM [/mobile_base_controller/enable_odom_tf] by /gazebo
[rosmaster.master][INFO] 2025-12-04 20:22:48,219: +PARAM [/mobile_base_controller/wheel_separation_multiplier] by /gazebo
[rosmaster.master][INFO] 2025-12-04 20:22:48,220: +PARAM [/mobile_base_controller/axis_separation_multiplier] by /gazebo
[rosmaster.master][INFO] 2025-12-04 20:22:48,220: +PARAM [/mobile_base_controller/wheel_radius_multiplier] by /gazebo
[rosmaster.master][INFO] 2025-12-04 20:22:48,221: +PARAM [/mobile_base_controller/publish_rate] by /gazebo
[rosmaster.master][INFO] 2025-12-04 20:22:48,222: +PARAM [/mobile_base_controller/enable_odom_tf] by /gazebo
[rosmaster.master][INFO] 2025-12-04 20:22:48,225: +CACHEDPARAM [/rosout_disable_topics_generation] by /default_controllers_spawner
[rosmaster.master][INFO] 2025-12-04 20:22:48,235: +CACHEDPARAM [/rosout_disable_topics_generation] by /default_controllers_spawner
[rosmaster.master][INFO] 2025-12-04 20:22:48,586: -SUB [/joint_states] /home_gripper http://127.0.0.1:46027/
[rosmaster.master][INFO] 2025-12-04 20:22:48,588: +CACHEDPARAM [/rosout_disable_topics_generation] by /home_gripper
[rosmaster.master][INFO] 2025-12-04 20:22:48,639: +SUB [/torso_controller/follow_joint_trajectory/status] /move_group http://127.0.0.1:38395/
[rosmaster.master][INFO] 2025-12-04 20:22:48,642: +SUB [/torso_controller/follow_joint_trajectory/feedback] /move_group http://127.0.0.1:38395/
[rosmaster.master][INFO] 2025-12-04 20:22:48,645: +SUB [/torso_controller/follow_joint_trajectory/result] /move_group http://127.0.0.1:38395/
[rosmaster.master][INFO] 2025-12-04 20:22:48,646: +PUB [/torso_controller/follow_joint_trajectory/goal] /move_group http://127.0.0.1:38395/
[rosmaster.master][INFO] 2025-12-04 20:22:48,646: +PUB [/torso_controller/follow_joint_trajectory/cancel] /move_group http://127.0.0.1:38395/
[rosmaster.master][INFO] 2025-12-04 20:22:48,690: +CACHEDPARAM [/rosout_disable_topics_generation] by /home_gripper
[rosmaster.master][INFO] 2025-12-04 20:22:48,692: -SUB [/clock] /home_gripper http://127.0.0.1:46027/
[rosmaster.master][INFO] 2025-12-04 20:22:48,692: -SUB [/gripper_controller/follow_joint_trajectory/status] /home_gripper http://127.0.0.1:46027/
[rosmaster.master][INFO] 2025-12-04 20:22:48,693: -SUB [/gripper_controller/follow_joint_trajectory/result] /home_gripper http://127.0.0.1:46027/
[rosmaster.master][INFO] 2025-12-04 20:22:48,693: -SUB [/gripper_controller/follow_joint_trajectory/feedback] /home_gripper http://127.0.0.1:46027/
[rosmaster.master][INFO] 2025-12-04 20:22:48,693: -PUB [/rosout] /home_gripper http://127.0.0.1:46027/
[rosmaster.master][INFO] 2025-12-04 20:22:48,693: -PUB [/gripper_controller/follow_joint_trajectory/goal] /home_gripper http://127.0.0.1:46027/
[rosmaster.master][INFO] 2025-12-04 20:22:48,693: -PUB [/gripper_controller/follow_joint_trajectory/cancel] /home_gripper http://127.0.0.1:46027/
[rosmaster.master][INFO] 2025-12-04 20:22:48,693: -SERVICE [/home_gripper/get_loggers] /home_gripper rosrpc://127.0.0.1:33413
[rosmaster.master][INFO] 2025-12-04 20:22:48,693: -SERVICE [/home_gripper/set_logger_level] /home_gripper rosrpc://127.0.0.1:33413
[rosmaster.master][INFO] 2025-12-04 20:22:48,698: publisherUpdate[/torso_controller/follow_joint_trajectory/goal] -> http://127.0.0.1:36901/ ['http://127.0.0.1:38395/']
[rosmaster.master][INFO] 2025-12-04 20:22:48,735: publisherUpdate[/rosout] -> http://127.0.0.1:39091/ ['http://127.0.0.1:41445/', 'http://127.0.0.1:33711/', 'http://127.0.0.1:44237/', 'http://127.0.0.1:46405/', 'http://127.0.0.1:41377/', 'http://127.0.0.1:36077/', 'http://127.0.0.1:38395/', 'http://127.0.0.1:34859/', 'http://127.0.0.1:33773/', 'http://127.0.0.1:42625/', 'http://127.0.0.1:36433/', 'http://127.0.0.1:34497/', 'http://127.0.0.1:36829/', 'http://127.0.0.1:37107/', 'http://127.0.0.1:36765/', 'http://127.0.0.1:36591/', 'http://127.0.0.1:44707/', 'http://127.0.0.1:33799/', 'http://127.0.0.1:36901/']
[rosmaster.master][INFO] 2025-12-04 20:22:48,738: publisherUpdate[/rosout] -> http://127.0.0.1:39091/ ['http://127.0.0.1:41445/', 'http://127.0.0.1:33711/', 'http://127.0.0.1:44237/', 'http://127.0.0.1:46405/', 'http://127.0.0.1:41377/', 'http://127.0.0.1:36077/', 'http://127.0.0.1:38395/', 'http://127.0.0.1:34859/', 'http://127.0.0.1:33773/', 'http://127.0.0.1:42625/', 'http://127.0.0.1:36433/', 'http://127.0.0.1:34497/', 'http://127.0.0.1:36829/', 'http://127.0.0.1:37107/', 'http://127.0.0.1:36765/', 'http://127.0.0.1:36591/', 'http://127.0.0.1:44707/', 'http://127.0.0.1:33799/', 'http://127.0.0.1:36901/']: sec=0.00, result=[1, '', 0]
[rosmaster.master][INFO] 2025-12-04 20:22:48,894: publisherUpdate[/torso_controller/follow_joint_trajectory/goal] -> http://127.0.0.1:36901/ ['http://127.0.0.1:38395/']: sec=0.20, result=[1, '', 0]
[rosmaster.master][INFO] 2025-12-04 20:22:48,895: publisherUpdate[/torso_controller/follow_joint_trajectory/cancel] -> http://127.0.0.1:36901/ ['http://127.0.0.1:38395/']
[rosmaster.master][INFO] 2025-12-04 20:22:48,896: publisherUpdate[/torso_controller/follow_joint_trajectory/cancel] -> http://127.0.0.1:36901/ ['http://127.0.0.1:38395/']: sec=0.00, result=[1, '', 0]
[rosmaster.master][INFO] 2025-12-04 20:22:48,896: publisherUpdate[/gripper_controller/follow_joint_trajectory/goal] -> http://127.0.0.1:36901/ []
[rosmaster.master][INFO] 2025-12-04 20:22:48,899: publisherUpdate[/gripper_controller/follow_joint_trajectory/goal] -> http://127.0.0.1:36901/ []: sec=0.00, result=[1, '', 0]
[rosmaster.master][INFO] 2025-12-04 20:22:48,899: publisherUpdate[/gripper_controller/follow_joint_trajectory/cancel] -> http://127.0.0.1:36901/ []
[rosmaster.master][INFO] 2025-12-04 20:22:48,900: publisherUpdate[/gripper_controller/follow_joint_trajectory/cancel] -> http://127.0.0.1:36901/ []: sec=0.00, result=[1, '', 0]
[rosmaster.master][INFO] 2025-12-04 20:22:49,110: +SUB [/head_controller/follow_joint_trajectory/status] /move_group http://127.0.0.1:38395/
[rosmaster.master][INFO] 2025-12-04 20:22:49,113: +SUB [/head_controller/follow_joint_trajectory/feedback] /move_group http://127.0.0.1:38395/
[rosmaster.master][INFO] 2025-12-04 20:22:49,117: +SUB [/head_controller/follow_joint_trajectory/result] /move_group http://127.0.0.1:38395/
[rosmaster.master][INFO] 2025-12-04 20:22:49,120: +PUB [/head_controller/follow_joint_trajectory/goal] /move_group http://127.0.0.1:38395/
[rosmaster.master][INFO] 2025-12-04 20:22:49,123: +PUB [/head_controller/follow_joint_trajectory/cancel] /move_group http://127.0.0.1:38395/
[rosmaster.master][INFO] 2025-12-04 20:22:49,143: publisherUpdate[/head_controller/follow_joint_trajectory/goal] -> http://127.0.0.1:36901/ ['http://127.0.0.1:38395/']
[rosmaster.master][INFO] 2025-12-04 20:22:49,208: publisherUpdate[/head_controller/follow_joint_trajectory/goal] -> http://127.0.0.1:36901/ ['http://127.0.0.1:38395/']: sec=0.06, result=[1, '', 0]
[rosmaster.master][INFO] 2025-12-04 20:22:49,209: publisherUpdate[/head_controller/follow_joint_trajectory/cancel] -> http://127.0.0.1:36901/ ['http://127.0.0.1:38395/']
[rosmaster.master][INFO] 2025-12-04 20:22:49,256: publisherUpdate[/head_controller/follow_joint_trajectory/cancel] -> http://127.0.0.1:36901/ ['http://127.0.0.1:38395/']: sec=0.05, result=[1, '', 0]
[rosmaster.master][INFO] 2025-12-04 20:22:49,415: +SUB [/gripper_controller/follow_joint_trajectory/status] /move_group http://127.0.0.1:38395/
[rosmaster.master][INFO] 2025-12-04 20:22:49,419: +SUB [/gripper_controller/follow_joint_trajectory/feedback] /move_group http://127.0.0.1:38395/
[rosmaster.master][INFO] 2025-12-04 20:22:49,422: +SUB [/gripper_controller/follow_joint_trajectory/result] /move_group http://127.0.0.1:38395/
[rosmaster.master][INFO] 2025-12-04 20:22:49,423: +PUB [/gripper_controller/follow_joint_trajectory/goal] /move_group http://127.0.0.1:38395/
[rosmaster.master][INFO] 2025-12-04 20:22:49,423: +PUB [/gripper_controller/follow_joint_trajectory/cancel] /move_group http://127.0.0.1:38395/
[rosmaster.master][INFO] 2025-12-04 20:22:49,446: publisherUpdate[/gripper_controller/follow_joint_trajectory/goal] -> http://127.0.0.1:36901/ ['http://127.0.0.1:38395/']
[rosmaster.master][INFO] 2025-12-04 20:22:49,609: publisherUpdate[/gripper_controller/follow_joint_trajectory/goal] -> http://127.0.0.1:36901/ ['http://127.0.0.1:38395/']: sec=0.16, result=[1, '', 0]
[rosmaster.master][INFO] 2025-12-04 20:22:49,609: publisherUpdate[/gripper_controller/follow_joint_trajectory/cancel] -> http://127.0.0.1:36901/ ['http://127.0.0.1:38395/']
[rosmaster.master][INFO] 2025-12-04 20:22:49,611: publisherUpdate[/gripper_controller/follow_joint_trajectory/cancel] -> http://127.0.0.1:36901/ ['http://127.0.0.1:38395/']: sec=0.00, result=[1, '', 0]
[rosmaster.master][INFO] 2025-12-04 20:22:49,808: +SUB [/trajectory_execution_event] /move_group http://127.0.0.1:38395/
[rosmaster.master][INFO] 2025-12-04 20:22:49,809: +SERVICE [/move_group/trajectory_execution/set_parameters] /move_group http://127.0.0.1:38395/
[rosmaster.master][INFO] 2025-12-04 20:22:49,810: +PUB [/move_group/trajectory_execution/parameter_descriptions] /move_group http://127.0.0.1:38395/
[rosmaster.master][INFO] 2025-12-04 20:22:49,811: +PUB [/move_group/trajectory_execution/parameter_updates] /move_group http://127.0.0.1:38395/
[rosmaster.master][INFO] 2025-12-04 20:22:49,814: +PARAM [/move_group/trajectory_execution/execution_duration_monitoring] by /move_group
[rosmaster.master][INFO] 2025-12-04 20:22:49,815: +PARAM [/move_group/trajectory_execution/allowed_execution_duration_scaling] by /move_group
[rosmaster.master][INFO] 2025-12-04 20:22:49,817: +PARAM [/move_group/trajectory_execution/allowed_goal_duration_margin] by /move_group
[rosmaster.master][INFO] 2025-12-04 20:22:49,818: +PARAM [/move_group/trajectory_execution/execution_velocity_scaling] by /move_group
[rosmaster.master][INFO] 2025-12-04 20:22:49,819: +PARAM [/move_group/trajectory_execution/allowed_start_tolerance] by /move_group
[rosmaster.master][INFO] 2025-12-04 20:22:49,820: +PARAM [/move_group/trajectory_execution/wait_for_trajectory_completion] by /move_group
[rosmaster.master][INFO] 2025-12-04 20:22:49,821: +PARAM [/move_group/trajectory_execution/execution_duration_monitoring] by /move_group
[rosmaster.master][INFO] 2025-12-04 20:22:49,822: +PARAM [/move_group/trajectory_execution/allowed_execution_duration_scaling] by /move_group
[rosmaster.master][INFO] 2025-12-04 20:22:49,823: +PARAM [/move_group/trajectory_execution/allowed_goal_duration_margin] by /move_group
[rosmaster.master][INFO] 2025-12-04 20:22:49,824: +PARAM [/move_group/trajectory_execution/execution_velocity_scaling] by /move_group
[rosmaster.master][INFO] 2025-12-04 20:22:49,825: +PARAM [/move_group/trajectory_execution/allowed_start_tolerance] by /move_group
[rosmaster.master][INFO] 2025-12-04 20:22:49,825: +PARAM [/move_group/trajectory_execution/wait_for_trajectory_completion] by /move_group
[rosmaster.master][INFO] 2025-12-04 20:22:49,828: +SERVICE [/move_group/plan_execution/set_parameters] /move_group http://127.0.0.1:38395/
[rosmaster.master][INFO] 2025-12-04 20:22:49,829: +PUB [/move_group/plan_execution/parameter_descriptions] /move_group http://127.0.0.1:38395/
[rosmaster.master][INFO] 2025-12-04 20:22:49,830: +PUB [/move_group/plan_execution/parameter_updates] /move_group http://127.0.0.1:38395/
[rosmaster.master][INFO] 2025-12-04 20:22:49,832: +PARAM [/move_group/plan_execution/max_replan_attempts] by /move_group
[rosmaster.master][INFO] 2025-12-04 20:22:49,833: +PARAM [/move_group/plan_execution/record_trajectory_state_frequency] by /move_group
[rosmaster.master][INFO] 2025-12-04 20:22:49,834: +PARAM [/move_group/plan_execution/max_replan_attempts] by /move_group
[rosmaster.master][INFO] 2025-12-04 20:22:49,835: +PARAM [/move_group/plan_execution/record_trajectory_state_frequency] by /move_group
[rosmaster.master][INFO] 2025-12-04 20:22:49,836: +SERVICE [/move_group/sense_for_plan/set_parameters] /move_group http://127.0.0.1:38395/
[rosmaster.master][INFO] 2025-12-04 20:22:49,837: +PUB [/move_group/sense_for_plan/parameter_descriptions] /move_group http://127.0.0.1:38395/
[rosmaster.master][INFO] 2025-12-04 20:22:49,838: +PUB [/move_group/sense_for_plan/parameter_updates] /move_group http://127.0.0.1:38395/
[rosmaster.master][INFO] 2025-12-04 20:22:49,841: +PARAM [/move_group/sense_for_plan/max_safe_path_cost] by /move_group
[rosmaster.master][INFO] 2025-12-04 20:22:49,842: +PARAM [/move_group/sense_for_plan/max_look_attempts] by /move_group
[rosmaster.master][INFO] 2025-12-04 20:22:49,843: +PARAM [/move_group/sense_for_plan/max_cost_sources] by /move_group
[rosmaster.master][INFO] 2025-12-04 20:22:49,844: +PARAM [/move_group/sense_for_plan/discard_overlapping_cost_sources] by /move_group
[rosmaster.master][INFO] 2025-12-04 20:22:49,847: +PARAM [/move_group/sense_for_plan/max_safe_path_cost] by /move_group
[rosmaster.master][INFO] 2025-12-04 20:22:49,848: +PARAM [/move_group/sense_for_plan/max_look_attempts] by /move_group
[rosmaster.master][INFO] 2025-12-04 20:22:49,849: +PARAM [/move_group/sense_for_plan/max_cost_sources] by /move_group
[rosmaster.master][INFO] 2025-12-04 20:22:49,850: +PARAM [/move_group/sense_for_plan/discard_overlapping_cost_sources] by /move_group
[rosmaster.master][INFO] 2025-12-04 20:22:49,861: +SERVICE [/apply_planning_scene] /move_group http://127.0.0.1:38395/
[rosmaster.master][INFO] 2025-12-04 20:22:49,866: +SERVICE [/load_move_group_capabilities] /move_group http://127.0.0.1:38395/
[rosmaster.master][INFO] 2025-12-04 20:22:49,867: +SERVICE [/clear_octomap] /move_group http://127.0.0.1:38395/
[rosmaster.master][INFO] 2025-12-04 20:22:49,868: +SERVICE [/compute_cartesian_path] /move_group http://127.0.0.1:38395/
[rosmaster.master][INFO] 2025-12-04 20:22:49,871: +PUB [/execute_trajectory/result] /move_group http://127.0.0.1:38395/
[rosmaster.master][INFO] 2025-12-04 20:22:49,872: +PUB [/execute_trajectory/feedback] /move_group http://127.0.0.1:38395/
[rosmaster.master][INFO] 2025-12-04 20:22:49,873: +PUB [/execute_trajectory/status] /move_group http://127.0.0.1:38395/
[rosmaster.master][INFO] 2025-12-04 20:22:49,877: +SUB [/execute_trajectory/goal] /move_group http://127.0.0.1:38395/
[rosmaster.master][INFO] 2025-12-04 20:22:49,880: +SUB [/execute_trajectory/cancel] /move_group http://127.0.0.1:38395/
[rosmaster.master][INFO] 2025-12-04 20:22:49,881: +SERVICE [/get_planning_scene] /move_group http://127.0.0.1:38395/
[rosmaster.master][INFO] 2025-12-04 20:22:49,882: +SERVICE [/compute_fk] /move_group http://127.0.0.1:38395/
[rosmaster.master][INFO] 2025-12-04 20:22:49,883: +SERVICE [/compute_ik] /move_group http://127.0.0.1:38395/
[rosmaster.master][INFO] 2025-12-04 20:22:49,886: +PUB [/move_group/result] /move_group http://127.0.0.1:38395/
[rosmaster.master][INFO] 2025-12-04 20:22:49,888: +PUB [/move_group/feedback] /move_group http://127.0.0.1:38395/
[rosmaster.master][INFO] 2025-12-04 20:22:49,890: +PUB [/move_group/status] /move_group http://127.0.0.1:38395/
[rosmaster.master][INFO] 2025-12-04 20:22:49,897: +SUB [/move_group/goal] /move_group http://127.0.0.1:38395/
[rosmaster.master][INFO] 2025-12-04 20:22:49,902: publisherUpdate[/move_group/result] -> http://127.0.0.1:46405/ ['http://127.0.0.1:38395/']
[rosmaster.master][INFO] 2025-12-04 20:22:49,904: +SUB [/move_group/cancel] /move_group http://127.0.0.1:38395/
[rosmaster.master][INFO] 2025-12-04 20:22:49,916: +PUB [/pickup/result] /move_group http://127.0.0.1:38395/
[rosmaster.master][INFO] 2025-12-04 20:22:49,920: +PUB [/pickup/feedback] /move_group http://127.0.0.1:38395/
[rosmaster.master][INFO] 2025-12-04 20:22:49,922: +PUB [/pickup/status] /move_group http://127.0.0.1:38395/
[rosmaster.master][INFO] 2025-12-04 20:22:49,929: +SUB [/pickup/goal] /move_group http://127.0.0.1:38395/
[rosmaster.master][INFO] 2025-12-04 20:22:49,933: +SUB [/pickup/cancel] /move_group http://127.0.0.1:38395/
[rosmaster.master][INFO] 2025-12-04 20:22:49,936: +PUB [/place/result] /move_group http://127.0.0.1:38395/
[rosmaster.master][INFO] 2025-12-04 20:22:49,939: +PUB [/place/feedback] /move_group http://127.0.0.1:38395/
[rosmaster.master][INFO] 2025-12-04 20:22:49,941: +PUB [/place/status] /move_group http://127.0.0.1:38395/
[rosmaster.master][INFO] 2025-12-04 20:22:49,948: +SUB [/place/goal] /move_group http://127.0.0.1:38395/
[rosmaster.master][INFO] 2025-12-04 20:22:49,951: +SUB [/place/cancel] /move_group http://127.0.0.1:38395/
[rosmaster.master][INFO] 2025-12-04 20:22:49,953: +SERVICE [/plan_kinematic_path] /move_group http://127.0.0.1:38395/
[rosmaster.master][INFO] 2025-12-04 20:22:49,955: +SERVICE [/query_planner_interface] /move_group http://127.0.0.1:38395/
[rosmaster.master][INFO] 2025-12-04 20:22:49,956: +SERVICE [/get_planner_params] /move_group http://127.0.0.1:38395/
[rosmaster.master][INFO] 2025-12-04 20:22:49,957: +SERVICE [/set_planner_params] /move_group http://127.0.0.1:38395/
[rosmaster.master][INFO] 2025-12-04 20:22:49,959: +SERVICE [/check_state_validity] /move_group http://127.0.0.1:38395/
[rosmaster.master][INFO] 2025-12-04 20:22:50,005: publisherUpdate[/move_group/result] -> http://127.0.0.1:46405/ ['http://127.0.0.1:38395/']: sec=0.10, result=[1, '', 0]
[rosmaster.master][INFO] 2025-12-04 20:22:50,005: publisherUpdate[/move_group/feedback] -> http://127.0.0.1:46405/ ['http://127.0.0.1:38395/']
[rosmaster.master][INFO] 2025-12-04 20:22:50,006: publisherUpdate[/move_group/feedback] -> http://127.0.0.1:46405/ ['http://127.0.0.1:38395/']: sec=0.00, result=[1, '', 0]
[rosmaster.master][INFO] 2025-12-04 20:22:50,006: publisherUpdate[/move_group/status] -> http://127.0.0.1:46405/ ['http://127.0.0.1:38395/']
[rosmaster.master][INFO] 2025-12-04 20:22:50,008: publisherUpdate[/move_group/status] -> http://127.0.0.1:46405/ ['http://127.0.0.1:38395/']: sec=0.00, result=[1, '', 0]
[rosmaster.master][INFO] 2025-12-04 20:22:50,256: +SUB [/pickup/status] /play_motion http://127.0.0.1:46405/
[rosmaster.master][INFO] 2025-12-04 20:22:50,259: +SUB [/pickup/feedback] /play_motion http://127.0.0.1:46405/
[rosmaster.master][INFO] 2025-12-04 20:22:50,261: +SUB [/pickup/result] /play_motion http://127.0.0.1:46405/
[rosmaster.master][INFO] 2025-12-04 20:22:50,262: +PUB [/pickup/goal] /play_motion http://127.0.0.1:46405/
[rosmaster.master][INFO] 2025-12-04 20:22:50,263: +PUB [/pickup/cancel] /play_motion http://127.0.0.1:46405/
[rosmaster.master][INFO] 2025-12-04 20:22:50,308: publisherUpdate[/pickup/goal] -> http://127.0.0.1:38395/ ['http://127.0.0.1:46405/']
[rosmaster.master][INFO] 2025-12-04 20:22:50,392: publisherUpdate[/pickup/goal] -> http://127.0.0.1:38395/ ['http://127.0.0.1:46405/']: sec=0.08, result=[1, '', 0]
[rosmaster.master][INFO] 2025-12-04 20:22:50,392: publisherUpdate[/pickup/cancel] -> http://127.0.0.1:38395/ ['http://127.0.0.1:46405/']
[rosmaster.master][INFO] 2025-12-04 20:22:50,394: publisherUpdate[/pickup/cancel] -> http://127.0.0.1:38395/ ['http://127.0.0.1:46405/']: sec=0.00, result=[1, '', 0]
[rosmaster.master][INFO] 2025-12-04 20:22:50,590: +SUB [/place/status] /play_motion http://127.0.0.1:46405/
[rosmaster.master][INFO] 2025-12-04 20:22:50,592: +SUB [/place/feedback] /play_motion http://127.0.0.1:46405/
[rosmaster.master][INFO] 2025-12-04 20:22:50,595: +SUB [/place/result] /play_motion http://127.0.0.1:46405/
[rosmaster.master][INFO] 2025-12-04 20:22:50,596: +PUB [/place/goal] /play_motion http://127.0.0.1:46405/
[rosmaster.master][INFO] 2025-12-04 20:22:50,597: +PUB [/place/cancel] /play_motion http://127.0.0.1:46405/
[rosmaster.master][INFO] 2025-12-04 20:22:50,614: publisherUpdate[/place/goal] -> http://127.0.0.1:38395/ ['http://127.0.0.1:46405/']
[rosmaster.master][INFO] 2025-12-04 20:22:50,680: publisherUpdate[/place/goal] -> http://127.0.0.1:38395/ ['http://127.0.0.1:46405/']: sec=0.07, result=[1, '', 0]
[rosmaster.master][INFO] 2025-12-04 20:22:50,681: publisherUpdate[/place/cancel] -> http://127.0.0.1:38395/ ['http://127.0.0.1:46405/']
[rosmaster.master][INFO] 2025-12-04 20:22:50,732: publisherUpdate[/place/cancel] -> http://127.0.0.1:38395/ ['http://127.0.0.1:46405/']: sec=0.05, result=[1, '', 0]
[rosmaster.master][INFO] 2025-12-04 20:22:50,986: +SUB [/execute_trajectory/status] /play_motion http://127.0.0.1:46405/
[rosmaster.master][INFO] 2025-12-04 20:22:50,988: +SUB [/execute_trajectory/feedback] /play_motion http://127.0.0.1:46405/
[rosmaster.master][INFO] 2025-12-04 20:22:50,990: +SUB [/execute_trajectory/result] /play_motion http://127.0.0.1:46405/
[rosmaster.master][INFO] 2025-12-04 20:22:50,991: +PUB [/execute_trajectory/goal] /play_motion http://127.0.0.1:46405/
[rosmaster.master][INFO] 2025-12-04 20:22:50,992: +PUB [/execute_trajectory/cancel] /play_motion http://127.0.0.1:46405/
[rosmaster.master][INFO] 2025-12-04 20:22:50,995: publisherUpdate[/execute_trajectory/goal] -> http://127.0.0.1:38395/ ['http://127.0.0.1:46405/']
[rosmaster.master][INFO] 2025-12-04 20:22:51,069: publisherUpdate[/execute_trajectory/goal] -> http://127.0.0.1:38395/ ['http://127.0.0.1:46405/']: sec=0.07, result=[1, '', 0]
[rosmaster.master][INFO] 2025-12-04 20:22:51,070: publisherUpdate[/execute_trajectory/cancel] -> http://127.0.0.1:38395/ ['http://127.0.0.1:46405/']
[rosmaster.master][INFO] 2025-12-04 20:22:51,120: publisherUpdate[/execute_trajectory/cancel] -> http://127.0.0.1:38395/ ['http://127.0.0.1:46405/']: sec=0.05, result=[1, '', 0]
[rosmaster.master][INFO] 2025-12-04 20:22:51,721: +PUB [/play_motion/result] /play_motion http://127.0.0.1:46405/
[rosmaster.master][INFO] 2025-12-04 20:22:51,722: +PUB [/play_motion/feedback] /play_motion http://127.0.0.1:46405/
[rosmaster.master][INFO] 2025-12-04 20:22:51,723: +PUB [/play_motion/status] /play_motion http://127.0.0.1:46405/
[rosmaster.master][INFO] 2025-12-04 20:22:51,726: +SUB [/play_motion/goal] /play_motion http://127.0.0.1:46405/
[rosmaster.master][INFO] 2025-12-04 20:22:51,728: +SUB [/play_motion/cancel] /play_motion http://127.0.0.1:46405/
[rosmaster.master][INFO] 2025-12-04 20:22:51,729: +SERVICE [/play_motion/list_motions] /play_motion http://127.0.0.1:46405/
[rosmaster.master][INFO] 2025-12-04 20:22:51,730: +PUB [/diagnostics] /play_motion http://127.0.0.1:46405/
[rosmaster.master][INFO] 2025-12-04 20:22:51,735: +SUB [/arm_controller/follow_joint_trajectory/status] /play_motion http://127.0.0.1:46405/
[rosmaster.master][INFO] 2025-12-04 20:22:51,735: publisherUpdate[/play_motion/result] -> http://127.0.0.1:44707/ ['http://127.0.0.1:46405/']
[rosmaster.master][INFO] 2025-12-04 20:22:51,738: publisherUpdate[/play_motion/result] -> http://127.0.0.1:44707/ ['http://127.0.0.1:46405/']: sec=0.00, result=[1, '', 0]
[rosmaster.master][INFO] 2025-12-04 20:22:51,739: publisherUpdate[/play_motion/feedback] -> http://127.0.0.1:44707/ ['http://127.0.0.1:46405/']
[rosmaster.master][INFO] 2025-12-04 20:22:51,740: +SUB [/arm_controller/follow_joint_trajectory/feedback] /play_motion http://127.0.0.1:46405/
[rosmaster.master][INFO] 2025-12-04 20:22:51,742: publisherUpdate[/play_motion/feedback] -> http://127.0.0.1:44707/ ['http://127.0.0.1:46405/']: sec=0.00, result=[1, '', 0]
[rosmaster.master][INFO] 2025-12-04 20:22:51,743: publisherUpdate[/play_motion/status] -> http://127.0.0.1:44707/ ['http://127.0.0.1:46405/']
[rosmaster.master][INFO] 2025-12-04 20:22:51,744: +SUB [/arm_controller/follow_joint_trajectory/result] /play_motion http://127.0.0.1:46405/
[rosmaster.master][INFO] 2025-12-04 20:22:51,745: publisherUpdate[/play_motion/status] -> http://127.0.0.1:44707/ ['http://127.0.0.1:46405/']: sec=0.00, result=[1, '', 0]
[rosmaster.master][INFO] 2025-12-04 20:22:51,746: +PUB [/arm_controller/follow_joint_trajectory/goal] /play_motion http://127.0.0.1:46405/
[rosmaster.master][INFO] 2025-12-04 20:22:51,746: publisherUpdate[/arm_controller/follow_joint_trajectory/goal] -> http://127.0.0.1:36901/ ['http://127.0.0.1:38395/', 'http://127.0.0.1:46405/']
[rosmaster.master][INFO] 2025-12-04 20:22:51,747: +PUB [/arm_controller/follow_joint_trajectory/cancel] /play_motion http://127.0.0.1:46405/
[rosmaster.master][INFO] 2025-12-04 20:22:51,750: +SUB [/gripper_controller/follow_joint_trajectory/status] /play_motion http://127.0.0.1:46405/
[rosmaster.master][INFO] 2025-12-04 20:22:51,753: +SUB [/gripper_controller/follow_joint_trajectory/feedback] /play_motion http://127.0.0.1:46405/
[rosmaster.master][INFO] 2025-12-04 20:22:51,756: +SUB [/gripper_controller/follow_joint_trajectory/result] /play_motion http://127.0.0.1:46405/
[rosmaster.master][INFO] 2025-12-04 20:22:51,757: +PUB [/gripper_controller/follow_joint_trajectory/goal] /play_motion http://127.0.0.1:46405/
[rosmaster.master][INFO] 2025-12-04 20:22:51,757: +PUB [/gripper_controller/follow_joint_trajectory/cancel] /play_motion http://127.0.0.1:46405/
[rosmaster.master][INFO] 2025-12-04 20:22:51,760: +SUB [/head_controller/follow_joint_trajectory/status] /play_motion http://127.0.0.1:46405/
[rosmaster.master][INFO] 2025-12-04 20:22:51,762: +SUB [/head_controller/follow_joint_trajectory/feedback] /play_motion http://127.0.0.1:46405/
[rosmaster.master][INFO] 2025-12-04 20:22:51,764: +SUB [/head_controller/follow_joint_trajectory/result] /play_motion http://127.0.0.1:46405/
[rosmaster.master][INFO] 2025-12-04 20:22:51,766: +PUB [/head_controller/follow_joint_trajectory/goal] /play_motion http://127.0.0.1:46405/
[rosmaster.master][INFO] 2025-12-04 20:22:51,767: +PUB [/head_controller/follow_joint_trajectory/cancel] /play_motion http://127.0.0.1:46405/
[rosmaster.master][INFO] 2025-12-04 20:22:51,770: +SUB [/torso_controller/follow_joint_trajectory/status] /play_motion http://127.0.0.1:46405/
[rosmaster.master][INFO] 2025-12-04 20:22:51,772: +SUB [/torso_controller/follow_joint_trajectory/feedback] /play_motion http://127.0.0.1:46405/
[rosmaster.master][INFO] 2025-12-04 20:22:51,775: +SUB [/torso_controller/follow_joint_trajectory/result] /play_motion http://127.0.0.1:46405/
[rosmaster.master][INFO] 2025-12-04 20:22:51,776: +PUB [/torso_controller/follow_joint_trajectory/goal] /play_motion http://127.0.0.1:46405/
[rosmaster.master][INFO] 2025-12-04 20:22:51,777: +PUB [/torso_controller/follow_joint_trajectory/cancel] /play_motion http://127.0.0.1:46405/
[rosmaster.master][INFO] 2025-12-04 20:22:51,834: publisherUpdate[/arm_controller/follow_joint_trajectory/goal] -> http://127.0.0.1:36901/ ['http://127.0.0.1:38395/', 'http://127.0.0.1:46405/']: sec=0.09, result=[1, '', 0]
[rosmaster.master][INFO] 2025-12-04 20:22:51,834: publisherUpdate[/arm_controller/follow_joint_trajectory/cancel] -> http://127.0.0.1:36901/ ['http://127.0.0.1:38395/', 'http://127.0.0.1:46405/']
[rosmaster.master][INFO] 2025-12-04 20:22:51,931: publisherUpdate[/arm_controller/follow_joint_trajectory/cancel] -> http://127.0.0.1:36901/ ['http://127.0.0.1:38395/', 'http://127.0.0.1:46405/']: sec=0.10, result=[1, '', 0]
[rosmaster.master][INFO] 2025-12-04 20:22:51,931: publisherUpdate[/gripper_controller/follow_joint_trajectory/goal] -> http://127.0.0.1:36901/ ['http://127.0.0.1:38395/', 'http://127.0.0.1:46405/']
[rosmaster.master][INFO] 2025-12-04 20:22:51,956: +CACHEDPARAM [/rosout_disable_topics_generation] by /tuck_arm
[rosmaster.master][INFO] 2025-12-04 20:22:51,960: +SUB [/joint_states] /tuck_arm http://127.0.0.1:44707/
[rosmaster.master][INFO] 2025-12-04 20:22:52,027: publisherUpdate[/gripper_controller/follow_joint_trajectory/goal] -> http://127.0.0.1:36901/ ['http://127.0.0.1:38395/', 'http://127.0.0.1:46405/']: sec=0.10, result=[1, '', 0]
[rosmaster.master][INFO] 2025-12-04 20:22:52,027: publisherUpdate[/gripper_controller/follow_joint_trajectory/cancel] -> http://127.0.0.1:36901/ ['http://127.0.0.1:38395/', 'http://127.0.0.1:46405/']
[rosmaster.master][INFO] 2025-12-04 20:22:52,124: publisherUpdate[/gripper_controller/follow_joint_trajectory/cancel] -> http://127.0.0.1:36901/ ['http://127.0.0.1:38395/', 'http://127.0.0.1:46405/']: sec=0.10, result=[1, '', 0]
[rosmaster.master][INFO] 2025-12-04 20:22:52,124: publisherUpdate[/head_controller/follow_joint_trajectory/goal] -> http://127.0.0.1:36901/ ['http://127.0.0.1:38395/', 'http://127.0.0.1:46405/']
[rosmaster.master][INFO] 2025-12-04 20:22:52,127: publisherUpdate[/head_controller/follow_joint_trajectory/goal] -> http://127.0.0.1:36901/ ['http://127.0.0.1:38395/', 'http://127.0.0.1:46405/']: sec=0.00, result=[1, '', 0]
[rosmaster.master][INFO] 2025-12-04 20:22:52,127: publisherUpdate[/head_controller/follow_joint_trajectory/cancel] -> http://127.0.0.1:36901/ ['http://127.0.0.1:38395/', 'http://127.0.0.1:46405/']
[rosmaster.master][INFO] 2025-12-04 20:22:52,128: publisherUpdate[/head_controller/follow_joint_trajectory/cancel] -> http://127.0.0.1:36901/ ['http://127.0.0.1:38395/', 'http://127.0.0.1:46405/']: sec=0.00, result=[1, '', 0]
[rosmaster.master][INFO] 2025-12-04 20:22:52,128: publisherUpdate[/torso_controller/follow_joint_trajectory/goal] -> http://127.0.0.1:36901/ ['http://127.0.0.1:38395/', 'http://127.0.0.1:46405/']
[rosmaster.master][INFO] 2025-12-04 20:22:52,129: publisherUpdate[/torso_controller/follow_joint_trajectory/goal] -> http://127.0.0.1:36901/ ['http://127.0.0.1:38395/', 'http://127.0.0.1:46405/']: sec=0.00, result=[1, '', 0]
[rosmaster.master][INFO] 2025-12-04 20:22:52,129: publisherUpdate[/torso_controller/follow_joint_trajectory/cancel] -> http://127.0.0.1:36901/ ['http://127.0.0.1:38395/', 'http://127.0.0.1:46405/']
[rosmaster.master][INFO] 2025-12-04 20:22:52,130: publisherUpdate[/torso_controller/follow_joint_trajectory/cancel] -> http://127.0.0.1:36901/ ['http://127.0.0.1:38395/', 'http://127.0.0.1:46405/']: sec=0.00, result=[1, '', 0]
[rosmaster.master][INFO] 2025-12-04 20:22:52,144: -SUB [/joint_states] /tuck_arm http://127.0.0.1:44707/
[rosmaster.master][INFO] 2025-12-04 20:22:55,168: +CACHEDPARAM [/rosout_disable_topics_generation] by /tuck_arm
[rosmaster.master][INFO] 2025-12-04 20:22:55,171: +CACHEDPARAM [/play_motion/motions/home] by /play_motion
[rosmaster.master][INFO] 2025-12-04 20:23:05,271: +CACHEDPARAM [/rosout_disable_topics_generation] by /tuck_arm
[rosmaster.master][INFO] 2025-12-04 20:23:05,274: -SUB [/clock] /tuck_arm http://127.0.0.1:44707/
[rosmaster.master][INFO] 2025-12-04 20:23:05,274: -SUB [/play_motion/status] /tuck_arm http://127.0.0.1:44707/
[rosmaster.master][INFO] 2025-12-04 20:23:05,274: -SUB [/play_motion/result] /tuck_arm http://127.0.0.1:44707/
[rosmaster.master][INFO] 2025-12-04 20:23:05,274: -SUB [/play_motion/feedback] /tuck_arm http://127.0.0.1:44707/
[rosmaster.master][INFO] 2025-12-04 20:23:05,274: -PUB [/rosout] /tuck_arm http://127.0.0.1:44707/
[rosmaster.master][INFO] 2025-12-04 20:23:05,274: -PUB [/play_motion/goal] /tuck_arm http://127.0.0.1:44707/
[rosmaster.master][INFO] 2025-12-04 20:23:05,275: -PUB [/play_motion/cancel] /tuck_arm http://127.0.0.1:44707/
[rosmaster.master][INFO] 2025-12-04 20:23:05,275: -SERVICE [/tuck_arm/get_loggers] /tuck_arm rosrpc://127.0.0.1:44647
[rosmaster.master][INFO] 2025-12-04 20:23:05,275: -SERVICE [/tuck_arm/set_logger_level] /tuck_arm rosrpc://127.0.0.1:44647
[rosmaster.master][INFO] 2025-12-04 20:23:05,286: publisherUpdate[/rosout] -> http://127.0.0.1:39091/ ['http://127.0.0.1:41445/', 'http://127.0.0.1:33711/', 'http://127.0.0.1:44237/', 'http://127.0.0.1:46405/', 'http://127.0.0.1:41377/', 'http://127.0.0.1:36077/', 'http://127.0.0.1:38395/', 'http://127.0.0.1:34859/', 'http://127.0.0.1:33773/', 'http://127.0.0.1:42625/', 'http://127.0.0.1:36433/', 'http://127.0.0.1:34497/', 'http://127.0.0.1:36829/', 'http://127.0.0.1:37107/', 'http://127.0.0.1:36765/', 'http://127.0.0.1:36591/', 'http://127.0.0.1:33799/', 'http://127.0.0.1:36901/']
[rosmaster.master][INFO] 2025-12-04 20:23:05,287: publisherUpdate[/rosout] -> http://127.0.0.1:39091/ ['http://127.0.0.1:41445/', 'http://127.0.0.1:33711/', 'http://127.0.0.1:44237/', 'http://127.0.0.1:46405/', 'http://127.0.0.1:41377/', 'http://127.0.0.1:36077/', 'http://127.0.0.1:38395/', 'http://127.0.0.1:34859/', 'http://127.0.0.1:33773/', 'http://127.0.0.1:42625/', 'http://127.0.0.1:36433/', 'http://127.0.0.1:34497/', 'http://127.0.0.1:36829/', 'http://127.0.0.1:37107/', 'http://127.0.0.1:36765/', 'http://127.0.0.1:36591/', 'http://127.0.0.1:33799/', 'http://127.0.0.1:36901/']: sec=0.00, result=[1, '', 0]
[rosmaster.master][INFO] 2025-12-04 20:23:05,288: publisherUpdate[/play_motion/goal] -> http://127.0.0.1:46405/ []
[rosmaster.master][INFO] 2025-12-04 20:23:05,288: publisherUpdate[/play_motion/goal] -> http://127.0.0.1:46405/ []: sec=0.00, result=[1, '', 0]
[rosmaster.master][INFO] 2025-12-04 20:23:05,288: publisherUpdate[/play_motion/cancel] -> http://127.0.0.1:46405/ []
[rosmaster.master][INFO] 2025-12-04 20:23:05,289: publisherUpdate[/play_motion/cancel] -> http://127.0.0.1:46405/ []: sec=0.00, result=[1, '', 0]
[rosmaster.master][INFO] 2025-12-04 20:26:20,598: +PARAM [/roslaunch/uris/host_127_0_0_1__39697] by /roslaunch
[rosmaster.master][INFO] 2025-12-04 20:26:20,603: +PARAM [/rosversion] by /roslaunch
[rosmaster.master][INFO] 2025-12-04 20:26:20,603: +PARAM [/rosdistro] by /roslaunch
[rosmaster.master][INFO] 2025-12-04 20:26:20,603: +PARAM [/image_processing_node/detection_model] by /roslaunch
[rosmaster.master][INFO] 2025-12-04 20:26:20,603: +PARAM [/image_processing_node/confidence_threshold] by /roslaunch
[rosmaster.master][INFO] 2025-12-04 20:26:20,604: +PARAM [/image_processing_node/images_dir] by /roslaunch
[rosmaster.master][INFO] 2025-12-04 20:26:20,604: +PARAM [/image_processing_node/results_dir] by /roslaunch
[rosmaster.master][INFO] 2025-12-04 20:26:20,604: +PARAM [/image_processing_node/camera_topic] by /roslaunch
[rosmaster.master][INFO] 2025-12-04 20:26:20,604: +PARAM [/image_processing_node/camera_frame_id] by /roslaunch
[rosmaster.master][INFO] 2025-12-04 20:26:29,895: -SUB [/clock] /joystick_relay http://127.0.0.1:36433/
[rosmaster.master][INFO] 2025-12-04 20:26:29,896: -SUB [/input_joy/cmd_vel] /joystick_relay http://127.0.0.1:36433/
[rosmaster.master][INFO] 2025-12-04 20:26:29,896: -SUB [/clock] /dynamic_footprint_publisher http://127.0.0.1:36829/
[rosmaster.master][INFO] 2025-12-04 20:26:29,896: -SUB [/tf_stream/status] /dynamic_footprint_publisher http://127.0.0.1:36829/
[rosmaster.master][INFO] 2025-12-04 20:26:29,897: -SUB [/joy_priority_action/goal] /joystick_relay http://127.0.0.1:36433/
[rosmaster.master][INFO] 2025-12-04 20:26:29,897: -SUB [/tf_stream/result] /dynamic_footprint_publisher http://127.0.0.1:36829/
[rosmaster.master][INFO] 2025-12-04 20:26:29,897: -SUB [/joy_priority_action/cancel] /joystick_relay http://127.0.0.1:36433/
[rosmaster.master][INFO] 2025-12-04 20:26:29,898: -SUB [/joy_turbo_increase/goal] /joystick_relay http://127.0.0.1:36433/
[rosmaster.master][INFO] 2025-12-04 20:26:29,898: -SUB [/tf_stream/feedback] /dynamic_footprint_publisher http://127.0.0.1:36829/
[rosmaster.master][INFO] 2025-12-04 20:26:29,898: -SUB [/tfs_14594000000] /dynamic_footprint_publisher http://127.0.0.1:36829/
[rosmaster.master][INFO] 2025-12-04 20:26:29,899: -SUB [/joy_turbo_increase/cancel] /joystick_relay http://127.0.0.1:36433/
[rosmaster.master][INFO] 2025-12-04 20:26:29,899: -SUB [/joy_turbo_decrease/goal] /joystick_relay http://127.0.0.1:36433/
[rosmaster.master][INFO] 2025-12-04 20:26:29,899: -PUB [/rosout] /dynamic_footprint_publisher http://127.0.0.1:36829/
[rosmaster.master][INFO] 2025-12-04 20:26:29,899: -SUB [/joy_turbo_decrease/cancel] /joystick_relay http://127.0.0.1:36433/
[rosmaster.master][INFO] 2025-12-04 20:26:29,900: -PUB [/tf_stream/goal] /dynamic_footprint_publisher http://127.0.0.1:36829/
[rosmaster.master][INFO] 2025-12-04 20:26:29,900: -SUB [/joy_turbo_angular_increase/goal] /joystick_relay http://127.0.0.1:36433/
[rosmaster.master][INFO] 2025-12-04 20:26:29,900: -PUB [/tf_stream/cancel] /dynamic_footprint_publisher http://127.0.0.1:36829/
[rosmaster.master][INFO] 2025-12-04 20:26:29,900: -SUB [/joy_turbo_angular_increase/cancel] /joystick_relay http://127.0.0.1:36433/
[rosmaster.master][INFO] 2025-12-04 20:26:29,904: publisherUpdate[/rosout] -> http://127.0.0.1:39091/ ['http://127.0.0.1:41445/', 'http://127.0.0.1:33711/', 'http://127.0.0.1:44237/', 'http://127.0.0.1:46405/', 'http://127.0.0.1:41377/', 'http://127.0.0.1:36077/', 'http://127.0.0.1:38395/', 'http://127.0.0.1:34859/', 'http://127.0.0.1:33773/', 'http://127.0.0.1:42625/', 'http://127.0.0.1:36433/', 'http://127.0.0.1:34497/', 'http://127.0.0.1:37107/', 'http://127.0.0.1:36765/', 'http://127.0.0.1:36591/', 'http://127.0.0.1:33799/', 'http://127.0.0.1:36901/']
[rosmaster.master][INFO] 2025-12-04 20:26:29,911: -PUB [/dynamic_footprint_publisher/footprint] /dynamic_footprint_publisher http://127.0.0.1:36829/
[rosmaster.master][INFO] 2025-12-04 20:26:29,911: -PUB [/dynamic_footprint_publisher/footprint_stamped] /dynamic_footprint_publisher http://127.0.0.1:36829/
[rosmaster.master][INFO] 2025-12-04 20:26:29,958: -PUB [/rosout] /twist_mux http://127.0.0.1:41377/
[rosmaster.master][INFO] 2025-12-04 20:26:29,959: publisherUpdate[/tf_stream/goal] -> http://127.0.0.1:33711/ []
[rosmaster.master][INFO] 2025-12-04 20:26:29,961: publisherUpdate[/rosout] -> http://127.0.0.1:39091/ ['http://127.0.0.1:41445/', 'http://127.0.0.1:33711/', 'http://127.0.0.1:44237/', 'http://127.0.0.1:46405/', 'http://127.0.0.1:41377/', 'http://127.0.0.1:36077/', 'http://127.0.0.1:38395/', 'http://127.0.0.1:34859/', 'http://127.0.0.1:33773/', 'http://127.0.0.1:42625/', 'http://127.0.0.1:36433/', 'http://127.0.0.1:34497/', 'http://127.0.0.1:37107/', 'http://127.0.0.1:36765/', 'http://127.0.0.1:36591/', 'http://127.0.0.1:33799/', 'http://127.0.0.1:36901/']: sec=0.06, result=[1, '', 0]
[rosmaster.master][INFO] 2025-12-04 20:26:29,962: publisherUpdate[/rosout] -> http://127.0.0.1:39091/ ['http://127.0.0.1:41445/', 'http://127.0.0.1:33711/', 'http://127.0.0.1:44237/', 'http://127.0.0.1:46405/', 'http://127.0.0.1:36077/', 'http://127.0.0.1:38395/', 'http://127.0.0.1:34859/', 'http://127.0.0.1:33773/', 'http://127.0.0.1:42625/', 'http://127.0.0.1:36433/', 'http://127.0.0.1:34497/', 'http://127.0.0.1:37107/', 'http://127.0.0.1:36765/', 'http://127.0.0.1:36591/', 'http://127.0.0.1:33799/', 'http://127.0.0.1:36901/']
[rosmaster.master][INFO] 2025-12-04 20:26:29,962: -SUB [/joy_turbo_angular_decrease/goal] /joystick_relay http://127.0.0.1:36433/
[rosmaster.master][INFO] 2025-12-04 20:26:29,963: -SERVICE [/dynamic_footprint_publisher/get_loggers] /dynamic_footprint_publisher rosrpc://127.0.0.1:38829
[rosmaster.master][INFO] 2025-12-04 20:26:29,963: -SERVICE [/dynamic_footprint_publisher/set_logger_level] /dynamic_footprint_publisher rosrpc://127.0.0.1:38829
[rosmaster.master][INFO] 2025-12-04 20:26:29,964: -SERVICE [/dynamic_footprint_publisher/change_params] /dynamic_footprint_publisher rosrpc://127.0.0.1:38829
[rosmaster.master][INFO] 2025-12-04 20:26:29,967: -PUB [/rosout] /image_raw_to_rect_color_relay http://127.0.0.1:34859/
[rosmaster.master][INFO] 2025-12-04 20:26:29,967: publisherUpdate[/rosout] -> http://127.0.0.1:39091/ ['http://127.0.0.1:41445/', 'http://127.0.0.1:33711/', 'http://127.0.0.1:44237/', 'http://127.0.0.1:46405/', 'http://127.0.0.1:36077/', 'http://127.0.0.1:38395/', 'http://127.0.0.1:34859/', 'http://127.0.0.1:33773/', 'http://127.0.0.1:42625/', 'http://127.0.0.1:36433/', 'http://127.0.0.1:34497/', 'http://127.0.0.1:37107/', 'http://127.0.0.1:36765/', 'http://127.0.0.1:36591/', 'http://127.0.0.1:33799/', 'http://127.0.0.1:36901/']: sec=0.01, result=[1, '', 0]
[rosmaster.master][INFO] 2025-12-04 20:26:29,968: publisherUpdate[/rosout] -> http://127.0.0.1:39091/ ['http://127.0.0.1:41445/', 'http://127.0.0.1:33711/', 'http://127.0.0.1:44237/', 'http://127.0.0.1:46405/', 'http://127.0.0.1:36077/', 'http://127.0.0.1:38395/', 'http://127.0.0.1:33773/', 'http://127.0.0.1:42625/', 'http://127.0.0.1:36433/', 'http://127.0.0.1:34497/', 'http://127.0.0.1:37107/', 'http://127.0.0.1:36765/', 'http://127.0.0.1:36591/', 'http://127.0.0.1:33799/', 'http://127.0.0.1:36901/']
[rosmaster.master][INFO] 2025-12-04 20:26:29,969: -PUB [/rosout] /throttle_filtering_points http://127.0.0.1:33773/
[rosmaster.master][INFO] 2025-12-04 20:26:29,970: -PUB [/xtion/rgb/image_rect_color] /image_raw_to_rect_color_relay http://127.0.0.1:34859/
[rosmaster.master][INFO] 2025-12-04 20:26:29,970: -PUB [/rosout] /twist_marker http://127.0.0.1:36077/
[rosmaster.master][INFO] 2025-12-04 20:26:29,972: -PUB [/rosout] /xtion/rgb/image_proc http://127.0.0.1:42625/
[rosmaster.master][INFO] 2025-12-04 20:26:29,975: -SUB [/joy_turbo_angular_decrease/cancel] /joystick_relay http://127.0.0.1:36433/
[rosmaster.master][INFO] 2025-12-04 20:26:29,975: -PUB [/rosout] /move_group http://127.0.0.1:38395/
[rosmaster.master][INFO] 2025-12-04 20:26:29,976: publisherUpdate[/rosout] -> http://127.0.0.1:39091/ ['http://127.0.0.1:41445/', 'http://127.0.0.1:33711/', 'http://127.0.0.1:44237/', 'http://127.0.0.1:46405/', 'http://127.0.0.1:36077/', 'http://127.0.0.1:38395/', 'http://127.0.0.1:33773/', 'http://127.0.0.1:42625/', 'http://127.0.0.1:36433/', 'http://127.0.0.1:34497/', 'http://127.0.0.1:37107/', 'http://127.0.0.1:36765/', 'http://127.0.0.1:36591/', 'http://127.0.0.1:33799/', 'http://127.0.0.1:36901/']: sec=0.01, result=[1, '', 0]
[rosmaster.master][INFO] 2025-12-04 20:26:29,977: publisherUpdate[/rosout] -> http://127.0.0.1:39091/ ['http://127.0.0.1:41445/', 'http://127.0.0.1:33711/', 'http://127.0.0.1:44237/', 'http://127.0.0.1:46405/', 'http://127.0.0.1:36077/', 'http://127.0.0.1:38395/', 'http://127.0.0.1:42625/', 'http://127.0.0.1:36433/', 'http://127.0.0.1:34497/', 'http://127.0.0.1:37107/', 'http://127.0.0.1:36765/', 'http://127.0.0.1:36591/', 'http://127.0.0.1:33799/', 'http://127.0.0.1:36901/']
[rosmaster.master][INFO] 2025-12-04 20:26:29,976: -PUB [/rosout] /tf_lookup http://127.0.0.1:33711/
[rosmaster.master][INFO] 2025-12-04 20:26:29,984: -PUB [/mobile_base_controller/cmd_vel] /twist_mux http://127.0.0.1:41377/
[rosmaster.master][INFO] 2025-12-04 20:26:29,985: publisherUpdate[/rosout] -> http://127.0.0.1:39091/ ['http://127.0.0.1:41445/', 'http://127.0.0.1:33711/', 'http://127.0.0.1:44237/', 'http://127.0.0.1:46405/', 'http://127.0.0.1:36077/', 'http://127.0.0.1:38395/', 'http://127.0.0.1:42625/', 'http://127.0.0.1:36433/', 'http://127.0.0.1:34497/', 'http://127.0.0.1:37107/', 'http://127.0.0.1:36765/', 'http://127.0.0.1:36591/', 'http://127.0.0.1:33799/', 'http://127.0.0.1:36901/']: sec=0.00, result=[1, '', 0]
[rosmaster.master][INFO] 2025-12-04 20:26:29,986: publisherUpdate[/rosout] -> http://127.0.0.1:39091/ ['http://127.0.0.1:41445/', 'http://127.0.0.1:33711/', 'http://127.0.0.1:44237/', 'http://127.0.0.1:46405/', 'http://127.0.0.1:38395/', 'http://127.0.0.1:42625/', 'http://127.0.0.1:36433/', 'http://127.0.0.1:34497/', 'http://127.0.0.1:37107/', 'http://127.0.0.1:36765/', 'http://127.0.0.1:36591/', 'http://127.0.0.1:33799/', 'http://127.0.0.1:36901/']
[rosmaster.master][INFO] 2025-12-04 20:26:29,986: -PUB [/throttle_filtering_points/parameter_descriptions] /throttle_filtering_points http://127.0.0.1:33773/
[rosmaster.master][INFO] 2025-12-04 20:26:29,988: -PUB [/xtion/rgb/image_proc_debayer/parameter_descriptions] /xtion/rgb/image_proc http://127.0.0.1:42625/
[rosmaster.master][INFO] 2025-12-04 20:26:29,990: -SUB [/joy_turbo_reset/goal] /joystick_relay http://127.0.0.1:36433/
[rosmaster.master][INFO] 2025-12-04 20:26:29,991: -SUB [/joy_turbo_reset/cancel] /joystick_relay http://127.0.0.1:36433/
[rosmaster.master][INFO] 2025-12-04 20:26:29,989: publisherUpdate[/rosout] -> http://127.0.0.1:39091/ ['http://127.0.0.1:41445/', 'http://127.0.0.1:33711/', 'http://127.0.0.1:44237/', 'http://127.0.0.1:46405/', 'http://127.0.0.1:38395/', 'http://127.0.0.1:42625/', 'http://127.0.0.1:36433/', 'http://127.0.0.1:34497/', 'http://127.0.0.1:37107/', 'http://127.0.0.1:36765/', 'http://127.0.0.1:36591/', 'http://127.0.0.1:33799/', 'http://127.0.0.1:36901/']: sec=0.00, result=[1, '', 0]
[rosmaster.master][INFO] 2025-12-04 20:26:29,992: publisherUpdate[/rosout] -> http://127.0.0.1:39091/ ['http://127.0.0.1:41445/', 'http://127.0.0.1:33711/', 'http://127.0.0.1:44237/', 'http://127.0.0.1:46405/', 'http://127.0.0.1:38395/', 'http://127.0.0.1:36433/', 'http://127.0.0.1:34497/', 'http://127.0.0.1:37107/', 'http://127.0.0.1:36765/', 'http://127.0.0.1:36591/', 'http://127.0.0.1:33799/', 'http://127.0.0.1:36901/']
[rosmaster.master][INFO] 2025-12-04 20:26:29,991: -PUB [/rosout] /joystick_relay http://127.0.0.1:36433/
[rosmaster.master][INFO] 2025-12-04 20:26:29,993: -PUB [/move_group/planning_scene_monitor/parameter_descriptions] /move_group http://127.0.0.1:38395/
[rosmaster.master][INFO] 2025-12-04 20:26:29,993: -PUB [/tf_lookup/result] /tf_lookup http://127.0.0.1:33711/
[rosmaster.master][INFO] 2025-12-04 20:26:29,994: -PUB [/rosout] /robot_state_publisher http://127.0.0.1:44237/
[rosmaster.master][INFO] 2025-12-04 20:26:29,995: -PUB [/diagnostics] /twist_mux http://127.0.0.1:41377/
[rosmaster.master][INFO] 2025-12-04 20:26:29,995: publisherUpdate[/rosout] -> http://127.0.0.1:39091/ ['http://127.0.0.1:41445/', 'http://127.0.0.1:33711/', 'http://127.0.0.1:44237/', 'http://127.0.0.1:46405/', 'http://127.0.0.1:38395/', 'http://127.0.0.1:36433/', 'http://127.0.0.1:34497/', 'http://127.0.0.1:37107/', 'http://127.0.0.1:36765/', 'http://127.0.0.1:36591/', 'http://127.0.0.1:33799/', 'http://127.0.0.1:36901/']: sec=0.00, result=[1, '', 0]
[rosmaster.master][INFO] 2025-12-04 20:26:29,996: publisherUpdate[/rosout] -> http://127.0.0.1:39091/ ['http://127.0.0.1:41445/', 'http://127.0.0.1:33711/', 'http://127.0.0.1:44237/', 'http://127.0.0.1:46405/', 'http://127.0.0.1:36433/', 'http://127.0.0.1:34497/', 'http://127.0.0.1:37107/', 'http://127.0.0.1:36765/', 'http://127.0.0.1:36591/', 'http://127.0.0.1:33799/', 'http://127.0.0.1:36901/']
[rosmaster.master][INFO] 2025-12-04 20:26:29,995: -PUB [/throttle_filtering_points/parameter_updates] /throttle_filtering_points http://127.0.0.1:33773/
[rosmaster.master][INFO] 2025-12-04 20:26:29,999: publisherUpdate[/rosout] -> http://127.0.0.1:39091/ ['http://127.0.0.1:41445/', 'http://127.0.0.1:33711/', 'http://127.0.0.1:44237/', 'http://127.0.0.1:46405/', 'http://127.0.0.1:36433/', 'http://127.0.0.1:34497/', 'http://127.0.0.1:37107/', 'http://127.0.0.1:36765/', 'http://127.0.0.1:36591/', 'http://127.0.0.1:33799/', 'http://127.0.0.1:36901/']: sec=0.00, result=[1, '', 0]
[rosmaster.master][INFO] 2025-12-04 20:26:30,000: publisherUpdate[/rosout] -> http://127.0.0.1:39091/ ['http://127.0.0.1:41445/', 'http://127.0.0.1:44237/', 'http://127.0.0.1:46405/', 'http://127.0.0.1:36433/', 'http://127.0.0.1:34497/', 'http://127.0.0.1:37107/', 'http://127.0.0.1:36765/', 'http://127.0.0.1:36591/', 'http://127.0.0.1:33799/', 'http://127.0.0.1:36901/']
[rosmaster.master][INFO] 2025-12-04 20:26:30,000: -PUB [/xtion/rgb/image_proc_debayer/parameter_updates] /xtion/rgb/image_proc http://127.0.0.1:42625/
[rosmaster.master][INFO] 2025-12-04 20:26:30,001: -SUB [/clock] /image_raw_to_rect_color_relay http://127.0.0.1:34859/
[rosmaster.master][INFO] 2025-12-04 20:26:30,006: -PUB [/xtion/rgb/image_mono/compressedDepth] /xtion/rgb/image_proc http://127.0.0.1:42625/
[rosmaster.master][INFO] 2025-12-04 20:26:30,002: publisherUpdate[/rosout] -> http://127.0.0.1:39091/ ['http://127.0.0.1:41445/', 'http://127.0.0.1:44237/', 'http://127.0.0.1:46405/', 'http://127.0.0.1:36433/', 'http://127.0.0.1:34497/', 'http://127.0.0.1:37107/', 'http://127.0.0.1:36765/', 'http://127.0.0.1:36591/', 'http://127.0.0.1:33799/', 'http://127.0.0.1:36901/']: sec=0.00, result=[1, '', 0]
[rosmaster.master][INFO] 2025-12-04 20:26:30,006: -PUB [/text_marker] /joystick_relay http://127.0.0.1:36433/
[rosmaster.master][INFO] 2025-12-04 20:26:30,007: -PUB [/joy_vel] /joystick_relay http://127.0.0.1:36433/
[rosmaster.master][INFO] 2025-12-04 20:26:30,007: -PUB [/joy_priority] /joystick_relay http://127.0.0.1:36433/
[rosmaster.master][INFO] 2025-12-04 20:26:30,007: publisherUpdate[/mobile_base_controller/cmd_vel] -> http://127.0.0.1:36077/ []
[rosmaster.master][INFO] 2025-12-04 20:26:30,007: -PUB [/tf] /robot_state_publisher http://127.0.0.1:44237/
[rosmaster.master][INFO] 2025-12-04 20:26:30,009: -PUB [/tf_static] /robot_state_publisher http://127.0.0.1:44237/
[rosmaster.master][INFO] 2025-12-04 20:26:30,010: -SUB [/clock] /twist_mux http://127.0.0.1:41377/
[rosmaster.master][INFO] 2025-12-04 20:26:30,011: -PUB [/twist_marker] /twist_marker http://127.0.0.1:36077/
[rosmaster.master][INFO] 2025-12-04 20:26:30,011: -SUB [/xtion/rgb/image_raw] /image_raw_to_rect_color_relay http://127.0.0.1:34859/
[rosmaster.master][INFO] 2025-12-04 20:26:30,012: -PUB [/joy_priority_action/status] /joystick_relay http://127.0.0.1:36433/
[rosmaster.master][INFO] 2025-12-04 20:26:30,012: -PUB [/joy_priority_action/result] /joystick_relay http://127.0.0.1:36433/
[rosmaster.master][INFO] 2025-12-04 20:26:30,012: -PUB [/joy_priority_action/feedback] /joystick_relay http://127.0.0.1:36433/
[rosmaster.master][INFO] 2025-12-04 20:26:30,012: -PUB [/joy_turbo_increase/status] /joystick_relay http://127.0.0.1:36433/
[rosmaster.master][INFO] 2025-12-04 20:26:30,012: -PUB [/joy_turbo_increase/result] /joystick_relay http://127.0.0.1:36433/
[rosmaster.master][INFO] 2025-12-04 20:26:30,015: -PUB [/move_group/planning_scene_monitor/parameter_updates] /move_group http://127.0.0.1:38395/
[rosmaster.master][INFO] 2025-12-04 20:26:30,015: -PUB [/tf_lookup/feedback] /tf_lookup http://127.0.0.1:33711/
[rosmaster.master][INFO] 2025-12-04 20:26:30,016: -PUB [/move_group/monitored_planning_scene] /move_group http://127.0.0.1:38395/
[rosmaster.master][INFO] 2025-12-04 20:26:30,016: -PUB [/xtion/rgb/image_mono/compressedDepth/parameter_descriptions] /xtion/rgb/image_proc http://127.0.0.1:42625/
[rosmaster.master][INFO] 2025-12-04 20:26:30,017: -PUB [/throttle_filtering_points/filtered_points] /throttle_filtering_points http://127.0.0.1:33773/
[rosmaster.master][INFO] 2025-12-04 20:26:30,018: -PUB [/joy_turbo_increase/feedback] /joystick_relay http://127.0.0.1:36433/
[rosmaster.master][INFO] 2025-12-04 20:26:30,018: -PUB [/joy_turbo_decrease/status] /joystick_relay http://127.0.0.1:36433/
[rosmaster.master][INFO] 2025-12-04 20:26:30,018: -PUB [/joy_turbo_decrease/result] /joystick_relay http://127.0.0.1:36433/
[rosmaster.master][INFO] 2025-12-04 20:26:30,018: -PUB [/joy_turbo_decrease/feedback] /joystick_relay http://127.0.0.1:36433/
[rosmaster.master][INFO] 2025-12-04 20:26:30,018: -PUB [/joy_turbo_angular_increase/status] /joystick_relay http://127.0.0.1:36433/
[rosmaster.master][INFO] 2025-12-04 20:26:30,018: -PUB [/joy_turbo_angular_increase/result] /joystick_relay http://127.0.0.1:36433/
[rosmaster.master][INFO] 2025-12-04 20:26:30,018: -SUB [/nav_vel] /twist_mux http://127.0.0.1:41377/
[rosmaster.master][INFO] 2025-12-04 20:26:30,019: -PUB [/tf_lookup/status] /tf_lookup http://127.0.0.1:33711/
[rosmaster.master][INFO] 2025-12-04 20:26:30,019: -SERVICE [/image_raw_to_rect_color_relay/get_loggers] /image_raw_to_rect_color_relay rosrpc://127.0.0.1:60049
[rosmaster.master][INFO] 2025-12-04 20:26:30,019: -PUB [/move_group/ompl/parameter_descriptions] /move_group http://127.0.0.1:38395/
[rosmaster.master][INFO] 2025-12-04 20:26:30,020: -PUB [/xtion/rgb/image_mono/compressedDepth/parameter_updates] /xtion/rgb/image_proc http://127.0.0.1:42625/
[rosmaster.master][INFO] 2025-12-04 20:26:30,021: -SUB [/clock] /robot_state_publisher http://127.0.0.1:44237/
[rosmaster.master][INFO] 2025-12-04 20:26:30,021: -PUB [/xtion/rgb/image_mono/compressed] /xtion/rgb/image_proc http://127.0.0.1:42625/
[rosmaster.master][INFO] 2025-12-04 20:26:30,021: -PUB [/move_group/ompl/parameter_updates] /move_group http://127.0.0.1:38395/
[rosmaster.master][INFO] 2025-12-04 20:26:30,022: -PUB [/joy_turbo_angular_increase/feedback] /joystick_relay http://127.0.0.1:36433/
[rosmaster.master][INFO] 2025-12-04 20:26:30,022: -PUB [/joy_turbo_angular_decrease/status] /joystick_relay http://127.0.0.1:36433/
[rosmaster.master][INFO] 2025-12-04 20:26:30,022: -PUB [/joy_turbo_angular_decrease/result] /joystick_relay http://127.0.0.1:36433/
[rosmaster.master][INFO] 2025-12-04 20:26:30,022: -PUB [/joy_turbo_angular_decrease/feedback] /joystick_relay http://127.0.0.1:36433/
[rosmaster.master][INFO] 2025-12-04 20:26:30,022: -PUB [/joy_turbo_reset/status] /joystick_relay http://127.0.0.1:36433/
[rosmaster.master][INFO] 2025-12-04 20:26:30,022: -PUB [/joy_turbo_reset/result] /joystick_relay http://127.0.0.1:36433/
[rosmaster.master][INFO] 2025-12-04 20:26:30,022: -PUB [/joy_turbo_reset/feedback] /joystick_relay http://127.0.0.1:36433/
[rosmaster.master][INFO] 2025-12-04 20:26:30,022: -SERVICE [/joystick_relay/get_loggers] /joystick_relay rosrpc://127.0.0.1:35029
[rosmaster.master][INFO] 2025-12-04 20:26:30,022: -SERVICE [/joystick_relay/set_logger_level] /joystick_relay rosrpc://127.0.0.1:35029
[rosmaster.master][INFO] 2025-12-04 20:26:30,024: -PUB [/move_group/display_planned_path] /move_group http://127.0.0.1:38395/
[rosmaster.master][INFO] 2025-12-04 20:26:30,024: -PUB [/tf_stream/result] /tf_lookup http://127.0.0.1:33711/
[rosmaster.master][INFO] 2025-12-04 20:26:30,024: -SUB [/joy_vel] /twist_mux http://127.0.0.1:41377/
[rosmaster.master][INFO] 2025-12-04 20:26:30,024: -SERVICE [/image_raw_to_rect_color_relay/set_logger_level] /image_raw_to_rect_color_relay rosrpc://127.0.0.1:60049
[rosmaster.master][INFO] 2025-12-04 20:26:30,025: publisherUpdate[/tf_stream/goal] -> http://127.0.0.1:33711/ []: sec=0.07, exception=<Fault -1: 'publisherUpdate: unknown method name'>
[rosmaster.master][INFO] 2025-12-04 20:26:30,026: -PUB [/xtion/rgb/image_mono/compressed/parameter_descriptions] /xtion/rgb/image_proc http://127.0.0.1:42625/
[rosmaster.master][INFO] 2025-12-04 20:26:30,027: -CACHEDPARAM [/rosout_disable_topics_generation] by /image_raw_to_rect_color_relay
[rosmaster.master][INFO] 2025-12-04 20:26:30,028: -PUB [/tf_stream/feedback] /tf_lookup http://127.0.0.1:33711/
[rosmaster.master][INFO] 2025-12-04 20:26:30,028: -SUB [/joint_states] /robot_state_publisher http://127.0.0.1:44237/
[rosmaster.master][INFO] 2025-12-04 20:26:30,029: -SUB [/key_vel] /twist_mux http://127.0.0.1:41377/
[rosmaster.master][INFO] 2025-12-04 20:26:30,029: -SUB [/tab_vel] /twist_mux http://127.0.0.1:41377/
[rosmaster.master][INFO] 2025-12-04 20:26:30,030: -PUB [/tf_stream/status] /tf_lookup http://127.0.0.1:33711/
[rosmaster.master][INFO] 2025-12-04 20:26:30,030: -PUB [/move_group/display_contacts] /move_group http://127.0.0.1:38395/
[rosmaster.master][INFO] 2025-12-04 20:26:30,031: -SERVICE [/robot_state_publisher/get_loggers] /robot_state_publisher rosrpc://127.0.0.1:37697
[rosmaster.master][INFO] 2025-12-04 20:26:30,031: -PUB [/xtion/rgb/image_mono/compressed/parameter_updates] /xtion/rgb/image_proc http://127.0.0.1:42625/
[rosmaster.master][INFO] 2025-12-04 20:26:30,031: -SUB [/marker_vel] /twist_mux http://127.0.0.1:41377/
[rosmaster.master][INFO] 2025-12-04 20:26:30,032: -PUB [/xtion/rgb/image_mono] /xtion/rgb/image_proc http://127.0.0.1:42625/
[rosmaster.master][INFO] 2025-12-04 20:26:30,033: -PUB [/arm_controller/follow_joint_trajectory/goal] /move_group http://127.0.0.1:38395/
[rosmaster.master][INFO] 2025-12-04 20:26:30,033: -SERVICE [/robot_state_publisher/set_logger_level] /robot_state_publisher rosrpc://127.0.0.1:37697
[rosmaster.master][INFO] 2025-12-04 20:26:30,035: -PUB [/tfs_14594000000] /tf_lookup http://127.0.0.1:33711/
[rosmaster.master][INFO] 2025-12-04 20:26:30,035: -PUB [/xtion/rgb/image_mono/theora] /xtion/rgb/image_proc http://127.0.0.1:42625/
[rosmaster.master][INFO] 2025-12-04 20:26:30,036: -PUB [/xtion/rgb/image_mono/theora/parameter_descriptions] /xtion/rgb/image_proc http://127.0.0.1:42625/
[rosmaster.threadpool][ERROR] 2025-12-04 20:26:30,034: Traceback (most recent call last):
  File "/opt/ros/noetic/lib/python3/dist-packages/rosmaster/threadpool.py", line 218, in run
    result = cmd(*args)
  File "/opt/ros/noetic/lib/python3/dist-packages/rosmaster/master_api.py", line 210, in publisher_update_task
    ret = xmlrpcapi(api).publisherUpdate('/master', topic, pub_uris)
  File "/usr/lib/python3.8/xmlrpc/client.py", line 1109, in __call__
    return self.__send(self.__name, args)
  File "/usr/lib/python3.8/xmlrpc/client.py", line 1450, in __request
    response = self.__transport.request(
  File "/usr/lib/python3.8/xmlrpc/client.py", line 1153, in request
    return self.single_request(host, handler, request_body, verbose)
  File "/usr/lib/python3.8/xmlrpc/client.py", line 1169, in single_request
    return self.parse_response(resp)
  File "/usr/lib/python3.8/xmlrpc/client.py", line 1341, in parse_response
    return u.close()
  File "/usr/lib/python3.8/xmlrpc/client.py", line 655, in close
    raise Fault(**self._stack[0])
xmlrpc.client.Fault: <Fault -1: 'publisherUpdate: unknown method name'>

[rosmaster.master][INFO] 2025-12-04 20:26:30,036: publisherUpdate[/tf_stream/cancel] -> http://127.0.0.1:33711/ []
[rosmaster.master][INFO] 2025-12-04 20:26:30,037: -SUB [/phone_vel] /twist_mux http://127.0.0.1:41377/
[rosmaster.master][INFO] 2025-12-04 20:26:30,038: -SUB [/rviz_joy_vel] /twist_mux http://127.0.0.1:41377/
[rosmaster.master][INFO] 2025-12-04 20:26:30,038: -SUB [/clock] /tf_lookup http://127.0.0.1:33711/
[rosmaster.master][INFO] 2025-12-04 20:26:30,039: publisherUpdate[/tf_stream/cancel] -> http://127.0.0.1:33711/ []: sec=0.00, exception=<Fault -1: 'publisherUpdate: unknown method name'>
[rosmaster.threadpool][ERROR] 2025-12-04 20:26:30,039: Traceback (most recent call last):
  File "/opt/ros/noetic/lib/python3/dist-packages/rosmaster/threadpool.py", line 218, in run
    result = cmd(*args)
  File "/opt/ros/noetic/lib/python3/dist-packages/rosmaster/master_api.py", line 210, in publisher_update_task
    ret = xmlrpcapi(api).publisherUpdate('/master', topic, pub_uris)
  File "/usr/lib/python3.8/xmlrpc/client.py", line 1109, in __call__
    return self.__send(self.__name, args)
  File "/usr/lib/python3.8/xmlrpc/client.py", line 1450, in __request
    response = self.__transport.request(
  File "/usr/lib/python3.8/xmlrpc/client.py", line 1153, in request
    return self.single_request(host, handler, request_body, verbose)
  File "/usr/lib/python3.8/xmlrpc/client.py", line 1169, in single_request
    return self.parse_response(resp)
  File "/usr/lib/python3.8/xmlrpc/client.py", line 1341, in parse_response
    return u.close()
  File "/usr/lib/python3.8/xmlrpc/client.py", line 655, in close
    raise Fault(**self._stack[0])
xmlrpc.client.Fault: <Fault -1: 'publisherUpdate: unknown method name'>

[rosmaster.master][INFO] 2025-12-04 20:26:30,039: publisherUpdate[/mobile_base_controller/cmd_vel] -> http://127.0.0.1:36901/ []
[rosmaster.master][INFO] 2025-12-04 20:26:30,040: -PUB [/xtion/rgb/image_mono/theora/parameter_updates] /xtion/rgb/image_proc http://127.0.0.1:42625/
[rosmaster.master][INFO] 2025-12-04 20:26:30,040: -PUB [/arm_controller/follow_joint_trajectory/cancel] /move_group http://127.0.0.1:38395/
[rosmaster.master][INFO] 2025-12-04 20:26:30,040: -PUB [/torso_controller/follow_joint_trajectory/goal] /move_group http://127.0.0.1:38395/
[rosmaster.master][INFO] 2025-12-04 20:26:30,041: -PUB [/torso_controller/follow_joint_trajectory/cancel] /move_group http://127.0.0.1:38395/
[rosmaster.master][INFO] 2025-12-04 20:26:30,042: -PUB [/xtion/rgb/image_color/compressedDepth] /xtion/rgb/image_proc http://127.0.0.1:42625/
[rosmaster.master][INFO] 2025-12-04 20:26:30,042: -SUB [/tf] /tf_lookup http://127.0.0.1:33711/
[rosmaster.master][INFO] 2025-12-04 20:26:30,043: -SUB [/servoing_cmd_vel] /twist_mux http://127.0.0.1:41377/
[rosmaster.master][INFO] 2025-12-04 20:26:30,046: publisherUpdate[/mobile_base_controller/cmd_vel] -> http://127.0.0.1:36901/ []: sec=0.01, result=[1, '', 0]
[rosmaster.master][INFO] 2025-12-04 20:26:30,047: publisherUpdate[/rosout] -> http://127.0.0.1:39091/ ['http://127.0.0.1:41445/', 'http://127.0.0.1:44237/', 'http://127.0.0.1:46405/', 'http://127.0.0.1:34497/', 'http://127.0.0.1:37107/', 'http://127.0.0.1:36765/', 'http://127.0.0.1:36591/', 'http://127.0.0.1:33799/', 'http://127.0.0.1:36901/']
[rosmaster.master][INFO] 2025-12-04 20:26:30,047: -PUB [/xtion/rgb/image_color/compressedDepth/parameter_descriptions] /xtion/rgb/image_proc http://127.0.0.1:42625/
[rosmaster.master][INFO] 2025-12-04 20:26:30,048: -PUB [/head_controller/follow_joint_trajectory/goal] /move_group http://127.0.0.1:38395/
[rosmaster.master][INFO] 2025-12-04 20:26:30,048: -SUB [/pause_navigation] /twist_mux http://127.0.0.1:41377/
[rosmaster.master][INFO] 2025-12-04 20:26:30,049: -SUB [/tf_static] /tf_lookup http://127.0.0.1:33711/
[rosmaster.master][INFO] 2025-12-04 20:26:30,050: -SUB [/tf_lookup/goal] /tf_lookup http://127.0.0.1:33711/
[rosmaster.master][INFO] 2025-12-04 20:26:30,050: -SUB [/stop_closing_loop] /twist_mux http://127.0.0.1:41377/
[rosmaster.master][INFO] 2025-12-04 20:26:30,051: -PUB [/head_controller/follow_joint_trajectory/cancel] /move_group http://127.0.0.1:38395/
[rosmaster.master][INFO] 2025-12-04 20:26:30,052: -PUB [/xtion/rgb/image_color/compressedDepth/parameter_updates] /xtion/rgb/image_proc http://127.0.0.1:42625/
[rosmaster.master][INFO] 2025-12-04 20:26:30,052: publisherUpdate[/rosout] -> http://127.0.0.1:39091/ ['http://127.0.0.1:41445/', 'http://127.0.0.1:44237/', 'http://127.0.0.1:46405/', 'http://127.0.0.1:34497/', 'http://127.0.0.1:37107/', 'http://127.0.0.1:36765/', 'http://127.0.0.1:36591/', 'http://127.0.0.1:33799/', 'http://127.0.0.1:36901/']: sec=0.01, result=[1, '', 0]
[rosmaster.master][INFO] 2025-12-04 20:26:30,053: publisherUpdate[/rosout] -> http://127.0.0.1:39091/ ['http://127.0.0.1:41445/', 'http://127.0.0.1:46405/', 'http://127.0.0.1:34497/', 'http://127.0.0.1:37107/', 'http://127.0.0.1:36765/', 'http://127.0.0.1:36591/', 'http://127.0.0.1:33799/', 'http://127.0.0.1:36901/']
[rosmaster.master][INFO] 2025-12-04 20:26:30,053: -SUB [/tf_lookup/cancel] /tf_lookup http://127.0.0.1:33711/
[rosmaster.master][INFO] 2025-12-04 20:26:30,054: -SUB [/joy_priority] /twist_mux http://127.0.0.1:41377/
[rosmaster.master][INFO] 2025-12-04 20:26:30,056: -PUB [/gripper_controller/follow_joint_trajectory/goal] /move_group http://127.0.0.1:38395/
[rosmaster.master][INFO] 2025-12-04 20:26:30,058: -SUB [/tf_stream/goal] /tf_lookup http://127.0.0.1:33711/
[rosmaster.master][INFO] 2025-12-04 20:26:30,058: -PUB [/xtion/rgb/image_color/compressed] /xtion/rgb/image_proc http://127.0.0.1:42625/
[rosmaster.master][INFO] 2025-12-04 20:26:30,057: publisherUpdate[/rosout] -> http://127.0.0.1:39091/ ['http://127.0.0.1:41445/', 'http://127.0.0.1:46405/', 'http://127.0.0.1:34497/', 'http://127.0.0.1:37107/', 'http://127.0.0.1:36765/', 'http://127.0.0.1:36591/', 'http://127.0.0.1:33799/', 'http://127.0.0.1:36901/']: sec=0.00, result=[1, '', 0]
[rosmaster.master][INFO] 2025-12-04 20:26:30,059: publisherUpdate[/joy_vel] -> http://127.0.0.1:41377/ []
[rosmaster.master][INFO] 2025-12-04 20:26:30,059: -PUB [/xtion/rgb/image_color/compressed/parameter_descriptions] /xtion/rgb/image_proc http://127.0.0.1:42625/
[rosmaster.master][INFO] 2025-12-04 20:26:30,061: -PUB [/xtion/rgb/image_color/compressed/parameter_updates] /xtion/rgb/image_proc http://127.0.0.1:42625/
[rosmaster.master][INFO] 2025-12-04 20:26:30,062: -SERVICE [/twist_mux/get_loggers] /twist_mux rosrpc://127.0.0.1:39643
[rosmaster.master][INFO] 2025-12-04 20:26:30,062: -PUB [/gripper_controller/follow_joint_trajectory/cancel] /move_group http://127.0.0.1:38395/
[rosmaster.master][INFO] 2025-12-04 20:26:30,063: -PUB [/move_group/trajectory_execution/parameter_descriptions] /move_group http://127.0.0.1:38395/
[rosmaster.master][INFO] 2025-12-04 20:26:30,064: publisherUpdate[/tf] -> http://127.0.0.1:41445/ ['http://127.0.0.1:36901/']
[rosmaster.master][INFO] 2025-12-04 20:26:30,065: -SUB [/clock] /twist_marker http://127.0.0.1:36077/
[rosmaster.master][INFO] 2025-12-04 20:26:30,067: -SUB [/tf_stream/cancel] /tf_lookup http://127.0.0.1:33711/
[rosmaster.master][INFO] 2025-12-04 20:26:30,067: -SUB [/clock] /throttle_filtering_points http://127.0.0.1:33773/
[rosmaster.master][INFO] 2025-12-04 20:26:30,069: publisherUpdate[/tf] -> http://127.0.0.1:41445/ ['http://127.0.0.1:36901/']: sec=0.00, result=[1, '', 0]
[rosmaster.master][INFO] 2025-12-04 20:26:30,070: publisherUpdate[/tf] -> http://127.0.0.1:33711/ ['http://127.0.0.1:36901/']
[rosmaster.master][INFO] 2025-12-04 20:26:30,070: publisherUpdate[/mobile_base_controller/cmd_vel] -> http://127.0.0.1:36077/ []: sec=0.06, exception=<Fault -1: 'publisherUpdate: unknown method name'>
[rosmaster.threadpool][ERROR] 2025-12-04 20:26:30,071: Traceback (most recent call last):
  File "/opt/ros/noetic/lib/python3/dist-packages/rosmaster/threadpool.py", line 218, in run
    result = cmd(*args)
  File "/opt/ros/noetic/lib/python3/dist-packages/rosmaster/master_api.py", line 210, in publisher_update_task
    ret = xmlrpcapi(api).publisherUpdate('/master', topic, pub_uris)
  File "/usr/lib/python3.8/xmlrpc/client.py", line 1109, in __call__
    return self.__send(self.__name, args)
  File "/usr/lib/python3.8/xmlrpc/client.py", line 1450, in __request
    response = self.__transport.request(
  File "/usr/lib/python3.8/xmlrpc/client.py", line 1153, in request
    return self.single_request(host, handler, request_body, verbose)
  File "/usr/lib/python3.8/xmlrpc/client.py", line 1169, in single_request
    return self.parse_response(resp)
  File "/usr/lib/python3.8/xmlrpc/client.py", line 1341, in parse_response
    return u.close()
  File "/usr/lib/python3.8/xmlrpc/client.py", line 655, in close
    raise Fault(**self._stack[0])
xmlrpc.client.Fault: <Fault -1: 'publisherUpdate: unknown method name'>

[rosmaster.master][INFO] 2025-12-04 20:26:30,071: publisherUpdate[/tf] -> http://127.0.0.1:46405/ ['http://127.0.0.1:36901/']
[rosmaster.master][INFO] 2025-12-04 20:26:30,069: -SERVICE [/twist_mux/set_logger_level] /twist_mux rosrpc://127.0.0.1:39643
[rosmaster.master][INFO] 2025-12-04 20:26:30,071: -PUB [/xtion/rgb/image_color] /xtion/rgb/image_proc http://127.0.0.1:42625/
[rosmaster.master][INFO] 2025-12-04 20:26:30,073: publisherUpdate[/tf] -> http://127.0.0.1:46405/ ['http://127.0.0.1:36901/']: sec=0.00, result=[1, '', 0]
[rosmaster.master][INFO] 2025-12-04 20:26:30,073: publisherUpdate[/tf] -> http://127.0.0.1:38395/ ['http://127.0.0.1:36901/']
[rosmaster.master][INFO] 2025-12-04 20:26:30,074: -PUB [/move_group/trajectory_execution/parameter_updates] /move_group http://127.0.0.1:38395/
[rosmaster.master][INFO] 2025-12-04 20:26:30,075: publisherUpdate[/tf] -> http://127.0.0.1:33711/ ['http://127.0.0.1:36901/']: sec=0.00, exception=<Fault -1: 'publisherUpdate: unknown method name'>
[rosmaster.master][INFO] 2025-12-04 20:26:30,077: -SERVICE [/tf_lookup/get_loggers] /tf_lookup rosrpc://127.0.0.1:51631
[rosmaster.master][INFO] 2025-12-04 20:26:30,078: -SUB [/mobile_base_controller/cmd_vel] /twist_marker http://127.0.0.1:36077/
[rosmaster.threadpool][ERROR] 2025-12-04 20:26:30,078: Traceback (most recent call last):
  File "/opt/ros/noetic/lib/python3/dist-packages/rosmaster/threadpool.py", line 218, in run
    result = cmd(*args)
  File "/opt/ros/noetic/lib/python3/dist-packages/rosmaster/master_api.py", line 210, in publisher_update_task
    ret = xmlrpcapi(api).publisherUpdate('/master', topic, pub_uris)
  File "/usr/lib/python3.8/xmlrpc/client.py", line 1109, in __call__
    return self.__send(self.__name, args)
  File "/usr/lib/python3.8/xmlrpc/client.py", line 1450, in __request
    response = self.__transport.request(
  File "/usr/lib/python3.8/xmlrpc/client.py", line 1153, in request
    return self.single_request(host, handler, request_body, verbose)
  File "/usr/lib/python3.8/xmlrpc/client.py", line 1169, in single_request
    return self.parse_response(resp)
  File "/usr/lib/python3.8/xmlrpc/client.py", line 1341, in parse_response
    return u.close()
  File "/usr/lib/python3.8/xmlrpc/client.py", line 655, in close
    raise Fault(**self._stack[0])
xmlrpc.client.Fault: <Fault -1: 'publisherUpdate: unknown method name'>

[rosmaster.master][INFO] 2025-12-04 20:26:30,078: publisherUpdate[/tf_static] -> http://127.0.0.1:41445/ []
[rosmaster.master][INFO] 2025-12-04 20:26:30,079: -SERVICE [/throttle_filtering_points/get_loggers] /throttle_filtering_points rosrpc://127.0.0.1:36547
[rosmaster.master][INFO] 2025-12-04 20:26:30,079: -PUB [/xtion/rgb/image_color/theora] /xtion/rgb/image_proc http://127.0.0.1:42625/
[rosmaster.master][INFO] 2025-12-04 20:26:30,086: publisherUpdate[/tf_static] -> http://127.0.0.1:41445/ []: sec=0.01, result=[1, '', 0]
[rosmaster.master][INFO] 2025-12-04 20:26:30,086: publisherUpdate[/tf_static] -> http://127.0.0.1:33711/ []
[rosmaster.master][INFO] 2025-12-04 20:26:30,086: -CACHEDPARAM [/rosout_disable_topics_generation] by /twist_mux
[rosmaster.master][INFO] 2025-12-04 20:26:30,087: -PUB [/xtion/rgb/image_color/theora/parameter_descriptions] /xtion/rgb/image_proc http://127.0.0.1:42625/
[rosmaster.master][INFO] 2025-12-04 20:26:30,088: publisherUpdate[/tf_static] -> http://127.0.0.1:33711/ []: sec=0.00, exception=<Fault -1: 'publisherUpdate: unknown method name'>
[rosmaster.master][INFO] 2025-12-04 20:26:30,088: -SERVICE [/throttle_filtering_points/set_logger_level] /throttle_filtering_points rosrpc://127.0.0.1:36547
[rosmaster.master][INFO] 2025-12-04 20:26:30,089: -SERVICE [/tf_lookup/set_logger_level] /tf_lookup rosrpc://127.0.0.1:51631
[rosmaster.master][INFO] 2025-12-04 20:26:30,089: -SERVICE [/twist_marker/get_loggers] /twist_marker rosrpc://127.0.0.1:44539
[rosmaster.master][INFO] 2025-12-04 20:26:30,090: -PUB [/move_group/plan_execution/parameter_descriptions] /move_group http://127.0.0.1:38395/
[rosmaster.master][INFO] 2025-12-04 20:26:30,090: -SERVICE [/lookupTransform] /tf_lookup rosrpc://127.0.0.1:51631
[rosmaster.master][INFO] 2025-12-04 20:26:30,092: -CACHEDPARAM [/twist_mux/diagnostic_period] by /twist_mux
[rosmaster.master][INFO] 2025-12-04 20:26:30,093: -SERVICE [/throttle_filtering_points/set_parameters] /throttle_filtering_points rosrpc://127.0.0.1:36547
[rosmaster.master][INFO] 2025-12-04 20:26:30,094: -SERVICE [/twist_marker/set_logger_level] /twist_marker rosrpc://127.0.0.1:44539
[rosmaster.master][INFO] 2025-12-04 20:26:30,094: -PUB [/move_group/plan_execution/parameter_updates] /move_group http://127.0.0.1:38395/
[rosmaster.master][INFO] 2025-12-04 20:26:30,095: -PUB [/xtion/rgb/image_color/theora/parameter_updates] /xtion/rgb/image_proc http://127.0.0.1:42625/
[rosmaster.master][INFO] 2025-12-04 20:26:30,096: -CACHEDPARAM [/rosout_disable_topics_generation] by /throttle_filtering_points
[rosmaster.threadpool][ERROR] 2025-12-04 20:26:30,092: Traceback (most recent call last):
  File "/opt/ros/noetic/lib/python3/dist-packages/rosmaster/threadpool.py", line 218, in run
    result = cmd(*args)
  File "/opt/ros/noetic/lib/python3/dist-packages/rosmaster/master_api.py", line 210, in publisher_update_task
    ret = xmlrpcapi(api).publisherUpdate('/master', topic, pub_uris)
  File "/usr/lib/python3.8/xmlrpc/client.py", line 1109, in __call__
    return self.__send(self.__name, args)
  File "/usr/lib/python3.8/xmlrpc/client.py", line 1450, in __request
    response = self.__transport.request(
  File "/usr/lib/python3.8/xmlrpc/client.py", line 1153, in request
    return self.single_request(host, handler, request_body, verbose)
  File "/usr/lib/python3.8/xmlrpc/client.py", line 1169, in single_request
    return self.parse_response(resp)
  File "/usr/lib/python3.8/xmlrpc/client.py", line 1341, in parse_response
    return u.close()
  File "/usr/lib/python3.8/xmlrpc/client.py", line 655, in close
    raise Fault(**self._stack[0])
xmlrpc.client.Fault: <Fault -1: 'publisherUpdate: unknown method name'>

[rosmaster.master][INFO] 2025-12-04 20:26:30,098: publisherUpdate[/tf_static] -> http://127.0.0.1:46405/ []
[rosmaster.master][INFO] 2025-12-04 20:26:30,098: -CACHEDPARAM [/rosout_disable_topics_generation] by /tf_lookup
[rosmaster.master][INFO] 2025-12-04 20:26:30,099: -SUB [/clock] /is_already_there http://127.0.0.1:34497/
[rosmaster.master][INFO] 2025-12-04 20:26:30,100: -SUB [/joint_states] /is_already_there http://127.0.0.1:34497/
[rosmaster.master][INFO] 2025-12-04 20:26:30,101: -PUB [/xtion/rgb/image_proc_rectify_mono/parameter_descriptions] /xtion/rgb/image_proc http://127.0.0.1:42625/
[rosmaster.master][INFO] 2025-12-04 20:26:30,101: -PUB [/move_group/sense_for_plan/parameter_descriptions] /move_group http://127.0.0.1:38395/
[rosmaster.master][INFO] 2025-12-04 20:26:30,102: -PUB [/move_group/sense_for_plan/parameter_updates] /move_group http://127.0.0.1:38395/
[rosmaster.master][INFO] 2025-12-04 20:26:30,102: -PUB [/rosout] /is_already_there http://127.0.0.1:34497/
[rosmaster.master][INFO] 2025-12-04 20:26:30,102: -SERVICE [/is_already_there/get_loggers] /is_already_there rosrpc://127.0.0.1:37121
[rosmaster.master][INFO] 2025-12-04 20:26:30,103: -SERVICE [/is_already_there/set_logger_level] /is_already_there rosrpc://127.0.0.1:37121
[rosmaster.master][INFO] 2025-12-04 20:26:30,103: -SERVICE [/play_motion/is_already_there] /is_already_there rosrpc://127.0.0.1:37121
[rosmaster.master][INFO] 2025-12-04 20:26:30,103: -PUB [/xtion/rgb/image_proc_rectify_mono/parameter_updates] /xtion/rgb/image_proc http://127.0.0.1:42625/
[rosmaster.master][INFO] 2025-12-04 20:26:30,101: publisherUpdate[/tf_static] -> http://127.0.0.1:46405/ []: sec=0.00, result=[1, '', 0]
[rosmaster.master][INFO] 2025-12-04 20:26:30,104: publisherUpdate[/arm_controller/follow_joint_trajectory/goal] -> http://127.0.0.1:36901/ ['http://127.0.0.1:46405/']
[rosmaster.master][INFO] 2025-12-04 20:26:30,104: -CACHEDPARAM [/twist_mux/locks] by /twist_mux
[rosmaster.master][INFO] 2025-12-04 20:26:30,105: -PUB [/execute_trajectory/result] /move_group http://127.0.0.1:38395/
[rosmaster.master][INFO] 2025-12-04 20:26:30,112: -PUB [/execute_trajectory/feedback] /move_group http://127.0.0.1:38395/
[rosmaster.master][INFO] 2025-12-04 20:26:30,114: publisherUpdate[/arm_controller/follow_joint_trajectory/goal] -> http://127.0.0.1:36901/ ['http://127.0.0.1:46405/']: sec=0.01, result=[1, '', 0]
[rosmaster.master][INFO] 2025-12-04 20:26:30,114: publisherUpdate[/arm_controller/follow_joint_trajectory/cancel] -> http://127.0.0.1:36901/ ['http://127.0.0.1:46405/']
[rosmaster.master][INFO] 2025-12-04 20:26:30,114: -CACHEDPARAM [/twist_mux/topics] by /twist_mux
[rosmaster.master][INFO] 2025-12-04 20:26:30,115: -PUB [/xtion/rgb/image_rect/compressedDepth] /xtion/rgb/image_proc http://127.0.0.1:42625/
[rosmaster.master][INFO] 2025-12-04 20:26:30,115: -PUB [/execute_trajectory/status] /move_group http://127.0.0.1:38395/
[rosmaster.master][INFO] 2025-12-04 20:26:30,116: -PUB [/xtion/rgb/image_rect/compressedDepth/parameter_descriptions] /xtion/rgb/image_proc http://127.0.0.1:42625/
[rosmaster.master][INFO] 2025-12-04 20:26:30,117: -PUB [/xtion/rgb/image_rect/compressedDepth/parameter_updates] /xtion/rgb/image_proc http://127.0.0.1:42625/
[rosmaster.master][INFO] 2025-12-04 20:26:30,117: publisherUpdate[/arm_controller/follow_joint_trajectory/cancel] -> http://127.0.0.1:36901/ ['http://127.0.0.1:46405/']: sec=0.00, result=[1, '', 0]
[rosmaster.master][INFO] 2025-12-04 20:26:30,118: publisherUpdate[/torso_controller/follow_joint_trajectory/goal] -> http://127.0.0.1:36901/ ['http://127.0.0.1:46405/']
[rosmaster.master][INFO] 2025-12-04 20:26:30,118: -PUB [/move_group/result] /move_group http://127.0.0.1:38395/
[rosmaster.master][INFO] 2025-12-04 20:26:30,120: publisherUpdate[/torso_controller/follow_joint_trajectory/goal] -> http://127.0.0.1:36901/ ['http://127.0.0.1:46405/']: sec=0.00, result=[1, '', 0]
[rosmaster.master][INFO] 2025-12-04 20:26:30,120: publisherUpdate[/torso_controller/follow_joint_trajectory/cancel] -> http://127.0.0.1:36901/ ['http://127.0.0.1:46405/']
[rosmaster.master][INFO] 2025-12-04 20:26:30,121: -PUB [/xtion/rgb/image_rect/compressed] /xtion/rgb/image_proc http://127.0.0.1:42625/
[rosmaster.master][INFO] 2025-12-04 20:26:30,122: -PUB [/move_group/feedback] /move_group http://127.0.0.1:38395/
[rosmaster.master][INFO] 2025-12-04 20:26:30,124: publisherUpdate[/torso_controller/follow_joint_trajectory/cancel] -> http://127.0.0.1:36901/ ['http://127.0.0.1:46405/']: sec=0.00, result=[1, '', 0]
[rosmaster.master][INFO] 2025-12-04 20:26:30,125: -PUB [/xtion/rgb/image_rect/compressed/parameter_descriptions] /xtion/rgb/image_proc http://127.0.0.1:42625/
[rosmaster.master][INFO] 2025-12-04 20:26:30,126: publisherUpdate[/head_controller/follow_joint_trajectory/goal] -> http://127.0.0.1:36901/ ['http://127.0.0.1:46405/']
[rosmaster.master][INFO] 2025-12-04 20:26:30,128: publisherUpdate[/joy_vel] -> http://127.0.0.1:41377/ []: sec=0.07, exception=[Errno 111] Connection refused
[rosmaster.master][INFO] 2025-12-04 20:26:30,128: -PUB [/move_group/status] /move_group http://127.0.0.1:38395/
[rosmaster.master][INFO] 2025-12-04 20:26:30,130: publisherUpdate[/head_controller/follow_joint_trajectory/goal] -> http://127.0.0.1:36901/ ['http://127.0.0.1:46405/']: sec=0.00, result=[1, '', 0]
[rosmaster.master][INFO] 2025-12-04 20:26:30,132: publisherUpdate[/joy_priority] -> http://127.0.0.1:41377/ []
[rosmaster.master][INFO] 2025-12-04 20:26:30,132: publisherUpdate[/joy_priority] -> http://127.0.0.1:41377/ []: sec=0.00, exception=[Errno 111] Connection refused
[rosmaster.master][INFO] 2025-12-04 20:26:30,136: -PUB [/xtion/rgb/image_rect/compressed/parameter_updates] /xtion/rgb/image_proc http://127.0.0.1:42625/
[rosmaster.master][INFO] 2025-12-04 20:26:30,136: -PUB [/pickup/result] /move_group http://127.0.0.1:38395/
[rosmaster.master][INFO] 2025-12-04 20:26:30,138: -PUB [/xtion/rgb/image_rect] /xtion/rgb/image_proc http://127.0.0.1:42625/
[rosmaster.master][INFO] 2025-12-04 20:26:30,139: -PUB [/xtion/rgb/image_rect/theora] /xtion/rgb/image_proc http://127.0.0.1:42625/
[rosmaster.threadpool][ERROR] 2025-12-04 20:26:30,139: Traceback (most recent call last):
  File "/opt/ros/noetic/lib/python3/dist-packages/rosmaster/threadpool.py", line 218, in run
    result = cmd(*args)
  File "/opt/ros/noetic/lib/python3/dist-packages/rosmaster/master_api.py", line 210, in publisher_update_task
    ret = xmlrpcapi(api).publisherUpdate('/master', topic, pub_uris)
  File "/usr/lib/python3.8/xmlrpc/client.py", line 1109, in __call__
    return self.__send(self.__name, args)
  File "/usr/lib/python3.8/xmlrpc/client.py", line 1450, in __request
    response = self.__transport.request(
  File "/usr/lib/python3.8/xmlrpc/client.py", line 1153, in request
    return self.single_request(host, handler, request_body, verbose)
  File "/usr/lib/python3.8/xmlrpc/client.py", line 1165, in single_request
    http_conn = self.send_request(host, handler, request_body, verbose)
  File "/usr/lib/python3.8/xmlrpc/client.py", line 1278, in send_request
    self.send_content(connection, request_body)
  File "/usr/lib/python3.8/xmlrpc/client.py", line 1308, in send_content
    connection.endheaders(request_body)
  File "/usr/lib/python3.8/http/client.py", line 1251, in endheaders
    self._send_output(message_body, encode_chunked=encode_chunked)
  File "/usr/lib/python3.8/http/client.py", line 1011, in _send_output
    self.send(msg)
  File "/usr/lib/python3.8/http/client.py", line 951, in send
    self.connect()
  File "/usr/lib/python3.8/http/client.py", line 922, in connect
    self.sock = self._create_connection(
  File "/usr/lib/python3.8/socket.py", line 808, in create_connection
    raise err
  File "/usr/lib/python3.8/socket.py", line 796, in create_connection
    sock.connect(sa)
ConnectionRefusedError: [Errno 111] Connection refused

[rosmaster.master][INFO] 2025-12-04 20:26:30,142: publisherUpdate[/head_controller/follow_joint_trajectory/cancel] -> http://127.0.0.1:36901/ ['http://127.0.0.1:46405/']
[rosmaster.master][INFO] 2025-12-04 20:26:30,141: publisherUpdate[/tf] -> http://127.0.0.1:38395/ ['http://127.0.0.1:36901/']: sec=0.07, exception=<Fault -1: 'publisherUpdate: unknown method name'>
[rosmaster.threadpool][ERROR] 2025-12-04 20:26:30,144: Traceback (most recent call last):
  File "/opt/ros/noetic/lib/python3/dist-packages/rosmaster/threadpool.py", line 218, in run
    result = cmd(*args)
  File "/opt/ros/noetic/lib/python3/dist-packages/rosmaster/master_api.py", line 210, in publisher_update_task
    ret = xmlrpcapi(api).publisherUpdate('/master', topic, pub_uris)
  File "/usr/lib/python3.8/xmlrpc/client.py", line 1109, in __call__
    return self.__send(self.__name, args)
  File "/usr/lib/python3.8/xmlrpc/client.py", line 1450, in __request
    response = self.__transport.request(
  File "/usr/lib/python3.8/xmlrpc/client.py", line 1153, in request
    return self.single_request(host, handler, request_body, verbose)
  File "/usr/lib/python3.8/xmlrpc/client.py", line 1169, in single_request
    return self.parse_response(resp)
  File "/usr/lib/python3.8/xmlrpc/client.py", line 1341, in parse_response
    return u.close()
  File "/usr/lib/python3.8/xmlrpc/client.py", line 655, in close
    raise Fault(**self._stack[0])
xmlrpc.client.Fault: <Fault -1: 'publisherUpdate: unknown method name'>

[rosmaster.master][INFO] 2025-12-04 20:26:30,144: publisherUpdate[/tf_static] -> http://127.0.0.1:38395/ []
[rosmaster.master][INFO] 2025-12-04 20:26:30,141: -PUB [/pickup/feedback] /move_group http://127.0.0.1:38395/
[rosmaster.threadpool][ERROR] 2025-12-04 20:26:30,142: Traceback (most recent call last):
  File "/opt/ros/noetic/lib/python3/dist-packages/rosmaster/threadpool.py", line 218, in run
    result = cmd(*args)
  File "/opt/ros/noetic/lib/python3/dist-packages/rosmaster/master_api.py", line 210, in publisher_update_task
    ret = xmlrpcapi(api).publisherUpdate('/master', topic, pub_uris)
  File "/usr/lib/python3.8/xmlrpc/client.py", line 1109, in __call__
    return self.__send(self.__name, args)
  File "/usr/lib/python3.8/xmlrpc/client.py", line 1450, in __request
    response = self.__transport.request(
  File "/usr/lib/python3.8/xmlrpc/client.py", line 1153, in request
    return self.single_request(host, handler, request_body, verbose)
  File "/usr/lib/python3.8/xmlrpc/client.py", line 1165, in single_request
    http_conn = self.send_request(host, handler, request_body, verbose)
  File "/usr/lib/python3.8/xmlrpc/client.py", line 1278, in send_request
    self.send_content(connection, request_body)
  File "/usr/lib/python3.8/xmlrpc/client.py", line 1308, in send_content
    connection.endheaders(request_body)
  File "/usr/lib/python3.8/http/client.py", line 1251, in endheaders
    self._send_output(message_body, encode_chunked=encode_chunked)
  File "/usr/lib/python3.8/http/client.py", line 1011, in _send_output
    self.send(msg)
  File "/usr/lib/python3.8/http/client.py", line 951, in send
    self.connect()
  File "/usr/lib/python3.8/http/client.py", line 922, in connect
    self.sock = self._create_connection(
  File "/usr/lib/python3.8/socket.py", line 808, in create_connection
    raise err
  File "/usr/lib/python3.8/socket.py", line 796, in create_connection
    sock.connect(sa)
ConnectionRefusedError: [Errno 111] Connection refused

[rosmaster.master][INFO] 2025-12-04 20:26:30,150: publisherUpdate[/rosout] -> http://127.0.0.1:39091/ ['http://127.0.0.1:41445/', 'http://127.0.0.1:46405/', 'http://127.0.0.1:37107/', 'http://127.0.0.1:36765/', 'http://127.0.0.1:36591/', 'http://127.0.0.1:33799/', 'http://127.0.0.1:36901/']
[rosmaster.master][INFO] 2025-12-04 20:26:30,148: -PUB [/xtion/rgb/image_rect/theora/parameter_descriptions] /xtion/rgb/image_proc http://127.0.0.1:42625/
[rosmaster.master][INFO] 2025-12-04 20:26:30,150: publisherUpdate[/tf_static] -> http://127.0.0.1:38395/ []: sec=0.01, exception=<Fault -1: 'publisherUpdate: unknown method name'>
[rosmaster.threadpool][ERROR] 2025-12-04 20:26:30,151: Traceback (most recent call last):
  File "/opt/ros/noetic/lib/python3/dist-packages/rosmaster/threadpool.py", line 218, in run
    result = cmd(*args)
  File "/opt/ros/noetic/lib/python3/dist-packages/rosmaster/master_api.py", line 210, in publisher_update_task
    ret = xmlrpcapi(api).publisherUpdate('/master', topic, pub_uris)
  File "/usr/lib/python3.8/xmlrpc/client.py", line 1109, in __call__
    return self.__send(self.__name, args)
  File "/usr/lib/python3.8/xmlrpc/client.py", line 1450, in __request
    response = self.__transport.request(
  File "/usr/lib/python3.8/xmlrpc/client.py", line 1153, in request
    return self.single_request(host, handler, request_body, verbose)
  File "/usr/lib/python3.8/xmlrpc/client.py", line 1169, in single_request
    return self.parse_response(resp)
  File "/usr/lib/python3.8/xmlrpc/client.py", line 1341, in parse_response
    return u.close()
  File "/usr/lib/python3.8/xmlrpc/client.py", line 655, in close
    raise Fault(**self._stack[0])
xmlrpc.client.Fault: <Fault -1: 'publisherUpdate: unknown method name'>

[rosmaster.master][INFO] 2025-12-04 20:26:30,151: -PUB [/pickup/status] /move_group http://127.0.0.1:38395/
[rosmaster.master][INFO] 2025-12-04 20:26:30,149: publisherUpdate[/head_controller/follow_joint_trajectory/cancel] -> http://127.0.0.1:36901/ ['http://127.0.0.1:46405/']: sec=0.01, result=[1, '', 0]
[rosmaster.master][INFO] 2025-12-04 20:26:30,152: publisherUpdate[/gripper_controller/follow_joint_trajectory/goal] -> http://127.0.0.1:36901/ ['http://127.0.0.1:46405/']
[rosmaster.master][INFO] 2025-12-04 20:26:30,151: publisherUpdate[/execute_trajectory/result] -> http://127.0.0.1:46405/ []
[rosmaster.master][INFO] 2025-12-04 20:26:30,152: publisherUpdate[/rosout] -> http://127.0.0.1:39091/ ['http://127.0.0.1:41445/', 'http://127.0.0.1:46405/', 'http://127.0.0.1:37107/', 'http://127.0.0.1:36765/', 'http://127.0.0.1:36591/', 'http://127.0.0.1:33799/', 'http://127.0.0.1:36901/']: sec=0.00, result=[1, '', 0]
[rosmaster.master][INFO] 2025-12-04 20:26:30,152: -PUB [/place/result] /move_group http://127.0.0.1:38395/
[rosmaster.master][INFO] 2025-12-04 20:26:30,154: publisherUpdate[/gripper_controller/follow_joint_trajectory/goal] -> http://127.0.0.1:36901/ ['http://127.0.0.1:46405/']: sec=0.00, result=[1, '', 0]
[rosmaster.master][INFO] 2025-12-04 20:26:30,155: publisherUpdate[/gripper_controller/follow_joint_trajectory/cancel] -> http://127.0.0.1:36901/ ['http://127.0.0.1:46405/']
[rosmaster.master][INFO] 2025-12-04 20:26:30,155: publisherUpdate[/execute_trajectory/result] -> http://127.0.0.1:46405/ []: sec=0.00, result=[1, '', 0]
[rosmaster.master][INFO] 2025-12-04 20:26:30,155: publisherUpdate[/execute_trajectory/feedback] -> http://127.0.0.1:46405/ []
[rosmaster.master][INFO] 2025-12-04 20:26:30,156: -PUB [/xtion/rgb/image_rect/theora/parameter_updates] /xtion/rgb/image_proc http://127.0.0.1:42625/
[rosmaster.master][INFO] 2025-12-04 20:26:30,157: -PUB [/place/feedback] /move_group http://127.0.0.1:38395/
[rosmaster.master][INFO] 2025-12-04 20:26:30,158: publisherUpdate[/gripper_controller/follow_joint_trajectory/cancel] -> http://127.0.0.1:36901/ ['http://127.0.0.1:46405/']: sec=0.00, result=[1, '', 0]
[rosmaster.master][INFO] 2025-12-04 20:26:30,158: -PUB [/xtion/rgb/image_proc_rectify_color/parameter_descriptions] /xtion/rgb/image_proc http://127.0.0.1:42625/
[rosmaster.master][INFO] 2025-12-04 20:26:30,159: -PUB [/place/status] /move_group http://127.0.0.1:38395/
[rosmaster.master][INFO] 2025-12-04 20:26:30,159: publisherUpdate[/execute_trajectory/feedback] -> http://127.0.0.1:46405/ []: sec=0.00, result=[1, '', 0]
[rosmaster.master][INFO] 2025-12-04 20:26:30,160: publisherUpdate[/execute_trajectory/status] -> http://127.0.0.1:46405/ []
[rosmaster.master][INFO] 2025-12-04 20:26:30,161: -PUB [/xtion/rgb/image_proc_rectify_color/parameter_updates] /xtion/rgb/image_proc http://127.0.0.1:42625/
[rosmaster.master][INFO] 2025-12-04 20:26:30,162: -SUB [/clock] /move_group http://127.0.0.1:38395/
[rosmaster.master][INFO] 2025-12-04 20:26:30,163: publisherUpdate[/execute_trajectory/status] -> http://127.0.0.1:46405/ []: sec=0.00, result=[1, '', 0]
[rosmaster.master][INFO] 2025-12-04 20:26:30,163: -PUB [/xtion/rgb/image_rect_color/compressedDepth] /xtion/rgb/image_proc http://127.0.0.1:42625/
[rosmaster.master][INFO] 2025-12-04 20:26:30,164: publisherUpdate[/move_group/result] -> http://127.0.0.1:46405/ []
[rosmaster.master][INFO] 2025-12-04 20:26:30,164: -SUB [/tf] /move_group http://127.0.0.1:38395/
[rosmaster.master][INFO] 2025-12-04 20:26:30,165: publisherUpdate[/move_group/result] -> http://127.0.0.1:46405/ []: sec=0.00, result=[1, '', 0]
[rosmaster.master][INFO] 2025-12-04 20:26:30,166: publisherUpdate[/move_group/feedback] -> http://127.0.0.1:46405/ []
[rosmaster.master][INFO] 2025-12-04 20:26:30,166: -PUB [/xtion/rgb/image_rect_color/compressedDepth/parameter_descriptions] /xtion/rgb/image_proc http://127.0.0.1:42625/
[rosmaster.master][INFO] 2025-12-04 20:26:30,167: -SUB [/tf_static] /move_group http://127.0.0.1:38395/
[rosmaster.master][INFO] 2025-12-04 20:26:30,168: publisherUpdate[/move_group/feedback] -> http://127.0.0.1:46405/ []: sec=0.00, result=[1, '', 0]
[rosmaster.master][INFO] 2025-12-04 20:26:30,168: -PUB [/xtion/rgb/image_rect_color/compressedDepth/parameter_updates] /xtion/rgb/image_proc http://127.0.0.1:42625/
[rosmaster.master][INFO] 2025-12-04 20:26:30,169: publisherUpdate[/move_group/status] -> http://127.0.0.1:46405/ []
[rosmaster.master][INFO] 2025-12-04 20:26:30,170: -SUB [/joint_states] /move_group http://127.0.0.1:38395/
[rosmaster.master][INFO] 2025-12-04 20:26:30,171: -PUB [/xtion/rgb/image_rect_color/compressed] /xtion/rgb/image_proc http://127.0.0.1:42625/
[rosmaster.master][INFO] 2025-12-04 20:26:30,172: publisherUpdate[/move_group/status] -> http://127.0.0.1:46405/ []: sec=0.00, result=[1, '', 0]
[rosmaster.master][INFO] 2025-12-04 20:26:30,173: publisherUpdate[/pickup/result] -> http://127.0.0.1:46405/ []
[rosmaster.master][INFO] 2025-12-04 20:26:30,172: -SUB [/attached_collision_object] /move_group http://127.0.0.1:38395/
[rosmaster.master][INFO] 2025-12-04 20:26:30,174: -PUB [/xtion/rgb/image_rect_color/compressed/parameter_descriptions] /xtion/rgb/image_proc http://127.0.0.1:42625/
[rosmaster.master][INFO] 2025-12-04 20:26:30,175: publisherUpdate[/pickup/result] -> http://127.0.0.1:46405/ []: sec=0.00, result=[1, '', 0]
[rosmaster.master][INFO] 2025-12-04 20:26:30,176: -SUB [/planning_scene] /move_group http://127.0.0.1:38395/
[rosmaster.master][INFO] 2025-12-04 20:26:30,176: publisherUpdate[/pickup/feedback] -> http://127.0.0.1:46405/ []
[rosmaster.master][INFO] 2025-12-04 20:26:30,177: -PUB [/xtion/rgb/image_rect_color/compressed/parameter_updates] /xtion/rgb/image_proc http://127.0.0.1:42625/
[rosmaster.master][INFO] 2025-12-04 20:26:30,178: -SUB [/collision_object] /move_group http://127.0.0.1:38395/
[rosmaster.master][INFO] 2025-12-04 20:26:30,179: publisherUpdate[/pickup/feedback] -> http://127.0.0.1:46405/ []: sec=0.00, result=[1, '', 0]
[rosmaster.master][INFO] 2025-12-04 20:26:30,180: publisherUpdate[/pickup/status] -> http://127.0.0.1:46405/ []
[rosmaster.master][INFO] 2025-12-04 20:26:30,179: -PUB [/xtion/rgb/image_rect_color] /xtion/rgb/image_proc http://127.0.0.1:42625/
[rosmaster.master][INFO] 2025-12-04 20:26:30,181: publisherUpdate[/pickup/status] -> http://127.0.0.1:46405/ []: sec=0.00, result=[1, '', 0]
[rosmaster.master][INFO] 2025-12-04 20:26:30,181: -SUB [/planning_scene_world] /move_group http://127.0.0.1:38395/
[rosmaster.master][INFO] 2025-12-04 20:26:30,181: publisherUpdate[/place/result] -> http://127.0.0.1:46405/ []
[rosmaster.master][INFO] 2025-12-04 20:26:30,182: -PUB [/xtion/rgb/image_rect_color/theora] /xtion/rgb/image_proc http://127.0.0.1:42625/
[rosmaster.master][INFO] 2025-12-04 20:26:30,183: publisherUpdate[/place/result] -> http://127.0.0.1:46405/ []: sec=0.00, result=[1, '', 0]
[rosmaster.master][INFO] 2025-12-04 20:26:30,184: publisherUpdate[/place/feedback] -> http://127.0.0.1:46405/ []
[rosmaster.master][INFO] 2025-12-04 20:26:30,184: -SUB [/arm_controller/follow_joint_trajectory/status] /move_group http://127.0.0.1:38395/
[rosmaster.master][INFO] 2025-12-04 20:26:30,185: -PUB [/xtion/rgb/image_rect_color/theora/parameter_descriptions] /xtion/rgb/image_proc http://127.0.0.1:42625/
[rosmaster.master][INFO] 2025-12-04 20:26:30,186: -SUB [/arm_controller/follow_joint_trajectory/feedback] /move_group http://127.0.0.1:38395/
[rosmaster.master][INFO] 2025-12-04 20:26:30,186: publisherUpdate[/place/feedback] -> http://127.0.0.1:46405/ []: sec=0.00, result=[1, '', 0]
[rosmaster.master][INFO] 2025-12-04 20:26:30,186: publisherUpdate[/place/status] -> http://127.0.0.1:46405/ []
[rosmaster.master][INFO] 2025-12-04 20:26:30,187: -PUB [/xtion/rgb/image_rect_color/theora/parameter_updates] /xtion/rgb/image_proc http://127.0.0.1:42625/
[rosmaster.master][INFO] 2025-12-04 20:26:30,187: -SUB [/arm_controller/follow_joint_trajectory/result] /move_group http://127.0.0.1:38395/
[rosmaster.master][INFO] 2025-12-04 20:26:30,188: -SUB [/clock] /xtion/rgb/image_proc http://127.0.0.1:42625/
[rosmaster.master][INFO] 2025-12-04 20:26:30,189: publisherUpdate[/place/status] -> http://127.0.0.1:46405/ []: sec=0.00, result=[1, '', 0]
[rosmaster.master][INFO] 2025-12-04 20:26:30,189: -SUB [/torso_controller/follow_joint_trajectory/status] /move_group http://127.0.0.1:38395/
[rosmaster.master][INFO] 2025-12-04 20:26:30,190: -SERVICE [/xtion/rgb/image_proc/get_loggers] /xtion/rgb/image_proc rosrpc://127.0.0.1:39381
[rosmaster.master][INFO] 2025-12-04 20:26:30,191: -SUB [/torso_controller/follow_joint_trajectory/feedback] /move_group http://127.0.0.1:38395/
[rosmaster.master][INFO] 2025-12-04 20:26:30,192: -SERVICE [/xtion/rgb/image_proc/set_logger_level] /xtion/rgb/image_proc rosrpc://127.0.0.1:39381
[rosmaster.master][INFO] 2025-12-04 20:26:30,192: -SERVICE [/xtion/rgb/image_proc_debayer/set_parameters] /xtion/rgb/image_proc rosrpc://127.0.0.1:39381
[rosmaster.master][INFO] 2025-12-04 20:26:30,194: -SUB [/torso_controller/follow_joint_trajectory/result] /move_group http://127.0.0.1:38395/
[rosmaster.master][INFO] 2025-12-04 20:26:30,195: -SERVICE [/xtion/rgb/image_mono/compressedDepth/set_parameters] /xtion/rgb/image_proc rosrpc://127.0.0.1:39381
[rosmaster.master][INFO] 2025-12-04 20:26:30,196: -SUB [/head_controller/follow_joint_trajectory/status] /move_group http://127.0.0.1:38395/
[rosmaster.master][INFO] 2025-12-04 20:26:30,197: -SERVICE [/xtion/rgb/image_mono/compressed/set_parameters] /xtion/rgb/image_proc rosrpc://127.0.0.1:39381
[rosmaster.master][INFO] 2025-12-04 20:26:30,199: -SERVICE [/xtion/rgb/image_mono/theora/set_parameters] /xtion/rgb/image_proc rosrpc://127.0.0.1:39381
[rosmaster.master][INFO] 2025-12-04 20:26:30,199: -SUB [/head_controller/follow_joint_trajectory/feedback] /move_group http://127.0.0.1:38395/
[rosmaster.master][INFO] 2025-12-04 20:26:30,200: -SERVICE [/xtion/rgb/image_color/compressedDepth/set_parameters] /xtion/rgb/image_proc rosrpc://127.0.0.1:39381
[rosmaster.master][INFO] 2025-12-04 20:26:30,201: -SUB [/head_controller/follow_joint_trajectory/result] /move_group http://127.0.0.1:38395/
[rosmaster.master][INFO] 2025-12-04 20:26:30,202: -SERVICE [/xtion/rgb/image_color/compressed/set_parameters] /xtion/rgb/image_proc rosrpc://127.0.0.1:39381
[rosmaster.master][INFO] 2025-12-04 20:26:30,203: -SUB [/gripper_controller/follow_joint_trajectory/status] /move_group http://127.0.0.1:38395/
[rosmaster.master][INFO] 2025-12-04 20:26:30,204: +CACHEDPARAM [/rosout_disable_topics_generation] by /gripper_controllers_spawner
[rosmaster.master][INFO] 2025-12-04 20:26:30,205: -SUB [/gripper_controller/follow_joint_trajectory/feedback] /move_group http://127.0.0.1:38395/
[rosmaster.master][INFO] 2025-12-04 20:26:30,206: -SERVICE [/xtion/rgb/image_color/theora/set_parameters] /xtion/rgb/image_proc rosrpc://127.0.0.1:39381
[rosmaster.master][INFO] 2025-12-04 20:26:30,207: -SUB [/gripper_controller/follow_joint_trajectory/result] /move_group http://127.0.0.1:38395/
[rosmaster.master][INFO] 2025-12-04 20:26:30,208: -SERVICE [/xtion/rgb/image_proc_rectify_mono/set_parameters] /xtion/rgb/image_proc rosrpc://127.0.0.1:39381
[rosmaster.master][INFO] 2025-12-04 20:26:30,209: -SUB [/trajectory_execution_event] /move_group http://127.0.0.1:38395/
[rosmaster.master][INFO] 2025-12-04 20:26:30,210: -SUB [/execute_trajectory/goal] /move_group http://127.0.0.1:38395/
[rosmaster.master][INFO] 2025-12-04 20:26:30,210: -SERVICE [/xtion/rgb/image_rect/compressedDepth/set_parameters] /xtion/rgb/image_proc rosrpc://127.0.0.1:39381
[rosmaster.master][INFO] 2025-12-04 20:26:30,211: -SUB [/execute_trajectory/cancel] /move_group http://127.0.0.1:38395/
[rosmaster.master][INFO] 2025-12-04 20:26:30,212: -SERVICE [/xtion/rgb/image_rect/compressed/set_parameters] /xtion/rgb/image_proc rosrpc://127.0.0.1:39381
[rosmaster.master][INFO] 2025-12-04 20:26:30,212: -SUB [/move_group/goal] /move_group http://127.0.0.1:38395/
[rosmaster.master][INFO] 2025-12-04 20:26:30,213: -SERVICE [/xtion/rgb/image_rect/theora/set_parameters] /xtion/rgb/image_proc rosrpc://127.0.0.1:39381
[rosmaster.master][INFO] 2025-12-04 20:26:30,214: -SUB [/move_group/cancel] /move_group http://127.0.0.1:38395/
[rosmaster.master][INFO] 2025-12-04 20:26:30,215: -SERVICE [/xtion/rgb/image_proc_rectify_color/set_parameters] /xtion/rgb/image_proc rosrpc://127.0.0.1:39381
[rosmaster.master][INFO] 2025-12-04 20:26:30,216: -SUB [/pickup/goal] /move_group http://127.0.0.1:38395/
[rosmaster.master][INFO] 2025-12-04 20:26:30,217: -SERVICE [/xtion/rgb/image_rect_color/compressedDepth/set_parameters] /xtion/rgb/image_proc rosrpc://127.0.0.1:39381
[rosmaster.master][INFO] 2025-12-04 20:26:30,217: -SERVICE [/xtion/rgb/image_rect_color/compressed/set_parameters] /xtion/rgb/image_proc rosrpc://127.0.0.1:39381
[rosmaster.master][INFO] 2025-12-04 20:26:30,218: -SUB [/pickup/cancel] /move_group http://127.0.0.1:38395/
[rosmaster.master][INFO] 2025-12-04 20:26:30,219: -SERVICE [/xtion/rgb/image_rect_color/theora/set_parameters] /xtion/rgb/image_proc rosrpc://127.0.0.1:39381
[rosmaster.master][INFO] 2025-12-04 20:26:30,220: -SUB [/place/goal] /move_group http://127.0.0.1:38395/
[rosmaster.master][INFO] 2025-12-04 20:26:30,220: -CACHEDPARAM [/rosout_disable_topics_generation] by /xtion/rgb/image_proc
[rosmaster.master][INFO] 2025-12-04 20:26:30,221: -SUB [/place/cancel] /move_group http://127.0.0.1:38395/
[rosmaster.master][INFO] 2025-12-04 20:26:30,223: -SERVICE [/move_group/get_loggers] /move_group rosrpc://127.0.0.1:50477
[rosmaster.master][INFO] 2025-12-04 20:26:30,224: +CACHEDPARAM [/rosout_disable_topics_generation] by /bringup_controllers_spawner_imu
[rosmaster.master][INFO] 2025-12-04 20:26:30,225: -SERVICE [/move_group/set_logger_level] /move_group rosrpc://127.0.0.1:50477
[rosmaster.master][INFO] 2025-12-04 20:26:30,226: +CACHEDPARAM [/rosout_disable_topics_generation] by /bringup_controllers_spawner_ft
[rosmaster.master][INFO] 2025-12-04 20:26:30,227: -SERVICE [/move_group/planning_scene_monitor/set_parameters] /move_group rosrpc://127.0.0.1:50477
[rosmaster.master][INFO] 2025-12-04 20:26:30,228: -SERVICE [/move_group/save_map] /move_group rosrpc://127.0.0.1:50477
[rosmaster.master][INFO] 2025-12-04 20:26:30,229: -SERVICE [/move_group/load_map] /move_group rosrpc://127.0.0.1:50477
[rosmaster.master][INFO] 2025-12-04 20:26:30,230: -SERVICE [/move_group/ompl/set_parameters] /move_group rosrpc://127.0.0.1:50477
[rosmaster.master][INFO] 2025-12-04 20:26:30,231: -SERVICE [/move_group/trajectory_execution/set_parameters] /move_group rosrpc://127.0.0.1:50477
[rosmaster.master][INFO] 2025-12-04 20:26:30,232: -SERVICE [/move_group/plan_execution/set_parameters] /move_group rosrpc://127.0.0.1:50477
[rosmaster.master][INFO] 2025-12-04 20:26:30,232: -SERVICE [/move_group/sense_for_plan/set_parameters] /move_group rosrpc://127.0.0.1:50477
[rosmaster.master][INFO] 2025-12-04 20:26:30,233: -SERVICE [/apply_planning_scene] /move_group rosrpc://127.0.0.1:50477
[rosmaster.master][INFO] 2025-12-04 20:26:30,234: -SERVICE [/load_move_group_capabilities] /move_group rosrpc://127.0.0.1:50477
[rosmaster.master][INFO] 2025-12-04 20:26:30,234: -SERVICE [/clear_octomap] /move_group rosrpc://127.0.0.1:50477
[rosmaster.master][INFO] 2025-12-04 20:26:30,235: -SERVICE [/compute_cartesian_path] /move_group rosrpc://127.0.0.1:50477
[rosmaster.master][INFO] 2025-12-04 20:26:30,236: -SERVICE [/get_planning_scene] /move_group rosrpc://127.0.0.1:50477
[rosmaster.master][INFO] 2025-12-04 20:26:30,236: -SERVICE [/compute_fk] /move_group rosrpc://127.0.0.1:50477
[rosmaster.master][INFO] 2025-12-04 20:26:30,237: -SERVICE [/compute_ik] /move_group rosrpc://127.0.0.1:50477
[rosmaster.master][INFO] 2025-12-04 20:26:30,238: -SERVICE [/plan_kinematic_path] /move_group rosrpc://127.0.0.1:50477
[rosmaster.master][INFO] 2025-12-04 20:26:30,238: -SERVICE [/query_planner_interface] /move_group rosrpc://127.0.0.1:50477
[rosmaster.master][INFO] 2025-12-04 20:26:30,239: -SERVICE [/get_planner_params] /move_group rosrpc://127.0.0.1:50477
[rosmaster.master][INFO] 2025-12-04 20:26:30,240: -SERVICE [/set_planner_params] /move_group rosrpc://127.0.0.1:50477
[rosmaster.master][INFO] 2025-12-04 20:26:30,241: -SERVICE [/check_state_validity] /move_group rosrpc://127.0.0.1:50477
[rosmaster.master][INFO] 2025-12-04 20:26:30,242: -CACHEDPARAM [/rosout_disable_topics_generation] by /move_group
[rosmaster.master][INFO] 2025-12-04 20:26:30,288: -PUB [/rosout] /play_motion http://127.0.0.1:46405/
[rosmaster.master][INFO] 2025-12-04 20:26:30,289: publisherUpdate[/rosout] -> http://127.0.0.1:39091/ ['http://127.0.0.1:41445/', 'http://127.0.0.1:37107/', 'http://127.0.0.1:36765/', 'http://127.0.0.1:36591/', 'http://127.0.0.1:33799/', 'http://127.0.0.1:36901/']
[rosmaster.master][INFO] 2025-12-04 20:26:30,290: -PUB [/trajectory_execution_event] /play_motion http://127.0.0.1:46405/
[rosmaster.master][INFO] 2025-12-04 20:26:30,291: publisherUpdate[/rosout] -> http://127.0.0.1:39091/ ['http://127.0.0.1:41445/', 'http://127.0.0.1:37107/', 'http://127.0.0.1:36765/', 'http://127.0.0.1:36591/', 'http://127.0.0.1:33799/', 'http://127.0.0.1:36901/']: sec=0.00, result=[1, '', 0]
[rosmaster.master][INFO] 2025-12-04 20:26:30,291: -PUB [/attached_collision_object] /play_motion http://127.0.0.1:46405/
[rosmaster.master][INFO] 2025-12-04 20:26:30,292: -PUB [/move_group/goal] /play_motion http://127.0.0.1:46405/
[rosmaster.master][INFO] 2025-12-04 20:26:30,292: -PUB [/move_group/cancel] /play_motion http://127.0.0.1:46405/
[rosmaster.master][INFO] 2025-12-04 20:26:30,293: -PUB [/pickup/goal] /play_motion http://127.0.0.1:46405/
[rosmaster.master][INFO] 2025-12-04 20:26:30,294: -PUB [/pickup/cancel] /play_motion http://127.0.0.1:46405/
[rosmaster.master][INFO] 2025-12-04 20:26:30,295: -PUB [/place/goal] /play_motion http://127.0.0.1:46405/
[rosmaster.master][INFO] 2025-12-04 20:26:30,296: -PUB [/place/cancel] /play_motion http://127.0.0.1:46405/
[rosmaster.master][INFO] 2025-12-04 20:26:30,296: -PUB [/execute_trajectory/goal] /play_motion http://127.0.0.1:46405/
[rosmaster.master][INFO] 2025-12-04 20:26:30,297: -PUB [/execute_trajectory/cancel] /play_motion http://127.0.0.1:46405/
[rosmaster.master][INFO] 2025-12-04 20:26:30,298: -PUB [/play_motion/result] /play_motion http://127.0.0.1:46405/
[rosmaster.master][INFO] 2025-12-04 20:26:30,299: -PUB [/play_motion/feedback] /play_motion http://127.0.0.1:46405/
[rosmaster.master][INFO] 2025-12-04 20:26:30,299: +CACHEDPARAM [/rosout_disable_topics_generation] by /default_controllers_spawner
[rosmaster.master][INFO] 2025-12-04 20:26:30,300: -PUB [/play_motion/status] /play_motion http://127.0.0.1:46405/
[rosmaster.master][INFO] 2025-12-04 20:26:30,301: -PUB [/diagnostics] /play_motion http://127.0.0.1:46405/
[rosmaster.master][INFO] 2025-12-04 20:26:30,301: -PUB [/arm_controller/follow_joint_trajectory/goal] /play_motion http://127.0.0.1:46405/
[rosmaster.master][INFO] 2025-12-04 20:26:30,302: -PUB [/arm_controller/follow_joint_trajectory/cancel] /play_motion http://127.0.0.1:46405/
[rosmaster.master][INFO] 2025-12-04 20:26:30,303: -PUB [/gripper_controller/follow_joint_trajectory/goal] /play_motion http://127.0.0.1:46405/
[rosmaster.master][INFO] 2025-12-04 20:26:30,304: -PUB [/gripper_controller/follow_joint_trajectory/cancel] /play_motion http://127.0.0.1:46405/
[rosmaster.master][INFO] 2025-12-04 20:26:30,304: -PUB [/head_controller/follow_joint_trajectory/goal] /play_motion http://127.0.0.1:46405/
[rosmaster.master][INFO] 2025-12-04 20:26:30,305: -PUB [/head_controller/follow_joint_trajectory/cancel] /play_motion http://127.0.0.1:46405/
[rosmaster.master][INFO] 2025-12-04 20:26:30,306: -PUB [/torso_controller/follow_joint_trajectory/goal] /play_motion http://127.0.0.1:46405/
[rosmaster.master][INFO] 2025-12-04 20:26:30,307: -PUB [/torso_controller/follow_joint_trajectory/cancel] /play_motion http://127.0.0.1:46405/
[rosmaster.master][INFO] 2025-12-04 20:26:30,308: -SUB [/clock] /play_motion http://127.0.0.1:46405/
[rosmaster.master][INFO] 2025-12-04 20:26:30,309: -SUB [/joint_states] /play_motion http://127.0.0.1:46405/
[rosmaster.master][INFO] 2025-12-04 20:26:30,309: -SUB [/tf] /play_motion http://127.0.0.1:46405/
[rosmaster.master][INFO] 2025-12-04 20:26:30,310: -SUB [/tf_static] /play_motion http://127.0.0.1:46405/
[rosmaster.master][INFO] 2025-12-04 20:26:30,311: -SUB [/move_group/status] /play_motion http://127.0.0.1:46405/
[rosmaster.master][INFO] 2025-12-04 20:26:30,312: -SUB [/move_group/feedback] /play_motion http://127.0.0.1:46405/
[rosmaster.master][INFO] 2025-12-04 20:26:30,312: -SUB [/move_group/result] /play_motion http://127.0.0.1:46405/
[rosmaster.master][INFO] 2025-12-04 20:26:30,313: -SUB [/pickup/status] /play_motion http://127.0.0.1:46405/
[rosmaster.master][INFO] 2025-12-04 20:26:30,313: -SUB [/pickup/feedback] /play_motion http://127.0.0.1:46405/
[rosmaster.master][INFO] 2025-12-04 20:26:30,314: -SUB [/pickup/result] /play_motion http://127.0.0.1:46405/
[rosmaster.master][INFO] 2025-12-04 20:26:30,314: -SUB [/place/status] /play_motion http://127.0.0.1:46405/
[rosmaster.master][INFO] 2025-12-04 20:26:30,314: -SUB [/place/feedback] /play_motion http://127.0.0.1:46405/
[rosmaster.master][INFO] 2025-12-04 20:26:30,315: -SUB [/place/result] /play_motion http://127.0.0.1:46405/
[rosmaster.master][INFO] 2025-12-04 20:26:30,315: -SUB [/execute_trajectory/status] /play_motion http://127.0.0.1:46405/
[rosmaster.master][INFO] 2025-12-04 20:26:30,316: -SUB [/execute_trajectory/feedback] /play_motion http://127.0.0.1:46405/
[rosmaster.master][INFO] 2025-12-04 20:26:30,318: -SUB [/execute_trajectory/result] /play_motion http://127.0.0.1:46405/
[rosmaster.master][INFO] 2025-12-04 20:26:30,318: -SUB [/play_motion/goal] /play_motion http://127.0.0.1:46405/
[rosmaster.master][INFO] 2025-12-04 20:26:30,319: -SUB [/play_motion/cancel] /play_motion http://127.0.0.1:46405/
[rosmaster.master][INFO] 2025-12-04 20:26:30,320: -SUB [/arm_controller/follow_joint_trajectory/status] /play_motion http://127.0.0.1:46405/
[rosmaster.master][INFO] 2025-12-04 20:26:30,320: -SUB [/arm_controller/follow_joint_trajectory/feedback] /play_motion http://127.0.0.1:46405/
[rosmaster.master][INFO] 2025-12-04 20:26:30,321: -SUB [/arm_controller/follow_joint_trajectory/result] /play_motion http://127.0.0.1:46405/
[rosmaster.master][INFO] 2025-12-04 20:26:30,322: -SUB [/gripper_controller/follow_joint_trajectory/status] /play_motion http://127.0.0.1:46405/
[rosmaster.master][INFO] 2025-12-04 20:26:30,323: -SUB [/gripper_controller/follow_joint_trajectory/feedback] /play_motion http://127.0.0.1:46405/
[rosmaster.master][INFO] 2025-12-04 20:26:30,323: -SUB [/gripper_controller/follow_joint_trajectory/result] /play_motion http://127.0.0.1:46405/
[rosmaster.master][INFO] 2025-12-04 20:26:30,324: -SUB [/head_controller/follow_joint_trajectory/status] /play_motion http://127.0.0.1:46405/
[rosmaster.master][INFO] 2025-12-04 20:26:30,325: -SUB [/head_controller/follow_joint_trajectory/feedback] /play_motion http://127.0.0.1:46405/
[rosmaster.master][INFO] 2025-12-04 20:26:30,326: -SUB [/head_controller/follow_joint_trajectory/result] /play_motion http://127.0.0.1:46405/
[rosmaster.master][INFO] 2025-12-04 20:26:30,327: -SUB [/torso_controller/follow_joint_trajectory/status] /play_motion http://127.0.0.1:46405/
[rosmaster.master][INFO] 2025-12-04 20:26:30,327: -SUB [/torso_controller/follow_joint_trajectory/feedback] /play_motion http://127.0.0.1:46405/
[rosmaster.master][INFO] 2025-12-04 20:26:30,328: -SUB [/torso_controller/follow_joint_trajectory/result] /play_motion http://127.0.0.1:46405/
[rosmaster.master][INFO] 2025-12-04 20:26:30,329: -SERVICE [/play_motion/get_loggers] /play_motion rosrpc://127.0.0.1:43473
[rosmaster.master][INFO] 2025-12-04 20:26:30,330: -SERVICE [/play_motion/set_logger_level] /play_motion rosrpc://127.0.0.1:43473
[rosmaster.master][INFO] 2025-12-04 20:26:30,331: -SERVICE [/play_motion/list_motions] /play_motion rosrpc://127.0.0.1:43473
[rosmaster.master][INFO] 2025-12-04 20:26:30,332: -CACHEDPARAM [/play_motion/motions/home] by /play_motion
[rosmaster.master][INFO] 2025-12-04 20:26:30,333: -CACHEDPARAM [/rosout_disable_topics_generation] by /play_motion
[rosmaster.master][INFO] 2025-12-04 20:26:30,353: publisherUpdate[/arm_controller/follow_joint_trajectory/goal] -> http://127.0.0.1:36901/ []
[rosmaster.master][INFO] 2025-12-04 20:26:30,355: publisherUpdate[/arm_controller/follow_joint_trajectory/goal] -> http://127.0.0.1:36901/ []: sec=0.00, result=[1, '', 0]
[rosmaster.master][INFO] 2025-12-04 20:26:30,355: publisherUpdate[/arm_controller/follow_joint_trajectory/cancel] -> http://127.0.0.1:36901/ []
[rosmaster.master][INFO] 2025-12-04 20:26:30,356: publisherUpdate[/arm_controller/follow_joint_trajectory/cancel] -> http://127.0.0.1:36901/ []: sec=0.00, result=[1, '', 0]
[rosmaster.master][INFO] 2025-12-04 20:26:30,356: publisherUpdate[/gripper_controller/follow_joint_trajectory/goal] -> http://127.0.0.1:36901/ []
[rosmaster.master][INFO] 2025-12-04 20:26:30,357: publisherUpdate[/gripper_controller/follow_joint_trajectory/goal] -> http://127.0.0.1:36901/ []: sec=0.00, result=[1, '', 0]
[rosmaster.master][INFO] 2025-12-04 20:26:30,357: publisherUpdate[/gripper_controller/follow_joint_trajectory/cancel] -> http://127.0.0.1:36901/ []
[rosmaster.master][INFO] 2025-12-04 20:26:30,358: publisherUpdate[/gripper_controller/follow_joint_trajectory/cancel] -> http://127.0.0.1:36901/ []: sec=0.00, result=[1, '', 0]
[rosmaster.master][INFO] 2025-12-04 20:26:30,359: publisherUpdate[/head_controller/follow_joint_trajectory/goal] -> http://127.0.0.1:36901/ []
[rosmaster.master][INFO] 2025-12-04 20:26:30,360: publisherUpdate[/head_controller/follow_joint_trajectory/goal] -> http://127.0.0.1:36901/ []: sec=0.00, result=[1, '', 0]
[rosmaster.master][INFO] 2025-12-04 20:26:30,360: publisherUpdate[/head_controller/follow_joint_trajectory/cancel] -> http://127.0.0.1:36901/ []
[rosmaster.master][INFO] 2025-12-04 20:26:30,361: publisherUpdate[/head_controller/follow_joint_trajectory/cancel] -> http://127.0.0.1:36901/ []: sec=0.00, result=[1, '', 0]
[rosmaster.master][INFO] 2025-12-04 20:26:30,361: publisherUpdate[/torso_controller/follow_joint_trajectory/goal] -> http://127.0.0.1:36901/ []
[rosmaster.master][INFO] 2025-12-04 20:26:30,362: publisherUpdate[/torso_controller/follow_joint_trajectory/goal] -> http://127.0.0.1:36901/ []: sec=0.00, result=[1, '', 0]
[rosmaster.master][INFO] 2025-12-04 20:26:30,362: publisherUpdate[/torso_controller/follow_joint_trajectory/cancel] -> http://127.0.0.1:36901/ []
[rosmaster.master][INFO] 2025-12-04 20:26:30,363: publisherUpdate[/torso_controller/follow_joint_trajectory/cancel] -> http://127.0.0.1:36901/ []: sec=0.00, result=[1, '', 0]
[rosmaster.master][INFO] 2025-12-04 20:26:30,380: -PUB [/rosout] /head_controller/point_head_action http://127.0.0.1:41445/
[rosmaster.master][INFO] 2025-12-04 20:26:30,381: -PUB [/head_controller/command] /head_controller/point_head_action http://127.0.0.1:41445/
[rosmaster.master][INFO] 2025-12-04 20:26:30,382: -PUB [/head_controller/point_head_action/result] /head_controller/point_head_action http://127.0.0.1:41445/
[rosmaster.master][INFO] 2025-12-04 20:26:30,382: -PUB [/head_controller/point_head_action/feedback] /head_controller/point_head_action http://127.0.0.1:41445/
[rosmaster.master][INFO] 2025-12-04 20:26:30,383: -PUB [/head_controller/point_head_action/status] /head_controller/point_head_action http://127.0.0.1:41445/
[rosmaster.master][INFO] 2025-12-04 20:26:30,383: -SUB [/clock] /head_controller/point_head_action http://127.0.0.1:41445/
[rosmaster.master][INFO] 2025-12-04 20:26:30,384: -SUB [/tf] /head_controller/point_head_action http://127.0.0.1:41445/
[rosmaster.master][INFO] 2025-12-04 20:26:30,385: -SUB [/tf_static] /head_controller/point_head_action http://127.0.0.1:41445/
[rosmaster.master][INFO] 2025-12-04 20:26:30,385: -SUB [/head_controller/state] /head_controller/point_head_action http://127.0.0.1:41445/
[rosmaster.master][INFO] 2025-12-04 20:26:30,386: -SUB [/head_controller/point_head_action/goal] /head_controller/point_head_action http://127.0.0.1:41445/
[rosmaster.master][INFO] 2025-12-04 20:26:30,386: -SUB [/head_controller/point_head_action/cancel] /head_controller/point_head_action http://127.0.0.1:41445/
[rosmaster.master][INFO] 2025-12-04 20:26:30,387: -SERVICE [/head_controller/point_head_action/get_loggers] /head_controller/point_head_action rosrpc://127.0.0.1:38457
[rosmaster.master][INFO] 2025-12-04 20:26:30,387: -SERVICE [/head_controller/point_head_action/set_logger_level] /head_controller/point_head_action rosrpc://127.0.0.1:38457
[rosmaster.master][INFO] 2025-12-04 20:26:30,388: -CACHEDPARAM [/rosout_disable_topics_generation] by /head_controller/point_head_action
[rosmaster.master][INFO] 2025-12-04 20:26:30,391: publisherUpdate[/rosout] -> http://127.0.0.1:39091/ ['http://127.0.0.1:37107/', 'http://127.0.0.1:36765/', 'http://127.0.0.1:36591/', 'http://127.0.0.1:33799/', 'http://127.0.0.1:36901/']
[rosmaster.master][INFO] 2025-12-04 20:26:30,392: publisherUpdate[/rosout] -> http://127.0.0.1:39091/ ['http://127.0.0.1:37107/', 'http://127.0.0.1:36765/', 'http://127.0.0.1:36591/', 'http://127.0.0.1:33799/', 'http://127.0.0.1:36901/']: sec=0.00, result=[1, '', 0]
[rosmaster.master][INFO] 2025-12-04 20:26:30,393: publisherUpdate[/head_controller/command] -> http://127.0.0.1:36901/ []
[rosmaster.master][INFO] 2025-12-04 20:26:30,393: publisherUpdate[/head_controller/command] -> http://127.0.0.1:36901/ []: sec=0.00, result=[1, '', 0]
[rosmaster.master][INFO] 2025-12-04 20:26:30,590: -SUB [/gazebo/set_link_state] /gazebo http://127.0.0.1:36901/
[rosmaster.master][INFO] 2025-12-04 20:26:30,590: -SUB [/gazebo/set_model_state] /gazebo http://127.0.0.1:36901/
[rosmaster.master][INFO] 2025-12-04 20:26:30,591: -PUB [/clock] /gazebo http://127.0.0.1:36901/
[rosmaster.master][INFO] 2025-12-04 20:26:30,592: -PUB [/gazebo/link_states] /gazebo http://127.0.0.1:36901/
[rosmaster.master][INFO] 2025-12-04 20:26:30,593: -PUB [/gazebo/model_states] /gazebo http://127.0.0.1:36901/
[rosmaster.master][INFO] 2025-12-04 20:26:30,593: -SERVICE [/gazebo/spawn_sdf_model] /gazebo rosrpc://127.0.0.1:38071
[rosmaster.master][INFO] 2025-12-04 20:26:30,594: -SERVICE [/gazebo/spawn_urdf_model] /gazebo rosrpc://127.0.0.1:38071
[rosmaster.master][INFO] 2025-12-04 20:26:30,594: publisherUpdate[/clock] -> http://127.0.0.1:39091/ []
[rosmaster.master][INFO] 2025-12-04 20:26:30,595: -SERVICE [/gazebo/delete_model] /gazebo rosrpc://127.0.0.1:38071
[rosmaster.master][INFO] 2025-12-04 20:26:30,595: -SERVICE [/gazebo/delete_light] /gazebo rosrpc://127.0.0.1:38071
[rosmaster.master][INFO] 2025-12-04 20:26:30,596: publisherUpdate[/clock] -> http://127.0.0.1:39091/ []: sec=0.00, result=[1, '', 0]
[rosmaster.master][INFO] 2025-12-04 20:26:30,596: publisherUpdate[/clock] -> http://127.0.0.1:37107/ []
[rosmaster.master][INFO] 2025-12-04 20:26:30,596: -SERVICE [/gazebo/get_model_properties] /gazebo rosrpc://127.0.0.1:38071
[rosmaster.master][INFO] 2025-12-04 20:26:30,597: -SERVICE [/gazebo/get_model_state] /gazebo rosrpc://127.0.0.1:38071
[rosmaster.master][INFO] 2025-12-04 20:26:30,597: publisherUpdate[/clock] -> http://127.0.0.1:37107/ []: sec=0.00, result=[1, '', 0]
[rosmaster.master][INFO] 2025-12-04 20:26:30,597: publisherUpdate[/clock] -> http://127.0.0.1:36765/ []
[rosmaster.master][INFO] 2025-12-04 20:26:30,598: -SERVICE [/gazebo/get_world_properties] /gazebo rosrpc://127.0.0.1:38071
[rosmaster.master][INFO] 2025-12-04 20:26:30,599: publisherUpdate[/clock] -> http://127.0.0.1:36765/ []: sec=0.00, result=[1, '', 0]
[rosmaster.master][INFO] 2025-12-04 20:26:30,599: publisherUpdate[/clock] -> http://127.0.0.1:36591/ []
[rosmaster.master][INFO] 2025-12-04 20:26:30,600: -SERVICE [/gazebo/get_joint_properties] /gazebo rosrpc://127.0.0.1:38071
[rosmaster.master][INFO] 2025-12-04 20:26:30,600: publisherUpdate[/clock] -> http://127.0.0.1:36591/ []: sec=0.00, result=[1, '', 0]
[rosmaster.master][INFO] 2025-12-04 20:26:30,601: -SERVICE [/gazebo/get_link_properties] /gazebo rosrpc://127.0.0.1:38071
[rosmaster.master][INFO] 2025-12-04 20:26:30,601: publisherUpdate[/clock] -> http://127.0.0.1:33799/ []
[rosmaster.master][INFO] 2025-12-04 20:26:30,601: -SERVICE [/gazebo/get_link_state] /gazebo rosrpc://127.0.0.1:38071
[rosmaster.master][INFO] 2025-12-04 20:26:30,602: -SERVICE [/gazebo/get_light_properties] /gazebo rosrpc://127.0.0.1:38071
[rosmaster.master][INFO] 2025-12-04 20:26:30,602: -SERVICE [/gazebo/set_light_properties] /gazebo rosrpc://127.0.0.1:38071
[rosmaster.master][INFO] 2025-12-04 20:26:30,602: publisherUpdate[/clock] -> http://127.0.0.1:33799/ []: sec=0.00, result=[1, '', 0]
[rosmaster.master][INFO] 2025-12-04 20:26:30,603: publisherUpdate[/clock] -> http://127.0.0.1:36901/ []
[rosmaster.master][INFO] 2025-12-04 20:26:30,603: -SERVICE [/gazebo/get_physics_properties] /gazebo rosrpc://127.0.0.1:38071
[rosmaster.master][INFO] 2025-12-04 20:26:30,603: publisherUpdate[/clock] -> http://127.0.0.1:36901/ []: sec=0.00, result=[1, '', 0]
[rosmaster.master][INFO] 2025-12-04 20:26:30,604: -SERVICE [/gazebo/set_link_properties] /gazebo rosrpc://127.0.0.1:38071
[rosmaster.master][INFO] 2025-12-04 20:26:30,604: -SERVICE [/gazebo/set_physics_properties] /gazebo rosrpc://127.0.0.1:38071
[rosmaster.master][INFO] 2025-12-04 20:26:30,605: -SERVICE [/gazebo/set_model_state] /gazebo rosrpc://127.0.0.1:38071
[rosmaster.master][INFO] 2025-12-04 20:26:30,605: -SERVICE [/gazebo/set_model_configuration] /gazebo rosrpc://127.0.0.1:38071
[rosmaster.master][INFO] 2025-12-04 20:26:30,605: -SERVICE [/gazebo/set_joint_properties] /gazebo rosrpc://127.0.0.1:38071
[rosmaster.master][INFO] 2025-12-04 20:26:30,606: -SERVICE [/gazebo/set_link_state] /gazebo rosrpc://127.0.0.1:38071
[rosmaster.master][INFO] 2025-12-04 20:26:30,606: -SERVICE [/gazebo/pause_physics] /gazebo rosrpc://127.0.0.1:38071
[rosmaster.master][INFO] 2025-12-04 20:26:30,606: -SERVICE [/gazebo/unpause_physics] /gazebo rosrpc://127.0.0.1:38071
[rosmaster.master][INFO] 2025-12-04 20:26:30,607: -SERVICE [/gazebo/apply_body_wrench] /gazebo rosrpc://127.0.0.1:38071
[rosmaster.master][INFO] 2025-12-04 20:26:30,607: -SERVICE [/gazebo/apply_joint_effort] /gazebo rosrpc://127.0.0.1:38071
[rosmaster.master][INFO] 2025-12-04 20:26:30,607: -SERVICE [/gazebo/clear_joint_forces] /gazebo rosrpc://127.0.0.1:38071
[rosmaster.master][INFO] 2025-12-04 20:26:30,608: -SERVICE [/gazebo/clear_body_wrenches] /gazebo rosrpc://127.0.0.1:38071
[rosmaster.master][INFO] 2025-12-04 20:26:30,608: -SERVICE [/gazebo/reset_simulation] /gazebo rosrpc://127.0.0.1:38071
[rosmaster.master][INFO] 2025-12-04 20:26:30,608: -SERVICE [/gazebo/reset_world] /gazebo rosrpc://127.0.0.1:38071
[rosmaster.master][INFO] 2025-12-04 20:26:30,610: -PUB [/gazebo/parameter_descriptions] /gazebo http://127.0.0.1:36901/
[rosmaster.master][INFO] 2025-12-04 20:26:30,611: -PUB [/gazebo/parameter_updates] /gazebo http://127.0.0.1:36901/
[rosmaster.master][INFO] 2025-12-04 20:26:30,611: -SERVICE [/gazebo/set_parameters] /gazebo rosrpc://127.0.0.1:38071
[rosmaster.master][INFO] 2025-12-04 20:26:30,614: -SERVICE [/controller_manager/reload_controller_libraries] /gazebo rosrpc://127.0.0.1:38071
[rosmaster.master][INFO] 2025-12-04 20:26:30,615: -SERVICE [/controller_manager/switch_controller] /gazebo rosrpc://127.0.0.1:38071
[rosmaster.master][INFO] 2025-12-04 20:26:30,615: -SERVICE [/controller_manager/unload_controller] /gazebo rosrpc://127.0.0.1:38071
[rosmaster.master][INFO] 2025-12-04 20:26:30,616: -SERVICE [/controller_manager/load_controller] /gazebo rosrpc://127.0.0.1:38071
[rosmaster.master][INFO] 2025-12-04 20:26:30,617: -SERVICE [/controller_manager/list_controller_types] /gazebo rosrpc://127.0.0.1:38071
[rosmaster.master][INFO] 2025-12-04 20:26:30,617: -SERVICE [/controller_manager/list_controllers] /gazebo rosrpc://127.0.0.1:38071
[rosmaster.master][INFO] 2025-12-04 20:26:30,619: -PUB [/base_imu] /gazebo http://127.0.0.1:36901/
[rosmaster.master][INFO] 2025-12-04 20:26:30,621: -PUB [/wrist_ft_temperature] /gazebo http://127.0.0.1:36901/
[rosmaster.master][INFO] 2025-12-04 20:26:30,623: -PUB [/wrist_ft] /gazebo http://127.0.0.1:36901/
[rosmaster.master][INFO] 2025-12-04 20:26:30,625: -PUB [/gripper_controller/state] /gazebo http://127.0.0.1:36901/
[rosmaster.master][INFO] 2025-12-04 20:26:30,626: -SERVICE [/gripper_controller/query_state] /gazebo rosrpc://127.0.0.1:38071
[rosmaster.master][INFO] 2025-12-04 20:26:30,626: -PUB [/gripper_controller/follow_joint_trajectory/feedback] /gazebo http://127.0.0.1:36901/
[rosmaster.master][INFO] 2025-12-04 20:26:30,627: -PUB [/gripper_controller/follow_joint_trajectory/result] /gazebo http://127.0.0.1:36901/
[rosmaster.master][INFO] 2025-12-04 20:26:30,628: -PUB [/gripper_controller/follow_joint_trajectory/status] /gazebo http://127.0.0.1:36901/
[rosmaster.master][INFO] 2025-12-04 20:26:30,628: -SUB [/gripper_controller/follow_joint_trajectory/cancel] /gazebo http://127.0.0.1:36901/
[rosmaster.master][INFO] 2025-12-04 20:26:30,628: -SUB [/gripper_controller/follow_joint_trajectory/goal] /gazebo http://127.0.0.1:36901/
[rosmaster.master][INFO] 2025-12-04 20:26:30,629: -SUB [/gripper_controller/command] /gazebo http://127.0.0.1:36901/
[rosmaster.master][INFO] 2025-12-04 20:26:30,631: -PUB [/joint_states] /gazebo http://127.0.0.1:36901/
[rosmaster.master][INFO] 2025-12-04 20:26:30,632: -PUB [/torso_controller/state] /gazebo http://127.0.0.1:36901/
[rosmaster.master][INFO] 2025-12-04 20:26:30,632: -SERVICE [/torso_controller/query_state] /gazebo rosrpc://127.0.0.1:38071
[rosmaster.master][INFO] 2025-12-04 20:26:30,633: -PUB [/torso_controller/follow_joint_trajectory/feedback] /gazebo http://127.0.0.1:36901/
[rosmaster.master][INFO] 2025-12-04 20:26:30,633: -PUB [/torso_controller/follow_joint_trajectory/result] /gazebo http://127.0.0.1:36901/
[rosmaster.master][INFO] 2025-12-04 20:26:30,634: -PUB [/torso_controller/follow_joint_trajectory/status] /gazebo http://127.0.0.1:36901/
[rosmaster.master][INFO] 2025-12-04 20:26:30,635: -SUB [/torso_controller/follow_joint_trajectory/cancel] /gazebo http://127.0.0.1:36901/
[rosmaster.master][INFO] 2025-12-04 20:26:30,635: -SUB [/torso_controller/follow_joint_trajectory/goal] /gazebo http://127.0.0.1:36901/
[rosmaster.master][INFO] 2025-12-04 20:26:30,636: -SUB [/torso_controller/command] /gazebo http://127.0.0.1:36901/
[rosmaster.master][INFO] 2025-12-04 20:26:30,637: -PUB [/head_controller/state] /gazebo http://127.0.0.1:36901/
[rosmaster.master][INFO] 2025-12-04 20:26:30,639: -SERVICE [/head_controller/query_state] /gazebo rosrpc://127.0.0.1:38071
[rosmaster.master][INFO] 2025-12-04 20:26:30,639: -PUB [/head_controller/follow_joint_trajectory/feedback] /gazebo http://127.0.0.1:36901/
[rosmaster.master][INFO] 2025-12-04 20:26:30,640: -PUB [/head_controller/follow_joint_trajectory/result] /gazebo http://127.0.0.1:36901/
[rosmaster.master][INFO] 2025-12-04 20:26:30,641: -PUB [/head_controller/follow_joint_trajectory/status] /gazebo http://127.0.0.1:36901/
[rosmaster.master][INFO] 2025-12-04 20:26:30,641: -SUB [/head_controller/follow_joint_trajectory/cancel] /gazebo http://127.0.0.1:36901/
[rosmaster.master][INFO] 2025-12-04 20:26:30,642: -SUB [/head_controller/follow_joint_trajectory/goal] /gazebo http://127.0.0.1:36901/
[rosmaster.master][INFO] 2025-12-04 20:26:30,642: -SUB [/head_controller/command] /gazebo http://127.0.0.1:36901/
[rosmaster.master][INFO] 2025-12-04 20:26:30,643: -PUB [/arm_controller/state] /gazebo http://127.0.0.1:36901/
[rosmaster.master][INFO] 2025-12-04 20:26:30,643: -SERVICE [/arm_controller/query_state] /gazebo rosrpc://127.0.0.1:38071
[rosmaster.master][INFO] 2025-12-04 20:26:30,644: -PUB [/arm_controller/follow_joint_trajectory/feedback] /gazebo http://127.0.0.1:36901/
[rosmaster.master][INFO] 2025-12-04 20:26:30,644: -PUB [/arm_controller/follow_joint_trajectory/result] /gazebo http://127.0.0.1:36901/
[rosmaster.master][INFO] 2025-12-04 20:26:30,644: -PUB [/arm_controller/follow_joint_trajectory/status] /gazebo http://127.0.0.1:36901/
[rosmaster.master][INFO] 2025-12-04 20:26:30,645: -SUB [/arm_controller/follow_joint_trajectory/cancel] /gazebo http://127.0.0.1:36901/
[rosmaster.master][INFO] 2025-12-04 20:26:30,645: -SUB [/arm_controller/follow_joint_trajectory/goal] /gazebo http://127.0.0.1:36901/
[rosmaster.master][INFO] 2025-12-04 20:26:30,646: -SUB [/arm_controller/command] /gazebo http://127.0.0.1:36901/
[rosmaster.master][INFO] 2025-12-04 20:26:30,646: -PUB [/mobile_base_controller/parameter_descriptions] /gazebo http://127.0.0.1:36901/
[rosmaster.master][INFO] 2025-12-04 20:26:30,647: -PUB [/mobile_base_controller/parameter_updates] /gazebo http://127.0.0.1:36901/
[rosmaster.master][INFO] 2025-12-04 20:26:30,648: -SERVICE [/mobile_base_controller/set_parameters] /gazebo rosrpc://127.0.0.1:38071
[rosmaster.master][INFO] 2025-12-04 20:26:30,650: -PUB [/gains/torso_lift_joint/parameter_descriptions] /gazebo http://127.0.0.1:36901/
[rosmaster.master][INFO] 2025-12-04 20:26:30,651: -PUB [/gains/torso_lift_joint/parameter_updates] /gazebo http://127.0.0.1:36901/
[rosmaster.master][INFO] 2025-12-04 20:26:30,652: -SERVICE [/gains/torso_lift_joint/set_parameters] /gazebo rosrpc://127.0.0.1:38071
[rosmaster.master][INFO] 2025-12-04 20:26:30,652: -PUB [/gains/head_1_joint/parameter_descriptions] /gazebo http://127.0.0.1:36901/
[rosmaster.master][INFO] 2025-12-04 20:26:30,653: -PUB [/gains/head_1_joint/parameter_updates] /gazebo http://127.0.0.1:36901/
[rosmaster.master][INFO] 2025-12-04 20:26:30,653: -SERVICE [/gains/head_1_joint/set_parameters] /gazebo rosrpc://127.0.0.1:38071
[rosmaster.master][INFO] 2025-12-04 20:26:30,654: -PUB [/gains/head_2_joint/parameter_descriptions] /gazebo http://127.0.0.1:36901/
[rosmaster.master][INFO] 2025-12-04 20:26:30,655: -PUB [/gains/head_2_joint/parameter_updates] /gazebo http://127.0.0.1:36901/
[rosmaster.master][INFO] 2025-12-04 20:26:30,655: -SERVICE [/gains/head_2_joint/set_parameters] /gazebo rosrpc://127.0.0.1:38071
[rosmaster.master][INFO] 2025-12-04 20:26:30,656: -PUB [/gains/arm_5_joint/parameter_descriptions] /gazebo http://127.0.0.1:36901/
[rosmaster.master][INFO] 2025-12-04 20:26:30,656: -PUB [/gains/arm_5_joint/parameter_updates] /gazebo http://127.0.0.1:36901/
[rosmaster.master][INFO] 2025-12-04 20:26:30,657: -SERVICE [/gains/arm_5_joint/set_parameters] /gazebo rosrpc://127.0.0.1:38071
[rosmaster.master][INFO] 2025-12-04 20:26:30,657: -PUB [/gains/arm_6_joint/parameter_descriptions] /gazebo http://127.0.0.1:36901/
[rosmaster.master][INFO] 2025-12-04 20:26:30,658: -PUB [/gains/arm_6_joint/parameter_updates] /gazebo http://127.0.0.1:36901/
[rosmaster.master][INFO] 2025-12-04 20:26:30,659: -SERVICE [/gains/arm_6_joint/set_parameters] /gazebo rosrpc://127.0.0.1:38071
[rosmaster.master][INFO] 2025-12-04 20:26:30,660: -PUB [/gains/arm_7_joint/parameter_descriptions] /gazebo http://127.0.0.1:36901/
[rosmaster.master][INFO] 2025-12-04 20:26:30,660: -PUB [/gains/arm_7_joint/parameter_updates] /gazebo http://127.0.0.1:36901/
[rosmaster.master][INFO] 2025-12-04 20:26:30,661: -SERVICE [/gains/arm_7_joint/set_parameters] /gazebo rosrpc://127.0.0.1:38071
[rosmaster.master][INFO] 2025-12-04 20:26:30,661: -PUB [/gains/arm_1_joint/parameter_descriptions] /gazebo http://127.0.0.1:36901/
[rosmaster.master][INFO] 2025-12-04 20:26:30,661: -PUB [/gains/arm_1_joint/parameter_updates] /gazebo http://127.0.0.1:36901/
[rosmaster.master][INFO] 2025-12-04 20:26:30,662: -SERVICE [/gains/arm_1_joint/set_parameters] /gazebo rosrpc://127.0.0.1:38071
[rosmaster.master][INFO] 2025-12-04 20:26:30,662: -PUB [/gains/arm_2_joint/parameter_descriptions] /gazebo http://127.0.0.1:36901/
[rosmaster.master][INFO] 2025-12-04 20:26:30,663: -PUB [/gains/arm_2_joint/parameter_updates] /gazebo http://127.0.0.1:36901/
[rosmaster.master][INFO] 2025-12-04 20:26:30,663: -SERVICE [/gains/arm_2_joint/set_parameters] /gazebo rosrpc://127.0.0.1:38071
[rosmaster.master][INFO] 2025-12-04 20:26:30,664: -PUB [/gains/arm_3_joint/parameter_descriptions] /gazebo http://127.0.0.1:36901/
[rosmaster.master][INFO] 2025-12-04 20:26:30,665: -PUB [/gains/arm_3_joint/parameter_updates] /gazebo http://127.0.0.1:36901/
[rosmaster.master][INFO] 2025-12-04 20:26:30,665: -SERVICE [/gains/arm_3_joint/set_parameters] /gazebo rosrpc://127.0.0.1:38071
[rosmaster.master][INFO] 2025-12-04 20:26:30,666: -PUB [/gains/arm_4_joint/parameter_descriptions] /gazebo http://127.0.0.1:36901/
[rosmaster.master][INFO] 2025-12-04 20:26:30,666: -PUB [/gains/arm_4_joint/parameter_updates] /gazebo http://127.0.0.1:36901/
[rosmaster.master][INFO] 2025-12-04 20:26:30,667: -SERVICE [/gains/arm_4_joint/set_parameters] /gazebo rosrpc://127.0.0.1:38071
[rosmaster.master][INFO] 2025-12-04 20:26:30,667: -PUB [/gains/gripper_left_finger_joint/parameter_descriptions] /gazebo http://127.0.0.1:36901/
[rosmaster.master][INFO] 2025-12-04 20:26:30,668: -PUB [/gains/gripper_left_finger_joint/parameter_updates] /gazebo http://127.0.0.1:36901/
[rosmaster.master][INFO] 2025-12-04 20:26:30,668: -SERVICE [/gains/gripper_left_finger_joint/set_parameters] /gazebo rosrpc://127.0.0.1:38071
[rosmaster.master][INFO] 2025-12-04 20:26:30,669: -PUB [/gains/gripper_right_finger_joint/parameter_descriptions] /gazebo http://127.0.0.1:36901/
[rosmaster.master][INFO] 2025-12-04 20:26:30,669: -PUB [/gains/gripper_right_finger_joint/parameter_updates] /gazebo http://127.0.0.1:36901/
[rosmaster.master][INFO] 2025-12-04 20:26:30,669: -SERVICE [/gains/gripper_right_finger_joint/set_parameters] /gazebo rosrpc://127.0.0.1:38071
[rosmaster.master][INFO] 2025-12-04 20:26:30,670: -PUB [/tf] /gazebo http://127.0.0.1:36901/
[rosmaster.master][INFO] 2025-12-04 20:26:47,453: -PUB [/rosout_agg] /rosout http://127.0.0.1:39091/
[rosmaster.master][INFO] 2025-12-04 20:26:47,455: -SUB [/clock] /rosout http://127.0.0.1:39091/
[rosmaster.master][INFO] 2025-12-04 20:26:47,455: -SUB [/rosout] /rosout http://127.0.0.1:39091/
[rosmaster.master][INFO] 2025-12-04 20:26:47,456: -SERVICE [/rosout/get_loggers] /rosout rosrpc://127.0.0.1:41701
[rosmaster.master][INFO] 2025-12-04 20:26:47,456: -SERVICE [/rosout/set_logger_level] /rosout rosrpc://127.0.0.1:41701
[rosmaster.master][INFO] 2025-12-04 20:26:47,457: -CACHEDPARAM [/rosout/omit_topics] by /rosout
[rosmaster.main][INFO] 2025-12-04 20:26:47,560: keyboard interrupt, will exit
[rosmaster.main][INFO] 2025-12-04 20:26:47,561: stopping master...
[rospy.core][INFO] 2025-12-04 20:26:47,561: signal_shutdown [atexit]
