[roslaunch][INFO] 2025-12-04 20:16:36,274: Checking log directory for disk usage. This may take a while.
Press Ctrl-C to interrupt
[roslaunch][INFO] 2025-12-04 20:16:36,282: Done checking log file disk usage. Usage is <1GB.
[roslaunch][INFO] 2025-12-04 20:16:36,282: roslaunch starting with args ['/opt/ros/noetic/bin/roslaunch', 'tiago_gazebo', 'tiago_gazebo.launch', 'world:=pick_and_place']
[roslaunch][INFO] 2025-12-04 20:16:36,282: roslaunch env is environ({'ROS_VERSION': '1', 'DISABLE_ROS1_EOL_WARNINGS': '1', 'PKG_CONFIG_PATH': '/opt/pal/gallium/lib/pkgconfig:/opt/pal/gallium/lib/x86_64-linux-gnu/pkgconfig:/opt/ros/noetic/lib/pkgconfig:/opt/ros/noetic/lib/x86_64-linux-gnu/pkgconfig', 'ROS_PYTHON_VERSION': '3', 'HOSTNAME': 'epan-tiago-noetic-ssh', 'VISP_WS': '/home/pal/visp-ws', 'ROS_PACKAGE_PATH': '/opt/pal/gallium/share:/opt/ros/noetic/share', 'ROSLISP_PACKAGE_DIRECTORIES': '', 'PWD': '/home/pal/ros_ws/src/image_bridge/scripts', 'XAUTHORITY': '', 'TZ': 'Europe/Paris', 'ROS_IP': '127.0.0.1', 'HOME': '/home/pal', 'ROS_ETC_DIR': '/opt/ros/noetic/etc/ros', 'LS_COLORS': 'rs=0:di=01;34:ln=01;36:mh=00:pi=40;33:so=01;35:do=01;35:bd=40;33;01:cd=40;33;01:or=40;31;01:mi=00:su=37;41:sg=30;43:ca=30;41:tw=30;42:ow=34;42:st=37;44:ex=01;32:*.tar=01;31:*.tgz=01;31:*.arc=01;31:*.arj=01;31:*.taz=01;31:*.lha=01;31:*.lz4=01;31:*.lzh=01;31:*.lzma=01;31:*.tlz=01;31:*.txz=01;31:*.tzo=01;31:*.t7z=01;31:*.zip=01;31:*.z=01;31:*.dz=01;31:*.gz=01;31:*.lrz=01;31:*.lz=01;31:*.lzo=01;31:*.xz=01;31:*.zst=01;31:*.tzst=01;31:*.bz2=01;31:*.bz=01;31:*.tbz=01;31:*.tbz2=01;31:*.tz=01;31:*.deb=01;31:*.rpm=01;31:*.jar=01;31:*.war=01;31:*.ear=01;31:*.sar=01;31:*.rar=01;31:*.alz=01;31:*.ace=01;31:*.zoo=01;31:*.cpio=01;31:*.7z=01;31:*.rz=01;31:*.cab=01;31:*.wim=01;31:*.swm=01;31:*.dwm=01;31:*.esd=01;31:*.jpg=01;35:*.jpeg=01;35:*.mjpg=01;35:*.mjpeg=01;35:*.gif=01;35:*.bmp=01;35:*.pbm=01;35:*.pgm=01;35:*.ppm=01;35:*.tga=01;35:*.xbm=01;35:*.xpm=01;35:*.tif=01;35:*.tiff=01;35:*.png=01;35:*.svg=01;35:*.svgz=01;35:*.mng=01;35:*.pcx=01;35:*.mov=01;35:*.mpg=01;35:*.mpeg=01;35:*.m2v=01;35:*.mkv=01;35:*.webm=01;35:*.ogm=01;35:*.mp4=01;35:*.m4v=01;35:*.mp4v=01;35:*.vob=01;35:*.qt=01;35:*.nuv=01;35:*.wmv=01;35:*.asf=01;35:*.rm=01;35:*.rmvb=01;35:*.flc=01;35:*.avi=01;35:*.fli=01;35:*.flv=01;35:*.gl=01;35:*.dl=01;35:*.xcf=01;35:*.xwd=01;35:*.yuv=01;35:*.cgm=01;35:*.emf=01;35:*.ogv=01;35:*.ogx=01;35:*.aac=00;36:*.au=00;36:*.flac=00;36:*.m4a=00;36:*.mid=00;36:*.midi=00;36:*.mka=00;36:*.mp3=00;36:*.mpc=00;36:*.ogg=00;36:*.ra=00;36:*.wav=00;36:*.oga=00;36:*.opus=00;36:*.spx=00;36:*.xspf=00;36:', 'OROCOS_TARGET': 'gnulinux', 'CMAKE_PREFIX_PATH': '/opt/pal/gallium:/opt/ros/noetic', 'GAZEBO_RESOURCE_PATH': '/home/pal/ros_ws/src/va50:', 'ROS_WORKSPACE': '/home/pal/ros_ws', 'LESSCLOSE': '/usr/bin/lesspipe %s %s', 'PYTHONPATH': '/opt/pal/gallium/lib/python3/dist-packages:/opt/ros/noetic/lib/python3/dist-packages', 'TERM': 'xterm', 'VISP_INPUT_IMAGE_PATH': '/home/pal/visp-ws/visp-images', 'LESSOPEN': '| /usr/bin/lesspipe %s', 'USER': 'pal', 'RTT_COMPONENT_PATH': '/opt/pal/gallium/lib/orocos', 'DISPLAY': ':0', 'SHLVL': '1', 'PAL_DISTRO': 'gallium', 'ROS_MASTER_URI': 'http://localhost:11311/', 'LD_LIBRARY_PATH': '/opt/pal/gallium/lib:/opt/pal/gallium/lib/x86_64-linux-gnu:/opt/ros/noetic/lib:/opt/ros/noetic/lib/x86_64-linux-gnu:/usr/local/lib', 'GAZEBO_MODEL_PATH': '/home/pal/ros_ws/src/va50/models:', 'PATH': '/opt/pal/gallium/bin:/opt/ros/noetic/bin:/opt/pal/gallium/lib/pal_debian_utils/:/usr/local/sbin:/usr/local/bin:/usr/sbin:/usr/bin:/sbin:/bin', 'LUA_PATH': ';;/opt/pal/gallium/share/lua/5.1/?.lua;/opt/pal/gallium/share/lua/5.1/?.lua;/opt/pal/gallium/share/lua/5.1/?.lua;/opt/pal/gallium/share/lua/5.1/?.lua;/opt/pal/gallium/share/lua/5.1/?.lua;/opt/pal/gallium/share/lua/5.1/?.lua', 'DEBIAN_FRONTEND': 'noninteractive', 'ROS_ROOT': '/opt/ros/noetic/share/ros', 'ROS_DISTRO': 'noetic', 'QT_X11_NO_MITSHM': '1', 'OLDPWD': '/home/pal/ros_ws/src', '_': '/opt/ros/noetic/bin/roslaunch', 'LC_CTYPE': 'C.UTF-8', 'ROS_LOG_FILENAME': '/home/pal/.ros/log/2516c386-d12f-11f0-b32a-9c2f9d99f7eb/roslaunch-epan-tiago-noetic-ssh-3176.log'})
[roslaunch][INFO] 2025-12-04 20:16:36,282: starting in server mode
[roslaunch.parent][INFO] 2025-12-04 20:16:36,283: starting roslaunch parent run
[roslaunch][INFO] 2025-12-04 20:16:36,283: loading roscore config file /opt/ros/noetic/etc/ros/roscore.xml
[roslaunch][INFO] 2025-12-04 20:16:36,514: Added core node of type [rosout/rosout] in namespace [/]
[roslaunch.config][INFO] 2025-12-04 20:16:36,514: loading config file /opt/pal/gallium/share/tiago_gazebo/launch/tiago_gazebo.launch
[roslaunch][INFO] 2025-12-04 20:16:36,572: Added node of type [gazebo_ros/gzserver] in namespace [/]
[roslaunch][INFO] 2025-12-04 20:16:36,573: Added node of type [gazebo_ros/gzclient] in namespace [/]
[roslaunch][INFO] 2025-12-04 20:16:37,379: Added node of type [gazebo_ros/spawn_model] in namespace [/]
[roslaunch][INFO] 2025-12-04 20:16:37,393: Added node of type [controller_manager/spawner] in namespace [/]
[roslaunch][INFO] 2025-12-04 20:16:37,394: Added node of type [head_action/head_action] in namespace [/head_controller/]
[roslaunch][INFO] 2025-12-04 20:16:37,437: Added node of type [controller_manager/spawner] in namespace [/]
[roslaunch][INFO] 2025-12-04 20:16:37,438: Added node of type [controller_manager/spawner] in namespace [/]
[roslaunch][INFO] 2025-12-04 20:16:37,441: Added node of type [controller_manager/spawner] in namespace [/]
[roslaunch][INFO] 2025-12-04 20:16:37,441: Added node of type [simple_grasping_action/simple_grasping_action] in namespace [/]
[roslaunch][INFO] 2025-12-04 20:16:37,491: Added node of type [play_motion/play_motion] in namespace [/]
[roslaunch][INFO] 2025-12-04 20:16:37,491: Added node of type [play_motion/is_already_there.py] in namespace [/]
[roslaunch][INFO] 2025-12-04 20:16:37,525: Added node of type [moveit_ros_move_group/move_group] in namespace [/]
[roslaunch][INFO] 2025-12-04 20:16:37,526: Added node of type [robot_state_publisher/robot_state_publisher] in namespace [/]
[roslaunch][INFO] 2025-12-04 20:16:37,526: Added node of type [tf_lookup/tf_lookup] in namespace [/]
[roslaunch][INFO] 2025-12-04 20:16:37,533: Added node of type [twist_mux/twist_mux] in namespace [/]
[roslaunch][INFO] 2025-12-04 20:16:37,534: Added node of type [twist_mux/twist_marker] in namespace [/]
[roslaunch][INFO] 2025-12-04 20:16:37,535: Added node of type [twist_mux/joystick_relay.py] in namespace [/]
[roslaunch][INFO] 2025-12-04 20:16:37,546: Added node of type [dynamic_footprint/dynamic_footprint_publisher.py] in namespace [/]
[roslaunch][INFO] 2025-12-04 20:16:37,547: Added node of type [topic_tools/relay] in namespace [/]
[roslaunch][INFO] 2025-12-04 20:16:37,547: Added node of type [pal_pcl_points_throttle_and_filter/throttle_filtering_points] in namespace [/]
[roslaunch][INFO] 2025-12-04 20:16:37,548: Added node of type [tiago_gazebo/tuck_arm.py] in namespace [/]
[roslaunch][INFO] 2025-12-04 20:16:37,548: Added node of type [image_proc/image_proc] in namespace [/xtion/rgb/]
[roslaunch][INFO] 2025-12-04 20:16:37,548: ... selected machine [] for node of type [gazebo_ros/gzserver]
[roslaunch][INFO] 2025-12-04 20:16:37,548: ... selected machine [] for node of type [gazebo_ros/gzclient]
[roslaunch][INFO] 2025-12-04 20:16:37,548: ... selected machine [] for node of type [gazebo_ros/spawn_model]
[roslaunch][INFO] 2025-12-04 20:16:37,549: ... selected machine [] for node of type [controller_manager/spawner]
[roslaunch][INFO] 2025-12-04 20:16:37,549: ... selected machine [] for node of type [head_action/head_action]
[roslaunch][INFO] 2025-12-04 20:16:37,549: ... selected machine [] for node of type [controller_manager/spawner]
[roslaunch][INFO] 2025-12-04 20:16:37,549: ... selected machine [] for node of type [controller_manager/spawner]
[roslaunch][INFO] 2025-12-04 20:16:37,549: ... selected machine [] for node of type [controller_manager/spawner]
[roslaunch][INFO] 2025-12-04 20:16:37,549: ... selected machine [] for node of type [simple_grasping_action/simple_grasping_action]
[roslaunch][INFO] 2025-12-04 20:16:37,549: ... selected machine [] for node of type [play_motion/play_motion]
[roslaunch][INFO] 2025-12-04 20:16:37,549: ... selected machine [] for node of type [play_motion/is_already_there.py]
[roslaunch][INFO] 2025-12-04 20:16:37,549: ... selected machine [] for node of type [moveit_ros_move_group/move_group]
[roslaunch][INFO] 2025-12-04 20:16:37,549: ... selected machine [] for node of type [robot_state_publisher/robot_state_publisher]
[roslaunch][INFO] 2025-12-04 20:16:37,549: ... selected machine [] for node of type [tf_lookup/tf_lookup]
[roslaunch][INFO] 2025-12-04 20:16:37,549: ... selected machine [] for node of type [twist_mux/twist_mux]
[roslaunch][INFO] 2025-12-04 20:16:37,549: ... selected machine [] for node of type [twist_mux/twist_marker]
[roslaunch][INFO] 2025-12-04 20:16:37,549: ... selected machine [] for node of type [twist_mux/joystick_relay.py]
[roslaunch][INFO] 2025-12-04 20:16:37,549: ... selected machine [] for node of type [dynamic_footprint/dynamic_footprint_publisher.py]
[roslaunch][INFO] 2025-12-04 20:16:37,549: ... selected machine [] for node of type [topic_tools/relay]
[roslaunch][INFO] 2025-12-04 20:16:37,549: ... selected machine [] for node of type [pal_pcl_points_throttle_and_filter/throttle_filtering_points]
[roslaunch][INFO] 2025-12-04 20:16:37,549: ... selected machine [] for node of type [tiago_gazebo/tuck_arm.py]
[roslaunch][INFO] 2025-12-04 20:16:37,549: ... selected machine [] for node of type [image_proc/image_proc]
[roslaunch.pmon][INFO] 2025-12-04 20:16:37,551: start_process_monitor: creating ProcessMonitor
[roslaunch.pmon][INFO] 2025-12-04 20:16:37,551: created process monitor <ProcessMonitor(ProcessMonitor-1, initial daemon)>
[roslaunch.pmon][INFO] 2025-12-04 20:16:37,551: start_process_monitor: ProcessMonitor started
[roslaunch.parent][INFO] 2025-12-04 20:16:37,551: starting parent XML-RPC server
[roslaunch.server][INFO] 2025-12-04 20:16:37,551: starting roslaunch XML-RPC server
[roslaunch.server][INFO] 2025-12-04 20:16:37,551: waiting for roslaunch XML-RPC server to initialize
[xmlrpc][INFO] 2025-12-04 20:16:37,552: XML-RPC server binding to 127.0.0.1:0
[xmlrpc][INFO] 2025-12-04 20:16:37,552: Started XML-RPC server [http://127.0.0.1:35707/]
[xmlrpc][INFO] 2025-12-04 20:16:37,552: xml rpc node: starting XML-RPC server
[roslaunch][INFO] 2025-12-04 20:16:37,563: started roslaunch server http://127.0.0.1:35707/
[roslaunch.parent][INFO] 2025-12-04 20:16:37,563: ... parent XML-RPC server started
[roslaunch][INFO] 2025-12-04 20:16:37,567: master.is_running[http://localhost:11311/]
[roslaunch][INFO] 2025-12-04 20:16:37,568: master.is_running[http://localhost:11311/]
[roslaunch][INFO] 2025-12-04 20:16:37,570: ROS_MASTER_URI=http://localhost:11311/
[roslaunch][INFO] 2025-12-04 20:16:37,572: setting /roslaunch/uris/host_127_0_0_1__35707' to http://127.0.0.1:35707/
[roslaunch][INFO] 2025-12-04 20:16:37,573: load_parameters starting ...
[roslaunch][INFO] 2025-12-04 20:16:37,678: ... load_parameters complete
[roslaunch][INFO] 2025-12-04 20:16:37,679: launch_nodes: launching local nodes ...
[roslaunch][INFO] 2025-12-04 20:16:37,680: ... preparing to launch node of type [gazebo_ros/gzserver]
[roslaunch][INFO] 2025-12-04 20:16:37,680: create_node_process: package[gazebo_ros] type[gzserver] machine[Machine(name[] env_loader[None] address[localhost] ssh_port[22] user[None] assignable[True] timeout[10.0])] master_uri[http://localhost:11311/]
[roslaunch][INFO] 2025-12-04 20:16:37,680: process[gazebo-1]: env[{'ROS_VERSION': '1', 'DISABLE_ROS1_EOL_WARNINGS': '1', 'PKG_CONFIG_PATH': '/opt/pal/gallium/lib/pkgconfig:/opt/pal/gallium/lib/x86_64-linux-gnu/pkgconfig:/opt/ros/noetic/lib/pkgconfig:/opt/ros/noetic/lib/x86_64-linux-gnu/pkgconfig', 'ROS_PYTHON_VERSION': '3', 'HOSTNAME': 'epan-tiago-noetic-ssh', 'VISP_WS': '/home/pal/visp-ws', 'ROS_PACKAGE_PATH': '/opt/pal/gallium/share:/opt/ros/noetic/share', 'ROSLISP_PACKAGE_DIRECTORIES': '', 'PWD': '/home/pal/ros_ws/src/image_bridge/scripts', 'XAUTHORITY': '', 'TZ': 'Europe/Paris', 'ROS_IP': '127.0.0.1', 'HOME': '/home/pal', 'ROS_ETC_DIR': '/opt/ros/noetic/etc/ros', 'LS_COLORS': 'rs=0:di=01;34:ln=01;36:mh=00:pi=40;33:so=01;35:do=01;35:bd=40;33;01:cd=40;33;01:or=40;31;01:mi=00:su=37;41:sg=30;43:ca=30;41:tw=30;42:ow=34;42:st=37;44:ex=01;32:*.tar=01;31:*.tgz=01;31:*.arc=01;31:*.arj=01;31:*.taz=01;31:*.lha=01;31:*.lz4=01;31:*.lzh=01;31:*.lzma=01;31:*.tlz=01;31:*.txz=01;31:*.tzo=01;31:*.t7z=01;31:*.zip=01;31:*.z=01;31:*.dz=01;31:*.gz=01;31:*.lrz=01;31:*.lz=01;31:*.lzo=01;31:*.xz=01;31:*.zst=01;31:*.tzst=01;31:*.bz2=01;31:*.bz=01;31:*.tbz=01;31:*.tbz2=01;31:*.tz=01;31:*.deb=01;31:*.rpm=01;31:*.jar=01;31:*.war=01;31:*.ear=01;31:*.sar=01;31:*.rar=01;31:*.alz=01;31:*.ace=01;31:*.zoo=01;31:*.cpio=01;31:*.7z=01;31:*.rz=01;31:*.cab=01;31:*.wim=01;31:*.swm=01;31:*.dwm=01;31:*.esd=01;31:*.jpg=01;35:*.jpeg=01;35:*.mjpg=01;35:*.mjpeg=01;35:*.gif=01;35:*.bmp=01;35:*.pbm=01;35:*.pgm=01;35:*.ppm=01;35:*.tga=01;35:*.xbm=01;35:*.xpm=01;35:*.tif=01;35:*.tiff=01;35:*.png=01;35:*.svg=01;35:*.svgz=01;35:*.mng=01;35:*.pcx=01;35:*.mov=01;35:*.mpg=01;35:*.mpeg=01;35:*.m2v=01;35:*.mkv=01;35:*.webm=01;35:*.ogm=01;35:*.mp4=01;35:*.m4v=01;35:*.mp4v=01;35:*.vob=01;35:*.qt=01;35:*.nuv=01;35:*.wmv=01;35:*.asf=01;35:*.rm=01;35:*.rmvb=01;35:*.flc=01;35:*.avi=01;35:*.fli=01;35:*.flv=01;35:*.gl=01;35:*.dl=01;35:*.xcf=01;35:*.xwd=01;35:*.yuv=01;35:*.cgm=01;35:*.emf=01;35:*.ogv=01;35:*.ogx=01;35:*.aac=00;36:*.au=00;36:*.flac=00;36:*.m4a=00;36:*.mid=00;36:*.midi=00;36:*.mka=00;36:*.mp3=00;36:*.mpc=00;36:*.ogg=00;36:*.ra=00;36:*.wav=00;36:*.oga=00;36:*.opus=00;36:*.spx=00;36:*.xspf=00;36:', 'OROCOS_TARGET': 'gnulinux', 'CMAKE_PREFIX_PATH': '/opt/pal/gallium:/opt/ros/noetic', 'GAZEBO_RESOURCE_PATH': '/opt/pal/gallium/share/tiago_gazebo:/opt/pal/gallium/share/pal_gazebo_worlds/../pal_gazebo_worlds_private:/opt/pal/gallium/share/pal_gazebo_worlds/:/home/pal/ros_ws/src/va50:', 'ROS_WORKSPACE': '/home/pal/ros_ws', 'LESSCLOSE': '/usr/bin/lesspipe %s %s', 'PYTHONPATH': '/opt/pal/gallium/lib/python3/dist-packages:/opt/ros/noetic/lib/python3/dist-packages', 'TERM': 'xterm', 'VISP_INPUT_IMAGE_PATH': '/home/pal/visp-ws/visp-images', 'LESSOPEN': '| /usr/bin/lesspipe %s', 'USER': 'pal', 'RTT_COMPONENT_PATH': '/opt/pal/gallium/lib/orocos', 'DISPLAY': ':0', 'SHLVL': '1', 'PAL_DISTRO': 'gallium', 'ROS_MASTER_URI': 'http://localhost:11311/', 'LD_LIBRARY_PATH': '/opt/pal/gallium/lib:/opt/pal/gallium/lib/x86_64-linux-gnu:/opt/ros/noetic/lib:/opt/ros/noetic/lib/x86_64-linux-gnu:/usr/local/lib', 'GAZEBO_MODEL_PATH': '/opt/pal/gallium/share/tiago_gazebo/models:/opt/pal/gallium/share/pal_gazebo_worlds/../pal_gazebo_worlds_private/models:/opt/pal/gallium/share/pal_gazebo_worlds/models:/home/pal/ros_ws/src/va50/models:', 'PATH': '/opt/pal/gallium/bin:/opt/ros/noetic/bin:/opt/pal/gallium/lib/pal_debian_utils/:/usr/local/sbin:/usr/local/bin:/usr/sbin:/usr/bin:/sbin:/bin', 'LUA_PATH': ';;/opt/pal/gallium/share/lua/5.1/?.lua;/opt/pal/gallium/share/lua/5.1/?.lua;/opt/pal/gallium/share/lua/5.1/?.lua;/opt/pal/gallium/share/lua/5.1/?.lua;/opt/pal/gallium/share/lua/5.1/?.lua;/opt/pal/gallium/share/lua/5.1/?.lua', 'DEBIAN_FRONTEND': 'noninteractive', 'ROS_ROOT': '/opt/ros/noetic/share/ros', 'ROS_DISTRO': 'noetic', 'QT_X11_NO_MITSHM': '1', 'OLDPWD': '/home/pal/ros_ws/src', '_': '/opt/ros/noetic/bin/roslaunch', 'LC_CTYPE': 'C.UTF-8', 'ROS_LOG_FILENAME': '/home/pal/.ros/log/2516c386-d12f-11f0-b32a-9c2f9d99f7eb/roslaunch-epan-tiago-noetic-ssh-3176.log', 'LC_NUMERIC': 'C'}]
[roslaunch][INFO] 2025-12-04 20:16:37,735: process[gazebo-1]: args[['/opt/pal/gallium/lib/gazebo_ros/gzserver', '-e', 'ode', 'worlds/pick_and_place.world', '__name:=gazebo']]
[roslaunch][INFO] 2025-12-04 20:16:37,735: ... created process [gazebo-1]
[roslaunch.pmon][INFO] 2025-12-04 20:16:37,735: ProcessMonitor.register[gazebo-1]
[roslaunch.pmon][INFO] 2025-12-04 20:16:37,735: ProcessMonitor.register[gazebo-1] complete
[roslaunch][INFO] 2025-12-04 20:16:37,735: ... registered process [gazebo-1]
[roslaunch][INFO] 2025-12-04 20:16:37,735: process[gazebo-1]: starting os process
[roslaunch][INFO] 2025-12-04 20:16:37,735: process[gazebo-1]: start w/ args [['/opt/pal/gallium/lib/gazebo_ros/gzserver', '-e', 'ode', 'worlds/pick_and_place.world', '__name:=gazebo', '__log:=/home/pal/.ros/log/2516c386-d12f-11f0-b32a-9c2f9d99f7eb/gazebo-1.log']]
[roslaunch][INFO] 2025-12-04 20:16:37,735: process[gazebo-1]: cwd will be [/home/pal/.ros]
[roslaunch][INFO] 2025-12-04 20:16:37,741: process[gazebo-1]: started with pid [3224]
[roslaunch][INFO] 2025-12-04 20:16:37,741: ... successfully launched [gazebo-1]
[roslaunch][INFO] 2025-12-04 20:16:37,741: ... preparing to launch node of type [gazebo_ros/gzclient]
[roslaunch][INFO] 2025-12-04 20:16:37,741: create_node_process: package[gazebo_ros] type[gzclient] machine[Machine(name[] env_loader[None] address[localhost] ssh_port[22] user[None] assignable[True] timeout[10.0])] master_uri[http://localhost:11311/]
[roslaunch][INFO] 2025-12-04 20:16:37,742: process[gazebo_gui-2]: env[{'ROS_VERSION': '1', 'DISABLE_ROS1_EOL_WARNINGS': '1', 'PKG_CONFIG_PATH': '/opt/pal/gallium/lib/pkgconfig:/opt/pal/gallium/lib/x86_64-linux-gnu/pkgconfig:/opt/ros/noetic/lib/pkgconfig:/opt/ros/noetic/lib/x86_64-linux-gnu/pkgconfig', 'ROS_PYTHON_VERSION': '3', 'HOSTNAME': 'epan-tiago-noetic-ssh', 'VISP_WS': '/home/pal/visp-ws', 'ROS_PACKAGE_PATH': '/opt/pal/gallium/share:/opt/ros/noetic/share', 'ROSLISP_PACKAGE_DIRECTORIES': '', 'PWD': '/home/pal/ros_ws/src/image_bridge/scripts', 'XAUTHORITY': '', 'TZ': 'Europe/Paris', 'ROS_IP': '127.0.0.1', 'HOME': '/home/pal', 'ROS_ETC_DIR': '/opt/ros/noetic/etc/ros', 'LS_COLORS': 'rs=0:di=01;34:ln=01;36:mh=00:pi=40;33:so=01;35:do=01;35:bd=40;33;01:cd=40;33;01:or=40;31;01:mi=00:su=37;41:sg=30;43:ca=30;41:tw=30;42:ow=34;42:st=37;44:ex=01;32:*.tar=01;31:*.tgz=01;31:*.arc=01;31:*.arj=01;31:*.taz=01;31:*.lha=01;31:*.lz4=01;31:*.lzh=01;31:*.lzma=01;31:*.tlz=01;31:*.txz=01;31:*.tzo=01;31:*.t7z=01;31:*.zip=01;31:*.z=01;31:*.dz=01;31:*.gz=01;31:*.lrz=01;31:*.lz=01;31:*.lzo=01;31:*.xz=01;31:*.zst=01;31:*.tzst=01;31:*.bz2=01;31:*.bz=01;31:*.tbz=01;31:*.tbz2=01;31:*.tz=01;31:*.deb=01;31:*.rpm=01;31:*.jar=01;31:*.war=01;31:*.ear=01;31:*.sar=01;31:*.rar=01;31:*.alz=01;31:*.ace=01;31:*.zoo=01;31:*.cpio=01;31:*.7z=01;31:*.rz=01;31:*.cab=01;31:*.wim=01;31:*.swm=01;31:*.dwm=01;31:*.esd=01;31:*.jpg=01;35:*.jpeg=01;35:*.mjpg=01;35:*.mjpeg=01;35:*.gif=01;35:*.bmp=01;35:*.pbm=01;35:*.pgm=01;35:*.ppm=01;35:*.tga=01;35:*.xbm=01;35:*.xpm=01;35:*.tif=01;35:*.tiff=01;35:*.png=01;35:*.svg=01;35:*.svgz=01;35:*.mng=01;35:*.pcx=01;35:*.mov=01;35:*.mpg=01;35:*.mpeg=01;35:*.m2v=01;35:*.mkv=01;35:*.webm=01;35:*.ogm=01;35:*.mp4=01;35:*.m4v=01;35:*.mp4v=01;35:*.vob=01;35:*.qt=01;35:*.nuv=01;35:*.wmv=01;35:*.asf=01;35:*.rm=01;35:*.rmvb=01;35:*.flc=01;35:*.avi=01;35:*.fli=01;35:*.flv=01;35:*.gl=01;35:*.dl=01;35:*.xcf=01;35:*.xwd=01;35:*.yuv=01;35:*.cgm=01;35:*.emf=01;35:*.ogv=01;35:*.ogx=01;35:*.aac=00;36:*.au=00;36:*.flac=00;36:*.m4a=00;36:*.mid=00;36:*.midi=00;36:*.mka=00;36:*.mp3=00;36:*.mpc=00;36:*.ogg=00;36:*.ra=00;36:*.wav=00;36:*.oga=00;36:*.opus=00;36:*.spx=00;36:*.xspf=00;36:', 'OROCOS_TARGET': 'gnulinux', 'CMAKE_PREFIX_PATH': '/opt/pal/gallium:/opt/ros/noetic', 'GAZEBO_RESOURCE_PATH': '/opt/pal/gallium/share/tiago_gazebo:/opt/pal/gallium/share/pal_gazebo_worlds/../pal_gazebo_worlds_private:/opt/pal/gallium/share/pal_gazebo_worlds/:/home/pal/ros_ws/src/va50:', 'ROS_WORKSPACE': '/home/pal/ros_ws', 'LESSCLOSE': '/usr/bin/lesspipe %s %s', 'PYTHONPATH': '/opt/pal/gallium/lib/python3/dist-packages:/opt/ros/noetic/lib/python3/dist-packages', 'TERM': 'xterm', 'VISP_INPUT_IMAGE_PATH': '/home/pal/visp-ws/visp-images', 'LESSOPEN': '| /usr/bin/lesspipe %s', 'USER': 'pal', 'RTT_COMPONENT_PATH': '/opt/pal/gallium/lib/orocos', 'DISPLAY': ':0', 'SHLVL': '1', 'PAL_DISTRO': 'gallium', 'ROS_MASTER_URI': 'http://localhost:11311/', 'LD_LIBRARY_PATH': '/opt/pal/gallium/lib:/opt/pal/gallium/lib/x86_64-linux-gnu:/opt/ros/noetic/lib:/opt/ros/noetic/lib/x86_64-linux-gnu:/usr/local/lib', 'GAZEBO_MODEL_PATH': '/opt/pal/gallium/share/tiago_gazebo/models:/opt/pal/gallium/share/pal_gazebo_worlds/../pal_gazebo_worlds_private/models:/opt/pal/gallium/share/pal_gazebo_worlds/models:/home/pal/ros_ws/src/va50/models:', 'PATH': '/opt/pal/gallium/bin:/opt/ros/noetic/bin:/opt/pal/gallium/lib/pal_debian_utils/:/usr/local/sbin:/usr/local/bin:/usr/sbin:/usr/bin:/sbin:/bin', 'LUA_PATH': ';;/opt/pal/gallium/share/lua/5.1/?.lua;/opt/pal/gallium/share/lua/5.1/?.lua;/opt/pal/gallium/share/lua/5.1/?.lua;/opt/pal/gallium/share/lua/5.1/?.lua;/opt/pal/gallium/share/lua/5.1/?.lua;/opt/pal/gallium/share/lua/5.1/?.lua', 'DEBIAN_FRONTEND': 'noninteractive', 'ROS_ROOT': '/opt/ros/noetic/share/ros', 'ROS_DISTRO': 'noetic', 'QT_X11_NO_MITSHM': '1', 'OLDPWD': '/home/pal/ros_ws/src', '_': '/opt/ros/noetic/bin/roslaunch', 'LC_CTYPE': 'C.UTF-8', 'ROS_LOG_FILENAME': '/home/pal/.ros/log/2516c386-d12f-11f0-b32a-9c2f9d99f7eb/roslaunch-epan-tiago-noetic-ssh-3176.log', 'LC_NUMERIC': 'C'}]
[roslaunch][INFO] 2025-12-04 20:16:37,742: process[gazebo_gui-2]: args[['/opt/pal/gallium/lib/gazebo_ros/gzclient', '__name:=gazebo_gui']]
[roslaunch][INFO] 2025-12-04 20:16:37,742: ... created process [gazebo_gui-2]
[roslaunch.pmon][INFO] 2025-12-04 20:16:37,742: ProcessMonitor.register[gazebo_gui-2]
[roslaunch.pmon][INFO] 2025-12-04 20:16:37,742: ProcessMonitor.register[gazebo_gui-2] complete
[roslaunch][INFO] 2025-12-04 20:16:37,743: ... registered process [gazebo_gui-2]
[roslaunch][INFO] 2025-12-04 20:16:37,743: process[gazebo_gui-2]: starting os process
[roslaunch][INFO] 2025-12-04 20:16:37,743: process[gazebo_gui-2]: start w/ args [['/opt/pal/gallium/lib/gazebo_ros/gzclient', '__name:=gazebo_gui', '__log:=/home/pal/.ros/log/2516c386-d12f-11f0-b32a-9c2f9d99f7eb/gazebo_gui-2.log']]
[roslaunch][INFO] 2025-12-04 20:16:37,743: process[gazebo_gui-2]: cwd will be [/home/pal/.ros]
[roslaunch][INFO] 2025-12-04 20:16:37,748: process[gazebo_gui-2]: started with pid [3227]
[roslaunch][INFO] 2025-12-04 20:16:37,748: ... successfully launched [gazebo_gui-2]
[roslaunch][INFO] 2025-12-04 20:16:37,748: ... preparing to launch node of type [gazebo_ros/spawn_model]
[roslaunch][INFO] 2025-12-04 20:16:37,748: create_node_process: package[gazebo_ros] type[spawn_model] machine[Machine(name[] env_loader[None] address[localhost] ssh_port[22] user[None] assignable[True] timeout[10.0])] master_uri[http://localhost:11311/]
[roslaunch][INFO] 2025-12-04 20:16:37,749: process[spawn_model-3]: env[{'ROS_VERSION': '1', 'DISABLE_ROS1_EOL_WARNINGS': '1', 'PKG_CONFIG_PATH': '/opt/pal/gallium/lib/pkgconfig:/opt/pal/gallium/lib/x86_64-linux-gnu/pkgconfig:/opt/ros/noetic/lib/pkgconfig:/opt/ros/noetic/lib/x86_64-linux-gnu/pkgconfig', 'ROS_PYTHON_VERSION': '3', 'HOSTNAME': 'epan-tiago-noetic-ssh', 'VISP_WS': '/home/pal/visp-ws', 'ROS_PACKAGE_PATH': '/opt/pal/gallium/share:/opt/ros/noetic/share', 'ROSLISP_PACKAGE_DIRECTORIES': '', 'PWD': '/home/pal/ros_ws/src/image_bridge/scripts', 'XAUTHORITY': '', 'TZ': 'Europe/Paris', 'ROS_IP': '127.0.0.1', 'HOME': '/home/pal', 'ROS_ETC_DIR': '/opt/ros/noetic/etc/ros', 'LS_COLORS': 'rs=0:di=01;34:ln=01;36:mh=00:pi=40;33:so=01;35:do=01;35:bd=40;33;01:cd=40;33;01:or=40;31;01:mi=00:su=37;41:sg=30;43:ca=30;41:tw=30;42:ow=34;42:st=37;44:ex=01;32:*.tar=01;31:*.tgz=01;31:*.arc=01;31:*.arj=01;31:*.taz=01;31:*.lha=01;31:*.lz4=01;31:*.lzh=01;31:*.lzma=01;31:*.tlz=01;31:*.txz=01;31:*.tzo=01;31:*.t7z=01;31:*.zip=01;31:*.z=01;31:*.dz=01;31:*.gz=01;31:*.lrz=01;31:*.lz=01;31:*.lzo=01;31:*.xz=01;31:*.zst=01;31:*.tzst=01;31:*.bz2=01;31:*.bz=01;31:*.tbz=01;31:*.tbz2=01;31:*.tz=01;31:*.deb=01;31:*.rpm=01;31:*.jar=01;31:*.war=01;31:*.ear=01;31:*.sar=01;31:*.rar=01;31:*.alz=01;31:*.ace=01;31:*.zoo=01;31:*.cpio=01;31:*.7z=01;31:*.rz=01;31:*.cab=01;31:*.wim=01;31:*.swm=01;31:*.dwm=01;31:*.esd=01;31:*.jpg=01;35:*.jpeg=01;35:*.mjpg=01;35:*.mjpeg=01;35:*.gif=01;35:*.bmp=01;35:*.pbm=01;35:*.pgm=01;35:*.ppm=01;35:*.tga=01;35:*.xbm=01;35:*.xpm=01;35:*.tif=01;35:*.tiff=01;35:*.png=01;35:*.svg=01;35:*.svgz=01;35:*.mng=01;35:*.pcx=01;35:*.mov=01;35:*.mpg=01;35:*.mpeg=01;35:*.m2v=01;35:*.mkv=01;35:*.webm=01;35:*.ogm=01;35:*.mp4=01;35:*.m4v=01;35:*.mp4v=01;35:*.vob=01;35:*.qt=01;35:*.nuv=01;35:*.wmv=01;35:*.asf=01;35:*.rm=01;35:*.rmvb=01;35:*.flc=01;35:*.avi=01;35:*.fli=01;35:*.flv=01;35:*.gl=01;35:*.dl=01;35:*.xcf=01;35:*.xwd=01;35:*.yuv=01;35:*.cgm=01;35:*.emf=01;35:*.ogv=01;35:*.ogx=01;35:*.aac=00;36:*.au=00;36:*.flac=00;36:*.m4a=00;36:*.mid=00;36:*.midi=00;36:*.mka=00;36:*.mp3=00;36:*.mpc=00;36:*.ogg=00;36:*.ra=00;36:*.wav=00;36:*.oga=00;36:*.opus=00;36:*.spx=00;36:*.xspf=00;36:', 'OROCOS_TARGET': 'gnulinux', 'CMAKE_PREFIX_PATH': '/opt/pal/gallium:/opt/ros/noetic', 'GAZEBO_RESOURCE_PATH': '/home/pal/ros_ws/src/va50:', 'ROS_WORKSPACE': '/home/pal/ros_ws', 'LESSCLOSE': '/usr/bin/lesspipe %s %s', 'PYTHONPATH': '/opt/pal/gallium/lib/python3/dist-packages:/opt/ros/noetic/lib/python3/dist-packages', 'TERM': 'xterm', 'VISP_INPUT_IMAGE_PATH': '/home/pal/visp-ws/visp-images', 'LESSOPEN': '| /usr/bin/lesspipe %s', 'USER': 'pal', 'RTT_COMPONENT_PATH': '/opt/pal/gallium/lib/orocos', 'DISPLAY': ':0', 'SHLVL': '1', 'PAL_DISTRO': 'gallium', 'ROS_MASTER_URI': 'http://localhost:11311/', 'LD_LIBRARY_PATH': '/opt/pal/gallium/lib:/opt/pal/gallium/lib/x86_64-linux-gnu:/opt/ros/noetic/lib:/opt/ros/noetic/lib/x86_64-linux-gnu:/usr/local/lib', 'GAZEBO_MODEL_PATH': '/home/pal/ros_ws/src/va50/models:', 'PATH': '/opt/pal/gallium/bin:/opt/ros/noetic/bin:/opt/pal/gallium/lib/pal_debian_utils/:/usr/local/sbin:/usr/local/bin:/usr/sbin:/usr/bin:/sbin:/bin', 'LUA_PATH': ';;/opt/pal/gallium/share/lua/5.1/?.lua;/opt/pal/gallium/share/lua/5.1/?.lua;/opt/pal/gallium/share/lua/5.1/?.lua;/opt/pal/gallium/share/lua/5.1/?.lua;/opt/pal/gallium/share/lua/5.1/?.lua;/opt/pal/gallium/share/lua/5.1/?.lua', 'DEBIAN_FRONTEND': 'noninteractive', 'ROS_ROOT': '/opt/ros/noetic/share/ros', 'ROS_DISTRO': 'noetic', 'QT_X11_NO_MITSHM': '1', 'OLDPWD': '/home/pal/ros_ws/src', '_': '/opt/ros/noetic/bin/roslaunch', 'LC_CTYPE': 'C.UTF-8', 'ROS_LOG_FILENAME': '/home/pal/.ros/log/2516c386-d12f-11f0-b32a-9c2f9d99f7eb/roslaunch-epan-tiago-noetic-ssh-3176.log', 'LC_NUMERIC': 'C'}]
[roslaunch][INFO] 2025-12-04 20:16:37,749: process[spawn_model-3]: args[['/opt/pal/gallium/lib/gazebo_ros/spawn_model', '-urdf', '-param', 'robot_description', '-x', '0.0', '-y', '0.0', '-z', '0.0', '-R', '0.0', '-P', '0.0', '-Y', '0.0', '-model', 'tiago', '__name:=spawn_model']]
[roslaunch][INFO] 2025-12-04 20:16:37,749: ... created process [spawn_model-3]
[roslaunch.pmon][INFO] 2025-12-04 20:16:37,750: ProcessMonitor.register[spawn_model-3]
[roslaunch.pmon][INFO] 2025-12-04 20:16:37,750: ProcessMonitor.register[spawn_model-3] complete
[roslaunch][INFO] 2025-12-04 20:16:37,750: ... registered process [spawn_model-3]
[roslaunch][INFO] 2025-12-04 20:16:37,750: process[spawn_model-3]: starting os process
[roslaunch][INFO] 2025-12-04 20:16:37,750: process[spawn_model-3]: start w/ args [['/opt/pal/gallium/lib/gazebo_ros/spawn_model', '-urdf', '-param', 'robot_description', '-x', '0.0', '-y', '0.0', '-z', '0.0', '-R', '0.0', '-P', '0.0', '-Y', '0.0', '-model', 'tiago', '__name:=spawn_model', '__log:=/home/pal/.ros/log/2516c386-d12f-11f0-b32a-9c2f9d99f7eb/spawn_model-3.log']]
[roslaunch][INFO] 2025-12-04 20:16:37,750: process[spawn_model-3]: cwd will be [/home/pal/.ros]
[roslaunch][INFO] 2025-12-04 20:16:37,763: process[spawn_model-3]: started with pid [3233]
[roslaunch][INFO] 2025-12-04 20:16:37,764: ... successfully launched [spawn_model-3]
[roslaunch][INFO] 2025-12-04 20:16:37,765: ... preparing to launch node of type [controller_manager/spawner]
[roslaunch][INFO] 2025-12-04 20:16:37,765: create_node_process: package[controller_manager] type[spawner] machine[Machine(name[] env_loader[None] address[localhost] ssh_port[22] user[None] assignable[True] timeout[10.0])] master_uri[http://localhost:11311/]
[roslaunch][INFO] 2025-12-04 20:16:37,765: process[default_controllers_spawner-4]: env[{'ROS_VERSION': '1', 'DISABLE_ROS1_EOL_WARNINGS': '1', 'PKG_CONFIG_PATH': '/opt/pal/gallium/lib/pkgconfig:/opt/pal/gallium/lib/x86_64-linux-gnu/pkgconfig:/opt/ros/noetic/lib/pkgconfig:/opt/ros/noetic/lib/x86_64-linux-gnu/pkgconfig', 'ROS_PYTHON_VERSION': '3', 'HOSTNAME': 'epan-tiago-noetic-ssh', 'VISP_WS': '/home/pal/visp-ws', 'ROS_PACKAGE_PATH': '/opt/pal/gallium/share:/opt/ros/noetic/share', 'ROSLISP_PACKAGE_DIRECTORIES': '', 'PWD': '/home/pal/ros_ws/src/image_bridge/scripts', 'XAUTHORITY': '', 'TZ': 'Europe/Paris', 'ROS_IP': '127.0.0.1', 'HOME': '/home/pal', 'ROS_ETC_DIR': '/opt/ros/noetic/etc/ros', 'LS_COLORS': 'rs=0:di=01;34:ln=01;36:mh=00:pi=40;33:so=01;35:do=01;35:bd=40;33;01:cd=40;33;01:or=40;31;01:mi=00:su=37;41:sg=30;43:ca=30;41:tw=30;42:ow=34;42:st=37;44:ex=01;32:*.tar=01;31:*.tgz=01;31:*.arc=01;31:*.arj=01;31:*.taz=01;31:*.lha=01;31:*.lz4=01;31:*.lzh=01;31:*.lzma=01;31:*.tlz=01;31:*.txz=01;31:*.tzo=01;31:*.t7z=01;31:*.zip=01;31:*.z=01;31:*.dz=01;31:*.gz=01;31:*.lrz=01;31:*.lz=01;31:*.lzo=01;31:*.xz=01;31:*.zst=01;31:*.tzst=01;31:*.bz2=01;31:*.bz=01;31:*.tbz=01;31:*.tbz2=01;31:*.tz=01;31:*.deb=01;31:*.rpm=01;31:*.jar=01;31:*.war=01;31:*.ear=01;31:*.sar=01;31:*.rar=01;31:*.alz=01;31:*.ace=01;31:*.zoo=01;31:*.cpio=01;31:*.7z=01;31:*.rz=01;31:*.cab=01;31:*.wim=01;31:*.swm=01;31:*.dwm=01;31:*.esd=01;31:*.jpg=01;35:*.jpeg=01;35:*.mjpg=01;35:*.mjpeg=01;35:*.gif=01;35:*.bmp=01;35:*.pbm=01;35:*.pgm=01;35:*.ppm=01;35:*.tga=01;35:*.xbm=01;35:*.xpm=01;35:*.tif=01;35:*.tiff=01;35:*.png=01;35:*.svg=01;35:*.svgz=01;35:*.mng=01;35:*.pcx=01;35:*.mov=01;35:*.mpg=01;35:*.mpeg=01;35:*.m2v=01;35:*.mkv=01;35:*.webm=01;35:*.ogm=01;35:*.mp4=01;35:*.m4v=01;35:*.mp4v=01;35:*.vob=01;35:*.qt=01;35:*.nuv=01;35:*.wmv=01;35:*.asf=01;35:*.rm=01;35:*.rmvb=01;35:*.flc=01;35:*.avi=01;35:*.fli=01;35:*.flv=01;35:*.gl=01;35:*.dl=01;35:*.xcf=01;35:*.xwd=01;35:*.yuv=01;35:*.cgm=01;35:*.emf=01;35:*.ogv=01;35:*.ogx=01;35:*.aac=00;36:*.au=00;36:*.flac=00;36:*.m4a=00;36:*.mid=00;36:*.midi=00;36:*.mka=00;36:*.mp3=00;36:*.mpc=00;36:*.ogg=00;36:*.ra=00;36:*.wav=00;36:*.oga=00;36:*.opus=00;36:*.spx=00;36:*.xspf=00;36:', 'OROCOS_TARGET': 'gnulinux', 'CMAKE_PREFIX_PATH': '/opt/pal/gallium:/opt/ros/noetic', 'GAZEBO_RESOURCE_PATH': '/home/pal/ros_ws/src/va50:', 'ROS_WORKSPACE': '/home/pal/ros_ws', 'LESSCLOSE': '/usr/bin/lesspipe %s %s', 'PYTHONPATH': '/opt/pal/gallium/lib/python3/dist-packages:/opt/ros/noetic/lib/python3/dist-packages', 'TERM': 'xterm', 'VISP_INPUT_IMAGE_PATH': '/home/pal/visp-ws/visp-images', 'LESSOPEN': '| /usr/bin/lesspipe %s', 'USER': 'pal', 'RTT_COMPONENT_PATH': '/opt/pal/gallium/lib/orocos', 'DISPLAY': ':0', 'SHLVL': '1', 'PAL_DISTRO': 'gallium', 'ROS_MASTER_URI': 'http://localhost:11311/', 'LD_LIBRARY_PATH': '/opt/pal/gallium/lib:/opt/pal/gallium/lib/x86_64-linux-gnu:/opt/ros/noetic/lib:/opt/ros/noetic/lib/x86_64-linux-gnu:/usr/local/lib', 'GAZEBO_MODEL_PATH': '/home/pal/ros_ws/src/va50/models:', 'PATH': '/opt/pal/gallium/bin:/opt/ros/noetic/bin:/opt/pal/gallium/lib/pal_debian_utils/:/usr/local/sbin:/usr/local/bin:/usr/sbin:/usr/bin:/sbin:/bin', 'LUA_PATH': ';;/opt/pal/gallium/share/lua/5.1/?.lua;/opt/pal/gallium/share/lua/5.1/?.lua;/opt/pal/gallium/share/lua/5.1/?.lua;/opt/pal/gallium/share/lua/5.1/?.lua;/opt/pal/gallium/share/lua/5.1/?.lua;/opt/pal/gallium/share/lua/5.1/?.lua', 'DEBIAN_FRONTEND': 'noninteractive', 'ROS_ROOT': '/opt/ros/noetic/share/ros', 'ROS_DISTRO': 'noetic', 'QT_X11_NO_MITSHM': '1', 'OLDPWD': '/home/pal/ros_ws/src', '_': '/opt/ros/noetic/bin/roslaunch', 'LC_CTYPE': 'C.UTF-8', 'ROS_LOG_FILENAME': '/home/pal/.ros/log/2516c386-d12f-11f0-b32a-9c2f9d99f7eb/roslaunch-epan-tiago-noetic-ssh-3176.log', 'LC_NUMERIC': 'C'}]
[roslaunch][INFO] 2025-12-04 20:16:37,766: process[default_controllers_spawner-4]: args[['/opt/pal/gallium/lib/controller_manager/spawner', '--timeout', '120', 'joint_state_controller', 'torso_controller', 'head_controller', 'arm_controller', 'mobile_base_controller', '__name:=default_controllers_spawner']]
[roslaunch][INFO] 2025-12-04 20:16:37,766: ... created process [default_controllers_spawner-4]
[roslaunch.pmon][INFO] 2025-12-04 20:16:37,766: ProcessMonitor.register[default_controllers_spawner-4]
[roslaunch.pmon][INFO] 2025-12-04 20:16:37,767: ProcessMonitor.register[default_controllers_spawner-4] complete
[roslaunch][INFO] 2025-12-04 20:16:37,767: ... registered process [default_controllers_spawner-4]
[roslaunch][INFO] 2025-12-04 20:16:37,767: process[default_controllers_spawner-4]: starting os process
[roslaunch][INFO] 2025-12-04 20:16:37,767: process[default_controllers_spawner-4]: start w/ args [['/opt/pal/gallium/lib/controller_manager/spawner', '--timeout', '120', 'joint_state_controller', 'torso_controller', 'head_controller', 'arm_controller', 'mobile_base_controller', '__name:=default_controllers_spawner', '__log:=/home/pal/.ros/log/2516c386-d12f-11f0-b32a-9c2f9d99f7eb/default_controllers_spawner-4.log']]
[roslaunch][INFO] 2025-12-04 20:16:37,767: process[default_controllers_spawner-4]: cwd will be [/home/pal/.ros]
[roslaunch][INFO] 2025-12-04 20:16:37,775: process[default_controllers_spawner-4]: started with pid [3235]
[roslaunch][INFO] 2025-12-04 20:16:37,775: ... successfully launched [default_controllers_spawner-4]
[roslaunch][INFO] 2025-12-04 20:16:37,775: ... preparing to launch node of type [head_action/head_action]
[roslaunch][INFO] 2025-12-04 20:16:37,775: create_node_process: package[head_action] type[head_action] machine[Machine(name[] env_loader[None] address[localhost] ssh_port[22] user[None] assignable[True] timeout[10.0])] master_uri[http://localhost:11311/]
[roslaunch][INFO] 2025-12-04 20:16:37,776: process[head_controller/point_head_action-5]: env[{'ROS_VERSION': '1', 'DISABLE_ROS1_EOL_WARNINGS': '1', 'PKG_CONFIG_PATH': '/opt/pal/gallium/lib/pkgconfig:/opt/pal/gallium/lib/x86_64-linux-gnu/pkgconfig:/opt/ros/noetic/lib/pkgconfig:/opt/ros/noetic/lib/x86_64-linux-gnu/pkgconfig', 'ROS_PYTHON_VERSION': '3', 'HOSTNAME': 'epan-tiago-noetic-ssh', 'VISP_WS': '/home/pal/visp-ws', 'ROS_PACKAGE_PATH': '/opt/pal/gallium/share:/opt/ros/noetic/share', 'ROSLISP_PACKAGE_DIRECTORIES': '', 'PWD': '/home/pal/ros_ws/src/image_bridge/scripts', 'XAUTHORITY': '', 'TZ': 'Europe/Paris', 'ROS_IP': '127.0.0.1', 'HOME': '/home/pal', 'ROS_ETC_DIR': '/opt/ros/noetic/etc/ros', 'LS_COLORS': 'rs=0:di=01;34:ln=01;36:mh=00:pi=40;33:so=01;35:do=01;35:bd=40;33;01:cd=40;33;01:or=40;31;01:mi=00:su=37;41:sg=30;43:ca=30;41:tw=30;42:ow=34;42:st=37;44:ex=01;32:*.tar=01;31:*.tgz=01;31:*.arc=01;31:*.arj=01;31:*.taz=01;31:*.lha=01;31:*.lz4=01;31:*.lzh=01;31:*.lzma=01;31:*.tlz=01;31:*.txz=01;31:*.tzo=01;31:*.t7z=01;31:*.zip=01;31:*.z=01;31:*.dz=01;31:*.gz=01;31:*.lrz=01;31:*.lz=01;31:*.lzo=01;31:*.xz=01;31:*.zst=01;31:*.tzst=01;31:*.bz2=01;31:*.bz=01;31:*.tbz=01;31:*.tbz2=01;31:*.tz=01;31:*.deb=01;31:*.rpm=01;31:*.jar=01;31:*.war=01;31:*.ear=01;31:*.sar=01;31:*.rar=01;31:*.alz=01;31:*.ace=01;31:*.zoo=01;31:*.cpio=01;31:*.7z=01;31:*.rz=01;31:*.cab=01;31:*.wim=01;31:*.swm=01;31:*.dwm=01;31:*.esd=01;31:*.jpg=01;35:*.jpeg=01;35:*.mjpg=01;35:*.mjpeg=01;35:*.gif=01;35:*.bmp=01;35:*.pbm=01;35:*.pgm=01;35:*.ppm=01;35:*.tga=01;35:*.xbm=01;35:*.xpm=01;35:*.tif=01;35:*.tiff=01;35:*.png=01;35:*.svg=01;35:*.svgz=01;35:*.mng=01;35:*.pcx=01;35:*.mov=01;35:*.mpg=01;35:*.mpeg=01;35:*.m2v=01;35:*.mkv=01;35:*.webm=01;35:*.ogm=01;35:*.mp4=01;35:*.m4v=01;35:*.mp4v=01;35:*.vob=01;35:*.qt=01;35:*.nuv=01;35:*.wmv=01;35:*.asf=01;35:*.rm=01;35:*.rmvb=01;35:*.flc=01;35:*.avi=01;35:*.fli=01;35:*.flv=01;35:*.gl=01;35:*.dl=01;35:*.xcf=01;35:*.xwd=01;35:*.yuv=01;35:*.cgm=01;35:*.emf=01;35:*.ogv=01;35:*.ogx=01;35:*.aac=00;36:*.au=00;36:*.flac=00;36:*.m4a=00;36:*.mid=00;36:*.midi=00;36:*.mka=00;36:*.mp3=00;36:*.mpc=00;36:*.ogg=00;36:*.ra=00;36:*.wav=00;36:*.oga=00;36:*.opus=00;36:*.spx=00;36:*.xspf=00;36:', 'OROCOS_TARGET': 'gnulinux', 'CMAKE_PREFIX_PATH': '/opt/pal/gallium:/opt/ros/noetic', 'GAZEBO_RESOURCE_PATH': '/home/pal/ros_ws/src/va50:', 'ROS_WORKSPACE': '/home/pal/ros_ws', 'LESSCLOSE': '/usr/bin/lesspipe %s %s', 'PYTHONPATH': '/opt/pal/gallium/lib/python3/dist-packages:/opt/ros/noetic/lib/python3/dist-packages', 'TERM': 'xterm', 'VISP_INPUT_IMAGE_PATH': '/home/pal/visp-ws/visp-images', 'LESSOPEN': '| /usr/bin/lesspipe %s', 'USER': 'pal', 'RTT_COMPONENT_PATH': '/opt/pal/gallium/lib/orocos', 'DISPLAY': ':0', 'SHLVL': '1', 'PAL_DISTRO': 'gallium', 'ROS_MASTER_URI': 'http://localhost:11311/', 'LD_LIBRARY_PATH': '/opt/pal/gallium/lib:/opt/pal/gallium/lib/x86_64-linux-gnu:/opt/ros/noetic/lib:/opt/ros/noetic/lib/x86_64-linux-gnu:/usr/local/lib', 'GAZEBO_MODEL_PATH': '/home/pal/ros_ws/src/va50/models:', 'PATH': '/opt/pal/gallium/bin:/opt/ros/noetic/bin:/opt/pal/gallium/lib/pal_debian_utils/:/usr/local/sbin:/usr/local/bin:/usr/sbin:/usr/bin:/sbin:/bin', 'LUA_PATH': ';;/opt/pal/gallium/share/lua/5.1/?.lua;/opt/pal/gallium/share/lua/5.1/?.lua;/opt/pal/gallium/share/lua/5.1/?.lua;/opt/pal/gallium/share/lua/5.1/?.lua;/opt/pal/gallium/share/lua/5.1/?.lua;/opt/pal/gallium/share/lua/5.1/?.lua', 'DEBIAN_FRONTEND': 'noninteractive', 'ROS_ROOT': '/opt/ros/noetic/share/ros', 'ROS_DISTRO': 'noetic', 'QT_X11_NO_MITSHM': '1', 'OLDPWD': '/home/pal/ros_ws/src', '_': '/opt/ros/noetic/bin/roslaunch', 'LC_CTYPE': 'C.UTF-8', 'ROS_LOG_FILENAME': '/home/pal/.ros/log/2516c386-d12f-11f0-b32a-9c2f9d99f7eb/roslaunch-epan-tiago-noetic-ssh-3176.log', 'ROS_NAMESPACE': '/head_controller', 'LC_NUMERIC': 'C'}]
[roslaunch][INFO] 2025-12-04 20:16:37,780: process[head_controller/point_head_action-5]: args[['/opt/pal/gallium/lib/head_action/head_action', '__name:=point_head_action']]
[roslaunch][INFO] 2025-12-04 20:16:37,780: ... created process [head_controller/point_head_action-5]
[roslaunch.pmon][INFO] 2025-12-04 20:16:37,780: ProcessMonitor.register[head_controller/point_head_action-5]
[roslaunch.pmon][INFO] 2025-12-04 20:16:37,780: ProcessMonitor.register[head_controller/point_head_action-5] complete
[roslaunch][INFO] 2025-12-04 20:16:37,780: ... registered process [head_controller/point_head_action-5]
[roslaunch][INFO] 2025-12-04 20:16:37,780: process[head_controller/point_head_action-5]: starting os process
[roslaunch][INFO] 2025-12-04 20:16:37,780: process[head_controller/point_head_action-5]: start w/ args [['/opt/pal/gallium/lib/head_action/head_action', '__name:=point_head_action', '__log:=/home/pal/.ros/log/2516c386-d12f-11f0-b32a-9c2f9d99f7eb/head_controller-point_head_action-5.log']]
[roslaunch][INFO] 2025-12-04 20:16:37,780: process[head_controller/point_head_action-5]: cwd will be [/home/pal/.ros]
[roslaunch][INFO] 2025-12-04 20:16:37,790: process[head_controller/point_head_action-5]: started with pid [3236]
[roslaunch][INFO] 2025-12-04 20:16:37,791: ... successfully launched [head_controller/point_head_action-5]
[roslaunch][INFO] 2025-12-04 20:16:37,791: ... preparing to launch node of type [controller_manager/spawner]
[roslaunch][INFO] 2025-12-04 20:16:37,791: create_node_process: package[controller_manager] type[spawner] machine[Machine(name[] env_loader[None] address[localhost] ssh_port[22] user[None] assignable[True] timeout[10.0])] master_uri[http://localhost:11311/]
[roslaunch][INFO] 2025-12-04 20:16:37,791: process[bringup_controllers_spawner_imu-6]: env[{'ROS_VERSION': '1', 'DISABLE_ROS1_EOL_WARNINGS': '1', 'PKG_CONFIG_PATH': '/opt/pal/gallium/lib/pkgconfig:/opt/pal/gallium/lib/x86_64-linux-gnu/pkgconfig:/opt/ros/noetic/lib/pkgconfig:/opt/ros/noetic/lib/x86_64-linux-gnu/pkgconfig', 'ROS_PYTHON_VERSION': '3', 'HOSTNAME': 'epan-tiago-noetic-ssh', 'VISP_WS': '/home/pal/visp-ws', 'ROS_PACKAGE_PATH': '/opt/pal/gallium/share:/opt/ros/noetic/share', 'ROSLISP_PACKAGE_DIRECTORIES': '', 'PWD': '/home/pal/ros_ws/src/image_bridge/scripts', 'XAUTHORITY': '', 'TZ': 'Europe/Paris', 'ROS_IP': '127.0.0.1', 'HOME': '/home/pal', 'ROS_ETC_DIR': '/opt/ros/noetic/etc/ros', 'LS_COLORS': 'rs=0:di=01;34:ln=01;36:mh=00:pi=40;33:so=01;35:do=01;35:bd=40;33;01:cd=40;33;01:or=40;31;01:mi=00:su=37;41:sg=30;43:ca=30;41:tw=30;42:ow=34;42:st=37;44:ex=01;32:*.tar=01;31:*.tgz=01;31:*.arc=01;31:*.arj=01;31:*.taz=01;31:*.lha=01;31:*.lz4=01;31:*.lzh=01;31:*.lzma=01;31:*.tlz=01;31:*.txz=01;31:*.tzo=01;31:*.t7z=01;31:*.zip=01;31:*.z=01;31:*.dz=01;31:*.gz=01;31:*.lrz=01;31:*.lz=01;31:*.lzo=01;31:*.xz=01;31:*.zst=01;31:*.tzst=01;31:*.bz2=01;31:*.bz=01;31:*.tbz=01;31:*.tbz2=01;31:*.tz=01;31:*.deb=01;31:*.rpm=01;31:*.jar=01;31:*.war=01;31:*.ear=01;31:*.sar=01;31:*.rar=01;31:*.alz=01;31:*.ace=01;31:*.zoo=01;31:*.cpio=01;31:*.7z=01;31:*.rz=01;31:*.cab=01;31:*.wim=01;31:*.swm=01;31:*.dwm=01;31:*.esd=01;31:*.jpg=01;35:*.jpeg=01;35:*.mjpg=01;35:*.mjpeg=01;35:*.gif=01;35:*.bmp=01;35:*.pbm=01;35:*.pgm=01;35:*.ppm=01;35:*.tga=01;35:*.xbm=01;35:*.xpm=01;35:*.tif=01;35:*.tiff=01;35:*.png=01;35:*.svg=01;35:*.svgz=01;35:*.mng=01;35:*.pcx=01;35:*.mov=01;35:*.mpg=01;35:*.mpeg=01;35:*.m2v=01;35:*.mkv=01;35:*.webm=01;35:*.ogm=01;35:*.mp4=01;35:*.m4v=01;35:*.mp4v=01;35:*.vob=01;35:*.qt=01;35:*.nuv=01;35:*.wmv=01;35:*.asf=01;35:*.rm=01;35:*.rmvb=01;35:*.flc=01;35:*.avi=01;35:*.fli=01;35:*.flv=01;35:*.gl=01;35:*.dl=01;35:*.xcf=01;35:*.xwd=01;35:*.yuv=01;35:*.cgm=01;35:*.emf=01;35:*.ogv=01;35:*.ogx=01;35:*.aac=00;36:*.au=00;36:*.flac=00;36:*.m4a=00;36:*.mid=00;36:*.midi=00;36:*.mka=00;36:*.mp3=00;36:*.mpc=00;36:*.ogg=00;36:*.ra=00;36:*.wav=00;36:*.oga=00;36:*.opus=00;36:*.spx=00;36:*.xspf=00;36:', 'OROCOS_TARGET': 'gnulinux', 'CMAKE_PREFIX_PATH': '/opt/pal/gallium:/opt/ros/noetic', 'GAZEBO_RESOURCE_PATH': '/home/pal/ros_ws/src/va50:', 'ROS_WORKSPACE': '/home/pal/ros_ws', 'LESSCLOSE': '/usr/bin/lesspipe %s %s', 'PYTHONPATH': '/opt/pal/gallium/lib/python3/dist-packages:/opt/ros/noetic/lib/python3/dist-packages', 'TERM': 'xterm', 'VISP_INPUT_IMAGE_PATH': '/home/pal/visp-ws/visp-images', 'LESSOPEN': '| /usr/bin/lesspipe %s', 'USER': 'pal', 'RTT_COMPONENT_PATH': '/opt/pal/gallium/lib/orocos', 'DISPLAY': ':0', 'SHLVL': '1', 'PAL_DISTRO': 'gallium', 'ROS_MASTER_URI': 'http://localhost:11311/', 'LD_LIBRARY_PATH': '/opt/pal/gallium/lib:/opt/pal/gallium/lib/x86_64-linux-gnu:/opt/ros/noetic/lib:/opt/ros/noetic/lib/x86_64-linux-gnu:/usr/local/lib', 'GAZEBO_MODEL_PATH': '/home/pal/ros_ws/src/va50/models:', 'PATH': '/opt/pal/gallium/bin:/opt/ros/noetic/bin:/opt/pal/gallium/lib/pal_debian_utils/:/usr/local/sbin:/usr/local/bin:/usr/sbin:/usr/bin:/sbin:/bin', 'LUA_PATH': ';;/opt/pal/gallium/share/lua/5.1/?.lua;/opt/pal/gallium/share/lua/5.1/?.lua;/opt/pal/gallium/share/lua/5.1/?.lua;/opt/pal/gallium/share/lua/5.1/?.lua;/opt/pal/gallium/share/lua/5.1/?.lua;/opt/pal/gallium/share/lua/5.1/?.lua', 'DEBIAN_FRONTEND': 'noninteractive', 'ROS_ROOT': '/opt/ros/noetic/share/ros', 'ROS_DISTRO': 'noetic', 'QT_X11_NO_MITSHM': '1', 'OLDPWD': '/home/pal/ros_ws/src', '_': '/opt/ros/noetic/bin/roslaunch', 'LC_CTYPE': 'C.UTF-8', 'ROS_LOG_FILENAME': '/home/pal/.ros/log/2516c386-d12f-11f0-b32a-9c2f9d99f7eb/roslaunch-epan-tiago-noetic-ssh-3176.log', 'LC_NUMERIC': 'C'}]
[roslaunch][INFO] 2025-12-04 20:16:37,792: process[bringup_controllers_spawner_imu-6]: args[['/opt/pal/gallium/lib/controller_manager/spawner', 'imu_sensor_controller', '__name:=bringup_controllers_spawner_imu']]
[roslaunch][INFO] 2025-12-04 20:16:37,792: ... created process [bringup_controllers_spawner_imu-6]
[roslaunch.pmon][INFO] 2025-12-04 20:16:37,792: ProcessMonitor.register[bringup_controllers_spawner_imu-6]
[roslaunch.pmon][INFO] 2025-12-04 20:16:37,792: ProcessMonitor.register[bringup_controllers_spawner_imu-6] complete
[roslaunch][INFO] 2025-12-04 20:16:37,792: ... registered process [bringup_controllers_spawner_imu-6]
[roslaunch][INFO] 2025-12-04 20:16:37,792: process[bringup_controllers_spawner_imu-6]: starting os process
[roslaunch][INFO] 2025-12-04 20:16:37,793: process[bringup_controllers_spawner_imu-6]: start w/ args [['/opt/pal/gallium/lib/controller_manager/spawner', 'imu_sensor_controller', '__name:=bringup_controllers_spawner_imu', '__log:=/home/pal/.ros/log/2516c386-d12f-11f0-b32a-9c2f9d99f7eb/bringup_controllers_spawner_imu-6.log']]
[roslaunch][INFO] 2025-12-04 20:16:37,793: process[bringup_controllers_spawner_imu-6]: cwd will be [/home/pal/.ros]
[roslaunch][INFO] 2025-12-04 20:16:37,805: process[bringup_controllers_spawner_imu-6]: started with pid [3237]
[roslaunch][INFO] 2025-12-04 20:16:37,805: ... successfully launched [bringup_controllers_spawner_imu-6]
[roslaunch][INFO] 2025-12-04 20:16:37,806: ... preparing to launch node of type [controller_manager/spawner]
[roslaunch][INFO] 2025-12-04 20:16:37,806: create_node_process: package[controller_manager] type[spawner] machine[Machine(name[] env_loader[None] address[localhost] ssh_port[22] user[None] assignable[True] timeout[10.0])] master_uri[http://localhost:11311/]
[roslaunch][INFO] 2025-12-04 20:16:37,806: process[bringup_controllers_spawner_ft-7]: env[{'ROS_VERSION': '1', 'DISABLE_ROS1_EOL_WARNINGS': '1', 'PKG_CONFIG_PATH': '/opt/pal/gallium/lib/pkgconfig:/opt/pal/gallium/lib/x86_64-linux-gnu/pkgconfig:/opt/ros/noetic/lib/pkgconfig:/opt/ros/noetic/lib/x86_64-linux-gnu/pkgconfig', 'ROS_PYTHON_VERSION': '3', 'HOSTNAME': 'epan-tiago-noetic-ssh', 'VISP_WS': '/home/pal/visp-ws', 'ROS_PACKAGE_PATH': '/opt/pal/gallium/share:/opt/ros/noetic/share', 'ROSLISP_PACKAGE_DIRECTORIES': '', 'PWD': '/home/pal/ros_ws/src/image_bridge/scripts', 'XAUTHORITY': '', 'TZ': 'Europe/Paris', 'ROS_IP': '127.0.0.1', 'HOME': '/home/pal', 'ROS_ETC_DIR': '/opt/ros/noetic/etc/ros', 'LS_COLORS': 'rs=0:di=01;34:ln=01;36:mh=00:pi=40;33:so=01;35:do=01;35:bd=40;33;01:cd=40;33;01:or=40;31;01:mi=00:su=37;41:sg=30;43:ca=30;41:tw=30;42:ow=34;42:st=37;44:ex=01;32:*.tar=01;31:*.tgz=01;31:*.arc=01;31:*.arj=01;31:*.taz=01;31:*.lha=01;31:*.lz4=01;31:*.lzh=01;31:*.lzma=01;31:*.tlz=01;31:*.txz=01;31:*.tzo=01;31:*.t7z=01;31:*.zip=01;31:*.z=01;31:*.dz=01;31:*.gz=01;31:*.lrz=01;31:*.lz=01;31:*.lzo=01;31:*.xz=01;31:*.zst=01;31:*.tzst=01;31:*.bz2=01;31:*.bz=01;31:*.tbz=01;31:*.tbz2=01;31:*.tz=01;31:*.deb=01;31:*.rpm=01;31:*.jar=01;31:*.war=01;31:*.ear=01;31:*.sar=01;31:*.rar=01;31:*.alz=01;31:*.ace=01;31:*.zoo=01;31:*.cpio=01;31:*.7z=01;31:*.rz=01;31:*.cab=01;31:*.wim=01;31:*.swm=01;31:*.dwm=01;31:*.esd=01;31:*.jpg=01;35:*.jpeg=01;35:*.mjpg=01;35:*.mjpeg=01;35:*.gif=01;35:*.bmp=01;35:*.pbm=01;35:*.pgm=01;35:*.ppm=01;35:*.tga=01;35:*.xbm=01;35:*.xpm=01;35:*.tif=01;35:*.tiff=01;35:*.png=01;35:*.svg=01;35:*.svgz=01;35:*.mng=01;35:*.pcx=01;35:*.mov=01;35:*.mpg=01;35:*.mpeg=01;35:*.m2v=01;35:*.mkv=01;35:*.webm=01;35:*.ogm=01;35:*.mp4=01;35:*.m4v=01;35:*.mp4v=01;35:*.vob=01;35:*.qt=01;35:*.nuv=01;35:*.wmv=01;35:*.asf=01;35:*.rm=01;35:*.rmvb=01;35:*.flc=01;35:*.avi=01;35:*.fli=01;35:*.flv=01;35:*.gl=01;35:*.dl=01;35:*.xcf=01;35:*.xwd=01;35:*.yuv=01;35:*.cgm=01;35:*.emf=01;35:*.ogv=01;35:*.ogx=01;35:*.aac=00;36:*.au=00;36:*.flac=00;36:*.m4a=00;36:*.mid=00;36:*.midi=00;36:*.mka=00;36:*.mp3=00;36:*.mpc=00;36:*.ogg=00;36:*.ra=00;36:*.wav=00;36:*.oga=00;36:*.opus=00;36:*.spx=00;36:*.xspf=00;36:', 'OROCOS_TARGET': 'gnulinux', 'CMAKE_PREFIX_PATH': '/opt/pal/gallium:/opt/ros/noetic', 'GAZEBO_RESOURCE_PATH': '/home/pal/ros_ws/src/va50:', 'ROS_WORKSPACE': '/home/pal/ros_ws', 'LESSCLOSE': '/usr/bin/lesspipe %s %s', 'PYTHONPATH': '/opt/pal/gallium/lib/python3/dist-packages:/opt/ros/noetic/lib/python3/dist-packages', 'TERM': 'xterm', 'VISP_INPUT_IMAGE_PATH': '/home/pal/visp-ws/visp-images', 'LESSOPEN': '| /usr/bin/lesspipe %s', 'USER': 'pal', 'RTT_COMPONENT_PATH': '/opt/pal/gallium/lib/orocos', 'DISPLAY': ':0', 'SHLVL': '1', 'PAL_DISTRO': 'gallium', 'ROS_MASTER_URI': 'http://localhost:11311/', 'LD_LIBRARY_PATH': '/opt/pal/gallium/lib:/opt/pal/gallium/lib/x86_64-linux-gnu:/opt/ros/noetic/lib:/opt/ros/noetic/lib/x86_64-linux-gnu:/usr/local/lib', 'GAZEBO_MODEL_PATH': '/home/pal/ros_ws/src/va50/models:', 'PATH': '/opt/pal/gallium/bin:/opt/ros/noetic/bin:/opt/pal/gallium/lib/pal_debian_utils/:/usr/local/sbin:/usr/local/bin:/usr/sbin:/usr/bin:/sbin:/bin', 'LUA_PATH': ';;/opt/pal/gallium/share/lua/5.1/?.lua;/opt/pal/gallium/share/lua/5.1/?.lua;/opt/pal/gallium/share/lua/5.1/?.lua;/opt/pal/gallium/share/lua/5.1/?.lua;/opt/pal/gallium/share/lua/5.1/?.lua;/opt/pal/gallium/share/lua/5.1/?.lua', 'DEBIAN_FRONTEND': 'noninteractive', 'ROS_ROOT': '/opt/ros/noetic/share/ros', 'ROS_DISTRO': 'noetic', 'QT_X11_NO_MITSHM': '1', 'OLDPWD': '/home/pal/ros_ws/src', '_': '/opt/ros/noetic/bin/roslaunch', 'LC_CTYPE': 'C.UTF-8', 'ROS_LOG_FILENAME': '/home/pal/.ros/log/2516c386-d12f-11f0-b32a-9c2f9d99f7eb/roslaunch-epan-tiago-noetic-ssh-3176.log', 'LC_NUMERIC': 'C'}]
[roslaunch][INFO] 2025-12-04 20:16:37,807: process[bringup_controllers_spawner_ft-7]: args[['/opt/pal/gallium/lib/controller_manager/spawner', 'force_torque_sensor_controller', '__name:=bringup_controllers_spawner_ft']]
[roslaunch][INFO] 2025-12-04 20:16:37,807: ... created process [bringup_controllers_spawner_ft-7]
[roslaunch.pmon][INFO] 2025-12-04 20:16:37,807: ProcessMonitor.register[bringup_controllers_spawner_ft-7]
[roslaunch.pmon][INFO] 2025-12-04 20:16:37,807: ProcessMonitor.register[bringup_controllers_spawner_ft-7] complete
[roslaunch][INFO] 2025-12-04 20:16:37,807: ... registered process [bringup_controllers_spawner_ft-7]
[roslaunch][INFO] 2025-12-04 20:16:37,807: process[bringup_controllers_spawner_ft-7]: starting os process
[roslaunch][INFO] 2025-12-04 20:16:37,808: process[bringup_controllers_spawner_ft-7]: start w/ args [['/opt/pal/gallium/lib/controller_manager/spawner', 'force_torque_sensor_controller', '__name:=bringup_controllers_spawner_ft', '__log:=/home/pal/.ros/log/2516c386-d12f-11f0-b32a-9c2f9d99f7eb/bringup_controllers_spawner_ft-7.log']]
[roslaunch][INFO] 2025-12-04 20:16:37,808: process[bringup_controllers_spawner_ft-7]: cwd will be [/home/pal/.ros]
[roslaunch][INFO] 2025-12-04 20:16:37,838: process[bringup_controllers_spawner_ft-7]: started with pid [3238]
[roslaunch][INFO] 2025-12-04 20:16:37,839: ... successfully launched [bringup_controllers_spawner_ft-7]
[roslaunch][INFO] 2025-12-04 20:16:37,839: ... preparing to launch node of type [controller_manager/spawner]
[roslaunch][INFO] 2025-12-04 20:16:37,839: create_node_process: package[controller_manager] type[spawner] machine[Machine(name[] env_loader[None] address[localhost] ssh_port[22] user[None] assignable[True] timeout[10.0])] master_uri[http://localhost:11311/]
[roslaunch][INFO] 2025-12-04 20:16:37,839: process[hand_controller_spawner-8]: env[{'ROS_VERSION': '1', 'DISABLE_ROS1_EOL_WARNINGS': '1', 'PKG_CONFIG_PATH': '/opt/pal/gallium/lib/pkgconfig:/opt/pal/gallium/lib/x86_64-linux-gnu/pkgconfig:/opt/ros/noetic/lib/pkgconfig:/opt/ros/noetic/lib/x86_64-linux-gnu/pkgconfig', 'ROS_PYTHON_VERSION': '3', 'HOSTNAME': 'epan-tiago-noetic-ssh', 'VISP_WS': '/home/pal/visp-ws', 'ROS_PACKAGE_PATH': '/opt/pal/gallium/share:/opt/ros/noetic/share', 'ROSLISP_PACKAGE_DIRECTORIES': '', 'PWD': '/home/pal/ros_ws/src/image_bridge/scripts', 'XAUTHORITY': '', 'TZ': 'Europe/Paris', 'ROS_IP': '127.0.0.1', 'HOME': '/home/pal', 'ROS_ETC_DIR': '/opt/ros/noetic/etc/ros', 'LS_COLORS': 'rs=0:di=01;34:ln=01;36:mh=00:pi=40;33:so=01;35:do=01;35:bd=40;33;01:cd=40;33;01:or=40;31;01:mi=00:su=37;41:sg=30;43:ca=30;41:tw=30;42:ow=34;42:st=37;44:ex=01;32:*.tar=01;31:*.tgz=01;31:*.arc=01;31:*.arj=01;31:*.taz=01;31:*.lha=01;31:*.lz4=01;31:*.lzh=01;31:*.lzma=01;31:*.tlz=01;31:*.txz=01;31:*.tzo=01;31:*.t7z=01;31:*.zip=01;31:*.z=01;31:*.dz=01;31:*.gz=01;31:*.lrz=01;31:*.lz=01;31:*.lzo=01;31:*.xz=01;31:*.zst=01;31:*.tzst=01;31:*.bz2=01;31:*.bz=01;31:*.tbz=01;31:*.tbz2=01;31:*.tz=01;31:*.deb=01;31:*.rpm=01;31:*.jar=01;31:*.war=01;31:*.ear=01;31:*.sar=01;31:*.rar=01;31:*.alz=01;31:*.ace=01;31:*.zoo=01;31:*.cpio=01;31:*.7z=01;31:*.rz=01;31:*.cab=01;31:*.wim=01;31:*.swm=01;31:*.dwm=01;31:*.esd=01;31:*.jpg=01;35:*.jpeg=01;35:*.mjpg=01;35:*.mjpeg=01;35:*.gif=01;35:*.bmp=01;35:*.pbm=01;35:*.pgm=01;35:*.ppm=01;35:*.tga=01;35:*.xbm=01;35:*.xpm=01;35:*.tif=01;35:*.tiff=01;35:*.png=01;35:*.svg=01;35:*.svgz=01;35:*.mng=01;35:*.pcx=01;35:*.mov=01;35:*.mpg=01;35:*.mpeg=01;35:*.m2v=01;35:*.mkv=01;35:*.webm=01;35:*.ogm=01;35:*.mp4=01;35:*.m4v=01;35:*.mp4v=01;35:*.vob=01;35:*.qt=01;35:*.nuv=01;35:*.wmv=01;35:*.asf=01;35:*.rm=01;35:*.rmvb=01;35:*.flc=01;35:*.avi=01;35:*.fli=01;35:*.flv=01;35:*.gl=01;35:*.dl=01;35:*.xcf=01;35:*.xwd=01;35:*.yuv=01;35:*.cgm=01;35:*.emf=01;35:*.ogv=01;35:*.ogx=01;35:*.aac=00;36:*.au=00;36:*.flac=00;36:*.m4a=00;36:*.mid=00;36:*.midi=00;36:*.mka=00;36:*.mp3=00;36:*.mpc=00;36:*.ogg=00;36:*.ra=00;36:*.wav=00;36:*.oga=00;36:*.opus=00;36:*.spx=00;36:*.xspf=00;36:', 'OROCOS_TARGET': 'gnulinux', 'CMAKE_PREFIX_PATH': '/opt/pal/gallium:/opt/ros/noetic', 'GAZEBO_RESOURCE_PATH': '/home/pal/ros_ws/src/va50:', 'ROS_WORKSPACE': '/home/pal/ros_ws', 'LESSCLOSE': '/usr/bin/lesspipe %s %s', 'PYTHONPATH': '/opt/pal/gallium/lib/python3/dist-packages:/opt/ros/noetic/lib/python3/dist-packages', 'TERM': 'xterm', 'VISP_INPUT_IMAGE_PATH': '/home/pal/visp-ws/visp-images', 'LESSOPEN': '| /usr/bin/lesspipe %s', 'USER': 'pal', 'RTT_COMPONENT_PATH': '/opt/pal/gallium/lib/orocos', 'DISPLAY': ':0', 'SHLVL': '1', 'PAL_DISTRO': 'gallium', 'ROS_MASTER_URI': 'http://localhost:11311/', 'LD_LIBRARY_PATH': '/opt/pal/gallium/lib:/opt/pal/gallium/lib/x86_64-linux-gnu:/opt/ros/noetic/lib:/opt/ros/noetic/lib/x86_64-linux-gnu:/usr/local/lib', 'GAZEBO_MODEL_PATH': '/home/pal/ros_ws/src/va50/models:', 'PATH': '/opt/pal/gallium/bin:/opt/ros/noetic/bin:/opt/pal/gallium/lib/pal_debian_utils/:/usr/local/sbin:/usr/local/bin:/usr/sbin:/usr/bin:/sbin:/bin', 'LUA_PATH': ';;/opt/pal/gallium/share/lua/5.1/?.lua;/opt/pal/gallium/share/lua/5.1/?.lua;/opt/pal/gallium/share/lua/5.1/?.lua;/opt/pal/gallium/share/lua/5.1/?.lua;/opt/pal/gallium/share/lua/5.1/?.lua;/opt/pal/gallium/share/lua/5.1/?.lua', 'DEBIAN_FRONTEND': 'noninteractive', 'ROS_ROOT': '/opt/ros/noetic/share/ros', 'ROS_DISTRO': 'noetic', 'QT_X11_NO_MITSHM': '1', 'OLDPWD': '/home/pal/ros_ws/src', '_': '/opt/ros/noetic/bin/roslaunch', 'LC_CTYPE': 'C.UTF-8', 'ROS_LOG_FILENAME': '/home/pal/.ros/log/2516c386-d12f-11f0-b32a-9c2f9d99f7eb/roslaunch-epan-tiago-noetic-ssh-3176.log', 'LC_NUMERIC': 'C'}]
[roslaunch][INFO] 2025-12-04 20:16:37,841: process[hand_controller_spawner-8]: args[['/opt/pal/gallium/lib/controller_manager/spawner', '--timeout', '120', 'hand_controller', '__name:=hand_controller_spawner']]
[roslaunch][INFO] 2025-12-04 20:16:37,842: ... created process [hand_controller_spawner-8]
[roslaunch.pmon][INFO] 2025-12-04 20:16:37,842: ProcessMonitor.register[hand_controller_spawner-8]
[roslaunch.pmon][INFO] 2025-12-04 20:16:37,842: ProcessMonitor.register[hand_controller_spawner-8] complete
[roslaunch][INFO] 2025-12-04 20:16:37,842: ... registered process [hand_controller_spawner-8]
[roslaunch][INFO] 2025-12-04 20:16:37,842: process[hand_controller_spawner-8]: starting os process
[roslaunch][INFO] 2025-12-04 20:16:37,842: process[hand_controller_spawner-8]: start w/ args [['/opt/pal/gallium/lib/controller_manager/spawner', '--timeout', '120', 'hand_controller', '__name:=hand_controller_spawner', '__log:=/home/pal/.ros/log/2516c386-d12f-11f0-b32a-9c2f9d99f7eb/hand_controller_spawner-8.log']]
[roslaunch][INFO] 2025-12-04 20:16:37,842: process[hand_controller_spawner-8]: cwd will be [/home/pal/.ros]
[roslaunch][INFO] 2025-12-04 20:16:37,866: process[hand_controller_spawner-8]: started with pid [3251]
[roslaunch][INFO] 2025-12-04 20:16:37,866: ... successfully launched [hand_controller_spawner-8]
[roslaunch][INFO] 2025-12-04 20:16:37,867: ... preparing to launch node of type [simple_grasping_action/simple_grasping_action]
[roslaunch][INFO] 2025-12-04 20:16:37,867: create_node_process: package[simple_grasping_action] type[simple_grasping_action] machine[Machine(name[] env_loader[None] address[localhost] ssh_port[22] user[None] assignable[True] timeout[10.0])] master_uri[http://localhost:11311/]
[roslaunch][INFO] 2025-12-04 20:16:37,869: process[hand_grasping_action-9]: env[{'ROS_VERSION': '1', 'DISABLE_ROS1_EOL_WARNINGS': '1', 'PKG_CONFIG_PATH': '/opt/pal/gallium/lib/pkgconfig:/opt/pal/gallium/lib/x86_64-linux-gnu/pkgconfig:/opt/ros/noetic/lib/pkgconfig:/opt/ros/noetic/lib/x86_64-linux-gnu/pkgconfig', 'ROS_PYTHON_VERSION': '3', 'HOSTNAME': 'epan-tiago-noetic-ssh', 'VISP_WS': '/home/pal/visp-ws', 'ROS_PACKAGE_PATH': '/opt/pal/gallium/share:/opt/ros/noetic/share', 'ROSLISP_PACKAGE_DIRECTORIES': '', 'PWD': '/home/pal/ros_ws/src/image_bridge/scripts', 'XAUTHORITY': '', 'TZ': 'Europe/Paris', 'ROS_IP': '127.0.0.1', 'HOME': '/home/pal', 'ROS_ETC_DIR': '/opt/ros/noetic/etc/ros', 'LS_COLORS': 'rs=0:di=01;34:ln=01;36:mh=00:pi=40;33:so=01;35:do=01;35:bd=40;33;01:cd=40;33;01:or=40;31;01:mi=00:su=37;41:sg=30;43:ca=30;41:tw=30;42:ow=34;42:st=37;44:ex=01;32:*.tar=01;31:*.tgz=01;31:*.arc=01;31:*.arj=01;31:*.taz=01;31:*.lha=01;31:*.lz4=01;31:*.lzh=01;31:*.lzma=01;31:*.tlz=01;31:*.txz=01;31:*.tzo=01;31:*.t7z=01;31:*.zip=01;31:*.z=01;31:*.dz=01;31:*.gz=01;31:*.lrz=01;31:*.lz=01;31:*.lzo=01;31:*.xz=01;31:*.zst=01;31:*.tzst=01;31:*.bz2=01;31:*.bz=01;31:*.tbz=01;31:*.tbz2=01;31:*.tz=01;31:*.deb=01;31:*.rpm=01;31:*.jar=01;31:*.war=01;31:*.ear=01;31:*.sar=01;31:*.rar=01;31:*.alz=01;31:*.ace=01;31:*.zoo=01;31:*.cpio=01;31:*.7z=01;31:*.rz=01;31:*.cab=01;31:*.wim=01;31:*.swm=01;31:*.dwm=01;31:*.esd=01;31:*.jpg=01;35:*.jpeg=01;35:*.mjpg=01;35:*.mjpeg=01;35:*.gif=01;35:*.bmp=01;35:*.pbm=01;35:*.pgm=01;35:*.ppm=01;35:*.tga=01;35:*.xbm=01;35:*.xpm=01;35:*.tif=01;35:*.tiff=01;35:*.png=01;35:*.svg=01;35:*.svgz=01;35:*.mng=01;35:*.pcx=01;35:*.mov=01;35:*.mpg=01;35:*.mpeg=01;35:*.m2v=01;35:*.mkv=01;35:*.webm=01;35:*.ogm=01;35:*.mp4=01;35:*.m4v=01;35:*.mp4v=01;35:*.vob=01;35:*.qt=01;35:*.nuv=01;35:*.wmv=01;35:*.asf=01;35:*.rm=01;35:*.rmvb=01;35:*.flc=01;35:*.avi=01;35:*.fli=01;35:*.flv=01;35:*.gl=01;35:*.dl=01;35:*.xcf=01;35:*.xwd=01;35:*.yuv=01;35:*.cgm=01;35:*.emf=01;35:*.ogv=01;35:*.ogx=01;35:*.aac=00;36:*.au=00;36:*.flac=00;36:*.m4a=00;36:*.mid=00;36:*.midi=00;36:*.mka=00;36:*.mp3=00;36:*.mpc=00;36:*.ogg=00;36:*.ra=00;36:*.wav=00;36:*.oga=00;36:*.opus=00;36:*.spx=00;36:*.xspf=00;36:', 'OROCOS_TARGET': 'gnulinux', 'CMAKE_PREFIX_PATH': '/opt/pal/gallium:/opt/ros/noetic', 'GAZEBO_RESOURCE_PATH': '/home/pal/ros_ws/src/va50:', 'ROS_WORKSPACE': '/home/pal/ros_ws', 'LESSCLOSE': '/usr/bin/lesspipe %s %s', 'PYTHONPATH': '/opt/pal/gallium/lib/python3/dist-packages:/opt/ros/noetic/lib/python3/dist-packages', 'TERM': 'xterm', 'VISP_INPUT_IMAGE_PATH': '/home/pal/visp-ws/visp-images', 'LESSOPEN': '| /usr/bin/lesspipe %s', 'USER': 'pal', 'RTT_COMPONENT_PATH': '/opt/pal/gallium/lib/orocos', 'DISPLAY': ':0', 'SHLVL': '1', 'PAL_DISTRO': 'gallium', 'ROS_MASTER_URI': 'http://localhost:11311/', 'LD_LIBRARY_PATH': '/opt/pal/gallium/lib:/opt/pal/gallium/lib/x86_64-linux-gnu:/opt/ros/noetic/lib:/opt/ros/noetic/lib/x86_64-linux-gnu:/usr/local/lib', 'GAZEBO_MODEL_PATH': '/home/pal/ros_ws/src/va50/models:', 'PATH': '/opt/pal/gallium/bin:/opt/ros/noetic/bin:/opt/pal/gallium/lib/pal_debian_utils/:/usr/local/sbin:/usr/local/bin:/usr/sbin:/usr/bin:/sbin:/bin', 'LUA_PATH': ';;/opt/pal/gallium/share/lua/5.1/?.lua;/opt/pal/gallium/share/lua/5.1/?.lua;/opt/pal/gallium/share/lua/5.1/?.lua;/opt/pal/gallium/share/lua/5.1/?.lua;/opt/pal/gallium/share/lua/5.1/?.lua;/opt/pal/gallium/share/lua/5.1/?.lua', 'DEBIAN_FRONTEND': 'noninteractive', 'ROS_ROOT': '/opt/ros/noetic/share/ros', 'ROS_DISTRO': 'noetic', 'QT_X11_NO_MITSHM': '1', 'OLDPWD': '/home/pal/ros_ws/src', '_': '/opt/ros/noetic/bin/roslaunch', 'LC_CTYPE': 'C.UTF-8', 'ROS_LOG_FILENAME': '/home/pal/.ros/log/2516c386-d12f-11f0-b32a-9c2f9d99f7eb/roslaunch-epan-tiago-noetic-ssh-3176.log', 'LC_NUMERIC': 'C'}]
[roslaunch][INFO] 2025-12-04 20:16:37,871: process[hand_grasping_action-9]: args[['/opt/pal/gallium/lib/simple_grasping_action/simple_grasping_action', '__name:=hand_grasping_action']]
[roslaunch][INFO] 2025-12-04 20:16:37,872: ... created process [hand_grasping_action-9]
[roslaunch.pmon][INFO] 2025-12-04 20:16:37,872: ProcessMonitor.register[hand_grasping_action-9]
[roslaunch.pmon][INFO] 2025-12-04 20:16:37,873: ProcessMonitor.register[hand_grasping_action-9] complete
[roslaunch][INFO] 2025-12-04 20:16:37,874: ... registered process [hand_grasping_action-9]
[roslaunch][INFO] 2025-12-04 20:16:37,875: process[hand_grasping_action-9]: starting os process
[roslaunch][INFO] 2025-12-04 20:16:37,875: process[hand_grasping_action-9]: start w/ args [['/opt/pal/gallium/lib/simple_grasping_action/simple_grasping_action', '__name:=hand_grasping_action', '__log:=/home/pal/.ros/log/2516c386-d12f-11f0-b32a-9c2f9d99f7eb/hand_grasping_action-9.log']]
[roslaunch][INFO] 2025-12-04 20:16:37,876: process[hand_grasping_action-9]: cwd will be [/home/pal/.ros]
[roslaunch][INFO] 2025-12-04 20:16:37,893: process[hand_grasping_action-9]: started with pid [3260]
[roslaunch][INFO] 2025-12-04 20:16:37,893: ... successfully launched [hand_grasping_action-9]
[roslaunch][INFO] 2025-12-04 20:16:37,921: ... preparing to launch node of type [play_motion/play_motion]
[roslaunch][INFO] 2025-12-04 20:16:37,921: create_node_process: package[play_motion] type[play_motion] machine[Machine(name[] env_loader[None] address[localhost] ssh_port[22] user[None] assignable[True] timeout[10.0])] master_uri[http://localhost:11311/]
[roslaunch][INFO] 2025-12-04 20:16:37,921: process[play_motion-10]: env[{'ROS_VERSION': '1', 'DISABLE_ROS1_EOL_WARNINGS': '1', 'PKG_CONFIG_PATH': '/opt/pal/gallium/lib/pkgconfig:/opt/pal/gallium/lib/x86_64-linux-gnu/pkgconfig:/opt/ros/noetic/lib/pkgconfig:/opt/ros/noetic/lib/x86_64-linux-gnu/pkgconfig', 'ROS_PYTHON_VERSION': '3', 'HOSTNAME': 'epan-tiago-noetic-ssh', 'VISP_WS': '/home/pal/visp-ws', 'ROS_PACKAGE_PATH': '/opt/pal/gallium/share:/opt/ros/noetic/share', 'ROSLISP_PACKAGE_DIRECTORIES': '', 'PWD': '/home/pal/ros_ws/src/image_bridge/scripts', 'XAUTHORITY': '', 'TZ': 'Europe/Paris', 'ROS_IP': '127.0.0.1', 'HOME': '/home/pal', 'ROS_ETC_DIR': '/opt/ros/noetic/etc/ros', 'LS_COLORS': 'rs=0:di=01;34:ln=01;36:mh=00:pi=40;33:so=01;35:do=01;35:bd=40;33;01:cd=40;33;01:or=40;31;01:mi=00:su=37;41:sg=30;43:ca=30;41:tw=30;42:ow=34;42:st=37;44:ex=01;32:*.tar=01;31:*.tgz=01;31:*.arc=01;31:*.arj=01;31:*.taz=01;31:*.lha=01;31:*.lz4=01;31:*.lzh=01;31:*.lzma=01;31:*.tlz=01;31:*.txz=01;31:*.tzo=01;31:*.t7z=01;31:*.zip=01;31:*.z=01;31:*.dz=01;31:*.gz=01;31:*.lrz=01;31:*.lz=01;31:*.lzo=01;31:*.xz=01;31:*.zst=01;31:*.tzst=01;31:*.bz2=01;31:*.bz=01;31:*.tbz=01;31:*.tbz2=01;31:*.tz=01;31:*.deb=01;31:*.rpm=01;31:*.jar=01;31:*.war=01;31:*.ear=01;31:*.sar=01;31:*.rar=01;31:*.alz=01;31:*.ace=01;31:*.zoo=01;31:*.cpio=01;31:*.7z=01;31:*.rz=01;31:*.cab=01;31:*.wim=01;31:*.swm=01;31:*.dwm=01;31:*.esd=01;31:*.jpg=01;35:*.jpeg=01;35:*.mjpg=01;35:*.mjpeg=01;35:*.gif=01;35:*.bmp=01;35:*.pbm=01;35:*.pgm=01;35:*.ppm=01;35:*.tga=01;35:*.xbm=01;35:*.xpm=01;35:*.tif=01;35:*.tiff=01;35:*.png=01;35:*.svg=01;35:*.svgz=01;35:*.mng=01;35:*.pcx=01;35:*.mov=01;35:*.mpg=01;35:*.mpeg=01;35:*.m2v=01;35:*.mkv=01;35:*.webm=01;35:*.ogm=01;35:*.mp4=01;35:*.m4v=01;35:*.mp4v=01;35:*.vob=01;35:*.qt=01;35:*.nuv=01;35:*.wmv=01;35:*.asf=01;35:*.rm=01;35:*.rmvb=01;35:*.flc=01;35:*.avi=01;35:*.fli=01;35:*.flv=01;35:*.gl=01;35:*.dl=01;35:*.xcf=01;35:*.xwd=01;35:*.yuv=01;35:*.cgm=01;35:*.emf=01;35:*.ogv=01;35:*.ogx=01;35:*.aac=00;36:*.au=00;36:*.flac=00;36:*.m4a=00;36:*.mid=00;36:*.midi=00;36:*.mka=00;36:*.mp3=00;36:*.mpc=00;36:*.ogg=00;36:*.ra=00;36:*.wav=00;36:*.oga=00;36:*.opus=00;36:*.spx=00;36:*.xspf=00;36:', 'OROCOS_TARGET': 'gnulinux', 'CMAKE_PREFIX_PATH': '/opt/pal/gallium:/opt/ros/noetic', 'GAZEBO_RESOURCE_PATH': '/home/pal/ros_ws/src/va50:', 'ROS_WORKSPACE': '/home/pal/ros_ws', 'LESSCLOSE': '/usr/bin/lesspipe %s %s', 'PYTHONPATH': '/opt/pal/gallium/lib/python3/dist-packages:/opt/ros/noetic/lib/python3/dist-packages', 'TERM': 'xterm', 'VISP_INPUT_IMAGE_PATH': '/home/pal/visp-ws/visp-images', 'LESSOPEN': '| /usr/bin/lesspipe %s', 'USER': 'pal', 'RTT_COMPONENT_PATH': '/opt/pal/gallium/lib/orocos', 'DISPLAY': ':0', 'SHLVL': '1', 'PAL_DISTRO': 'gallium', 'ROS_MASTER_URI': 'http://localhost:11311/', 'LD_LIBRARY_PATH': '/opt/pal/gallium/lib:/opt/pal/gallium/lib/x86_64-linux-gnu:/opt/ros/noetic/lib:/opt/ros/noetic/lib/x86_64-linux-gnu:/usr/local/lib', 'GAZEBO_MODEL_PATH': '/home/pal/ros_ws/src/va50/models:', 'PATH': '/opt/pal/gallium/bin:/opt/ros/noetic/bin:/opt/pal/gallium/lib/pal_debian_utils/:/usr/local/sbin:/usr/local/bin:/usr/sbin:/usr/bin:/sbin:/bin', 'LUA_PATH': ';;/opt/pal/gallium/share/lua/5.1/?.lua;/opt/pal/gallium/share/lua/5.1/?.lua;/opt/pal/gallium/share/lua/5.1/?.lua;/opt/pal/gallium/share/lua/5.1/?.lua;/opt/pal/gallium/share/lua/5.1/?.lua;/opt/pal/gallium/share/lua/5.1/?.lua', 'DEBIAN_FRONTEND': 'noninteractive', 'ROS_ROOT': '/opt/ros/noetic/share/ros', 'ROS_DISTRO': 'noetic', 'QT_X11_NO_MITSHM': '1', 'OLDPWD': '/home/pal/ros_ws/src', '_': '/opt/ros/noetic/bin/roslaunch', 'LC_CTYPE': 'C.UTF-8', 'ROS_LOG_FILENAME': '/home/pal/.ros/log/2516c386-d12f-11f0-b32a-9c2f9d99f7eb/roslaunch-epan-tiago-noetic-ssh-3176.log', 'LC_NUMERIC': 'C'}]
[roslaunch][INFO] 2025-12-04 20:16:37,922: process[play_motion-10]: args[['/opt/pal/gallium/lib/play_motion/play_motion', '__name:=play_motion']]
[roslaunch][INFO] 2025-12-04 20:16:37,922: ... created process [play_motion-10]
[roslaunch.pmon][INFO] 2025-12-04 20:16:37,922: ProcessMonitor.register[play_motion-10]
[roslaunch.pmon][INFO] 2025-12-04 20:16:37,922: ProcessMonitor.register[play_motion-10] complete
[roslaunch][INFO] 2025-12-04 20:16:37,922: ... registered process [play_motion-10]
[roslaunch][INFO] 2025-12-04 20:16:37,922: process[play_motion-10]: starting os process
[roslaunch][INFO] 2025-12-04 20:16:37,923: process[play_motion-10]: start w/ args [['/opt/pal/gallium/lib/play_motion/play_motion', '__name:=play_motion', '__log:=/home/pal/.ros/log/2516c386-d12f-11f0-b32a-9c2f9d99f7eb/play_motion-10.log']]
[roslaunch][INFO] 2025-12-04 20:16:37,923: process[play_motion-10]: cwd will be [/home/pal/.ros]
[roslaunch][INFO] 2025-12-04 20:16:37,935: process[play_motion-10]: started with pid [3263]
[roslaunch][INFO] 2025-12-04 20:16:37,936: ... successfully launched [play_motion-10]
[roslaunch][INFO] 2025-12-04 20:16:37,936: ... preparing to launch node of type [play_motion/is_already_there.py]
[roslaunch][INFO] 2025-12-04 20:16:37,937: create_node_process: package[play_motion] type[is_already_there.py] machine[Machine(name[] env_loader[None] address[localhost] ssh_port[22] user[None] assignable[True] timeout[10.0])] master_uri[http://localhost:11311/]
[roslaunch][INFO] 2025-12-04 20:16:37,938: process[is_already_there-11]: env[{'ROS_VERSION': '1', 'DISABLE_ROS1_EOL_WARNINGS': '1', 'PKG_CONFIG_PATH': '/opt/pal/gallium/lib/pkgconfig:/opt/pal/gallium/lib/x86_64-linux-gnu/pkgconfig:/opt/ros/noetic/lib/pkgconfig:/opt/ros/noetic/lib/x86_64-linux-gnu/pkgconfig', 'ROS_PYTHON_VERSION': '3', 'HOSTNAME': 'epan-tiago-noetic-ssh', 'VISP_WS': '/home/pal/visp-ws', 'ROS_PACKAGE_PATH': '/opt/pal/gallium/share:/opt/ros/noetic/share', 'ROSLISP_PACKAGE_DIRECTORIES': '', 'PWD': '/home/pal/ros_ws/src/image_bridge/scripts', 'XAUTHORITY': '', 'TZ': 'Europe/Paris', 'ROS_IP': '127.0.0.1', 'HOME': '/home/pal', 'ROS_ETC_DIR': '/opt/ros/noetic/etc/ros', 'LS_COLORS': 'rs=0:di=01;34:ln=01;36:mh=00:pi=40;33:so=01;35:do=01;35:bd=40;33;01:cd=40;33;01:or=40;31;01:mi=00:su=37;41:sg=30;43:ca=30;41:tw=30;42:ow=34;42:st=37;44:ex=01;32:*.tar=01;31:*.tgz=01;31:*.arc=01;31:*.arj=01;31:*.taz=01;31:*.lha=01;31:*.lz4=01;31:*.lzh=01;31:*.lzma=01;31:*.tlz=01;31:*.txz=01;31:*.tzo=01;31:*.t7z=01;31:*.zip=01;31:*.z=01;31:*.dz=01;31:*.gz=01;31:*.lrz=01;31:*.lz=01;31:*.lzo=01;31:*.xz=01;31:*.zst=01;31:*.tzst=01;31:*.bz2=01;31:*.bz=01;31:*.tbz=01;31:*.tbz2=01;31:*.tz=01;31:*.deb=01;31:*.rpm=01;31:*.jar=01;31:*.war=01;31:*.ear=01;31:*.sar=01;31:*.rar=01;31:*.alz=01;31:*.ace=01;31:*.zoo=01;31:*.cpio=01;31:*.7z=01;31:*.rz=01;31:*.cab=01;31:*.wim=01;31:*.swm=01;31:*.dwm=01;31:*.esd=01;31:*.jpg=01;35:*.jpeg=01;35:*.mjpg=01;35:*.mjpeg=01;35:*.gif=01;35:*.bmp=01;35:*.pbm=01;35:*.pgm=01;35:*.ppm=01;35:*.tga=01;35:*.xbm=01;35:*.xpm=01;35:*.tif=01;35:*.tiff=01;35:*.png=01;35:*.svg=01;35:*.svgz=01;35:*.mng=01;35:*.pcx=01;35:*.mov=01;35:*.mpg=01;35:*.mpeg=01;35:*.m2v=01;35:*.mkv=01;35:*.webm=01;35:*.ogm=01;35:*.mp4=01;35:*.m4v=01;35:*.mp4v=01;35:*.vob=01;35:*.qt=01;35:*.nuv=01;35:*.wmv=01;35:*.asf=01;35:*.rm=01;35:*.rmvb=01;35:*.flc=01;35:*.avi=01;35:*.fli=01;35:*.flv=01;35:*.gl=01;35:*.dl=01;35:*.xcf=01;35:*.xwd=01;35:*.yuv=01;35:*.cgm=01;35:*.emf=01;35:*.ogv=01;35:*.ogx=01;35:*.aac=00;36:*.au=00;36:*.flac=00;36:*.m4a=00;36:*.mid=00;36:*.midi=00;36:*.mka=00;36:*.mp3=00;36:*.mpc=00;36:*.ogg=00;36:*.ra=00;36:*.wav=00;36:*.oga=00;36:*.opus=00;36:*.spx=00;36:*.xspf=00;36:', 'OROCOS_TARGET': 'gnulinux', 'CMAKE_PREFIX_PATH': '/opt/pal/gallium:/opt/ros/noetic', 'GAZEBO_RESOURCE_PATH': '/home/pal/ros_ws/src/va50:', 'ROS_WORKSPACE': '/home/pal/ros_ws', 'LESSCLOSE': '/usr/bin/lesspipe %s %s', 'PYTHONPATH': '/opt/pal/gallium/lib/python3/dist-packages:/opt/ros/noetic/lib/python3/dist-packages', 'TERM': 'xterm', 'VISP_INPUT_IMAGE_PATH': '/home/pal/visp-ws/visp-images', 'LESSOPEN': '| /usr/bin/lesspipe %s', 'USER': 'pal', 'RTT_COMPONENT_PATH': '/opt/pal/gallium/lib/orocos', 'DISPLAY': ':0', 'SHLVL': '1', 'PAL_DISTRO': 'gallium', 'ROS_MASTER_URI': 'http://localhost:11311/', 'LD_LIBRARY_PATH': '/opt/pal/gallium/lib:/opt/pal/gallium/lib/x86_64-linux-gnu:/opt/ros/noetic/lib:/opt/ros/noetic/lib/x86_64-linux-gnu:/usr/local/lib', 'GAZEBO_MODEL_PATH': '/home/pal/ros_ws/src/va50/models:', 'PATH': '/opt/pal/gallium/bin:/opt/ros/noetic/bin:/opt/pal/gallium/lib/pal_debian_utils/:/usr/local/sbin:/usr/local/bin:/usr/sbin:/usr/bin:/sbin:/bin', 'LUA_PATH': ';;/opt/pal/gallium/share/lua/5.1/?.lua;/opt/pal/gallium/share/lua/5.1/?.lua;/opt/pal/gallium/share/lua/5.1/?.lua;/opt/pal/gallium/share/lua/5.1/?.lua;/opt/pal/gallium/share/lua/5.1/?.lua;/opt/pal/gallium/share/lua/5.1/?.lua', 'DEBIAN_FRONTEND': 'noninteractive', 'ROS_ROOT': '/opt/ros/noetic/share/ros', 'ROS_DISTRO': 'noetic', 'QT_X11_NO_MITSHM': '1', 'OLDPWD': '/home/pal/ros_ws/src', '_': '/opt/ros/noetic/bin/roslaunch', 'LC_CTYPE': 'C.UTF-8', 'ROS_LOG_FILENAME': '/home/pal/.ros/log/2516c386-d12f-11f0-b32a-9c2f9d99f7eb/roslaunch-epan-tiago-noetic-ssh-3176.log', 'LC_NUMERIC': 'C'}]
[roslaunch][INFO] 2025-12-04 20:16:37,939: process[is_already_there-11]: args[['/opt/pal/gallium/lib/play_motion/is_already_there.py', '__name:=is_already_there']]
[roslaunch][INFO] 2025-12-04 20:16:37,941: ... created process [is_already_there-11]
[roslaunch.pmon][INFO] 2025-12-04 20:16:37,942: ProcessMonitor.register[is_already_there-11]
[roslaunch.pmon][INFO] 2025-12-04 20:16:37,942: ProcessMonitor.register[is_already_there-11] complete
[roslaunch][INFO] 2025-12-04 20:16:37,942: ... registered process [is_already_there-11]
[roslaunch][INFO] 2025-12-04 20:16:37,942: process[is_already_there-11]: starting os process
[roslaunch][INFO] 2025-12-04 20:16:37,943: process[is_already_there-11]: start w/ args [['/opt/pal/gallium/lib/play_motion/is_already_there.py', '__name:=is_already_there', '__log:=/home/pal/.ros/log/2516c386-d12f-11f0-b32a-9c2f9d99f7eb/is_already_there-11.log']]
[roslaunch][INFO] 2025-12-04 20:16:37,943: process[is_already_there-11]: cwd will be [/home/pal/.ros]
[roslaunch][INFO] 2025-12-04 20:16:37,959: process[is_already_there-11]: started with pid [3266]
[roslaunch][INFO] 2025-12-04 20:16:37,960: ... successfully launched [is_already_there-11]
[roslaunch][INFO] 2025-12-04 20:16:37,961: ... preparing to launch node of type [moveit_ros_move_group/move_group]
[roslaunch][INFO] 2025-12-04 20:16:37,961: create_node_process: package[moveit_ros_move_group] type[move_group] machine[Machine(name[] env_loader[None] address[localhost] ssh_port[22] user[None] assignable[True] timeout[10.0])] master_uri[http://localhost:11311/]
[roslaunch][INFO] 2025-12-04 20:16:37,963: process[move_group-12]: env[{'ROS_VERSION': '1', 'DISABLE_ROS1_EOL_WARNINGS': '1', 'PKG_CONFIG_PATH': '/opt/pal/gallium/lib/pkgconfig:/opt/pal/gallium/lib/x86_64-linux-gnu/pkgconfig:/opt/ros/noetic/lib/pkgconfig:/opt/ros/noetic/lib/x86_64-linux-gnu/pkgconfig', 'ROS_PYTHON_VERSION': '3', 'HOSTNAME': 'epan-tiago-noetic-ssh', 'VISP_WS': '/home/pal/visp-ws', 'ROS_PACKAGE_PATH': '/opt/pal/gallium/share:/opt/ros/noetic/share', 'ROSLISP_PACKAGE_DIRECTORIES': '', 'PWD': '/home/pal/ros_ws/src/image_bridge/scripts', 'XAUTHORITY': '', 'TZ': 'Europe/Paris', 'ROS_IP': '127.0.0.1', 'HOME': '/home/pal', 'ROS_ETC_DIR': '/opt/ros/noetic/etc/ros', 'LS_COLORS': 'rs=0:di=01;34:ln=01;36:mh=00:pi=40;33:so=01;35:do=01;35:bd=40;33;01:cd=40;33;01:or=40;31;01:mi=00:su=37;41:sg=30;43:ca=30;41:tw=30;42:ow=34;42:st=37;44:ex=01;32:*.tar=01;31:*.tgz=01;31:*.arc=01;31:*.arj=01;31:*.taz=01;31:*.lha=01;31:*.lz4=01;31:*.lzh=01;31:*.lzma=01;31:*.tlz=01;31:*.txz=01;31:*.tzo=01;31:*.t7z=01;31:*.zip=01;31:*.z=01;31:*.dz=01;31:*.gz=01;31:*.lrz=01;31:*.lz=01;31:*.lzo=01;31:*.xz=01;31:*.zst=01;31:*.tzst=01;31:*.bz2=01;31:*.bz=01;31:*.tbz=01;31:*.tbz2=01;31:*.tz=01;31:*.deb=01;31:*.rpm=01;31:*.jar=01;31:*.war=01;31:*.ear=01;31:*.sar=01;31:*.rar=01;31:*.alz=01;31:*.ace=01;31:*.zoo=01;31:*.cpio=01;31:*.7z=01;31:*.rz=01;31:*.cab=01;31:*.wim=01;31:*.swm=01;31:*.dwm=01;31:*.esd=01;31:*.jpg=01;35:*.jpeg=01;35:*.mjpg=01;35:*.mjpeg=01;35:*.gif=01;35:*.bmp=01;35:*.pbm=01;35:*.pgm=01;35:*.ppm=01;35:*.tga=01;35:*.xbm=01;35:*.xpm=01;35:*.tif=01;35:*.tiff=01;35:*.png=01;35:*.svg=01;35:*.svgz=01;35:*.mng=01;35:*.pcx=01;35:*.mov=01;35:*.mpg=01;35:*.mpeg=01;35:*.m2v=01;35:*.mkv=01;35:*.webm=01;35:*.ogm=01;35:*.mp4=01;35:*.m4v=01;35:*.mp4v=01;35:*.vob=01;35:*.qt=01;35:*.nuv=01;35:*.wmv=01;35:*.asf=01;35:*.rm=01;35:*.rmvb=01;35:*.flc=01;35:*.avi=01;35:*.fli=01;35:*.flv=01;35:*.gl=01;35:*.dl=01;35:*.xcf=01;35:*.xwd=01;35:*.yuv=01;35:*.cgm=01;35:*.emf=01;35:*.ogv=01;35:*.ogx=01;35:*.aac=00;36:*.au=00;36:*.flac=00;36:*.m4a=00;36:*.mid=00;36:*.midi=00;36:*.mka=00;36:*.mp3=00;36:*.mpc=00;36:*.ogg=00;36:*.ra=00;36:*.wav=00;36:*.oga=00;36:*.opus=00;36:*.spx=00;36:*.xspf=00;36:', 'OROCOS_TARGET': 'gnulinux', 'CMAKE_PREFIX_PATH': '/opt/pal/gallium:/opt/ros/noetic', 'GAZEBO_RESOURCE_PATH': '/home/pal/ros_ws/src/va50:', 'ROS_WORKSPACE': '/home/pal/ros_ws', 'LESSCLOSE': '/usr/bin/lesspipe %s %s', 'PYTHONPATH': '/opt/pal/gallium/lib/python3/dist-packages:/opt/ros/noetic/lib/python3/dist-packages', 'TERM': 'xterm', 'VISP_INPUT_IMAGE_PATH': '/home/pal/visp-ws/visp-images', 'LESSOPEN': '| /usr/bin/lesspipe %s', 'USER': 'pal', 'RTT_COMPONENT_PATH': '/opt/pal/gallium/lib/orocos', 'DISPLAY': ':0', 'SHLVL': '1', 'PAL_DISTRO': 'gallium', 'ROS_MASTER_URI': 'http://localhost:11311/', 'LD_LIBRARY_PATH': '/opt/pal/gallium/lib:/opt/pal/gallium/lib/x86_64-linux-gnu:/opt/ros/noetic/lib:/opt/ros/noetic/lib/x86_64-linux-gnu:/usr/local/lib', 'GAZEBO_MODEL_PATH': '/home/pal/ros_ws/src/va50/models:', 'PATH': '/opt/pal/gallium/bin:/opt/ros/noetic/bin:/opt/pal/gallium/lib/pal_debian_utils/:/usr/local/sbin:/usr/local/bin:/usr/sbin:/usr/bin:/sbin:/bin', 'LUA_PATH': ';;/opt/pal/gallium/share/lua/5.1/?.lua;/opt/pal/gallium/share/lua/5.1/?.lua;/opt/pal/gallium/share/lua/5.1/?.lua;/opt/pal/gallium/share/lua/5.1/?.lua;/opt/pal/gallium/share/lua/5.1/?.lua;/opt/pal/gallium/share/lua/5.1/?.lua', 'DEBIAN_FRONTEND': 'noninteractive', 'ROS_ROOT': '/opt/ros/noetic/share/ros', 'ROS_DISTRO': 'noetic', 'QT_X11_NO_MITSHM': '1', 'OLDPWD': '/home/pal/ros_ws/src', '_': '/opt/ros/noetic/bin/roslaunch', 'LC_CTYPE': 'C.UTF-8', 'ROS_LOG_FILENAME': '/home/pal/.ros/log/2516c386-d12f-11f0-b32a-9c2f9d99f7eb/roslaunch-epan-tiago-noetic-ssh-3176.log', 'LC_NUMERIC': 'C'}]
[roslaunch][INFO] 2025-12-04 20:16:37,965: process[move_group-12]: args[['/opt/ros/noetic/lib/moveit_ros_move_group/move_group', '__name:=move_group']]
[roslaunch][INFO] 2025-12-04 20:16:37,966: ... created process [move_group-12]
[roslaunch.pmon][INFO] 2025-12-04 20:16:37,968: ProcessMonitor.register[move_group-12]
[roslaunch.pmon][INFO] 2025-12-04 20:16:37,969: ProcessMonitor.register[move_group-12] complete
[roslaunch][INFO] 2025-12-04 20:16:37,969: ... registered process [move_group-12]
[roslaunch][INFO] 2025-12-04 20:16:37,969: process[move_group-12]: starting os process
[roslaunch][INFO] 2025-12-04 20:16:37,970: process[move_group-12]: start w/ args [['/opt/ros/noetic/lib/moveit_ros_move_group/move_group', '__name:=move_group', '__log:=/home/pal/.ros/log/2516c386-d12f-11f0-b32a-9c2f9d99f7eb/move_group-12.log']]
[roslaunch][INFO] 2025-12-04 20:16:37,971: process[move_group-12]: cwd will be [/home/pal/.ros]
[roslaunch][INFO] 2025-12-04 20:16:37,990: process[move_group-12]: started with pid [3280]
[roslaunch][INFO] 2025-12-04 20:16:37,994: ... successfully launched [move_group-12]
[roslaunch][INFO] 2025-12-04 20:16:37,995: ... preparing to launch node of type [robot_state_publisher/robot_state_publisher]
[roslaunch][INFO] 2025-12-04 20:16:37,995: create_node_process: package[robot_state_publisher] type[robot_state_publisher] machine[Machine(name[] env_loader[None] address[localhost] ssh_port[22] user[None] assignable[True] timeout[10.0])] master_uri[http://localhost:11311/]
[roslaunch][INFO] 2025-12-04 20:16:37,995: process[robot_state_publisher-13]: env[{'ROS_VERSION': '1', 'DISABLE_ROS1_EOL_WARNINGS': '1', 'PKG_CONFIG_PATH': '/opt/pal/gallium/lib/pkgconfig:/opt/pal/gallium/lib/x86_64-linux-gnu/pkgconfig:/opt/ros/noetic/lib/pkgconfig:/opt/ros/noetic/lib/x86_64-linux-gnu/pkgconfig', 'ROS_PYTHON_VERSION': '3', 'HOSTNAME': 'epan-tiago-noetic-ssh', 'VISP_WS': '/home/pal/visp-ws', 'ROS_PACKAGE_PATH': '/opt/pal/gallium/share:/opt/ros/noetic/share', 'ROSLISP_PACKAGE_DIRECTORIES': '', 'PWD': '/home/pal/ros_ws/src/image_bridge/scripts', 'XAUTHORITY': '', 'TZ': 'Europe/Paris', 'ROS_IP': '127.0.0.1', 'HOME': '/home/pal', 'ROS_ETC_DIR': '/opt/ros/noetic/etc/ros', 'LS_COLORS': 'rs=0:di=01;34:ln=01;36:mh=00:pi=40;33:so=01;35:do=01;35:bd=40;33;01:cd=40;33;01:or=40;31;01:mi=00:su=37;41:sg=30;43:ca=30;41:tw=30;42:ow=34;42:st=37;44:ex=01;32:*.tar=01;31:*.tgz=01;31:*.arc=01;31:*.arj=01;31:*.taz=01;31:*.lha=01;31:*.lz4=01;31:*.lzh=01;31:*.lzma=01;31:*.tlz=01;31:*.txz=01;31:*.tzo=01;31:*.t7z=01;31:*.zip=01;31:*.z=01;31:*.dz=01;31:*.gz=01;31:*.lrz=01;31:*.lz=01;31:*.lzo=01;31:*.xz=01;31:*.zst=01;31:*.tzst=01;31:*.bz2=01;31:*.bz=01;31:*.tbz=01;31:*.tbz2=01;31:*.tz=01;31:*.deb=01;31:*.rpm=01;31:*.jar=01;31:*.war=01;31:*.ear=01;31:*.sar=01;31:*.rar=01;31:*.alz=01;31:*.ace=01;31:*.zoo=01;31:*.cpio=01;31:*.7z=01;31:*.rz=01;31:*.cab=01;31:*.wim=01;31:*.swm=01;31:*.dwm=01;31:*.esd=01;31:*.jpg=01;35:*.jpeg=01;35:*.mjpg=01;35:*.mjpeg=01;35:*.gif=01;35:*.bmp=01;35:*.pbm=01;35:*.pgm=01;35:*.ppm=01;35:*.tga=01;35:*.xbm=01;35:*.xpm=01;35:*.tif=01;35:*.tiff=01;35:*.png=01;35:*.svg=01;35:*.svgz=01;35:*.mng=01;35:*.pcx=01;35:*.mov=01;35:*.mpg=01;35:*.mpeg=01;35:*.m2v=01;35:*.mkv=01;35:*.webm=01;35:*.ogm=01;35:*.mp4=01;35:*.m4v=01;35:*.mp4v=01;35:*.vob=01;35:*.qt=01;35:*.nuv=01;35:*.wmv=01;35:*.asf=01;35:*.rm=01;35:*.rmvb=01;35:*.flc=01;35:*.avi=01;35:*.fli=01;35:*.flv=01;35:*.gl=01;35:*.dl=01;35:*.xcf=01;35:*.xwd=01;35:*.yuv=01;35:*.cgm=01;35:*.emf=01;35:*.ogv=01;35:*.ogx=01;35:*.aac=00;36:*.au=00;36:*.flac=00;36:*.m4a=00;36:*.mid=00;36:*.midi=00;36:*.mka=00;36:*.mp3=00;36:*.mpc=00;36:*.ogg=00;36:*.ra=00;36:*.wav=00;36:*.oga=00;36:*.opus=00;36:*.spx=00;36:*.xspf=00;36:', 'OROCOS_TARGET': 'gnulinux', 'CMAKE_PREFIX_PATH': '/opt/pal/gallium:/opt/ros/noetic', 'GAZEBO_RESOURCE_PATH': '/home/pal/ros_ws/src/va50:', 'ROS_WORKSPACE': '/home/pal/ros_ws', 'LESSCLOSE': '/usr/bin/lesspipe %s %s', 'PYTHONPATH': '/opt/pal/gallium/lib/python3/dist-packages:/opt/ros/noetic/lib/python3/dist-packages', 'TERM': 'xterm', 'VISP_INPUT_IMAGE_PATH': '/home/pal/visp-ws/visp-images', 'LESSOPEN': '| /usr/bin/lesspipe %s', 'USER': 'pal', 'RTT_COMPONENT_PATH': '/opt/pal/gallium/lib/orocos', 'DISPLAY': ':0', 'SHLVL': '1', 'PAL_DISTRO': 'gallium', 'ROS_MASTER_URI': 'http://localhost:11311/', 'LD_LIBRARY_PATH': '/opt/pal/gallium/lib:/opt/pal/gallium/lib/x86_64-linux-gnu:/opt/ros/noetic/lib:/opt/ros/noetic/lib/x86_64-linux-gnu:/usr/local/lib', 'GAZEBO_MODEL_PATH': '/home/pal/ros_ws/src/va50/models:', 'PATH': '/opt/pal/gallium/bin:/opt/ros/noetic/bin:/opt/pal/gallium/lib/pal_debian_utils/:/usr/local/sbin:/usr/local/bin:/usr/sbin:/usr/bin:/sbin:/bin', 'LUA_PATH': ';;/opt/pal/gallium/share/lua/5.1/?.lua;/opt/pal/gallium/share/lua/5.1/?.lua;/opt/pal/gallium/share/lua/5.1/?.lua;/opt/pal/gallium/share/lua/5.1/?.lua;/opt/pal/gallium/share/lua/5.1/?.lua;/opt/pal/gallium/share/lua/5.1/?.lua', 'DEBIAN_FRONTEND': 'noninteractive', 'ROS_ROOT': '/opt/ros/noetic/share/ros', 'ROS_DISTRO': 'noetic', 'QT_X11_NO_MITSHM': '1', 'OLDPWD': '/home/pal/ros_ws/src', '_': '/opt/ros/noetic/bin/roslaunch', 'LC_CTYPE': 'C.UTF-8', 'ROS_LOG_FILENAME': '/home/pal/.ros/log/2516c386-d12f-11f0-b32a-9c2f9d99f7eb/roslaunch-epan-tiago-noetic-ssh-3176.log', 'LC_NUMERIC': 'C'}]
[roslaunch][INFO] 2025-12-04 20:16:37,996: process[robot_state_publisher-13]: args[['/opt/ros/noetic/lib/robot_state_publisher/robot_state_publisher', '__name:=robot_state_publisher']]
[roslaunch][INFO] 2025-12-04 20:16:37,997: ... created process [robot_state_publisher-13]
[roslaunch.pmon][INFO] 2025-12-04 20:16:37,997: ProcessMonitor.register[robot_state_publisher-13]
[roslaunch.pmon][INFO] 2025-12-04 20:16:37,997: ProcessMonitor.register[robot_state_publisher-13] complete
[roslaunch][INFO] 2025-12-04 20:16:37,997: ... registered process [robot_state_publisher-13]
[roslaunch][INFO] 2025-12-04 20:16:37,998: process[robot_state_publisher-13]: starting os process
[roslaunch][INFO] 2025-12-04 20:16:38,000: process[robot_state_publisher-13]: start w/ args [['/opt/ros/noetic/lib/robot_state_publisher/robot_state_publisher', '__name:=robot_state_publisher', '__log:=/home/pal/.ros/log/2516c386-d12f-11f0-b32a-9c2f9d99f7eb/robot_state_publisher-13.log']]
[roslaunch][INFO] 2025-12-04 20:16:38,000: process[robot_state_publisher-13]: cwd will be [/home/pal/.ros]
[roslaunch][INFO] 2025-12-04 20:16:38,025: process[robot_state_publisher-13]: started with pid [3281]
[roslaunch][INFO] 2025-12-04 20:16:38,026: ... successfully launched [robot_state_publisher-13]
[roslaunch][INFO] 2025-12-04 20:16:38,026: ... preparing to launch node of type [tf_lookup/tf_lookup]
[roslaunch][INFO] 2025-12-04 20:16:38,026: create_node_process: package[tf_lookup] type[tf_lookup] machine[Machine(name[] env_loader[None] address[localhost] ssh_port[22] user[None] assignable[True] timeout[10.0])] master_uri[http://localhost:11311/]
[roslaunch][INFO] 2025-12-04 20:16:38,027: process[tf_lookup-14]: env[{'ROS_VERSION': '1', 'DISABLE_ROS1_EOL_WARNINGS': '1', 'PKG_CONFIG_PATH': '/opt/pal/gallium/lib/pkgconfig:/opt/pal/gallium/lib/x86_64-linux-gnu/pkgconfig:/opt/ros/noetic/lib/pkgconfig:/opt/ros/noetic/lib/x86_64-linux-gnu/pkgconfig', 'ROS_PYTHON_VERSION': '3', 'HOSTNAME': 'epan-tiago-noetic-ssh', 'VISP_WS': '/home/pal/visp-ws', 'ROS_PACKAGE_PATH': '/opt/pal/gallium/share:/opt/ros/noetic/share', 'ROSLISP_PACKAGE_DIRECTORIES': '', 'PWD': '/home/pal/ros_ws/src/image_bridge/scripts', 'XAUTHORITY': '', 'TZ': 'Europe/Paris', 'ROS_IP': '127.0.0.1', 'HOME': '/home/pal', 'ROS_ETC_DIR': '/opt/ros/noetic/etc/ros', 'LS_COLORS': 'rs=0:di=01;34:ln=01;36:mh=00:pi=40;33:so=01;35:do=01;35:bd=40;33;01:cd=40;33;01:or=40;31;01:mi=00:su=37;41:sg=30;43:ca=30;41:tw=30;42:ow=34;42:st=37;44:ex=01;32:*.tar=01;31:*.tgz=01;31:*.arc=01;31:*.arj=01;31:*.taz=01;31:*.lha=01;31:*.lz4=01;31:*.lzh=01;31:*.lzma=01;31:*.tlz=01;31:*.txz=01;31:*.tzo=01;31:*.t7z=01;31:*.zip=01;31:*.z=01;31:*.dz=01;31:*.gz=01;31:*.lrz=01;31:*.lz=01;31:*.lzo=01;31:*.xz=01;31:*.zst=01;31:*.tzst=01;31:*.bz2=01;31:*.bz=01;31:*.tbz=01;31:*.tbz2=01;31:*.tz=01;31:*.deb=01;31:*.rpm=01;31:*.jar=01;31:*.war=01;31:*.ear=01;31:*.sar=01;31:*.rar=01;31:*.alz=01;31:*.ace=01;31:*.zoo=01;31:*.cpio=01;31:*.7z=01;31:*.rz=01;31:*.cab=01;31:*.wim=01;31:*.swm=01;31:*.dwm=01;31:*.esd=01;31:*.jpg=01;35:*.jpeg=01;35:*.mjpg=01;35:*.mjpeg=01;35:*.gif=01;35:*.bmp=01;35:*.pbm=01;35:*.pgm=01;35:*.ppm=01;35:*.tga=01;35:*.xbm=01;35:*.xpm=01;35:*.tif=01;35:*.tiff=01;35:*.png=01;35:*.svg=01;35:*.svgz=01;35:*.mng=01;35:*.pcx=01;35:*.mov=01;35:*.mpg=01;35:*.mpeg=01;35:*.m2v=01;35:*.mkv=01;35:*.webm=01;35:*.ogm=01;35:*.mp4=01;35:*.m4v=01;35:*.mp4v=01;35:*.vob=01;35:*.qt=01;35:*.nuv=01;35:*.wmv=01;35:*.asf=01;35:*.rm=01;35:*.rmvb=01;35:*.flc=01;35:*.avi=01;35:*.fli=01;35:*.flv=01;35:*.gl=01;35:*.dl=01;35:*.xcf=01;35:*.xwd=01;35:*.yuv=01;35:*.cgm=01;35:*.emf=01;35:*.ogv=01;35:*.ogx=01;35:*.aac=00;36:*.au=00;36:*.flac=00;36:*.m4a=00;36:*.mid=00;36:*.midi=00;36:*.mka=00;36:*.mp3=00;36:*.mpc=00;36:*.ogg=00;36:*.ra=00;36:*.wav=00;36:*.oga=00;36:*.opus=00;36:*.spx=00;36:*.xspf=00;36:', 'OROCOS_TARGET': 'gnulinux', 'CMAKE_PREFIX_PATH': '/opt/pal/gallium:/opt/ros/noetic', 'GAZEBO_RESOURCE_PATH': '/home/pal/ros_ws/src/va50:', 'ROS_WORKSPACE': '/home/pal/ros_ws', 'LESSCLOSE': '/usr/bin/lesspipe %s %s', 'PYTHONPATH': '/opt/pal/gallium/lib/python3/dist-packages:/opt/ros/noetic/lib/python3/dist-packages', 'TERM': 'xterm', 'VISP_INPUT_IMAGE_PATH': '/home/pal/visp-ws/visp-images', 'LESSOPEN': '| /usr/bin/lesspipe %s', 'USER': 'pal', 'RTT_COMPONENT_PATH': '/opt/pal/gallium/lib/orocos', 'DISPLAY': ':0', 'SHLVL': '1', 'PAL_DISTRO': 'gallium', 'ROS_MASTER_URI': 'http://localhost:11311/', 'LD_LIBRARY_PATH': '/opt/pal/gallium/lib:/opt/pal/gallium/lib/x86_64-linux-gnu:/opt/ros/noetic/lib:/opt/ros/noetic/lib/x86_64-linux-gnu:/usr/local/lib', 'GAZEBO_MODEL_PATH': '/home/pal/ros_ws/src/va50/models:', 'PATH': '/opt/pal/gallium/bin:/opt/ros/noetic/bin:/opt/pal/gallium/lib/pal_debian_utils/:/usr/local/sbin:/usr/local/bin:/usr/sbin:/usr/bin:/sbin:/bin', 'LUA_PATH': ';;/opt/pal/gallium/share/lua/5.1/?.lua;/opt/pal/gallium/share/lua/5.1/?.lua;/opt/pal/gallium/share/lua/5.1/?.lua;/opt/pal/gallium/share/lua/5.1/?.lua;/opt/pal/gallium/share/lua/5.1/?.lua;/opt/pal/gallium/share/lua/5.1/?.lua', 'DEBIAN_FRONTEND': 'noninteractive', 'ROS_ROOT': '/opt/ros/noetic/share/ros', 'ROS_DISTRO': 'noetic', 'QT_X11_NO_MITSHM': '1', 'OLDPWD': '/home/pal/ros_ws/src', '_': '/opt/ros/noetic/bin/roslaunch', 'LC_CTYPE': 'C.UTF-8', 'ROS_LOG_FILENAME': '/home/pal/.ros/log/2516c386-d12f-11f0-b32a-9c2f9d99f7eb/roslaunch-epan-tiago-noetic-ssh-3176.log', 'LC_NUMERIC': 'C'}]
[roslaunch][INFO] 2025-12-04 20:16:38,028: process[tf_lookup-14]: args[['/opt/pal/gallium/lib/tf_lookup/tf_lookup', '__name:=tf_lookup']]
[roslaunch][INFO] 2025-12-04 20:16:38,028: ... created process [tf_lookup-14]
[roslaunch.pmon][INFO] 2025-12-04 20:16:38,028: ProcessMonitor.register[tf_lookup-14]
[roslaunch.pmon][INFO] 2025-12-04 20:16:38,028: ProcessMonitor.register[tf_lookup-14] complete
[roslaunch][INFO] 2025-12-04 20:16:38,028: ... registered process [tf_lookup-14]
[roslaunch][INFO] 2025-12-04 20:16:38,028: process[tf_lookup-14]: starting os process
[roslaunch][INFO] 2025-12-04 20:16:38,032: process[tf_lookup-14]: start w/ args [['/opt/pal/gallium/lib/tf_lookup/tf_lookup', '__name:=tf_lookup', '__log:=/home/pal/.ros/log/2516c386-d12f-11f0-b32a-9c2f9d99f7eb/tf_lookup-14.log']]
[roslaunch][INFO] 2025-12-04 20:16:38,032: process[tf_lookup-14]: cwd will be [/home/pal/.ros]
[roslaunch][INFO] 2025-12-04 20:16:38,053: process[tf_lookup-14]: started with pid [3282]
[roslaunch][INFO] 2025-12-04 20:16:38,054: ... successfully launched [tf_lookup-14]
[roslaunch][INFO] 2025-12-04 20:16:38,054: ... preparing to launch node of type [twist_mux/twist_mux]
[roslaunch][INFO] 2025-12-04 20:16:38,054: create_node_process: package[twist_mux] type[twist_mux] machine[Machine(name[] env_loader[None] address[localhost] ssh_port[22] user[None] assignable[True] timeout[10.0])] master_uri[http://localhost:11311/]
[roslaunch][INFO] 2025-12-04 20:16:38,054: process[twist_mux-15]: env[{'ROS_VERSION': '1', 'DISABLE_ROS1_EOL_WARNINGS': '1', 'PKG_CONFIG_PATH': '/opt/pal/gallium/lib/pkgconfig:/opt/pal/gallium/lib/x86_64-linux-gnu/pkgconfig:/opt/ros/noetic/lib/pkgconfig:/opt/ros/noetic/lib/x86_64-linux-gnu/pkgconfig', 'ROS_PYTHON_VERSION': '3', 'HOSTNAME': 'epan-tiago-noetic-ssh', 'VISP_WS': '/home/pal/visp-ws', 'ROS_PACKAGE_PATH': '/opt/pal/gallium/share:/opt/ros/noetic/share', 'ROSLISP_PACKAGE_DIRECTORIES': '', 'PWD': '/home/pal/ros_ws/src/image_bridge/scripts', 'XAUTHORITY': '', 'TZ': 'Europe/Paris', 'ROS_IP': '127.0.0.1', 'HOME': '/home/pal', 'ROS_ETC_DIR': '/opt/ros/noetic/etc/ros', 'LS_COLORS': 'rs=0:di=01;34:ln=01;36:mh=00:pi=40;33:so=01;35:do=01;35:bd=40;33;01:cd=40;33;01:or=40;31;01:mi=00:su=37;41:sg=30;43:ca=30;41:tw=30;42:ow=34;42:st=37;44:ex=01;32:*.tar=01;31:*.tgz=01;31:*.arc=01;31:*.arj=01;31:*.taz=01;31:*.lha=01;31:*.lz4=01;31:*.lzh=01;31:*.lzma=01;31:*.tlz=01;31:*.txz=01;31:*.tzo=01;31:*.t7z=01;31:*.zip=01;31:*.z=01;31:*.dz=01;31:*.gz=01;31:*.lrz=01;31:*.lz=01;31:*.lzo=01;31:*.xz=01;31:*.zst=01;31:*.tzst=01;31:*.bz2=01;31:*.bz=01;31:*.tbz=01;31:*.tbz2=01;31:*.tz=01;31:*.deb=01;31:*.rpm=01;31:*.jar=01;31:*.war=01;31:*.ear=01;31:*.sar=01;31:*.rar=01;31:*.alz=01;31:*.ace=01;31:*.zoo=01;31:*.cpio=01;31:*.7z=01;31:*.rz=01;31:*.cab=01;31:*.wim=01;31:*.swm=01;31:*.dwm=01;31:*.esd=01;31:*.jpg=01;35:*.jpeg=01;35:*.mjpg=01;35:*.mjpeg=01;35:*.gif=01;35:*.bmp=01;35:*.pbm=01;35:*.pgm=01;35:*.ppm=01;35:*.tga=01;35:*.xbm=01;35:*.xpm=01;35:*.tif=01;35:*.tiff=01;35:*.png=01;35:*.svg=01;35:*.svgz=01;35:*.mng=01;35:*.pcx=01;35:*.mov=01;35:*.mpg=01;35:*.mpeg=01;35:*.m2v=01;35:*.mkv=01;35:*.webm=01;35:*.ogm=01;35:*.mp4=01;35:*.m4v=01;35:*.mp4v=01;35:*.vob=01;35:*.qt=01;35:*.nuv=01;35:*.wmv=01;35:*.asf=01;35:*.rm=01;35:*.rmvb=01;35:*.flc=01;35:*.avi=01;35:*.fli=01;35:*.flv=01;35:*.gl=01;35:*.dl=01;35:*.xcf=01;35:*.xwd=01;35:*.yuv=01;35:*.cgm=01;35:*.emf=01;35:*.ogv=01;35:*.ogx=01;35:*.aac=00;36:*.au=00;36:*.flac=00;36:*.m4a=00;36:*.mid=00;36:*.midi=00;36:*.mka=00;36:*.mp3=00;36:*.mpc=00;36:*.ogg=00;36:*.ra=00;36:*.wav=00;36:*.oga=00;36:*.opus=00;36:*.spx=00;36:*.xspf=00;36:', 'OROCOS_TARGET': 'gnulinux', 'CMAKE_PREFIX_PATH': '/opt/pal/gallium:/opt/ros/noetic', 'GAZEBO_RESOURCE_PATH': '/home/pal/ros_ws/src/va50:', 'ROS_WORKSPACE': '/home/pal/ros_ws', 'LESSCLOSE': '/usr/bin/lesspipe %s %s', 'PYTHONPATH': '/opt/pal/gallium/lib/python3/dist-packages:/opt/ros/noetic/lib/python3/dist-packages', 'TERM': 'xterm', 'VISP_INPUT_IMAGE_PATH': '/home/pal/visp-ws/visp-images', 'LESSOPEN': '| /usr/bin/lesspipe %s', 'USER': 'pal', 'RTT_COMPONENT_PATH': '/opt/pal/gallium/lib/orocos', 'DISPLAY': ':0', 'SHLVL': '1', 'PAL_DISTRO': 'gallium', 'ROS_MASTER_URI': 'http://localhost:11311/', 'LD_LIBRARY_PATH': '/opt/pal/gallium/lib:/opt/pal/gallium/lib/x86_64-linux-gnu:/opt/ros/noetic/lib:/opt/ros/noetic/lib/x86_64-linux-gnu:/usr/local/lib', 'GAZEBO_MODEL_PATH': '/home/pal/ros_ws/src/va50/models:', 'PATH': '/opt/pal/gallium/bin:/opt/ros/noetic/bin:/opt/pal/gallium/lib/pal_debian_utils/:/usr/local/sbin:/usr/local/bin:/usr/sbin:/usr/bin:/sbin:/bin', 'LUA_PATH': ';;/opt/pal/gallium/share/lua/5.1/?.lua;/opt/pal/gallium/share/lua/5.1/?.lua;/opt/pal/gallium/share/lua/5.1/?.lua;/opt/pal/gallium/share/lua/5.1/?.lua;/opt/pal/gallium/share/lua/5.1/?.lua;/opt/pal/gallium/share/lua/5.1/?.lua', 'DEBIAN_FRONTEND': 'noninteractive', 'ROS_ROOT': '/opt/ros/noetic/share/ros', 'ROS_DISTRO': 'noetic', 'QT_X11_NO_MITSHM': '1', 'OLDPWD': '/home/pal/ros_ws/src', '_': '/opt/ros/noetic/bin/roslaunch', 'LC_CTYPE': 'C.UTF-8', 'ROS_LOG_FILENAME': '/home/pal/.ros/log/2516c386-d12f-11f0-b32a-9c2f9d99f7eb/roslaunch-epan-tiago-noetic-ssh-3176.log', 'LC_NUMERIC': 'C'}]
[roslaunch][INFO] 2025-12-04 20:16:38,056: process[twist_mux-15]: args[['/opt/ros/noetic/lib/twist_mux/twist_mux', 'cmd_vel_out:=mobile_base_controller/cmd_vel', '__name:=twist_mux']]
[roslaunch][INFO] 2025-12-04 20:16:38,056: ... created process [twist_mux-15]
[roslaunch.pmon][INFO] 2025-12-04 20:16:38,056: ProcessMonitor.register[twist_mux-15]
[roslaunch.pmon][INFO] 2025-12-04 20:16:38,056: ProcessMonitor.register[twist_mux-15] complete
[roslaunch][INFO] 2025-12-04 20:16:38,056: ... registered process [twist_mux-15]
[roslaunch][INFO] 2025-12-04 20:16:38,056: process[twist_mux-15]: starting os process
[roslaunch][INFO] 2025-12-04 20:16:38,056: process[twist_mux-15]: start w/ args [['/opt/ros/noetic/lib/twist_mux/twist_mux', 'cmd_vel_out:=mobile_base_controller/cmd_vel', '__name:=twist_mux', '__log:=/home/pal/.ros/log/2516c386-d12f-11f0-b32a-9c2f9d99f7eb/twist_mux-15.log']]
[roslaunch][INFO] 2025-12-04 20:16:38,056: process[twist_mux-15]: cwd will be [/home/pal/.ros]
[roslaunch][INFO] 2025-12-04 20:16:38,085: process[twist_mux-15]: started with pid [3294]
[roslaunch][INFO] 2025-12-04 20:16:38,086: ... successfully launched [twist_mux-15]
[roslaunch][INFO] 2025-12-04 20:16:38,086: ... preparing to launch node of type [twist_mux/twist_marker]
[roslaunch][INFO] 2025-12-04 20:16:38,086: create_node_process: package[twist_mux] type[twist_marker] machine[Machine(name[] env_loader[None] address[localhost] ssh_port[22] user[None] assignable[True] timeout[10.0])] master_uri[http://localhost:11311/]
[roslaunch][INFO] 2025-12-04 20:16:38,086: process[twist_marker-16]: env[{'ROS_VERSION': '1', 'DISABLE_ROS1_EOL_WARNINGS': '1', 'PKG_CONFIG_PATH': '/opt/pal/gallium/lib/pkgconfig:/opt/pal/gallium/lib/x86_64-linux-gnu/pkgconfig:/opt/ros/noetic/lib/pkgconfig:/opt/ros/noetic/lib/x86_64-linux-gnu/pkgconfig', 'ROS_PYTHON_VERSION': '3', 'HOSTNAME': 'epan-tiago-noetic-ssh', 'VISP_WS': '/home/pal/visp-ws', 'ROS_PACKAGE_PATH': '/opt/pal/gallium/share:/opt/ros/noetic/share', 'ROSLISP_PACKAGE_DIRECTORIES': '', 'PWD': '/home/pal/ros_ws/src/image_bridge/scripts', 'XAUTHORITY': '', 'TZ': 'Europe/Paris', 'ROS_IP': '127.0.0.1', 'HOME': '/home/pal', 'ROS_ETC_DIR': '/opt/ros/noetic/etc/ros', 'LS_COLORS': 'rs=0:di=01;34:ln=01;36:mh=00:pi=40;33:so=01;35:do=01;35:bd=40;33;01:cd=40;33;01:or=40;31;01:mi=00:su=37;41:sg=30;43:ca=30;41:tw=30;42:ow=34;42:st=37;44:ex=01;32:*.tar=01;31:*.tgz=01;31:*.arc=01;31:*.arj=01;31:*.taz=01;31:*.lha=01;31:*.lz4=01;31:*.lzh=01;31:*.lzma=01;31:*.tlz=01;31:*.txz=01;31:*.tzo=01;31:*.t7z=01;31:*.zip=01;31:*.z=01;31:*.dz=01;31:*.gz=01;31:*.lrz=01;31:*.lz=01;31:*.lzo=01;31:*.xz=01;31:*.zst=01;31:*.tzst=01;31:*.bz2=01;31:*.bz=01;31:*.tbz=01;31:*.tbz2=01;31:*.tz=01;31:*.deb=01;31:*.rpm=01;31:*.jar=01;31:*.war=01;31:*.ear=01;31:*.sar=01;31:*.rar=01;31:*.alz=01;31:*.ace=01;31:*.zoo=01;31:*.cpio=01;31:*.7z=01;31:*.rz=01;31:*.cab=01;31:*.wim=01;31:*.swm=01;31:*.dwm=01;31:*.esd=01;31:*.jpg=01;35:*.jpeg=01;35:*.mjpg=01;35:*.mjpeg=01;35:*.gif=01;35:*.bmp=01;35:*.pbm=01;35:*.pgm=01;35:*.ppm=01;35:*.tga=01;35:*.xbm=01;35:*.xpm=01;35:*.tif=01;35:*.tiff=01;35:*.png=01;35:*.svg=01;35:*.svgz=01;35:*.mng=01;35:*.pcx=01;35:*.mov=01;35:*.mpg=01;35:*.mpeg=01;35:*.m2v=01;35:*.mkv=01;35:*.webm=01;35:*.ogm=01;35:*.mp4=01;35:*.m4v=01;35:*.mp4v=01;35:*.vob=01;35:*.qt=01;35:*.nuv=01;35:*.wmv=01;35:*.asf=01;35:*.rm=01;35:*.rmvb=01;35:*.flc=01;35:*.avi=01;35:*.fli=01;35:*.flv=01;35:*.gl=01;35:*.dl=01;35:*.xcf=01;35:*.xwd=01;35:*.yuv=01;35:*.cgm=01;35:*.emf=01;35:*.ogv=01;35:*.ogx=01;35:*.aac=00;36:*.au=00;36:*.flac=00;36:*.m4a=00;36:*.mid=00;36:*.midi=00;36:*.mka=00;36:*.mp3=00;36:*.mpc=00;36:*.ogg=00;36:*.ra=00;36:*.wav=00;36:*.oga=00;36:*.opus=00;36:*.spx=00;36:*.xspf=00;36:', 'OROCOS_TARGET': 'gnulinux', 'CMAKE_PREFIX_PATH': '/opt/pal/gallium:/opt/ros/noetic', 'GAZEBO_RESOURCE_PATH': '/home/pal/ros_ws/src/va50:', 'ROS_WORKSPACE': '/home/pal/ros_ws', 'LESSCLOSE': '/usr/bin/lesspipe %s %s', 'PYTHONPATH': '/opt/pal/gallium/lib/python3/dist-packages:/opt/ros/noetic/lib/python3/dist-packages', 'TERM': 'xterm', 'VISP_INPUT_IMAGE_PATH': '/home/pal/visp-ws/visp-images', 'LESSOPEN': '| /usr/bin/lesspipe %s', 'USER': 'pal', 'RTT_COMPONENT_PATH': '/opt/pal/gallium/lib/orocos', 'DISPLAY': ':0', 'SHLVL': '1', 'PAL_DISTRO': 'gallium', 'ROS_MASTER_URI': 'http://localhost:11311/', 'LD_LIBRARY_PATH': '/opt/pal/gallium/lib:/opt/pal/gallium/lib/x86_64-linux-gnu:/opt/ros/noetic/lib:/opt/ros/noetic/lib/x86_64-linux-gnu:/usr/local/lib', 'GAZEBO_MODEL_PATH': '/home/pal/ros_ws/src/va50/models:', 'PATH': '/opt/pal/gallium/bin:/opt/ros/noetic/bin:/opt/pal/gallium/lib/pal_debian_utils/:/usr/local/sbin:/usr/local/bin:/usr/sbin:/usr/bin:/sbin:/bin', 'LUA_PATH': ';;/opt/pal/gallium/share/lua/5.1/?.lua;/opt/pal/gallium/share/lua/5.1/?.lua;/opt/pal/gallium/share/lua/5.1/?.lua;/opt/pal/gallium/share/lua/5.1/?.lua;/opt/pal/gallium/share/lua/5.1/?.lua;/opt/pal/gallium/share/lua/5.1/?.lua', 'DEBIAN_FRONTEND': 'noninteractive', 'ROS_ROOT': '/opt/ros/noetic/share/ros', 'ROS_DISTRO': 'noetic', 'QT_X11_NO_MITSHM': '1', 'OLDPWD': '/home/pal/ros_ws/src', '_': '/opt/ros/noetic/bin/roslaunch', 'LC_CTYPE': 'C.UTF-8', 'ROS_LOG_FILENAME': '/home/pal/.ros/log/2516c386-d12f-11f0-b32a-9c2f9d99f7eb/roslaunch-epan-tiago-noetic-ssh-3176.log', 'LC_NUMERIC': 'C'}]
[roslaunch][INFO] 2025-12-04 20:16:38,087: process[twist_marker-16]: args[['/opt/ros/noetic/lib/twist_mux/twist_marker', 'twist:=mobile_base_controller/cmd_vel', 'marker:=twist_marker', '__name:=twist_marker']]
[roslaunch][INFO] 2025-12-04 20:16:38,087: ... created process [twist_marker-16]
[roslaunch.pmon][INFO] 2025-12-04 20:16:38,087: ProcessMonitor.register[twist_marker-16]
[roslaunch.pmon][INFO] 2025-12-04 20:16:38,087: ProcessMonitor.register[twist_marker-16] complete
[roslaunch][INFO] 2025-12-04 20:16:38,087: ... registered process [twist_marker-16]
[roslaunch][INFO] 2025-12-04 20:16:38,087: process[twist_marker-16]: starting os process
[roslaunch][INFO] 2025-12-04 20:16:38,088: process[twist_marker-16]: start w/ args [['/opt/ros/noetic/lib/twist_mux/twist_marker', 'twist:=mobile_base_controller/cmd_vel', 'marker:=twist_marker', '__name:=twist_marker', '__log:=/home/pal/.ros/log/2516c386-d12f-11f0-b32a-9c2f9d99f7eb/twist_marker-16.log']]
[roslaunch][INFO] 2025-12-04 20:16:38,088: process[twist_marker-16]: cwd will be [/home/pal/.ros]
[roslaunch][INFO] 2025-12-04 20:16:38,108: process[twist_marker-16]: started with pid [3303]
[roslaunch][INFO] 2025-12-04 20:16:38,109: ... successfully launched [twist_marker-16]
[roslaunch][INFO] 2025-12-04 20:16:38,109: ... preparing to launch node of type [twist_mux/joystick_relay.py]
[roslaunch][INFO] 2025-12-04 20:16:38,109: create_node_process: package[twist_mux] type[joystick_relay.py] machine[Machine(name[] env_loader[None] address[localhost] ssh_port[22] user[None] assignable[True] timeout[10.0])] master_uri[http://localhost:11311/]
[roslaunch][INFO] 2025-12-04 20:16:38,109: process[joystick_relay-17]: env[{'ROS_VERSION': '1', 'DISABLE_ROS1_EOL_WARNINGS': '1', 'PKG_CONFIG_PATH': '/opt/pal/gallium/lib/pkgconfig:/opt/pal/gallium/lib/x86_64-linux-gnu/pkgconfig:/opt/ros/noetic/lib/pkgconfig:/opt/ros/noetic/lib/x86_64-linux-gnu/pkgconfig', 'ROS_PYTHON_VERSION': '3', 'HOSTNAME': 'epan-tiago-noetic-ssh', 'VISP_WS': '/home/pal/visp-ws', 'ROS_PACKAGE_PATH': '/opt/pal/gallium/share:/opt/ros/noetic/share', 'ROSLISP_PACKAGE_DIRECTORIES': '', 'PWD': '/home/pal/ros_ws/src/image_bridge/scripts', 'XAUTHORITY': '', 'TZ': 'Europe/Paris', 'ROS_IP': '127.0.0.1', 'HOME': '/home/pal', 'ROS_ETC_DIR': '/opt/ros/noetic/etc/ros', 'LS_COLORS': 'rs=0:di=01;34:ln=01;36:mh=00:pi=40;33:so=01;35:do=01;35:bd=40;33;01:cd=40;33;01:or=40;31;01:mi=00:su=37;41:sg=30;43:ca=30;41:tw=30;42:ow=34;42:st=37;44:ex=01;32:*.tar=01;31:*.tgz=01;31:*.arc=01;31:*.arj=01;31:*.taz=01;31:*.lha=01;31:*.lz4=01;31:*.lzh=01;31:*.lzma=01;31:*.tlz=01;31:*.txz=01;31:*.tzo=01;31:*.t7z=01;31:*.zip=01;31:*.z=01;31:*.dz=01;31:*.gz=01;31:*.lrz=01;31:*.lz=01;31:*.lzo=01;31:*.xz=01;31:*.zst=01;31:*.tzst=01;31:*.bz2=01;31:*.bz=01;31:*.tbz=01;31:*.tbz2=01;31:*.tz=01;31:*.deb=01;31:*.rpm=01;31:*.jar=01;31:*.war=01;31:*.ear=01;31:*.sar=01;31:*.rar=01;31:*.alz=01;31:*.ace=01;31:*.zoo=01;31:*.cpio=01;31:*.7z=01;31:*.rz=01;31:*.cab=01;31:*.wim=01;31:*.swm=01;31:*.dwm=01;31:*.esd=01;31:*.jpg=01;35:*.jpeg=01;35:*.mjpg=01;35:*.mjpeg=01;35:*.gif=01;35:*.bmp=01;35:*.pbm=01;35:*.pgm=01;35:*.ppm=01;35:*.tga=01;35:*.xbm=01;35:*.xpm=01;35:*.tif=01;35:*.tiff=01;35:*.png=01;35:*.svg=01;35:*.svgz=01;35:*.mng=01;35:*.pcx=01;35:*.mov=01;35:*.mpg=01;35:*.mpeg=01;35:*.m2v=01;35:*.mkv=01;35:*.webm=01;35:*.ogm=01;35:*.mp4=01;35:*.m4v=01;35:*.mp4v=01;35:*.vob=01;35:*.qt=01;35:*.nuv=01;35:*.wmv=01;35:*.asf=01;35:*.rm=01;35:*.rmvb=01;35:*.flc=01;35:*.avi=01;35:*.fli=01;35:*.flv=01;35:*.gl=01;35:*.dl=01;35:*.xcf=01;35:*.xwd=01;35:*.yuv=01;35:*.cgm=01;35:*.emf=01;35:*.ogv=01;35:*.ogx=01;35:*.aac=00;36:*.au=00;36:*.flac=00;36:*.m4a=00;36:*.mid=00;36:*.midi=00;36:*.mka=00;36:*.mp3=00;36:*.mpc=00;36:*.ogg=00;36:*.ra=00;36:*.wav=00;36:*.oga=00;36:*.opus=00;36:*.spx=00;36:*.xspf=00;36:', 'OROCOS_TARGET': 'gnulinux', 'CMAKE_PREFIX_PATH': '/opt/pal/gallium:/opt/ros/noetic', 'GAZEBO_RESOURCE_PATH': '/home/pal/ros_ws/src/va50:', 'ROS_WORKSPACE': '/home/pal/ros_ws', 'LESSCLOSE': '/usr/bin/lesspipe %s %s', 'PYTHONPATH': '/opt/pal/gallium/lib/python3/dist-packages:/opt/ros/noetic/lib/python3/dist-packages', 'TERM': 'xterm', 'VISP_INPUT_IMAGE_PATH': '/home/pal/visp-ws/visp-images', 'LESSOPEN': '| /usr/bin/lesspipe %s', 'USER': 'pal', 'RTT_COMPONENT_PATH': '/opt/pal/gallium/lib/orocos', 'DISPLAY': ':0', 'SHLVL': '1', 'PAL_DISTRO': 'gallium', 'ROS_MASTER_URI': 'http://localhost:11311/', 'LD_LIBRARY_PATH': '/opt/pal/gallium/lib:/opt/pal/gallium/lib/x86_64-linux-gnu:/opt/ros/noetic/lib:/opt/ros/noetic/lib/x86_64-linux-gnu:/usr/local/lib', 'GAZEBO_MODEL_PATH': '/home/pal/ros_ws/src/va50/models:', 'PATH': '/opt/pal/gallium/bin:/opt/ros/noetic/bin:/opt/pal/gallium/lib/pal_debian_utils/:/usr/local/sbin:/usr/local/bin:/usr/sbin:/usr/bin:/sbin:/bin', 'LUA_PATH': ';;/opt/pal/gallium/share/lua/5.1/?.lua;/opt/pal/gallium/share/lua/5.1/?.lua;/opt/pal/gallium/share/lua/5.1/?.lua;/opt/pal/gallium/share/lua/5.1/?.lua;/opt/pal/gallium/share/lua/5.1/?.lua;/opt/pal/gallium/share/lua/5.1/?.lua', 'DEBIAN_FRONTEND': 'noninteractive', 'ROS_ROOT': '/opt/ros/noetic/share/ros', 'ROS_DISTRO': 'noetic', 'QT_X11_NO_MITSHM': '1', 'OLDPWD': '/home/pal/ros_ws/src', '_': '/opt/ros/noetic/bin/roslaunch', 'LC_CTYPE': 'C.UTF-8', 'ROS_LOG_FILENAME': '/home/pal/.ros/log/2516c386-d12f-11f0-b32a-9c2f9d99f7eb/roslaunch-epan-tiago-noetic-ssh-3176.log', 'LC_NUMERIC': 'C'}]
[roslaunch][INFO] 2025-12-04 20:16:38,110: process[joystick_relay-17]: args[['/opt/ros/noetic/lib/twist_mux/joystick_relay.py', 'joy_vel_in:=input_joy/cmd_vel', 'joy_vel_out:=joy_vel', '__name:=joystick_relay']]
[roslaunch][INFO] 2025-12-04 20:16:38,111: ... created process [joystick_relay-17]
[roslaunch.pmon][INFO] 2025-12-04 20:16:38,111: ProcessMonitor.register[joystick_relay-17]
[roslaunch.pmon][INFO] 2025-12-04 20:16:38,111: ProcessMonitor.register[joystick_relay-17] complete
[roslaunch][INFO] 2025-12-04 20:16:38,111: ... registered process [joystick_relay-17]
[roslaunch][INFO] 2025-12-04 20:16:38,111: process[joystick_relay-17]: starting os process
[roslaunch][INFO] 2025-12-04 20:16:38,111: process[joystick_relay-17]: start w/ args [['/opt/ros/noetic/lib/twist_mux/joystick_relay.py', 'joy_vel_in:=input_joy/cmd_vel', 'joy_vel_out:=joy_vel', '__name:=joystick_relay', '__log:=/home/pal/.ros/log/2516c386-d12f-11f0-b32a-9c2f9d99f7eb/joystick_relay-17.log']]
[roslaunch][INFO] 2025-12-04 20:16:38,111: process[joystick_relay-17]: cwd will be [/home/pal/.ros]
[roslaunch][INFO] 2025-12-04 20:16:38,174: process[joystick_relay-17]: started with pid [3311]
[roslaunch][INFO] 2025-12-04 20:16:38,175: ... successfully launched [joystick_relay-17]
[roslaunch][INFO] 2025-12-04 20:16:38,176: ... preparing to launch node of type [dynamic_footprint/dynamic_footprint_publisher.py]
[roslaunch][INFO] 2025-12-04 20:16:38,176: create_node_process: package[dynamic_footprint] type[dynamic_footprint_publisher.py] machine[Machine(name[] env_loader[None] address[localhost] ssh_port[22] user[None] assignable[True] timeout[10.0])] master_uri[http://localhost:11311/]
[roslaunch][INFO] 2025-12-04 20:16:38,177: process[dynamic_footprint_publisher-18]: env[{'ROS_VERSION': '1', 'DISABLE_ROS1_EOL_WARNINGS': '1', 'PKG_CONFIG_PATH': '/opt/pal/gallium/lib/pkgconfig:/opt/pal/gallium/lib/x86_64-linux-gnu/pkgconfig:/opt/ros/noetic/lib/pkgconfig:/opt/ros/noetic/lib/x86_64-linux-gnu/pkgconfig', 'ROS_PYTHON_VERSION': '3', 'HOSTNAME': 'epan-tiago-noetic-ssh', 'VISP_WS': '/home/pal/visp-ws', 'ROS_PACKAGE_PATH': '/opt/pal/gallium/share:/opt/ros/noetic/share', 'ROSLISP_PACKAGE_DIRECTORIES': '', 'PWD': '/home/pal/ros_ws/src/image_bridge/scripts', 'XAUTHORITY': '', 'TZ': 'Europe/Paris', 'ROS_IP': '127.0.0.1', 'HOME': '/home/pal', 'ROS_ETC_DIR': '/opt/ros/noetic/etc/ros', 'LS_COLORS': 'rs=0:di=01;34:ln=01;36:mh=00:pi=40;33:so=01;35:do=01;35:bd=40;33;01:cd=40;33;01:or=40;31;01:mi=00:su=37;41:sg=30;43:ca=30;41:tw=30;42:ow=34;42:st=37;44:ex=01;32:*.tar=01;31:*.tgz=01;31:*.arc=01;31:*.arj=01;31:*.taz=01;31:*.lha=01;31:*.lz4=01;31:*.lzh=01;31:*.lzma=01;31:*.tlz=01;31:*.txz=01;31:*.tzo=01;31:*.t7z=01;31:*.zip=01;31:*.z=01;31:*.dz=01;31:*.gz=01;31:*.lrz=01;31:*.lz=01;31:*.lzo=01;31:*.xz=01;31:*.zst=01;31:*.tzst=01;31:*.bz2=01;31:*.bz=01;31:*.tbz=01;31:*.tbz2=01;31:*.tz=01;31:*.deb=01;31:*.rpm=01;31:*.jar=01;31:*.war=01;31:*.ear=01;31:*.sar=01;31:*.rar=01;31:*.alz=01;31:*.ace=01;31:*.zoo=01;31:*.cpio=01;31:*.7z=01;31:*.rz=01;31:*.cab=01;31:*.wim=01;31:*.swm=01;31:*.dwm=01;31:*.esd=01;31:*.jpg=01;35:*.jpeg=01;35:*.mjpg=01;35:*.mjpeg=01;35:*.gif=01;35:*.bmp=01;35:*.pbm=01;35:*.pgm=01;35:*.ppm=01;35:*.tga=01;35:*.xbm=01;35:*.xpm=01;35:*.tif=01;35:*.tiff=01;35:*.png=01;35:*.svg=01;35:*.svgz=01;35:*.mng=01;35:*.pcx=01;35:*.mov=01;35:*.mpg=01;35:*.mpeg=01;35:*.m2v=01;35:*.mkv=01;35:*.webm=01;35:*.ogm=01;35:*.mp4=01;35:*.m4v=01;35:*.mp4v=01;35:*.vob=01;35:*.qt=01;35:*.nuv=01;35:*.wmv=01;35:*.asf=01;35:*.rm=01;35:*.rmvb=01;35:*.flc=01;35:*.avi=01;35:*.fli=01;35:*.flv=01;35:*.gl=01;35:*.dl=01;35:*.xcf=01;35:*.xwd=01;35:*.yuv=01;35:*.cgm=01;35:*.emf=01;35:*.ogv=01;35:*.ogx=01;35:*.aac=00;36:*.au=00;36:*.flac=00;36:*.m4a=00;36:*.mid=00;36:*.midi=00;36:*.mka=00;36:*.mp3=00;36:*.mpc=00;36:*.ogg=00;36:*.ra=00;36:*.wav=00;36:*.oga=00;36:*.opus=00;36:*.spx=00;36:*.xspf=00;36:', 'OROCOS_TARGET': 'gnulinux', 'CMAKE_PREFIX_PATH': '/opt/pal/gallium:/opt/ros/noetic', 'GAZEBO_RESOURCE_PATH': '/home/pal/ros_ws/src/va50:', 'ROS_WORKSPACE': '/home/pal/ros_ws', 'LESSCLOSE': '/usr/bin/lesspipe %s %s', 'PYTHONPATH': '/opt/pal/gallium/lib/python3/dist-packages:/opt/ros/noetic/lib/python3/dist-packages', 'TERM': 'xterm', 'VISP_INPUT_IMAGE_PATH': '/home/pal/visp-ws/visp-images', 'LESSOPEN': '| /usr/bin/lesspipe %s', 'USER': 'pal', 'RTT_COMPONENT_PATH': '/opt/pal/gallium/lib/orocos', 'DISPLAY': ':0', 'SHLVL': '1', 'PAL_DISTRO': 'gallium', 'ROS_MASTER_URI': 'http://localhost:11311/', 'LD_LIBRARY_PATH': '/opt/pal/gallium/lib:/opt/pal/gallium/lib/x86_64-linux-gnu:/opt/ros/noetic/lib:/opt/ros/noetic/lib/x86_64-linux-gnu:/usr/local/lib', 'GAZEBO_MODEL_PATH': '/home/pal/ros_ws/src/va50/models:', 'PATH': '/opt/pal/gallium/bin:/opt/ros/noetic/bin:/opt/pal/gallium/lib/pal_debian_utils/:/usr/local/sbin:/usr/local/bin:/usr/sbin:/usr/bin:/sbin:/bin', 'LUA_PATH': ';;/opt/pal/gallium/share/lua/5.1/?.lua;/opt/pal/gallium/share/lua/5.1/?.lua;/opt/pal/gallium/share/lua/5.1/?.lua;/opt/pal/gallium/share/lua/5.1/?.lua;/opt/pal/gallium/share/lua/5.1/?.lua;/opt/pal/gallium/share/lua/5.1/?.lua', 'DEBIAN_FRONTEND': 'noninteractive', 'ROS_ROOT': '/opt/ros/noetic/share/ros', 'ROS_DISTRO': 'noetic', 'QT_X11_NO_MITSHM': '1', 'OLDPWD': '/home/pal/ros_ws/src', '_': '/opt/ros/noetic/bin/roslaunch', 'LC_CTYPE': 'C.UTF-8', 'ROS_LOG_FILENAME': '/home/pal/.ros/log/2516c386-d12f-11f0-b32a-9c2f9d99f7eb/roslaunch-epan-tiago-noetic-ssh-3176.log', 'LC_NUMERIC': 'C'}]
[roslaunch][INFO] 2025-12-04 20:16:38,178: process[dynamic_footprint_publisher-18]: args[['/opt/pal/gallium/lib/dynamic_footprint/dynamic_footprint_publisher.py', '__name:=dynamic_footprint_publisher']]
[roslaunch][INFO] 2025-12-04 20:16:38,182: ... created process [dynamic_footprint_publisher-18]
[roslaunch.pmon][INFO] 2025-12-04 20:16:38,184: ProcessMonitor.register[dynamic_footprint_publisher-18]
[roslaunch.pmon][INFO] 2025-12-04 20:16:38,184: ProcessMonitor.register[dynamic_footprint_publisher-18] complete
[roslaunch][INFO] 2025-12-04 20:16:38,184: ... registered process [dynamic_footprint_publisher-18]
[roslaunch][INFO] 2025-12-04 20:16:38,185: process[dynamic_footprint_publisher-18]: starting os process
[roslaunch][INFO] 2025-12-04 20:16:38,186: process[dynamic_footprint_publisher-18]: start w/ args [['/opt/pal/gallium/lib/dynamic_footprint/dynamic_footprint_publisher.py', '__name:=dynamic_footprint_publisher', '__log:=/home/pal/.ros/log/2516c386-d12f-11f0-b32a-9c2f9d99f7eb/dynamic_footprint_publisher-18.log']]
[roslaunch][INFO] 2025-12-04 20:16:38,186: process[dynamic_footprint_publisher-18]: cwd will be [/home/pal/.ros]
[roslaunch][INFO] 2025-12-04 20:16:38,214: process[dynamic_footprint_publisher-18]: started with pid [3332]
[roslaunch][INFO] 2025-12-04 20:16:38,215: ... successfully launched [dynamic_footprint_publisher-18]
[roslaunch][INFO] 2025-12-04 20:16:38,216: ... preparing to launch node of type [topic_tools/relay]
[roslaunch][INFO] 2025-12-04 20:16:38,216: create_node_process: package[topic_tools] type[relay] machine[Machine(name[] env_loader[None] address[localhost] ssh_port[22] user[None] assignable[True] timeout[10.0])] master_uri[http://localhost:11311/]
[roslaunch][INFO] 2025-12-04 20:16:38,219: process[image_raw_to_rect_color_relay-19]: env[{'ROS_VERSION': '1', 'DISABLE_ROS1_EOL_WARNINGS': '1', 'PKG_CONFIG_PATH': '/opt/pal/gallium/lib/pkgconfig:/opt/pal/gallium/lib/x86_64-linux-gnu/pkgconfig:/opt/ros/noetic/lib/pkgconfig:/opt/ros/noetic/lib/x86_64-linux-gnu/pkgconfig', 'ROS_PYTHON_VERSION': '3', 'HOSTNAME': 'epan-tiago-noetic-ssh', 'VISP_WS': '/home/pal/visp-ws', 'ROS_PACKAGE_PATH': '/opt/pal/gallium/share:/opt/ros/noetic/share', 'ROSLISP_PACKAGE_DIRECTORIES': '', 'PWD': '/home/pal/ros_ws/src/image_bridge/scripts', 'XAUTHORITY': '', 'TZ': 'Europe/Paris', 'ROS_IP': '127.0.0.1', 'HOME': '/home/pal', 'ROS_ETC_DIR': '/opt/ros/noetic/etc/ros', 'LS_COLORS': 'rs=0:di=01;34:ln=01;36:mh=00:pi=40;33:so=01;35:do=01;35:bd=40;33;01:cd=40;33;01:or=40;31;01:mi=00:su=37;41:sg=30;43:ca=30;41:tw=30;42:ow=34;42:st=37;44:ex=01;32:*.tar=01;31:*.tgz=01;31:*.arc=01;31:*.arj=01;31:*.taz=01;31:*.lha=01;31:*.lz4=01;31:*.lzh=01;31:*.lzma=01;31:*.tlz=01;31:*.txz=01;31:*.tzo=01;31:*.t7z=01;31:*.zip=01;31:*.z=01;31:*.dz=01;31:*.gz=01;31:*.lrz=01;31:*.lz=01;31:*.lzo=01;31:*.xz=01;31:*.zst=01;31:*.tzst=01;31:*.bz2=01;31:*.bz=01;31:*.tbz=01;31:*.tbz2=01;31:*.tz=01;31:*.deb=01;31:*.rpm=01;31:*.jar=01;31:*.war=01;31:*.ear=01;31:*.sar=01;31:*.rar=01;31:*.alz=01;31:*.ace=01;31:*.zoo=01;31:*.cpio=01;31:*.7z=01;31:*.rz=01;31:*.cab=01;31:*.wim=01;31:*.swm=01;31:*.dwm=01;31:*.esd=01;31:*.jpg=01;35:*.jpeg=01;35:*.mjpg=01;35:*.mjpeg=01;35:*.gif=01;35:*.bmp=01;35:*.pbm=01;35:*.pgm=01;35:*.ppm=01;35:*.tga=01;35:*.xbm=01;35:*.xpm=01;35:*.tif=01;35:*.tiff=01;35:*.png=01;35:*.svg=01;35:*.svgz=01;35:*.mng=01;35:*.pcx=01;35:*.mov=01;35:*.mpg=01;35:*.mpeg=01;35:*.m2v=01;35:*.mkv=01;35:*.webm=01;35:*.ogm=01;35:*.mp4=01;35:*.m4v=01;35:*.mp4v=01;35:*.vob=01;35:*.qt=01;35:*.nuv=01;35:*.wmv=01;35:*.asf=01;35:*.rm=01;35:*.rmvb=01;35:*.flc=01;35:*.avi=01;35:*.fli=01;35:*.flv=01;35:*.gl=01;35:*.dl=01;35:*.xcf=01;35:*.xwd=01;35:*.yuv=01;35:*.cgm=01;35:*.emf=01;35:*.ogv=01;35:*.ogx=01;35:*.aac=00;36:*.au=00;36:*.flac=00;36:*.m4a=00;36:*.mid=00;36:*.midi=00;36:*.mka=00;36:*.mp3=00;36:*.mpc=00;36:*.ogg=00;36:*.ra=00;36:*.wav=00;36:*.oga=00;36:*.opus=00;36:*.spx=00;36:*.xspf=00;36:', 'OROCOS_TARGET': 'gnulinux', 'CMAKE_PREFIX_PATH': '/opt/pal/gallium:/opt/ros/noetic', 'GAZEBO_RESOURCE_PATH': '/home/pal/ros_ws/src/va50:', 'ROS_WORKSPACE': '/home/pal/ros_ws', 'LESSCLOSE': '/usr/bin/lesspipe %s %s', 'PYTHONPATH': '/opt/pal/gallium/lib/python3/dist-packages:/opt/ros/noetic/lib/python3/dist-packages', 'TERM': 'xterm', 'VISP_INPUT_IMAGE_PATH': '/home/pal/visp-ws/visp-images', 'LESSOPEN': '| /usr/bin/lesspipe %s', 'USER': 'pal', 'RTT_COMPONENT_PATH': '/opt/pal/gallium/lib/orocos', 'DISPLAY': ':0', 'SHLVL': '1', 'PAL_DISTRO': 'gallium', 'ROS_MASTER_URI': 'http://localhost:11311/', 'LD_LIBRARY_PATH': '/opt/pal/gallium/lib:/opt/pal/gallium/lib/x86_64-linux-gnu:/opt/ros/noetic/lib:/opt/ros/noetic/lib/x86_64-linux-gnu:/usr/local/lib', 'GAZEBO_MODEL_PATH': '/home/pal/ros_ws/src/va50/models:', 'PATH': '/opt/pal/gallium/bin:/opt/ros/noetic/bin:/opt/pal/gallium/lib/pal_debian_utils/:/usr/local/sbin:/usr/local/bin:/usr/sbin:/usr/bin:/sbin:/bin', 'LUA_PATH': ';;/opt/pal/gallium/share/lua/5.1/?.lua;/opt/pal/gallium/share/lua/5.1/?.lua;/opt/pal/gallium/share/lua/5.1/?.lua;/opt/pal/gallium/share/lua/5.1/?.lua;/opt/pal/gallium/share/lua/5.1/?.lua;/opt/pal/gallium/share/lua/5.1/?.lua', 'DEBIAN_FRONTEND': 'noninteractive', 'ROS_ROOT': '/opt/ros/noetic/share/ros', 'ROS_DISTRO': 'noetic', 'QT_X11_NO_MITSHM': '1', 'OLDPWD': '/home/pal/ros_ws/src', '_': '/opt/ros/noetic/bin/roslaunch', 'LC_CTYPE': 'C.UTF-8', 'ROS_LOG_FILENAME': '/home/pal/.ros/log/2516c386-d12f-11f0-b32a-9c2f9d99f7eb/roslaunch-epan-tiago-noetic-ssh-3176.log', 'LC_NUMERIC': 'C'}]
[roslaunch][INFO] 2025-12-04 20:16:38,232: process[image_raw_to_rect_color_relay-19]: args[['/opt/ros/noetic/lib/topic_tools/relay', 'xtion/rgb/image_raw', 'xtion/rgb/image_rect_color', '__name:=image_raw_to_rect_color_relay']]
[roslaunch][INFO] 2025-12-04 20:16:38,235: ... created process [image_raw_to_rect_color_relay-19]
[roslaunch.pmon][INFO] 2025-12-04 20:16:38,241: ProcessMonitor.register[image_raw_to_rect_color_relay-19]
[roslaunch.pmon][INFO] 2025-12-04 20:16:38,242: ProcessMonitor.register[image_raw_to_rect_color_relay-19] complete
[roslaunch][INFO] 2025-12-04 20:16:38,242: ... registered process [image_raw_to_rect_color_relay-19]
[roslaunch][INFO] 2025-12-04 20:16:38,242: process[image_raw_to_rect_color_relay-19]: starting os process
[roslaunch][INFO] 2025-12-04 20:16:38,243: process[image_raw_to_rect_color_relay-19]: start w/ args [['/opt/ros/noetic/lib/topic_tools/relay', 'xtion/rgb/image_raw', 'xtion/rgb/image_rect_color', '__name:=image_raw_to_rect_color_relay', '__log:=/home/pal/.ros/log/2516c386-d12f-11f0-b32a-9c2f9d99f7eb/image_raw_to_rect_color_relay-19.log']]
[roslaunch][INFO] 2025-12-04 20:16:38,244: process[image_raw_to_rect_color_relay-19]: cwd will be [/home/pal/.ros]
[roslaunch][INFO] 2025-12-04 20:16:38,363: process[image_raw_to_rect_color_relay-19]: started with pid [3367]
[roslaunch][INFO] 2025-12-04 20:16:38,364: ... successfully launched [image_raw_to_rect_color_relay-19]
[roslaunch][INFO] 2025-12-04 20:16:38,364: ... preparing to launch node of type [pal_pcl_points_throttle_and_filter/throttle_filtering_points]
[roslaunch][INFO] 2025-12-04 20:16:38,364: create_node_process: package[pal_pcl_points_throttle_and_filter] type[throttle_filtering_points] machine[Machine(name[] env_loader[None] address[localhost] ssh_port[22] user[None] assignable[True] timeout[10.0])] master_uri[http://localhost:11311/]
[roslaunch][INFO] 2025-12-04 20:16:38,365: process[throttle_filtering_points-20]: env[{'ROS_VERSION': '1', 'DISABLE_ROS1_EOL_WARNINGS': '1', 'PKG_CONFIG_PATH': '/opt/pal/gallium/lib/pkgconfig:/opt/pal/gallium/lib/x86_64-linux-gnu/pkgconfig:/opt/ros/noetic/lib/pkgconfig:/opt/ros/noetic/lib/x86_64-linux-gnu/pkgconfig', 'ROS_PYTHON_VERSION': '3', 'HOSTNAME': 'epan-tiago-noetic-ssh', 'VISP_WS': '/home/pal/visp-ws', 'ROS_PACKAGE_PATH': '/opt/pal/gallium/share:/opt/ros/noetic/share', 'ROSLISP_PACKAGE_DIRECTORIES': '', 'PWD': '/home/pal/ros_ws/src/image_bridge/scripts', 'XAUTHORITY': '', 'TZ': 'Europe/Paris', 'ROS_IP': '127.0.0.1', 'HOME': '/home/pal', 'ROS_ETC_DIR': '/opt/ros/noetic/etc/ros', 'LS_COLORS': 'rs=0:di=01;34:ln=01;36:mh=00:pi=40;33:so=01;35:do=01;35:bd=40;33;01:cd=40;33;01:or=40;31;01:mi=00:su=37;41:sg=30;43:ca=30;41:tw=30;42:ow=34;42:st=37;44:ex=01;32:*.tar=01;31:*.tgz=01;31:*.arc=01;31:*.arj=01;31:*.taz=01;31:*.lha=01;31:*.lz4=01;31:*.lzh=01;31:*.lzma=01;31:*.tlz=01;31:*.txz=01;31:*.tzo=01;31:*.t7z=01;31:*.zip=01;31:*.z=01;31:*.dz=01;31:*.gz=01;31:*.lrz=01;31:*.lz=01;31:*.lzo=01;31:*.xz=01;31:*.zst=01;31:*.tzst=01;31:*.bz2=01;31:*.bz=01;31:*.tbz=01;31:*.tbz2=01;31:*.tz=01;31:*.deb=01;31:*.rpm=01;31:*.jar=01;31:*.war=01;31:*.ear=01;31:*.sar=01;31:*.rar=01;31:*.alz=01;31:*.ace=01;31:*.zoo=01;31:*.cpio=01;31:*.7z=01;31:*.rz=01;31:*.cab=01;31:*.wim=01;31:*.swm=01;31:*.dwm=01;31:*.esd=01;31:*.jpg=01;35:*.jpeg=01;35:*.mjpg=01;35:*.mjpeg=01;35:*.gif=01;35:*.bmp=01;35:*.pbm=01;35:*.pgm=01;35:*.ppm=01;35:*.tga=01;35:*.xbm=01;35:*.xpm=01;35:*.tif=01;35:*.tiff=01;35:*.png=01;35:*.svg=01;35:*.svgz=01;35:*.mng=01;35:*.pcx=01;35:*.mov=01;35:*.mpg=01;35:*.mpeg=01;35:*.m2v=01;35:*.mkv=01;35:*.webm=01;35:*.ogm=01;35:*.mp4=01;35:*.m4v=01;35:*.mp4v=01;35:*.vob=01;35:*.qt=01;35:*.nuv=01;35:*.wmv=01;35:*.asf=01;35:*.rm=01;35:*.rmvb=01;35:*.flc=01;35:*.avi=01;35:*.fli=01;35:*.flv=01;35:*.gl=01;35:*.dl=01;35:*.xcf=01;35:*.xwd=01;35:*.yuv=01;35:*.cgm=01;35:*.emf=01;35:*.ogv=01;35:*.ogx=01;35:*.aac=00;36:*.au=00;36:*.flac=00;36:*.m4a=00;36:*.mid=00;36:*.midi=00;36:*.mka=00;36:*.mp3=00;36:*.mpc=00;36:*.ogg=00;36:*.ra=00;36:*.wav=00;36:*.oga=00;36:*.opus=00;36:*.spx=00;36:*.xspf=00;36:', 'OROCOS_TARGET': 'gnulinux', 'CMAKE_PREFIX_PATH': '/opt/pal/gallium:/opt/ros/noetic', 'GAZEBO_RESOURCE_PATH': '/home/pal/ros_ws/src/va50:', 'ROS_WORKSPACE': '/home/pal/ros_ws', 'LESSCLOSE': '/usr/bin/lesspipe %s %s', 'PYTHONPATH': '/opt/pal/gallium/lib/python3/dist-packages:/opt/ros/noetic/lib/python3/dist-packages', 'TERM': 'xterm', 'VISP_INPUT_IMAGE_PATH': '/home/pal/visp-ws/visp-images', 'LESSOPEN': '| /usr/bin/lesspipe %s', 'USER': 'pal', 'RTT_COMPONENT_PATH': '/opt/pal/gallium/lib/orocos', 'DISPLAY': ':0', 'SHLVL': '1', 'PAL_DISTRO': 'gallium', 'ROS_MASTER_URI': 'http://localhost:11311/', 'LD_LIBRARY_PATH': '/opt/pal/gallium/lib:/opt/pal/gallium/lib/x86_64-linux-gnu:/opt/ros/noetic/lib:/opt/ros/noetic/lib/x86_64-linux-gnu:/usr/local/lib', 'GAZEBO_MODEL_PATH': '/home/pal/ros_ws/src/va50/models:', 'PATH': '/opt/pal/gallium/bin:/opt/ros/noetic/bin:/opt/pal/gallium/lib/pal_debian_utils/:/usr/local/sbin:/usr/local/bin:/usr/sbin:/usr/bin:/sbin:/bin', 'LUA_PATH': ';;/opt/pal/gallium/share/lua/5.1/?.lua;/opt/pal/gallium/share/lua/5.1/?.lua;/opt/pal/gallium/share/lua/5.1/?.lua;/opt/pal/gallium/share/lua/5.1/?.lua;/opt/pal/gallium/share/lua/5.1/?.lua;/opt/pal/gallium/share/lua/5.1/?.lua', 'DEBIAN_FRONTEND': 'noninteractive', 'ROS_ROOT': '/opt/ros/noetic/share/ros', 'ROS_DISTRO': 'noetic', 'QT_X11_NO_MITSHM': '1', 'OLDPWD': '/home/pal/ros_ws/src', '_': '/opt/ros/noetic/bin/roslaunch', 'LC_CTYPE': 'C.UTF-8', 'ROS_LOG_FILENAME': '/home/pal/.ros/log/2516c386-d12f-11f0-b32a-9c2f9d99f7eb/roslaunch-epan-tiago-noetic-ssh-3176.log', 'LC_NUMERIC': 'C'}]
[roslaunch][INFO] 2025-12-04 20:16:38,367: process[throttle_filtering_points-20]: args[['/opt/pal/gallium/lib/pal_pcl_points_throttle_and_filter/throttle_filtering_points', 'cloud:=/xtion/depth_registered/points', '__name:=throttle_filtering_points']]
[roslaunch][INFO] 2025-12-04 20:16:38,368: ... created process [throttle_filtering_points-20]
[roslaunch.pmon][INFO] 2025-12-04 20:16:38,371: ProcessMonitor.register[throttle_filtering_points-20]
[roslaunch.pmon][INFO] 2025-12-04 20:16:38,372: ProcessMonitor.register[throttle_filtering_points-20] complete
[roslaunch][INFO] 2025-12-04 20:16:38,375: ... registered process [throttle_filtering_points-20]
[roslaunch][INFO] 2025-12-04 20:16:38,376: process[throttle_filtering_points-20]: starting os process
[roslaunch][INFO] 2025-12-04 20:16:38,376: process[throttle_filtering_points-20]: start w/ args [['/opt/pal/gallium/lib/pal_pcl_points_throttle_and_filter/throttle_filtering_points', 'cloud:=/xtion/depth_registered/points', '__name:=throttle_filtering_points', '__log:=/home/pal/.ros/log/2516c386-d12f-11f0-b32a-9c2f9d99f7eb/throttle_filtering_points-20.log']]
[roslaunch][INFO] 2025-12-04 20:16:38,376: process[throttle_filtering_points-20]: cwd will be [/home/pal/.ros]
[roslaunch][INFO] 2025-12-04 20:16:38,465: process[throttle_filtering_points-20]: started with pid [3390]
[roslaunch][INFO] 2025-12-04 20:16:38,466: ... successfully launched [throttle_filtering_points-20]
[roslaunch][INFO] 2025-12-04 20:16:38,466: ... preparing to launch node of type [tiago_gazebo/tuck_arm.py]
[roslaunch][INFO] 2025-12-04 20:16:38,467: create_node_process: package[tiago_gazebo] type[tuck_arm.py] machine[Machine(name[] env_loader[None] address[localhost] ssh_port[22] user[None] assignable[True] timeout[10.0])] master_uri[http://localhost:11311/]
[roslaunch][INFO] 2025-12-04 20:16:38,467: process[tuck_arm-21]: env[{'ROS_VERSION': '1', 'DISABLE_ROS1_EOL_WARNINGS': '1', 'PKG_CONFIG_PATH': '/opt/pal/gallium/lib/pkgconfig:/opt/pal/gallium/lib/x86_64-linux-gnu/pkgconfig:/opt/ros/noetic/lib/pkgconfig:/opt/ros/noetic/lib/x86_64-linux-gnu/pkgconfig', 'ROS_PYTHON_VERSION': '3', 'HOSTNAME': 'epan-tiago-noetic-ssh', 'VISP_WS': '/home/pal/visp-ws', 'ROS_PACKAGE_PATH': '/opt/pal/gallium/share:/opt/ros/noetic/share', 'ROSLISP_PACKAGE_DIRECTORIES': '', 'PWD': '/home/pal/ros_ws/src/image_bridge/scripts', 'XAUTHORITY': '', 'TZ': 'Europe/Paris', 'ROS_IP': '127.0.0.1', 'HOME': '/home/pal', 'ROS_ETC_DIR': '/opt/ros/noetic/etc/ros', 'LS_COLORS': 'rs=0:di=01;34:ln=01;36:mh=00:pi=40;33:so=01;35:do=01;35:bd=40;33;01:cd=40;33;01:or=40;31;01:mi=00:su=37;41:sg=30;43:ca=30;41:tw=30;42:ow=34;42:st=37;44:ex=01;32:*.tar=01;31:*.tgz=01;31:*.arc=01;31:*.arj=01;31:*.taz=01;31:*.lha=01;31:*.lz4=01;31:*.lzh=01;31:*.lzma=01;31:*.tlz=01;31:*.txz=01;31:*.tzo=01;31:*.t7z=01;31:*.zip=01;31:*.z=01;31:*.dz=01;31:*.gz=01;31:*.lrz=01;31:*.lz=01;31:*.lzo=01;31:*.xz=01;31:*.zst=01;31:*.tzst=01;31:*.bz2=01;31:*.bz=01;31:*.tbz=01;31:*.tbz2=01;31:*.tz=01;31:*.deb=01;31:*.rpm=01;31:*.jar=01;31:*.war=01;31:*.ear=01;31:*.sar=01;31:*.rar=01;31:*.alz=01;31:*.ace=01;31:*.zoo=01;31:*.cpio=01;31:*.7z=01;31:*.rz=01;31:*.cab=01;31:*.wim=01;31:*.swm=01;31:*.dwm=01;31:*.esd=01;31:*.jpg=01;35:*.jpeg=01;35:*.mjpg=01;35:*.mjpeg=01;35:*.gif=01;35:*.bmp=01;35:*.pbm=01;35:*.pgm=01;35:*.ppm=01;35:*.tga=01;35:*.xbm=01;35:*.xpm=01;35:*.tif=01;35:*.tiff=01;35:*.png=01;35:*.svg=01;35:*.svgz=01;35:*.mng=01;35:*.pcx=01;35:*.mov=01;35:*.mpg=01;35:*.mpeg=01;35:*.m2v=01;35:*.mkv=01;35:*.webm=01;35:*.ogm=01;35:*.mp4=01;35:*.m4v=01;35:*.mp4v=01;35:*.vob=01;35:*.qt=01;35:*.nuv=01;35:*.wmv=01;35:*.asf=01;35:*.rm=01;35:*.rmvb=01;35:*.flc=01;35:*.avi=01;35:*.fli=01;35:*.flv=01;35:*.gl=01;35:*.dl=01;35:*.xcf=01;35:*.xwd=01;35:*.yuv=01;35:*.cgm=01;35:*.emf=01;35:*.ogv=01;35:*.ogx=01;35:*.aac=00;36:*.au=00;36:*.flac=00;36:*.m4a=00;36:*.mid=00;36:*.midi=00;36:*.mka=00;36:*.mp3=00;36:*.mpc=00;36:*.ogg=00;36:*.ra=00;36:*.wav=00;36:*.oga=00;36:*.opus=00;36:*.spx=00;36:*.xspf=00;36:', 'OROCOS_TARGET': 'gnulinux', 'CMAKE_PREFIX_PATH': '/opt/pal/gallium:/opt/ros/noetic', 'GAZEBO_RESOURCE_PATH': '/home/pal/ros_ws/src/va50:', 'ROS_WORKSPACE': '/home/pal/ros_ws', 'LESSCLOSE': '/usr/bin/lesspipe %s %s', 'PYTHONPATH': '/opt/pal/gallium/lib/python3/dist-packages:/opt/ros/noetic/lib/python3/dist-packages', 'TERM': 'xterm', 'VISP_INPUT_IMAGE_PATH': '/home/pal/visp-ws/visp-images', 'LESSOPEN': '| /usr/bin/lesspipe %s', 'USER': 'pal', 'RTT_COMPONENT_PATH': '/opt/pal/gallium/lib/orocos', 'DISPLAY': ':0', 'SHLVL': '1', 'PAL_DISTRO': 'gallium', 'ROS_MASTER_URI': 'http://localhost:11311/', 'LD_LIBRARY_PATH': '/opt/pal/gallium/lib:/opt/pal/gallium/lib/x86_64-linux-gnu:/opt/ros/noetic/lib:/opt/ros/noetic/lib/x86_64-linux-gnu:/usr/local/lib', 'GAZEBO_MODEL_PATH': '/home/pal/ros_ws/src/va50/models:', 'PATH': '/opt/pal/gallium/bin:/opt/ros/noetic/bin:/opt/pal/gallium/lib/pal_debian_utils/:/usr/local/sbin:/usr/local/bin:/usr/sbin:/usr/bin:/sbin:/bin', 'LUA_PATH': ';;/opt/pal/gallium/share/lua/5.1/?.lua;/opt/pal/gallium/share/lua/5.1/?.lua;/opt/pal/gallium/share/lua/5.1/?.lua;/opt/pal/gallium/share/lua/5.1/?.lua;/opt/pal/gallium/share/lua/5.1/?.lua;/opt/pal/gallium/share/lua/5.1/?.lua', 'DEBIAN_FRONTEND': 'noninteractive', 'ROS_ROOT': '/opt/ros/noetic/share/ros', 'ROS_DISTRO': 'noetic', 'QT_X11_NO_MITSHM': '1', 'OLDPWD': '/home/pal/ros_ws/src', '_': '/opt/ros/noetic/bin/roslaunch', 'LC_CTYPE': 'C.UTF-8', 'ROS_LOG_FILENAME': '/home/pal/.ros/log/2516c386-d12f-11f0-b32a-9c2f9d99f7eb/roslaunch-epan-tiago-noetic-ssh-3176.log', 'LC_NUMERIC': 'C'}]
[roslaunch][INFO] 2025-12-04 20:16:38,476: process[tuck_arm-21]: args[['/opt/pal/gallium/lib/tiago_gazebo/tuck_arm.py', '__name:=tuck_arm']]
[roslaunch][INFO] 2025-12-04 20:16:38,477: ... created process [tuck_arm-21]
[roslaunch.pmon][INFO] 2025-12-04 20:16:38,477: ProcessMonitor.register[tuck_arm-21]
[roslaunch.pmon][INFO] 2025-12-04 20:16:38,477: ProcessMonitor.register[tuck_arm-21] complete
[roslaunch][INFO] 2025-12-04 20:16:38,478: ... registered process [tuck_arm-21]
[roslaunch][INFO] 2025-12-04 20:16:38,478: process[tuck_arm-21]: starting os process
[roslaunch][INFO] 2025-12-04 20:16:38,478: process[tuck_arm-21]: start w/ args [['/opt/pal/gallium/lib/tiago_gazebo/tuck_arm.py', '__name:=tuck_arm', '__log:=/home/pal/.ros/log/2516c386-d12f-11f0-b32a-9c2f9d99f7eb/tuck_arm-21.log']]
[roslaunch][INFO] 2025-12-04 20:16:38,479: process[tuck_arm-21]: cwd will be [/home/pal/.ros]
[roslaunch][INFO] 2025-12-04 20:16:38,501: process[tuck_arm-21]: started with pid [3414]
[roslaunch][INFO] 2025-12-04 20:16:38,502: ... successfully launched [tuck_arm-21]
[roslaunch][INFO] 2025-12-04 20:16:38,503: ... preparing to launch node of type [image_proc/image_proc]
[roslaunch][INFO] 2025-12-04 20:16:38,503: create_node_process: package[image_proc] type[image_proc] machine[Machine(name[] env_loader[None] address[localhost] ssh_port[22] user[None] assignable[True] timeout[10.0])] master_uri[http://localhost:11311/]
[roslaunch][INFO] 2025-12-04 20:16:38,503: process[xtion/rgb/image_proc-22]: env[{'ROS_VERSION': '1', 'DISABLE_ROS1_EOL_WARNINGS': '1', 'PKG_CONFIG_PATH': '/opt/pal/gallium/lib/pkgconfig:/opt/pal/gallium/lib/x86_64-linux-gnu/pkgconfig:/opt/ros/noetic/lib/pkgconfig:/opt/ros/noetic/lib/x86_64-linux-gnu/pkgconfig', 'ROS_PYTHON_VERSION': '3', 'HOSTNAME': 'epan-tiago-noetic-ssh', 'VISP_WS': '/home/pal/visp-ws', 'ROS_PACKAGE_PATH': '/opt/pal/gallium/share:/opt/ros/noetic/share', 'ROSLISP_PACKAGE_DIRECTORIES': '', 'PWD': '/home/pal/ros_ws/src/image_bridge/scripts', 'XAUTHORITY': '', 'TZ': 'Europe/Paris', 'ROS_IP': '127.0.0.1', 'HOME': '/home/pal', 'ROS_ETC_DIR': '/opt/ros/noetic/etc/ros', 'LS_COLORS': 'rs=0:di=01;34:ln=01;36:mh=00:pi=40;33:so=01;35:do=01;35:bd=40;33;01:cd=40;33;01:or=40;31;01:mi=00:su=37;41:sg=30;43:ca=30;41:tw=30;42:ow=34;42:st=37;44:ex=01;32:*.tar=01;31:*.tgz=01;31:*.arc=01;31:*.arj=01;31:*.taz=01;31:*.lha=01;31:*.lz4=01;31:*.lzh=01;31:*.lzma=01;31:*.tlz=01;31:*.txz=01;31:*.tzo=01;31:*.t7z=01;31:*.zip=01;31:*.z=01;31:*.dz=01;31:*.gz=01;31:*.lrz=01;31:*.lz=01;31:*.lzo=01;31:*.xz=01;31:*.zst=01;31:*.tzst=01;31:*.bz2=01;31:*.bz=01;31:*.tbz=01;31:*.tbz2=01;31:*.tz=01;31:*.deb=01;31:*.rpm=01;31:*.jar=01;31:*.war=01;31:*.ear=01;31:*.sar=01;31:*.rar=01;31:*.alz=01;31:*.ace=01;31:*.zoo=01;31:*.cpio=01;31:*.7z=01;31:*.rz=01;31:*.cab=01;31:*.wim=01;31:*.swm=01;31:*.dwm=01;31:*.esd=01;31:*.jpg=01;35:*.jpeg=01;35:*.mjpg=01;35:*.mjpeg=01;35:*.gif=01;35:*.bmp=01;35:*.pbm=01;35:*.pgm=01;35:*.ppm=01;35:*.tga=01;35:*.xbm=01;35:*.xpm=01;35:*.tif=01;35:*.tiff=01;35:*.png=01;35:*.svg=01;35:*.svgz=01;35:*.mng=01;35:*.pcx=01;35:*.mov=01;35:*.mpg=01;35:*.mpeg=01;35:*.m2v=01;35:*.mkv=01;35:*.webm=01;35:*.ogm=01;35:*.mp4=01;35:*.m4v=01;35:*.mp4v=01;35:*.vob=01;35:*.qt=01;35:*.nuv=01;35:*.wmv=01;35:*.asf=01;35:*.rm=01;35:*.rmvb=01;35:*.flc=01;35:*.avi=01;35:*.fli=01;35:*.flv=01;35:*.gl=01;35:*.dl=01;35:*.xcf=01;35:*.xwd=01;35:*.yuv=01;35:*.cgm=01;35:*.emf=01;35:*.ogv=01;35:*.ogx=01;35:*.aac=00;36:*.au=00;36:*.flac=00;36:*.m4a=00;36:*.mid=00;36:*.midi=00;36:*.mka=00;36:*.mp3=00;36:*.mpc=00;36:*.ogg=00;36:*.ra=00;36:*.wav=00;36:*.oga=00;36:*.opus=00;36:*.spx=00;36:*.xspf=00;36:', 'OROCOS_TARGET': 'gnulinux', 'CMAKE_PREFIX_PATH': '/opt/pal/gallium:/opt/ros/noetic', 'GAZEBO_RESOURCE_PATH': '/home/pal/ros_ws/src/va50:', 'ROS_WORKSPACE': '/home/pal/ros_ws', 'LESSCLOSE': '/usr/bin/lesspipe %s %s', 'PYTHONPATH': '/opt/pal/gallium/lib/python3/dist-packages:/opt/ros/noetic/lib/python3/dist-packages', 'TERM': 'xterm', 'VISP_INPUT_IMAGE_PATH': '/home/pal/visp-ws/visp-images', 'LESSOPEN': '| /usr/bin/lesspipe %s', 'USER': 'pal', 'RTT_COMPONENT_PATH': '/opt/pal/gallium/lib/orocos', 'DISPLAY': ':0', 'SHLVL': '1', 'PAL_DISTRO': 'gallium', 'ROS_MASTER_URI': 'http://localhost:11311/', 'LD_LIBRARY_PATH': '/opt/pal/gallium/lib:/opt/pal/gallium/lib/x86_64-linux-gnu:/opt/ros/noetic/lib:/opt/ros/noetic/lib/x86_64-linux-gnu:/usr/local/lib', 'GAZEBO_MODEL_PATH': '/home/pal/ros_ws/src/va50/models:', 'PATH': '/opt/pal/gallium/bin:/opt/ros/noetic/bin:/opt/pal/gallium/lib/pal_debian_utils/:/usr/local/sbin:/usr/local/bin:/usr/sbin:/usr/bin:/sbin:/bin', 'LUA_PATH': ';;/opt/pal/gallium/share/lua/5.1/?.lua;/opt/pal/gallium/share/lua/5.1/?.lua;/opt/pal/gallium/share/lua/5.1/?.lua;/opt/pal/gallium/share/lua/5.1/?.lua;/opt/pal/gallium/share/lua/5.1/?.lua;/opt/pal/gallium/share/lua/5.1/?.lua', 'DEBIAN_FRONTEND': 'noninteractive', 'ROS_ROOT': '/opt/ros/noetic/share/ros', 'ROS_DISTRO': 'noetic', 'QT_X11_NO_MITSHM': '1', 'OLDPWD': '/home/pal/ros_ws/src', '_': '/opt/ros/noetic/bin/roslaunch', 'LC_CTYPE': 'C.UTF-8', 'ROS_LOG_FILENAME': '/home/pal/.ros/log/2516c386-d12f-11f0-b32a-9c2f9d99f7eb/roslaunch-epan-tiago-noetic-ssh-3176.log', 'ROS_NAMESPACE': '/xtion/rgb', 'LC_NUMERIC': 'C'}]
[roslaunch][INFO] 2025-12-04 20:16:38,505: process[xtion/rgb/image_proc-22]: args[['/opt/ros/noetic/lib/image_proc/image_proc', '__name:=image_proc']]
[roslaunch][INFO] 2025-12-04 20:16:38,505: ... created process [xtion/rgb/image_proc-22]
[roslaunch.pmon][INFO] 2025-12-04 20:16:38,506: ProcessMonitor.register[xtion/rgb/image_proc-22]
[roslaunch.pmon][INFO] 2025-12-04 20:16:38,506: ProcessMonitor.register[xtion/rgb/image_proc-22] complete
[roslaunch][INFO] 2025-12-04 20:16:38,506: ... registered process [xtion/rgb/image_proc-22]
[roslaunch][INFO] 2025-12-04 20:16:38,507: process[xtion/rgb/image_proc-22]: starting os process
[roslaunch][INFO] 2025-12-04 20:16:38,508: process[xtion/rgb/image_proc-22]: start w/ args [['/opt/ros/noetic/lib/image_proc/image_proc', '__name:=image_proc', '__log:=/home/pal/.ros/log/2516c386-d12f-11f0-b32a-9c2f9d99f7eb/xtion-rgb-image_proc-22.log']]
[roslaunch][INFO] 2025-12-04 20:16:38,510: process[xtion/rgb/image_proc-22]: cwd will be [/home/pal/.ros]
[roslaunch][INFO] 2025-12-04 20:16:38,560: process[xtion/rgb/image_proc-22]: started with pid [3420]
[roslaunch][INFO] 2025-12-04 20:16:38,564: ... successfully launched [xtion/rgb/image_proc-22]
[roslaunch][INFO] 2025-12-04 20:16:38,565: ... launch_nodes complete
[roslaunch.pmon][INFO] 2025-12-04 20:16:38,567: registrations completed <ProcessMonitor(ProcessMonitor-1, started daemon 134473364535040)>
[roslaunch.parent][INFO] 2025-12-04 20:16:38,570: ... roslaunch parent running, waiting for process exit
[roslaunch][INFO] 2025-12-04 20:16:38,574: spin
[roslaunch][ERROR] 2025-12-04 20:16:39,884: ================================================================================REQUIRED process [gazebo-1] has died!
process has died [pid 3224, exit code 255, cmd /opt/pal/gallium/lib/gazebo_ros/gzserver -e ode worlds/pick_and_place.world __name:=gazebo __log:=/home/pal/.ros/log/2516c386-d12f-11f0-b32a-9c2f9d99f7eb/gazebo-1.log].
log file: /home/pal/.ros/log/2516c386-d12f-11f0-b32a-9c2f9d99f7eb/gazebo-1*.log
Initiating shutdown!
================================================================================
[roslaunch.pmon][INFO] 2025-12-04 20:16:39,985: ProcessMonitor._post_run <ProcessMonitor(ProcessMonitor-1, started daemon 134473364535040)>
[roslaunch.pmon][INFO] 2025-12-04 20:16:39,987: ProcessMonitor._post_run <ProcessMonitor(ProcessMonitor-1, started daemon 134473364535040)>: remaining procs are [<roslaunch.nodeprocess.LocalProcess object at 0x7a4d9ce89e50>, <roslaunch.nodeprocess.LocalProcess object at 0x7a4d9ce89100>, <roslaunch.nodeprocess.LocalProcess object at 0x7a4d9ce89d30>, <roslaunch.nodeprocess.LocalProcess object at 0x7a4d9ce89bb0>, <roslaunch.nodeprocess.LocalProcess object at 0x7a4d9ce89d90>, <roslaunch.nodeprocess.LocalProcess object at 0x7a4d9ce89400>, <roslaunch.nodeprocess.LocalProcess object at 0x7a4d9ce89790>, <roslaunch.nodeprocess.LocalProcess object at 0x7a4d9ce8de50>, <roslaunch.nodeprocess.LocalProcess object at 0x7a4d9ce8df10>, <roslaunch.nodeprocess.LocalProcess object at 0x7a4d9ce8dc40>, <roslaunch.nodeprocess.LocalProcess object at 0x7a4d9ce8df70>, <roslaunch.nodeprocess.LocalProcess object at 0x7a4d9ce8dbe0>, <roslaunch.nodeprocess.LocalProcess object at 0x7a4d9feb6790>, <roslaunch.nodeprocess.LocalProcess object at 0x7a4d9feb6670>, <roslaunch.nodeprocess.LocalProcess object at 0x7a4d9ce8dfd0>, <roslaunch.nodeprocess.LocalProcess object at 0x7a4d9ce8dd60>, <roslaunch.nodeprocess.LocalProcess object at 0x7a4d9cfb08b0>, <roslaunch.nodeprocess.LocalProcess object at 0x7a4d9cfb0d30>, <roslaunch.nodeprocess.LocalProcess object at 0x7a4d9cfb0070>, <roslaunch.nodeprocess.LocalProcess object at 0x7a4d9cfb0550>, <roslaunch.nodeprocess.LocalProcess object at 0x7a4d9cfb0c70>, <roslaunch.nodeprocess.LocalProcess object at 0x7a4d9cfb0970>]
[roslaunch.pmon][INFO] 2025-12-04 20:16:39,993: ProcessMonitor exit: killing xtion/rgb/image_proc-22
[roslaunch][INFO] 2025-12-04 20:16:39,994: [xtion/rgb/image_proc-22] killing on exit
[roslaunch.pmon][INFO] 2025-12-04 20:16:39,994: ProcessMonitor exit: killing tuck_arm-21
[roslaunch][INFO] 2025-12-04 20:16:39,996: [tuck_arm-21] killing on exit
[roslaunch][INFO] 2025-12-04 20:16:39,995: process[xtion/rgb/image_proc-22]: killing os process with pid[3420] pgid[3420]
[roslaunch][INFO] 2025-12-04 20:16:39,999: [xtion/rgb/image_proc-22] sending SIGINT to pgid [3420]
[roslaunch][INFO] 2025-12-04 20:16:39,999: [xtion/rgb/image_proc-22] sent SIGINT to pgid [3420]
[roslaunch.pmon][INFO] 2025-12-04 20:16:39,996: ProcessMonitor exit: killing image_raw_to_rect_color_relay-19
[roslaunch][INFO] 2025-12-04 20:16:40,000: [image_raw_to_rect_color_relay-19] killing on exit
[roslaunch][INFO] 2025-12-04 20:16:39,997: process[tuck_arm-21]: killing os process with pid[3414] pgid[3414]
[roslaunch.pmon][INFO] 2025-12-04 20:16:39,999: ProcessMonitor exit: killing twist_marker-16
[roslaunch][INFO] 2025-12-04 20:16:40,001: [twist_marker-16] killing on exit
[roslaunch.pmon][INFO] 2025-12-04 20:16:39,995: ProcessMonitor exit: killing throttle_filtering_points-20
[roslaunch][INFO] 2025-12-04 20:16:40,002: [throttle_filtering_points-20] killing on exit
[roslaunch.pmon][INFO] 2025-12-04 20:16:40,000: ProcessMonitor exit: killing tf_lookup-14
[roslaunch.pmon][INFO] 2025-12-04 20:16:39,997: ProcessMonitor exit: killing joystick_relay-17
[roslaunch][INFO] 2025-12-04 20:16:40,000: [tuck_arm-21] sending SIGINT to pgid [3414]
[roslaunch.pmon][INFO] 2025-12-04 20:16:39,999: ProcessMonitor exit: killing twist_mux-15
[roslaunch.pmon][INFO] 2025-12-04 20:16:39,996: ProcessMonitor exit: killing dynamic_footprint_publisher-18
[roslaunch][INFO] 2025-12-04 20:16:40,005: [dynamic_footprint_publisher-18] killing on exit
[roslaunch][INFO] 2025-12-04 20:16:40,003: process[image_raw_to_rect_color_relay-19]: killing os process with pid[3367] pgid[3367]
[roslaunch][INFO] 2025-12-04 20:16:40,006: [image_raw_to_rect_color_relay-19] sending SIGINT to pgid [3367]
[roslaunch][INFO] 2025-12-04 20:16:40,006: [image_raw_to_rect_color_relay-19] sent SIGINT to pgid [3367]
[roslaunch][INFO] 2025-12-04 20:16:40,004: process[twist_marker-16]: killing os process with pid[3303] pgid[3303]
[roslaunch][INFO] 2025-12-04 20:16:40,006: [twist_marker-16] sending SIGINT to pgid [3303]
[roslaunch][INFO] 2025-12-04 20:16:40,004: [joystick_relay-17] killing on exit
[roslaunch][INFO] 2025-12-04 20:16:40,008: process[joystick_relay-17]: killing os process with pid[3311] pgid[3311]
[roslaunch][INFO] 2025-12-04 20:16:40,008: [joystick_relay-17] sending SIGINT to pgid [3311]
[roslaunch][INFO] 2025-12-04 20:16:40,009: [joystick_relay-17] sent SIGINT to pgid [3311]
[roslaunch][INFO] 2025-12-04 20:16:40,004: [tf_lookup-14] killing on exit
[roslaunch][INFO] 2025-12-04 20:16:40,009: process[tf_lookup-14]: killing os process with pid[3282] pgid[3282]
[roslaunch][INFO] 2025-12-04 20:16:40,006: process[dynamic_footprint_publisher-18]: killing os process with pid[3332] pgid[3332]
[roslaunch][INFO] 2025-12-04 20:16:40,010: [dynamic_footprint_publisher-18] sending SIGINT to pgid [3332]
[roslaunch.pmon][INFO] 2025-12-04 20:16:40,003: ProcessMonitor exit: killing robot_state_publisher-13
[roslaunch][INFO] 2025-12-04 20:16:40,010: [robot_state_publisher-13] killing on exit
[roslaunch][INFO] 2025-12-04 20:16:40,004: [tuck_arm-21] sent SIGINT to pgid [3414]
[roslaunch][INFO] 2025-12-04 20:16:40,004: process[throttle_filtering_points-20]: killing os process with pid[3390] pgid[3390]
[roslaunch][INFO] 2025-12-04 20:16:40,011: [throttle_filtering_points-20] sending SIGINT to pgid [3390]
[roslaunch][INFO] 2025-12-04 20:16:40,007: [twist_marker-16] sent SIGINT to pgid [3303]
[roslaunch][INFO] 2025-12-04 20:16:40,010: [dynamic_footprint_publisher-18] sent SIGINT to pgid [3332]
[roslaunch][INFO] 2025-12-04 20:16:40,010: [tf_lookup-14] sending SIGINT to pgid [3282]
[roslaunch][INFO] 2025-12-04 20:16:40,012: [tf_lookup-14] sent SIGINT to pgid [3282]
[roslaunch][INFO] 2025-12-04 20:16:40,012: [throttle_filtering_points-20] sent SIGINT to pgid [3390]
[roslaunch][INFO] 2025-12-04 20:16:40,012: process[robot_state_publisher-13]: killing os process with pid[3281] pgid[3281]
[roslaunch][INFO] 2025-12-04 20:16:40,012: [robot_state_publisher-13] sending SIGINT to pgid [3281]
[roslaunch][INFO] 2025-12-04 20:16:40,012: [robot_state_publisher-13] sent SIGINT to pgid [3281]
[roslaunch][INFO] 2025-12-04 20:16:40,004: [twist_mux-15] killing on exit
[roslaunch][INFO] 2025-12-04 20:16:40,013: process[twist_mux-15]: killing os process with pid[3294] pgid[3294]
[roslaunch][INFO] 2025-12-04 20:16:40,013: [twist_mux-15] sending SIGINT to pgid [3294]
[roslaunch][INFO] 2025-12-04 20:16:40,013: [twist_mux-15] sent SIGINT to pgid [3294]
[roslaunch][INFO] 2025-12-04 20:16:40,330: process[image_raw_to_rect_color_relay-19]: SIGINT killed with return value 0
[roslaunch.pmon][INFO] 2025-12-04 20:16:40,331: ProcessMonitor exit: killing move_group-12
[roslaunch][INFO] 2025-12-04 20:16:40,331: [move_group-12] killing on exit
[roslaunch][INFO] 2025-12-04 20:16:40,332: process[move_group-12]: killing os process with pid[3280] pgid[3280]
[roslaunch][INFO] 2025-12-04 20:16:40,338: [move_group-12] sending SIGINT to pgid [3280]
[roslaunch][INFO] 2025-12-04 20:16:40,332: process[robot_state_publisher-13]: SIGINT killed with return value 0
[roslaunch][INFO] 2025-12-04 20:16:40,338: [move_group-12] sent SIGINT to pgid [3280]
[roslaunch.pmon][INFO] 2025-12-04 20:16:40,339: ProcessMonitor exit: killing is_already_there-11
[roslaunch][INFO] 2025-12-04 20:16:40,339: [is_already_there-11] killing on exit
[roslaunch][INFO] 2025-12-04 20:16:40,339: process[is_already_there-11]: killing os process with pid[3266] pgid[3266]
[roslaunch][INFO] 2025-12-04 20:16:40,339: [is_already_there-11] sending SIGINT to pgid [3266]
[roslaunch][INFO] 2025-12-04 20:16:40,339: [is_already_there-11] sent SIGINT to pgid [3266]
[roslaunch][INFO] 2025-12-04 20:16:40,467: process[twist_marker-16]: SIGINT killed with return value 0
[roslaunch.pmon][INFO] 2025-12-04 20:16:40,469: ProcessMonitor exit: killing play_motion-10
[roslaunch][INFO] 2025-12-04 20:16:40,471: [play_motion-10] killing on exit
[roslaunch][INFO] 2025-12-04 20:16:40,472: process[play_motion-10]: killing os process with pid[3263] pgid[3263]
[roslaunch][INFO] 2025-12-04 20:16:40,472: [play_motion-10] sending SIGINT to pgid [3263]
[roslaunch][INFO] 2025-12-04 20:16:40,475: [play_motion-10] sent SIGINT to pgid [3263]
[roslaunch][INFO] 2025-12-04 20:16:40,673: process[throttle_filtering_points-20]: SIGINT killed with return value 0
[roslaunch.pmon][INFO] 2025-12-04 20:16:40,674: ProcessMonitor exit: killing hand_grasping_action-9
[roslaunch][INFO] 2025-12-04 20:16:40,674: [hand_grasping_action-9] killing on exit
[roslaunch][INFO] 2025-12-04 20:16:40,674: process[hand_grasping_action-9]: killing os process with pid[3260] pgid[3260]
[roslaunch][INFO] 2025-12-04 20:16:40,675: [hand_grasping_action-9] sending SIGINT to pgid [3260]
[roslaunch][INFO] 2025-12-04 20:16:40,675: [hand_grasping_action-9] sent SIGINT to pgid [3260]
[roslaunch][INFO] 2025-12-04 20:16:40,732: process[tf_lookup-14]: SIGINT killed with return value 0
[roslaunch.pmon][INFO] 2025-12-04 20:16:40,733: ProcessMonitor exit: killing hand_controller_spawner-8
[roslaunch][INFO] 2025-12-04 20:16:40,733: [hand_controller_spawner-8] killing on exit
[roslaunch][INFO] 2025-12-04 20:16:40,733: process[hand_controller_spawner-8]: killing os process with pid[3251] pgid[3251]
[roslaunch][INFO] 2025-12-04 20:16:40,734: [hand_controller_spawner-8] sending SIGINT to pgid [3251]
[roslaunch][INFO] 2025-12-04 20:16:40,734: [hand_controller_spawner-8] sent SIGINT to pgid [3251]
[roslaunch][INFO] 2025-12-04 20:16:40,767: process[joystick_relay-17]: SIGINT killed with return value 0
[roslaunch.pmon][INFO] 2025-12-04 20:16:40,768: ProcessMonitor exit: killing bringup_controllers_spawner_ft-7
[roslaunch][INFO] 2025-12-04 20:16:40,768: [bringup_controllers_spawner_ft-7] killing on exit
[roslaunch][INFO] 2025-12-04 20:16:40,769: process[bringup_controllers_spawner_ft-7]: killing os process with pid[3238] pgid[3238]
[roslaunch][INFO] 2025-12-04 20:16:40,769: [bringup_controllers_spawner_ft-7] sending SIGINT to pgid [3238]
[roslaunch][INFO] 2025-12-04 20:16:40,769: [bringup_controllers_spawner_ft-7] sent SIGINT to pgid [3238]
[roslaunch][INFO] 2025-12-04 20:16:40,817: process[twist_mux-15]: SIGINT killed with return value 0
[roslaunch.pmon][INFO] 2025-12-04 20:16:40,818: ProcessMonitor exit: killing bringup_controllers_spawner_imu-6
[roslaunch][INFO] 2025-12-04 20:16:40,818: [bringup_controllers_spawner_imu-6] killing on exit
[roslaunch][INFO] 2025-12-04 20:16:40,818: process[bringup_controllers_spawner_imu-6]: killing os process with pid[3237] pgid[3237]
[roslaunch][INFO] 2025-12-04 20:16:40,818: [bringup_controllers_spawner_imu-6] sending SIGINT to pgid [3237]
[roslaunch][INFO] 2025-12-04 20:16:40,818: [bringup_controllers_spawner_imu-6] sent SIGINT to pgid [3237]
[roslaunch][INFO] 2025-12-04 20:16:40,934: process[tuck_arm-21]: SIGINT killed with return value 1
[roslaunch.pmon][INFO] 2025-12-04 20:16:40,935: ProcessMonitor exit: killing head_controller/point_head_action-5
[roslaunch][INFO] 2025-12-04 20:16:40,935: [head_controller/point_head_action-5] killing on exit
[roslaunch][INFO] 2025-12-04 20:16:40,935: process[head_controller/point_head_action-5]: killing os process with pid[3236] pgid[3236]
[roslaunch][INFO] 2025-12-04 20:16:40,935: [head_controller/point_head_action-5] sending SIGINT to pgid [3236]
[roslaunch][INFO] 2025-12-04 20:16:40,935: [head_controller/point_head_action-5] sent SIGINT to pgid [3236]
[roslaunch][INFO] 2025-12-04 20:16:40,991: process[play_motion-10]: SIGINT killed with return value -6
[roslaunch.pmon][INFO] 2025-12-04 20:16:40,991: ProcessMonitor exit: killing default_controllers_spawner-4
[roslaunch][INFO] 2025-12-04 20:16:40,991: [default_controllers_spawner-4] killing on exit
[roslaunch][INFO] 2025-12-04 20:16:40,992: process[default_controllers_spawner-4]: killing os process with pid[3235] pgid[3235]
[roslaunch][INFO] 2025-12-04 20:16:40,992: [default_controllers_spawner-4] sending SIGINT to pgid [3235]
[roslaunch][INFO] 2025-12-04 20:16:40,992: [default_controllers_spawner-4] sent SIGINT to pgid [3235]
[roslaunch][INFO] 2025-12-04 20:16:41,043: process[is_already_there-11]: SIGINT killed with return value 0
[roslaunch.pmon][INFO] 2025-12-04 20:16:41,043: ProcessMonitor exit: killing spawn_model-3
[roslaunch][INFO] 2025-12-04 20:16:41,044: [spawn_model-3] killing on exit
[roslaunch.pmon][INFO] 2025-12-04 20:16:41,044: ProcessMonitor exit: killing gazebo_gui-2
[roslaunch][INFO] 2025-12-04 20:16:41,044: [gazebo_gui-2] killing on exit
[roslaunch][INFO] 2025-12-04 20:16:41,044: process[gazebo_gui-2]: killing os process with pid[3227] pgid[3227]
[roslaunch][INFO] 2025-12-04 20:16:41,044: [gazebo_gui-2] sending SIGINT to pgid [3227]
[roslaunch][INFO] 2025-12-04 20:16:41,045: [gazebo_gui-2] sent SIGINT to pgid [3227]
[roslaunch][INFO] 2025-12-04 20:16:41,084: process[dynamic_footprint_publisher-18]: SIGINT killed with return value 1
[roslaunch.pmon][INFO] 2025-12-04 20:16:41,084: ProcessMonitor exit: killing gazebo-1
[roslaunch][INFO] 2025-12-04 20:16:41,084: [gazebo-1] killing on exit
[roslaunch][INFO] 2025-12-04 20:16:41,146: process[gazebo_gui-2]: SIGINT killed with return value -2
[roslaunch][INFO] 2025-12-04 20:16:41,243: process[head_controller/point_head_action-5]: SIGINT killed with return value 0
[roslaunch][INFO] 2025-12-04 20:16:41,279: process[xtion/rgb/image_proc-22]: SIGINT killed with return value 0
[roslaunch][INFO] 2025-12-04 20:16:41,343: process[move_group-12]: SIGINT killed with return value 0
[roslaunch][INFO] 2025-12-04 20:16:41,377: process[hand_grasping_action-9]: SIGINT killed with return value 0
[roslaunch][INFO] 2025-12-04 20:16:42,646: process[hand_controller_spawner-8]: SIGINT killed with return value 1
[roslaunch][INFO] 2025-12-04 20:16:42,676: process[bringup_controllers_spawner_ft-7]: SIGINT killed with return value 1
[roslaunch][INFO] 2025-12-04 20:16:42,733: process[bringup_controllers_spawner_imu-6]: SIGINT killed with return value 1
[roslaunch][INFO] 2025-12-04 20:16:42,895: process[default_controllers_spawner-4]: SIGINT killed with return value 1
[roslaunch.pmon][INFO] 2025-12-04 20:16:42,895: ProcessMonitor exit: cleaning up data structures and signals
[roslaunch.pmon][INFO] 2025-12-04 20:16:42,896: ProcessMonitor exit: pmon has shutdown
[roslaunch][INFO] 2025-12-04 20:16:42,982: process monitor is done spinning, initiating full shutdown
[roslaunch][INFO] 2025-12-04 20:16:42,982: runner.stop()
[roslaunch][INFO] 2025-12-04 20:16:42,982: shutting down processing monitor...
[roslaunch][INFO] 2025-12-04 20:16:42,982: shutting down processing monitor <ProcessMonitor(ProcessMonitor-1, stopped daemon 134473364535040)>
[roslaunch.pmon][INFO] 2025-12-04 20:16:42,982: ProcessMonitor.shutdown <ProcessMonitor(ProcessMonitor-1, stopped daemon 134473364535040)>
[roslaunch][INFO] 2025-12-04 20:16:42,982: ... shutting down processing monitor complete
[roslaunch][INFO] 2025-12-04 20:16:42,982: done
[roslaunch.pmon][INFO] 2025-12-04 20:16:42,982: ProcessMonitor.shutdown <ProcessMonitor(ProcessMonitor-1, stopped daemon 134473364535040)>
[rospy.core][INFO] 2025-12-04 20:16:42,982: signal_shutdown [atexit]
