[roslaunch][INFO] 2025-12-04 20:19:22,885: Checking log directory for disk usage. This may take a while.
Press Ctrl-C to interrupt
[roslaunch][INFO] 2025-12-04 20:19:22,893: Done checking log file disk usage. Usage is <1GB.
[roslaunch][INFO] 2025-12-04 20:19:22,893: roslaunch starting with args ['/opt/ros/noetic/bin/roslaunch', 'tiago_gazebo.launch']
[roslaunch][INFO] 2025-12-04 20:19:22,893: roslaunch env is environ({'ROS_VERSION': '1', 'DISABLE_ROS1_EOL_WARNINGS': '1', 'PKG_CONFIG_PATH': '/opt/pal/gallium/lib/pkgconfig:/opt/pal/gallium/lib/x86_64-linux-gnu/pkgconfig:/opt/ros/noetic/lib/pkgconfig:/opt/ros/noetic/lib/x86_64-linux-gnu/pkgconfig', 'ROS_PYTHON_VERSION': '3', 'HOSTNAME': 'epan-tiago-noetic-ssh', 'VISP_WS': '/home/pal/visp-ws', 'ROS_PACKAGE_PATH': '/opt/pal/gallium/share:/opt/ros/noetic/share', 'ROSLISP_PACKAGE_DIRECTORIES': '', 'PWD': '/home/pal/ros_ws/src', 'XAUTHORITY': '', 'TZ': 'Europe/Paris', 'ROS_IP': '127.0.0.1', 'HOME': '/home/pal', 'ROS_ETC_DIR': '/opt/ros/noetic/etc/ros', 'LS_COLORS': 'rs=0:di=01;34:ln=01;36:mh=00:pi=40;33:so=01;35:do=01;35:bd=40;33;01:cd=40;33;01:or=40;31;01:mi=00:su=37;41:sg=30;43:ca=30;41:tw=30;42:ow=34;42:st=37;44:ex=01;32:*.tar=01;31:*.tgz=01;31:*.arc=01;31:*.arj=01;31:*.taz=01;31:*.lha=01;31:*.lz4=01;31:*.lzh=01;31:*.lzma=01;31:*.tlz=01;31:*.txz=01;31:*.tzo=01;31:*.t7z=01;31:*.zip=01;31:*.z=01;31:*.dz=01;31:*.gz=01;31:*.lrz=01;31:*.lz=01;31:*.lzo=01;31:*.xz=01;31:*.zst=01;31:*.tzst=01;31:*.bz2=01;31:*.bz=01;31:*.tbz=01;31:*.tbz2=01;31:*.tz=01;31:*.deb=01;31:*.rpm=01;31:*.jar=01;31:*.war=01;31:*.ear=01;31:*.sar=01;31:*.rar=01;31:*.alz=01;31:*.ace=01;31:*.zoo=01;31:*.cpio=01;31:*.7z=01;31:*.rz=01;31:*.cab=01;31:*.wim=01;31:*.swm=01;31:*.dwm=01;31:*.esd=01;31:*.jpg=01;35:*.jpeg=01;35:*.mjpg=01;35:*.mjpeg=01;35:*.gif=01;35:*.bmp=01;35:*.pbm=01;35:*.pgm=01;35:*.ppm=01;35:*.tga=01;35:*.xbm=01;35:*.xpm=01;35:*.tif=01;35:*.tiff=01;35:*.png=01;35:*.svg=01;35:*.svgz=01;35:*.mng=01;35:*.pcx=01;35:*.mov=01;35:*.mpg=01;35:*.mpeg=01;35:*.m2v=01;35:*.mkv=01;35:*.webm=01;35:*.ogm=01;35:*.mp4=01;35:*.m4v=01;35:*.mp4v=01;35:*.vob=01;35:*.qt=01;35:*.nuv=01;35:*.wmv=01;35:*.asf=01;35:*.rm=01;35:*.rmvb=01;35:*.flc=01;35:*.avi=01;35:*.fli=01;35:*.flv=01;35:*.gl=01;35:*.dl=01;35:*.xcf=01;35:*.xwd=01;35:*.yuv=01;35:*.cgm=01;35:*.emf=01;35:*.ogv=01;35:*.ogx=01;35:*.aac=00;36:*.au=00;36:*.flac=00;36:*.m4a=00;36:*.mid=00;36:*.midi=00;36:*.mka=00;36:*.mp3=00;36:*.mpc=00;36:*.ogg=00;36:*.ra=00;36:*.wav=00;36:*.oga=00;36:*.opus=00;36:*.spx=00;36:*.xspf=00;36:', 'OROCOS_TARGET': 'gnulinux', 'CMAKE_PREFIX_PATH': '/opt/pal/gallium:/opt/ros/noetic', 'GAZEBO_RESOURCE_PATH': '/home/pal/ros_ws/src/va50:', 'ROS_WORKSPACE': '/home/pal/ros_ws', 'LESSCLOSE': '/usr/bin/lesspipe %s %s', 'PYTHONPATH': '/opt/pal/gallium/lib/python3/dist-packages:/opt/ros/noetic/lib/python3/dist-packages', 'TERM': 'xterm', 'VISP_INPUT_IMAGE_PATH': '/home/pal/visp-ws/visp-images', 'LESSOPEN': '| /usr/bin/lesspipe %s', 'USER': 'pal', 'RTT_COMPONENT_PATH': '/opt/pal/gallium/lib/orocos', 'DISPLAY': ':0', 'SHLVL': '1', 'PAL_DISTRO': 'gallium', 'ROS_MASTER_URI': 'http://localhost:11311/', 'LD_LIBRARY_PATH': '/opt/pal/gallium/lib:/opt/pal/gallium/lib/x86_64-linux-gnu:/opt/ros/noetic/lib:/opt/ros/noetic/lib/x86_64-linux-gnu:/usr/local/lib', 'GAZEBO_MODEL_PATH': '/home/pal/ros_ws/src/va50/models:', 'PATH': '/opt/pal/gallium/bin:/opt/ros/noetic/bin:/opt/pal/gallium/lib/pal_debian_utils/:/usr/local/sbin:/usr/local/bin:/usr/sbin:/usr/bin:/sbin:/bin', 'LUA_PATH': ';;/opt/pal/gallium/share/lua/5.1/?.lua;/opt/pal/gallium/share/lua/5.1/?.lua;/opt/pal/gallium/share/lua/5.1/?.lua;/opt/pal/gallium/share/lua/5.1/?.lua;/opt/pal/gallium/share/lua/5.1/?.lua;/opt/pal/gallium/share/lua/5.1/?.lua', 'DEBIAN_FRONTEND': 'noninteractive', 'ROS_ROOT': '/opt/ros/noetic/share/ros', 'ROS_DISTRO': 'noetic', 'QT_X11_NO_MITSHM': '1', 'OLDPWD': '/home/pal/ros_ws', '_': '/opt/ros/noetic/bin/roslaunch', 'LC_CTYPE': 'C.UTF-8', 'ROS_LOG_FILENAME': '/home/pal/.ros/log/2516c386-d12f-11f0-b32a-9c2f9d99f7eb/roslaunch-epan-tiago-noetic-ssh-4066.log'})
[roslaunch][INFO] 2025-12-04 20:19:22,893: starting in server mode
[roslaunch.parent][INFO] 2025-12-04 20:19:22,894: starting roslaunch parent run
[roslaunch][INFO] 2025-12-04 20:19:22,895: loading roscore config file /opt/ros/noetic/etc/ros/roscore.xml
[roslaunch][INFO] 2025-12-04 20:19:23,140: Added core node of type [rosout/rosout] in namespace [/]
[roslaunch.config][INFO] 2025-12-04 20:19:23,140: loading config file tiago_gazebo.launch
[roslaunch][INFO] 2025-12-04 20:19:23,200: Added node of type [gazebo_ros/gzserver] in namespace [/]
[roslaunch][INFO] 2025-12-04 20:19:23,200: Added node of type [gazebo_ros/gzclient] in namespace [/]
[roslaunch][INFO] 2025-12-04 20:19:23,957: Added node of type [gazebo_ros/spawn_model] in namespace [/]
[roslaunch][INFO] 2025-12-04 20:19:23,970: Added node of type [controller_manager/spawner] in namespace [/]
[roslaunch][INFO] 2025-12-04 20:19:23,971: Added node of type [head_action/head_action] in namespace [/head_controller/]
[roslaunch][INFO] 2025-12-04 20:19:23,972: Added node of type [controller_manager/spawner] in namespace [/]
[roslaunch][INFO] 2025-12-04 20:19:23,973: Added node of type [controller_manager/spawner] in namespace [/]
[roslaunch][INFO] 2025-12-04 20:19:23,978: Added node of type [controller_manager/spawner] in namespace [/]
[roslaunch][INFO] 2025-12-04 20:19:23,979: Added node of type [pal_gripper_controller_configuration/home_gripper.py] in namespace [/]
[roslaunch][INFO] 2025-12-04 20:19:24,020: Added node of type [play_motion/play_motion] in namespace [/]
[roslaunch][INFO] 2025-12-04 20:19:24,021: Added node of type [play_motion/is_already_there.py] in namespace [/]
[roslaunch][INFO] 2025-12-04 20:19:24,053: Added node of type [moveit_ros_move_group/move_group] in namespace [/]
[roslaunch][INFO] 2025-12-04 20:19:24,053: Added node of type [robot_state_publisher/robot_state_publisher] in namespace [/]
[roslaunch][INFO] 2025-12-04 20:19:24,053: Added node of type [tf_lookup/tf_lookup] in namespace [/]
[roslaunch][INFO] 2025-12-04 20:19:24,060: Added node of type [twist_mux/twist_mux] in namespace [/]
[roslaunch][INFO] 2025-12-04 20:19:24,060: Added node of type [twist_mux/twist_marker] in namespace [/]
[roslaunch][INFO] 2025-12-04 20:19:24,061: Added node of type [twist_mux/joystick_relay.py] in namespace [/]
[roslaunch][INFO] 2025-12-04 20:19:24,073: Added node of type [dynamic_footprint/dynamic_footprint_publisher.py] in namespace [/]
[roslaunch][INFO] 2025-12-04 20:19:24,073: Added node of type [topic_tools/relay] in namespace [/]
[roslaunch][INFO] 2025-12-04 20:19:24,074: Added node of type [pal_pcl_points_throttle_and_filter/throttle_filtering_points] in namespace [/]
[roslaunch][INFO] 2025-12-04 20:19:24,074: Added node of type [tiago_gazebo/tuck_arm.py] in namespace [/]
[roslaunch][INFO] 2025-12-04 20:19:24,075: Added node of type [image_proc/image_proc] in namespace [/xtion/rgb/]
[roslaunch][INFO] 2025-12-04 20:19:24,103: ... selected machine [] for node of type [gazebo_ros/gzserver]
[roslaunch][INFO] 2025-12-04 20:19:24,104: ... selected machine [] for node of type [gazebo_ros/gzclient]
[roslaunch][INFO] 2025-12-04 20:19:24,104: ... selected machine [] for node of type [gazebo_ros/spawn_model]
[roslaunch][INFO] 2025-12-04 20:19:24,104: ... selected machine [] for node of type [controller_manager/spawner]
[roslaunch][INFO] 2025-12-04 20:19:24,104: ... selected machine [] for node of type [head_action/head_action]
[roslaunch][INFO] 2025-12-04 20:19:24,104: ... selected machine [] for node of type [controller_manager/spawner]
[roslaunch][INFO] 2025-12-04 20:19:24,104: ... selected machine [] for node of type [controller_manager/spawner]
[roslaunch][INFO] 2025-12-04 20:19:24,104: ... selected machine [] for node of type [controller_manager/spawner]
[roslaunch][INFO] 2025-12-04 20:19:24,104: ... selected machine [] for node of type [pal_gripper_controller_configuration/home_gripper.py]
[roslaunch][INFO] 2025-12-04 20:19:24,104: ... selected machine [] for node of type [play_motion/play_motion]
[roslaunch][INFO] 2025-12-04 20:19:24,104: ... selected machine [] for node of type [play_motion/is_already_there.py]
[roslaunch][INFO] 2025-12-04 20:19:24,104: ... selected machine [] for node of type [moveit_ros_move_group/move_group]
[roslaunch][INFO] 2025-12-04 20:19:24,104: ... selected machine [] for node of type [robot_state_publisher/robot_state_publisher]
[roslaunch][INFO] 2025-12-04 20:19:24,104: ... selected machine [] for node of type [tf_lookup/tf_lookup]
[roslaunch][INFO] 2025-12-04 20:19:24,104: ... selected machine [] for node of type [twist_mux/twist_mux]
[roslaunch][INFO] 2025-12-04 20:19:24,104: ... selected machine [] for node of type [twist_mux/twist_marker]
[roslaunch][INFO] 2025-12-04 20:19:24,104: ... selected machine [] for node of type [twist_mux/joystick_relay.py]
[roslaunch][INFO] 2025-12-04 20:19:24,104: ... selected machine [] for node of type [dynamic_footprint/dynamic_footprint_publisher.py]
[roslaunch][INFO] 2025-12-04 20:19:24,104: ... selected machine [] for node of type [topic_tools/relay]
[roslaunch][INFO] 2025-12-04 20:19:24,104: ... selected machine [] for node of type [pal_pcl_points_throttle_and_filter/throttle_filtering_points]
[roslaunch][INFO] 2025-12-04 20:19:24,104: ... selected machine [] for node of type [tiago_gazebo/tuck_arm.py]
[roslaunch][INFO] 2025-12-04 20:19:24,104: ... selected machine [] for node of type [image_proc/image_proc]
[roslaunch.pmon][INFO] 2025-12-04 20:19:24,105: start_process_monitor: creating ProcessMonitor
[roslaunch.pmon][INFO] 2025-12-04 20:19:24,106: created process monitor <ProcessMonitor(ProcessMonitor-1, initial daemon)>
[roslaunch.pmon][INFO] 2025-12-04 20:19:24,106: start_process_monitor: ProcessMonitor started
[roslaunch.parent][INFO] 2025-12-04 20:19:24,106: starting parent XML-RPC server
[roslaunch.server][INFO] 2025-12-04 20:19:24,106: starting roslaunch XML-RPC server
[roslaunch.server][INFO] 2025-12-04 20:19:24,106: waiting for roslaunch XML-RPC server to initialize
[xmlrpc][INFO] 2025-12-04 20:19:24,106: XML-RPC server binding to 127.0.0.1:0
[xmlrpc][INFO] 2025-12-04 20:19:24,107: Started XML-RPC server [http://127.0.0.1:38225/]
[xmlrpc][INFO] 2025-12-04 20:19:24,107: xml rpc node: starting XML-RPC server
[roslaunch][INFO] 2025-12-04 20:19:24,118: started roslaunch server http://127.0.0.1:38225/
[roslaunch.parent][INFO] 2025-12-04 20:19:24,118: ... parent XML-RPC server started
[roslaunch][INFO] 2025-12-04 20:19:24,122: master.is_running[http://localhost:11311/]
[roslaunch][INFO] 2025-12-04 20:19:24,124: master.is_running[http://localhost:11311/]
[roslaunch][INFO] 2025-12-04 20:19:24,125: ROS_MASTER_URI=http://localhost:11311/
[roslaunch][INFO] 2025-12-04 20:19:24,127: setting /roslaunch/uris/host_127_0_0_1__38225' to http://127.0.0.1:38225/
[roslaunch][INFO] 2025-12-04 20:19:24,128: load_parameters starting ...
[roslaunch][INFO] 2025-12-04 20:19:24,243: ... load_parameters complete
[roslaunch][INFO] 2025-12-04 20:19:24,243: launch_nodes: launching local nodes ...
[roslaunch][INFO] 2025-12-04 20:19:24,245: ... preparing to launch node of type [gazebo_ros/gzserver]
[roslaunch][INFO] 2025-12-04 20:19:24,245: create_node_process: package[gazebo_ros] type[gzserver] machine[Machine(name[] env_loader[None] address[localhost] ssh_port[22] user[None] assignable[True] timeout[10.0])] master_uri[http://localhost:11311/]
[roslaunch][INFO] 2025-12-04 20:19:24,245: process[gazebo-1]: env[{'ROS_VERSION': '1', 'DISABLE_ROS1_EOL_WARNINGS': '1', 'PKG_CONFIG_PATH': '/opt/pal/gallium/lib/pkgconfig:/opt/pal/gallium/lib/x86_64-linux-gnu/pkgconfig:/opt/ros/noetic/lib/pkgconfig:/opt/ros/noetic/lib/x86_64-linux-gnu/pkgconfig', 'ROS_PYTHON_VERSION': '3', 'HOSTNAME': 'epan-tiago-noetic-ssh', 'VISP_WS': '/home/pal/visp-ws', 'ROS_PACKAGE_PATH': '/opt/pal/gallium/share:/opt/ros/noetic/share', 'ROSLISP_PACKAGE_DIRECTORIES': '', 'PWD': '/home/pal/ros_ws/src', 'XAUTHORITY': '', 'TZ': 'Europe/Paris', 'ROS_IP': '127.0.0.1', 'HOME': '/home/pal', 'ROS_ETC_DIR': '/opt/ros/noetic/etc/ros', 'LS_COLORS': 'rs=0:di=01;34:ln=01;36:mh=00:pi=40;33:so=01;35:do=01;35:bd=40;33;01:cd=40;33;01:or=40;31;01:mi=00:su=37;41:sg=30;43:ca=30;41:tw=30;42:ow=34;42:st=37;44:ex=01;32:*.tar=01;31:*.tgz=01;31:*.arc=01;31:*.arj=01;31:*.taz=01;31:*.lha=01;31:*.lz4=01;31:*.lzh=01;31:*.lzma=01;31:*.tlz=01;31:*.txz=01;31:*.tzo=01;31:*.t7z=01;31:*.zip=01;31:*.z=01;31:*.dz=01;31:*.gz=01;31:*.lrz=01;31:*.lz=01;31:*.lzo=01;31:*.xz=01;31:*.zst=01;31:*.tzst=01;31:*.bz2=01;31:*.bz=01;31:*.tbz=01;31:*.tbz2=01;31:*.tz=01;31:*.deb=01;31:*.rpm=01;31:*.jar=01;31:*.war=01;31:*.ear=01;31:*.sar=01;31:*.rar=01;31:*.alz=01;31:*.ace=01;31:*.zoo=01;31:*.cpio=01;31:*.7z=01;31:*.rz=01;31:*.cab=01;31:*.wim=01;31:*.swm=01;31:*.dwm=01;31:*.esd=01;31:*.jpg=01;35:*.jpeg=01;35:*.mjpg=01;35:*.mjpeg=01;35:*.gif=01;35:*.bmp=01;35:*.pbm=01;35:*.pgm=01;35:*.ppm=01;35:*.tga=01;35:*.xbm=01;35:*.xpm=01;35:*.tif=01;35:*.tiff=01;35:*.png=01;35:*.svg=01;35:*.svgz=01;35:*.mng=01;35:*.pcx=01;35:*.mov=01;35:*.mpg=01;35:*.mpeg=01;35:*.m2v=01;35:*.mkv=01;35:*.webm=01;35:*.ogm=01;35:*.mp4=01;35:*.m4v=01;35:*.mp4v=01;35:*.vob=01;35:*.qt=01;35:*.nuv=01;35:*.wmv=01;35:*.asf=01;35:*.rm=01;35:*.rmvb=01;35:*.flc=01;35:*.avi=01;35:*.fli=01;35:*.flv=01;35:*.gl=01;35:*.dl=01;35:*.xcf=01;35:*.xwd=01;35:*.yuv=01;35:*.cgm=01;35:*.emf=01;35:*.ogv=01;35:*.ogx=01;35:*.aac=00;36:*.au=00;36:*.flac=00;36:*.m4a=00;36:*.mid=00;36:*.midi=00;36:*.mka=00;36:*.mp3=00;36:*.mpc=00;36:*.ogg=00;36:*.ra=00;36:*.wav=00;36:*.oga=00;36:*.opus=00;36:*.spx=00;36:*.xspf=00;36:', 'OROCOS_TARGET': 'gnulinux', 'CMAKE_PREFIX_PATH': '/opt/pal/gallium:/opt/ros/noetic', 'GAZEBO_RESOURCE_PATH': '/opt/pal/gallium/share/tiago_gazebo:/opt/pal/gallium/share/pal_gazebo_worlds/../pal_gazebo_worlds_private:/opt/pal/gallium/share/pal_gazebo_worlds/:/home/pal/ros_ws/src/va50:', 'ROS_WORKSPACE': '/home/pal/ros_ws', 'LESSCLOSE': '/usr/bin/lesspipe %s %s', 'PYTHONPATH': '/opt/pal/gallium/lib/python3/dist-packages:/opt/ros/noetic/lib/python3/dist-packages', 'TERM': 'xterm', 'VISP_INPUT_IMAGE_PATH': '/home/pal/visp-ws/visp-images', 'LESSOPEN': '| /usr/bin/lesspipe %s', 'USER': 'pal', 'RTT_COMPONENT_PATH': '/opt/pal/gallium/lib/orocos', 'DISPLAY': ':0', 'SHLVL': '1', 'PAL_DISTRO': 'gallium', 'ROS_MASTER_URI': 'http://localhost:11311/', 'LD_LIBRARY_PATH': '/opt/pal/gallium/lib:/opt/pal/gallium/lib/x86_64-linux-gnu:/opt/ros/noetic/lib:/opt/ros/noetic/lib/x86_64-linux-gnu:/usr/local/lib', 'GAZEBO_MODEL_PATH': '/opt/pal/gallium/share/tiago_gazebo/models:/opt/pal/gallium/share/pal_gazebo_worlds/../pal_gazebo_worlds_private/models:/opt/pal/gallium/share/pal_gazebo_worlds/models:/home/pal/ros_ws/src/va50/models:', 'PATH': '/opt/pal/gallium/bin:/opt/ros/noetic/bin:/opt/pal/gallium/lib/pal_debian_utils/:/usr/local/sbin:/usr/local/bin:/usr/sbin:/usr/bin:/sbin:/bin', 'LUA_PATH': ';;/opt/pal/gallium/share/lua/5.1/?.lua;/opt/pal/gallium/share/lua/5.1/?.lua;/opt/pal/gallium/share/lua/5.1/?.lua;/opt/pal/gallium/share/lua/5.1/?.lua;/opt/pal/gallium/share/lua/5.1/?.lua;/opt/pal/gallium/share/lua/5.1/?.lua', 'DEBIAN_FRONTEND': 'noninteractive', 'ROS_ROOT': '/opt/ros/noetic/share/ros', 'ROS_DISTRO': 'noetic', 'QT_X11_NO_MITSHM': '1', 'OLDPWD': '/home/pal/ros_ws', '_': '/opt/ros/noetic/bin/roslaunch', 'LC_CTYPE': 'C.UTF-8', 'ROS_LOG_FILENAME': '/home/pal/.ros/log/2516c386-d12f-11f0-b32a-9c2f9d99f7eb/roslaunch-epan-tiago-noetic-ssh-4066.log', 'LC_NUMERIC': 'C'}]
[roslaunch][INFO] 2025-12-04 20:19:24,300: process[gazebo-1]: args[['/opt/pal/gallium/lib/gazebo_ros/gzserver', '-e', 'ode', 'worlds/table_plate_fork_knife.world', '__name:=gazebo']]
[roslaunch][INFO] 2025-12-04 20:19:24,300: ... created process [gazebo-1]
[roslaunch.pmon][INFO] 2025-12-04 20:19:24,300: ProcessMonitor.register[gazebo-1]
[roslaunch.pmon][INFO] 2025-12-04 20:19:24,300: ProcessMonitor.register[gazebo-1] complete
[roslaunch][INFO] 2025-12-04 20:19:24,300: ... registered process [gazebo-1]
[roslaunch][INFO] 2025-12-04 20:19:24,300: process[gazebo-1]: starting os process
[roslaunch][INFO] 2025-12-04 20:19:24,301: process[gazebo-1]: start w/ args [['/opt/pal/gallium/lib/gazebo_ros/gzserver', '-e', 'ode', 'worlds/table_plate_fork_knife.world', '__name:=gazebo', '__log:=/home/pal/.ros/log/2516c386-d12f-11f0-b32a-9c2f9d99f7eb/gazebo-1.log']]
[roslaunch][INFO] 2025-12-04 20:19:24,301: process[gazebo-1]: cwd will be [/home/pal/.ros]
[roslaunch][INFO] 2025-12-04 20:19:24,306: process[gazebo-1]: started with pid [4114]
[roslaunch][INFO] 2025-12-04 20:19:24,307: ... successfully launched [gazebo-1]
[roslaunch][INFO] 2025-12-04 20:19:24,307: ... preparing to launch node of type [gazebo_ros/gzclient]
[roslaunch][INFO] 2025-12-04 20:19:24,307: create_node_process: package[gazebo_ros] type[gzclient] machine[Machine(name[] env_loader[None] address[localhost] ssh_port[22] user[None] assignable[True] timeout[10.0])] master_uri[http://localhost:11311/]
[roslaunch][INFO] 2025-12-04 20:19:24,308: process[gazebo_gui-2]: env[{'ROS_VERSION': '1', 'DISABLE_ROS1_EOL_WARNINGS': '1', 'PKG_CONFIG_PATH': '/opt/pal/gallium/lib/pkgconfig:/opt/pal/gallium/lib/x86_64-linux-gnu/pkgconfig:/opt/ros/noetic/lib/pkgconfig:/opt/ros/noetic/lib/x86_64-linux-gnu/pkgconfig', 'ROS_PYTHON_VERSION': '3', 'HOSTNAME': 'epan-tiago-noetic-ssh', 'VISP_WS': '/home/pal/visp-ws', 'ROS_PACKAGE_PATH': '/opt/pal/gallium/share:/opt/ros/noetic/share', 'ROSLISP_PACKAGE_DIRECTORIES': '', 'PWD': '/home/pal/ros_ws/src', 'XAUTHORITY': '', 'TZ': 'Europe/Paris', 'ROS_IP': '127.0.0.1', 'HOME': '/home/pal', 'ROS_ETC_DIR': '/opt/ros/noetic/etc/ros', 'LS_COLORS': 'rs=0:di=01;34:ln=01;36:mh=00:pi=40;33:so=01;35:do=01;35:bd=40;33;01:cd=40;33;01:or=40;31;01:mi=00:su=37;41:sg=30;43:ca=30;41:tw=30;42:ow=34;42:st=37;44:ex=01;32:*.tar=01;31:*.tgz=01;31:*.arc=01;31:*.arj=01;31:*.taz=01;31:*.lha=01;31:*.lz4=01;31:*.lzh=01;31:*.lzma=01;31:*.tlz=01;31:*.txz=01;31:*.tzo=01;31:*.t7z=01;31:*.zip=01;31:*.z=01;31:*.dz=01;31:*.gz=01;31:*.lrz=01;31:*.lz=01;31:*.lzo=01;31:*.xz=01;31:*.zst=01;31:*.tzst=01;31:*.bz2=01;31:*.bz=01;31:*.tbz=01;31:*.tbz2=01;31:*.tz=01;31:*.deb=01;31:*.rpm=01;31:*.jar=01;31:*.war=01;31:*.ear=01;31:*.sar=01;31:*.rar=01;31:*.alz=01;31:*.ace=01;31:*.zoo=01;31:*.cpio=01;31:*.7z=01;31:*.rz=01;31:*.cab=01;31:*.wim=01;31:*.swm=01;31:*.dwm=01;31:*.esd=01;31:*.jpg=01;35:*.jpeg=01;35:*.mjpg=01;35:*.mjpeg=01;35:*.gif=01;35:*.bmp=01;35:*.pbm=01;35:*.pgm=01;35:*.ppm=01;35:*.tga=01;35:*.xbm=01;35:*.xpm=01;35:*.tif=01;35:*.tiff=01;35:*.png=01;35:*.svg=01;35:*.svgz=01;35:*.mng=01;35:*.pcx=01;35:*.mov=01;35:*.mpg=01;35:*.mpeg=01;35:*.m2v=01;35:*.mkv=01;35:*.webm=01;35:*.ogm=01;35:*.mp4=01;35:*.m4v=01;35:*.mp4v=01;35:*.vob=01;35:*.qt=01;35:*.nuv=01;35:*.wmv=01;35:*.asf=01;35:*.rm=01;35:*.rmvb=01;35:*.flc=01;35:*.avi=01;35:*.fli=01;35:*.flv=01;35:*.gl=01;35:*.dl=01;35:*.xcf=01;35:*.xwd=01;35:*.yuv=01;35:*.cgm=01;35:*.emf=01;35:*.ogv=01;35:*.ogx=01;35:*.aac=00;36:*.au=00;36:*.flac=00;36:*.m4a=00;36:*.mid=00;36:*.midi=00;36:*.mka=00;36:*.mp3=00;36:*.mpc=00;36:*.ogg=00;36:*.ra=00;36:*.wav=00;36:*.oga=00;36:*.opus=00;36:*.spx=00;36:*.xspf=00;36:', 'OROCOS_TARGET': 'gnulinux', 'CMAKE_PREFIX_PATH': '/opt/pal/gallium:/opt/ros/noetic', 'GAZEBO_RESOURCE_PATH': '/opt/pal/gallium/share/tiago_gazebo:/opt/pal/gallium/share/pal_gazebo_worlds/../pal_gazebo_worlds_private:/opt/pal/gallium/share/pal_gazebo_worlds/:/home/pal/ros_ws/src/va50:', 'ROS_WORKSPACE': '/home/pal/ros_ws', 'LESSCLOSE': '/usr/bin/lesspipe %s %s', 'PYTHONPATH': '/opt/pal/gallium/lib/python3/dist-packages:/opt/ros/noetic/lib/python3/dist-packages', 'TERM': 'xterm', 'VISP_INPUT_IMAGE_PATH': '/home/pal/visp-ws/visp-images', 'LESSOPEN': '| /usr/bin/lesspipe %s', 'USER': 'pal', 'RTT_COMPONENT_PATH': '/opt/pal/gallium/lib/orocos', 'DISPLAY': ':0', 'SHLVL': '1', 'PAL_DISTRO': 'gallium', 'ROS_MASTER_URI': 'http://localhost:11311/', 'LD_LIBRARY_PATH': '/opt/pal/gallium/lib:/opt/pal/gallium/lib/x86_64-linux-gnu:/opt/ros/noetic/lib:/opt/ros/noetic/lib/x86_64-linux-gnu:/usr/local/lib', 'GAZEBO_MODEL_PATH': '/opt/pal/gallium/share/tiago_gazebo/models:/opt/pal/gallium/share/pal_gazebo_worlds/../pal_gazebo_worlds_private/models:/opt/pal/gallium/share/pal_gazebo_worlds/models:/home/pal/ros_ws/src/va50/models:', 'PATH': '/opt/pal/gallium/bin:/opt/ros/noetic/bin:/opt/pal/gallium/lib/pal_debian_utils/:/usr/local/sbin:/usr/local/bin:/usr/sbin:/usr/bin:/sbin:/bin', 'LUA_PATH': ';;/opt/pal/gallium/share/lua/5.1/?.lua;/opt/pal/gallium/share/lua/5.1/?.lua;/opt/pal/gallium/share/lua/5.1/?.lua;/opt/pal/gallium/share/lua/5.1/?.lua;/opt/pal/gallium/share/lua/5.1/?.lua;/opt/pal/gallium/share/lua/5.1/?.lua', 'DEBIAN_FRONTEND': 'noninteractive', 'ROS_ROOT': '/opt/ros/noetic/share/ros', 'ROS_DISTRO': 'noetic', 'QT_X11_NO_MITSHM': '1', 'OLDPWD': '/home/pal/ros_ws', '_': '/opt/ros/noetic/bin/roslaunch', 'LC_CTYPE': 'C.UTF-8', 'ROS_LOG_FILENAME': '/home/pal/.ros/log/2516c386-d12f-11f0-b32a-9c2f9d99f7eb/roslaunch-epan-tiago-noetic-ssh-4066.log', 'LC_NUMERIC': 'C'}]
[roslaunch][INFO] 2025-12-04 20:19:24,308: process[gazebo_gui-2]: args[['/opt/pal/gallium/lib/gazebo_ros/gzclient', '__name:=gazebo_gui']]
[roslaunch][INFO] 2025-12-04 20:19:24,308: ... created process [gazebo_gui-2]
[roslaunch.pmon][INFO] 2025-12-04 20:19:24,308: ProcessMonitor.register[gazebo_gui-2]
[roslaunch.pmon][INFO] 2025-12-04 20:19:24,308: ProcessMonitor.register[gazebo_gui-2] complete
[roslaunch][INFO] 2025-12-04 20:19:24,308: ... registered process [gazebo_gui-2]
[roslaunch][INFO] 2025-12-04 20:19:24,309: process[gazebo_gui-2]: starting os process
[roslaunch][INFO] 2025-12-04 20:19:24,309: process[gazebo_gui-2]: start w/ args [['/opt/pal/gallium/lib/gazebo_ros/gzclient', '__name:=gazebo_gui', '__log:=/home/pal/.ros/log/2516c386-d12f-11f0-b32a-9c2f9d99f7eb/gazebo_gui-2.log']]
[roslaunch][INFO] 2025-12-04 20:19:24,309: process[gazebo_gui-2]: cwd will be [/home/pal/.ros]
[roslaunch][INFO] 2025-12-04 20:19:24,314: process[gazebo_gui-2]: started with pid [4118]
[roslaunch][INFO] 2025-12-04 20:19:24,315: ... successfully launched [gazebo_gui-2]
[roslaunch][INFO] 2025-12-04 20:19:24,315: ... preparing to launch node of type [gazebo_ros/spawn_model]
[roslaunch][INFO] 2025-12-04 20:19:24,315: create_node_process: package[gazebo_ros] type[spawn_model] machine[Machine(name[] env_loader[None] address[localhost] ssh_port[22] user[None] assignable[True] timeout[10.0])] master_uri[http://localhost:11311/]
[roslaunch][INFO] 2025-12-04 20:19:24,315: process[spawn_model-3]: env[{'ROS_VERSION': '1', 'DISABLE_ROS1_EOL_WARNINGS': '1', 'PKG_CONFIG_PATH': '/opt/pal/gallium/lib/pkgconfig:/opt/pal/gallium/lib/x86_64-linux-gnu/pkgconfig:/opt/ros/noetic/lib/pkgconfig:/opt/ros/noetic/lib/x86_64-linux-gnu/pkgconfig', 'ROS_PYTHON_VERSION': '3', 'HOSTNAME': 'epan-tiago-noetic-ssh', 'VISP_WS': '/home/pal/visp-ws', 'ROS_PACKAGE_PATH': '/opt/pal/gallium/share:/opt/ros/noetic/share', 'ROSLISP_PACKAGE_DIRECTORIES': '', 'PWD': '/home/pal/ros_ws/src', 'XAUTHORITY': '', 'TZ': 'Europe/Paris', 'ROS_IP': '127.0.0.1', 'HOME': '/home/pal', 'ROS_ETC_DIR': '/opt/ros/noetic/etc/ros', 'LS_COLORS': 'rs=0:di=01;34:ln=01;36:mh=00:pi=40;33:so=01;35:do=01;35:bd=40;33;01:cd=40;33;01:or=40;31;01:mi=00:su=37;41:sg=30;43:ca=30;41:tw=30;42:ow=34;42:st=37;44:ex=01;32:*.tar=01;31:*.tgz=01;31:*.arc=01;31:*.arj=01;31:*.taz=01;31:*.lha=01;31:*.lz4=01;31:*.lzh=01;31:*.lzma=01;31:*.tlz=01;31:*.txz=01;31:*.tzo=01;31:*.t7z=01;31:*.zip=01;31:*.z=01;31:*.dz=01;31:*.gz=01;31:*.lrz=01;31:*.lz=01;31:*.lzo=01;31:*.xz=01;31:*.zst=01;31:*.tzst=01;31:*.bz2=01;31:*.bz=01;31:*.tbz=01;31:*.tbz2=01;31:*.tz=01;31:*.deb=01;31:*.rpm=01;31:*.jar=01;31:*.war=01;31:*.ear=01;31:*.sar=01;31:*.rar=01;31:*.alz=01;31:*.ace=01;31:*.zoo=01;31:*.cpio=01;31:*.7z=01;31:*.rz=01;31:*.cab=01;31:*.wim=01;31:*.swm=01;31:*.dwm=01;31:*.esd=01;31:*.jpg=01;35:*.jpeg=01;35:*.mjpg=01;35:*.mjpeg=01;35:*.gif=01;35:*.bmp=01;35:*.pbm=01;35:*.pgm=01;35:*.ppm=01;35:*.tga=01;35:*.xbm=01;35:*.xpm=01;35:*.tif=01;35:*.tiff=01;35:*.png=01;35:*.svg=01;35:*.svgz=01;35:*.mng=01;35:*.pcx=01;35:*.mov=01;35:*.mpg=01;35:*.mpeg=01;35:*.m2v=01;35:*.mkv=01;35:*.webm=01;35:*.ogm=01;35:*.mp4=01;35:*.m4v=01;35:*.mp4v=01;35:*.vob=01;35:*.qt=01;35:*.nuv=01;35:*.wmv=01;35:*.asf=01;35:*.rm=01;35:*.rmvb=01;35:*.flc=01;35:*.avi=01;35:*.fli=01;35:*.flv=01;35:*.gl=01;35:*.dl=01;35:*.xcf=01;35:*.xwd=01;35:*.yuv=01;35:*.cgm=01;35:*.emf=01;35:*.ogv=01;35:*.ogx=01;35:*.aac=00;36:*.au=00;36:*.flac=00;36:*.m4a=00;36:*.mid=00;36:*.midi=00;36:*.mka=00;36:*.mp3=00;36:*.mpc=00;36:*.ogg=00;36:*.ra=00;36:*.wav=00;36:*.oga=00;36:*.opus=00;36:*.spx=00;36:*.xspf=00;36:', 'OROCOS_TARGET': 'gnulinux', 'CMAKE_PREFIX_PATH': '/opt/pal/gallium:/opt/ros/noetic', 'GAZEBO_RESOURCE_PATH': '/home/pal/ros_ws/src/va50:', 'ROS_WORKSPACE': '/home/pal/ros_ws', 'LESSCLOSE': '/usr/bin/lesspipe %s %s', 'PYTHONPATH': '/opt/pal/gallium/lib/python3/dist-packages:/opt/ros/noetic/lib/python3/dist-packages', 'TERM': 'xterm', 'VISP_INPUT_IMAGE_PATH': '/home/pal/visp-ws/visp-images', 'LESSOPEN': '| /usr/bin/lesspipe %s', 'USER': 'pal', 'RTT_COMPONENT_PATH': '/opt/pal/gallium/lib/orocos', 'DISPLAY': ':0', 'SHLVL': '1', 'PAL_DISTRO': 'gallium', 'ROS_MASTER_URI': 'http://localhost:11311/', 'LD_LIBRARY_PATH': '/opt/pal/gallium/lib:/opt/pal/gallium/lib/x86_64-linux-gnu:/opt/ros/noetic/lib:/opt/ros/noetic/lib/x86_64-linux-gnu:/usr/local/lib', 'GAZEBO_MODEL_PATH': '/home/pal/ros_ws/src/va50/models:', 'PATH': '/opt/pal/gallium/bin:/opt/ros/noetic/bin:/opt/pal/gallium/lib/pal_debian_utils/:/usr/local/sbin:/usr/local/bin:/usr/sbin:/usr/bin:/sbin:/bin', 'LUA_PATH': ';;/opt/pal/gallium/share/lua/5.1/?.lua;/opt/pal/gallium/share/lua/5.1/?.lua;/opt/pal/gallium/share/lua/5.1/?.lua;/opt/pal/gallium/share/lua/5.1/?.lua;/opt/pal/gallium/share/lua/5.1/?.lua;/opt/pal/gallium/share/lua/5.1/?.lua', 'DEBIAN_FRONTEND': 'noninteractive', 'ROS_ROOT': '/opt/ros/noetic/share/ros', 'ROS_DISTRO': 'noetic', 'QT_X11_NO_MITSHM': '1', 'OLDPWD': '/home/pal/ros_ws', '_': '/opt/ros/noetic/bin/roslaunch', 'LC_CTYPE': 'C.UTF-8', 'ROS_LOG_FILENAME': '/home/pal/.ros/log/2516c386-d12f-11f0-b32a-9c2f9d99f7eb/roslaunch-epan-tiago-noetic-ssh-4066.log', 'LC_NUMERIC': 'C'}]
[roslaunch][INFO] 2025-12-04 20:19:24,316: process[spawn_model-3]: args[['/opt/pal/gallium/lib/gazebo_ros/spawn_model', '-urdf', '-param', 'robot_description', '-x', '0.0', '-y', '0.0', '-z', '0.0', '-R', '0.0', '-P', '0.0', '-Y', '0.0', '-model', 'tiago', '__name:=spawn_model']]
[roslaunch][INFO] 2025-12-04 20:19:24,316: ... created process [spawn_model-3]
[roslaunch.pmon][INFO] 2025-12-04 20:19:24,316: ProcessMonitor.register[spawn_model-3]
[roslaunch.pmon][INFO] 2025-12-04 20:19:24,317: ProcessMonitor.register[spawn_model-3] complete
[roslaunch][INFO] 2025-12-04 20:19:24,317: ... registered process [spawn_model-3]
[roslaunch][INFO] 2025-12-04 20:19:24,317: process[spawn_model-3]: starting os process
[roslaunch][INFO] 2025-12-04 20:19:24,318: process[spawn_model-3]: start w/ args [['/opt/pal/gallium/lib/gazebo_ros/spawn_model', '-urdf', '-param', 'robot_description', '-x', '0.0', '-y', '0.0', '-z', '0.0', '-R', '0.0', '-P', '0.0', '-Y', '0.0', '-model', 'tiago', '__name:=spawn_model', '__log:=/home/pal/.ros/log/2516c386-d12f-11f0-b32a-9c2f9d99f7eb/spawn_model-3.log']]
[roslaunch][INFO] 2025-12-04 20:19:24,318: process[spawn_model-3]: cwd will be [/home/pal/.ros]
[roslaunch][INFO] 2025-12-04 20:19:24,325: process[spawn_model-3]: started with pid [4123]
[roslaunch][INFO] 2025-12-04 20:19:24,326: ... successfully launched [spawn_model-3]
[roslaunch][INFO] 2025-12-04 20:19:24,326: ... preparing to launch node of type [controller_manager/spawner]
[roslaunch][INFO] 2025-12-04 20:19:24,326: create_node_process: package[controller_manager] type[spawner] machine[Machine(name[] env_loader[None] address[localhost] ssh_port[22] user[None] assignable[True] timeout[10.0])] master_uri[http://localhost:11311/]
[roslaunch][INFO] 2025-12-04 20:19:24,326: process[default_controllers_spawner-4]: env[{'ROS_VERSION': '1', 'DISABLE_ROS1_EOL_WARNINGS': '1', 'PKG_CONFIG_PATH': '/opt/pal/gallium/lib/pkgconfig:/opt/pal/gallium/lib/x86_64-linux-gnu/pkgconfig:/opt/ros/noetic/lib/pkgconfig:/opt/ros/noetic/lib/x86_64-linux-gnu/pkgconfig', 'ROS_PYTHON_VERSION': '3', 'HOSTNAME': 'epan-tiago-noetic-ssh', 'VISP_WS': '/home/pal/visp-ws', 'ROS_PACKAGE_PATH': '/opt/pal/gallium/share:/opt/ros/noetic/share', 'ROSLISP_PACKAGE_DIRECTORIES': '', 'PWD': '/home/pal/ros_ws/src', 'XAUTHORITY': '', 'TZ': 'Europe/Paris', 'ROS_IP': '127.0.0.1', 'HOME': '/home/pal', 'ROS_ETC_DIR': '/opt/ros/noetic/etc/ros', 'LS_COLORS': 'rs=0:di=01;34:ln=01;36:mh=00:pi=40;33:so=01;35:do=01;35:bd=40;33;01:cd=40;33;01:or=40;31;01:mi=00:su=37;41:sg=30;43:ca=30;41:tw=30;42:ow=34;42:st=37;44:ex=01;32:*.tar=01;31:*.tgz=01;31:*.arc=01;31:*.arj=01;31:*.taz=01;31:*.lha=01;31:*.lz4=01;31:*.lzh=01;31:*.lzma=01;31:*.tlz=01;31:*.txz=01;31:*.tzo=01;31:*.t7z=01;31:*.zip=01;31:*.z=01;31:*.dz=01;31:*.gz=01;31:*.lrz=01;31:*.lz=01;31:*.lzo=01;31:*.xz=01;31:*.zst=01;31:*.tzst=01;31:*.bz2=01;31:*.bz=01;31:*.tbz=01;31:*.tbz2=01;31:*.tz=01;31:*.deb=01;31:*.rpm=01;31:*.jar=01;31:*.war=01;31:*.ear=01;31:*.sar=01;31:*.rar=01;31:*.alz=01;31:*.ace=01;31:*.zoo=01;31:*.cpio=01;31:*.7z=01;31:*.rz=01;31:*.cab=01;31:*.wim=01;31:*.swm=01;31:*.dwm=01;31:*.esd=01;31:*.jpg=01;35:*.jpeg=01;35:*.mjpg=01;35:*.mjpeg=01;35:*.gif=01;35:*.bmp=01;35:*.pbm=01;35:*.pgm=01;35:*.ppm=01;35:*.tga=01;35:*.xbm=01;35:*.xpm=01;35:*.tif=01;35:*.tiff=01;35:*.png=01;35:*.svg=01;35:*.svgz=01;35:*.mng=01;35:*.pcx=01;35:*.mov=01;35:*.mpg=01;35:*.mpeg=01;35:*.m2v=01;35:*.mkv=01;35:*.webm=01;35:*.ogm=01;35:*.mp4=01;35:*.m4v=01;35:*.mp4v=01;35:*.vob=01;35:*.qt=01;35:*.nuv=01;35:*.wmv=01;35:*.asf=01;35:*.rm=01;35:*.rmvb=01;35:*.flc=01;35:*.avi=01;35:*.fli=01;35:*.flv=01;35:*.gl=01;35:*.dl=01;35:*.xcf=01;35:*.xwd=01;35:*.yuv=01;35:*.cgm=01;35:*.emf=01;35:*.ogv=01;35:*.ogx=01;35:*.aac=00;36:*.au=00;36:*.flac=00;36:*.m4a=00;36:*.mid=00;36:*.midi=00;36:*.mka=00;36:*.mp3=00;36:*.mpc=00;36:*.ogg=00;36:*.ra=00;36:*.wav=00;36:*.oga=00;36:*.opus=00;36:*.spx=00;36:*.xspf=00;36:', 'OROCOS_TARGET': 'gnulinux', 'CMAKE_PREFIX_PATH': '/opt/pal/gallium:/opt/ros/noetic', 'GAZEBO_RESOURCE_PATH': '/home/pal/ros_ws/src/va50:', 'ROS_WORKSPACE': '/home/pal/ros_ws', 'LESSCLOSE': '/usr/bin/lesspipe %s %s', 'PYTHONPATH': '/opt/pal/gallium/lib/python3/dist-packages:/opt/ros/noetic/lib/python3/dist-packages', 'TERM': 'xterm', 'VISP_INPUT_IMAGE_PATH': '/home/pal/visp-ws/visp-images', 'LESSOPEN': '| /usr/bin/lesspipe %s', 'USER': 'pal', 'RTT_COMPONENT_PATH': '/opt/pal/gallium/lib/orocos', 'DISPLAY': ':0', 'SHLVL': '1', 'PAL_DISTRO': 'gallium', 'ROS_MASTER_URI': 'http://localhost:11311/', 'LD_LIBRARY_PATH': '/opt/pal/gallium/lib:/opt/pal/gallium/lib/x86_64-linux-gnu:/opt/ros/noetic/lib:/opt/ros/noetic/lib/x86_64-linux-gnu:/usr/local/lib', 'GAZEBO_MODEL_PATH': '/home/pal/ros_ws/src/va50/models:', 'PATH': '/opt/pal/gallium/bin:/opt/ros/noetic/bin:/opt/pal/gallium/lib/pal_debian_utils/:/usr/local/sbin:/usr/local/bin:/usr/sbin:/usr/bin:/sbin:/bin', 'LUA_PATH': ';;/opt/pal/gallium/share/lua/5.1/?.lua;/opt/pal/gallium/share/lua/5.1/?.lua;/opt/pal/gallium/share/lua/5.1/?.lua;/opt/pal/gallium/share/lua/5.1/?.lua;/opt/pal/gallium/share/lua/5.1/?.lua;/opt/pal/gallium/share/lua/5.1/?.lua', 'DEBIAN_FRONTEND': 'noninteractive', 'ROS_ROOT': '/opt/ros/noetic/share/ros', 'ROS_DISTRO': 'noetic', 'QT_X11_NO_MITSHM': '1', 'OLDPWD': '/home/pal/ros_ws', '_': '/opt/ros/noetic/bin/roslaunch', 'LC_CTYPE': 'C.UTF-8', 'ROS_LOG_FILENAME': '/home/pal/.ros/log/2516c386-d12f-11f0-b32a-9c2f9d99f7eb/roslaunch-epan-tiago-noetic-ssh-4066.log', 'LC_NUMERIC': 'C'}]
[roslaunch][INFO] 2025-12-04 20:19:24,327: process[default_controllers_spawner-4]: args[['/opt/pal/gallium/lib/controller_manager/spawner', '--timeout', '120', 'joint_state_controller', 'torso_controller', 'head_controller', 'arm_controller', 'mobile_base_controller', '__name:=default_controllers_spawner']]
[roslaunch][INFO] 2025-12-04 20:19:24,327: ... created process [default_controllers_spawner-4]
[roslaunch.pmon][INFO] 2025-12-04 20:19:24,327: ProcessMonitor.register[default_controllers_spawner-4]
[roslaunch.pmon][INFO] 2025-12-04 20:19:24,327: ProcessMonitor.register[default_controllers_spawner-4] complete
[roslaunch][INFO] 2025-12-04 20:19:24,327: ... registered process [default_controllers_spawner-4]
[roslaunch][INFO] 2025-12-04 20:19:24,327: process[default_controllers_spawner-4]: starting os process
[roslaunch][INFO] 2025-12-04 20:19:24,328: process[default_controllers_spawner-4]: start w/ args [['/opt/pal/gallium/lib/controller_manager/spawner', '--timeout', '120', 'joint_state_controller', 'torso_controller', 'head_controller', 'arm_controller', 'mobile_base_controller', '__name:=default_controllers_spawner', '__log:=/home/pal/.ros/log/2516c386-d12f-11f0-b32a-9c2f9d99f7eb/default_controllers_spawner-4.log']]
[roslaunch][INFO] 2025-12-04 20:19:24,328: process[default_controllers_spawner-4]: cwd will be [/home/pal/.ros]
[roslaunch][INFO] 2025-12-04 20:19:24,339: process[default_controllers_spawner-4]: started with pid [4125]
[roslaunch][INFO] 2025-12-04 20:19:24,340: ... successfully launched [default_controllers_spawner-4]
[roslaunch][INFO] 2025-12-04 20:19:24,340: ... preparing to launch node of type [head_action/head_action]
[roslaunch][INFO] 2025-12-04 20:19:24,340: create_node_process: package[head_action] type[head_action] machine[Machine(name[] env_loader[None] address[localhost] ssh_port[22] user[None] assignable[True] timeout[10.0])] master_uri[http://localhost:11311/]
[roslaunch][INFO] 2025-12-04 20:19:24,340: process[head_controller/point_head_action-5]: env[{'ROS_VERSION': '1', 'DISABLE_ROS1_EOL_WARNINGS': '1', 'PKG_CONFIG_PATH': '/opt/pal/gallium/lib/pkgconfig:/opt/pal/gallium/lib/x86_64-linux-gnu/pkgconfig:/opt/ros/noetic/lib/pkgconfig:/opt/ros/noetic/lib/x86_64-linux-gnu/pkgconfig', 'ROS_PYTHON_VERSION': '3', 'HOSTNAME': 'epan-tiago-noetic-ssh', 'VISP_WS': '/home/pal/visp-ws', 'ROS_PACKAGE_PATH': '/opt/pal/gallium/share:/opt/ros/noetic/share', 'ROSLISP_PACKAGE_DIRECTORIES': '', 'PWD': '/home/pal/ros_ws/src', 'XAUTHORITY': '', 'TZ': 'Europe/Paris', 'ROS_IP': '127.0.0.1', 'HOME': '/home/pal', 'ROS_ETC_DIR': '/opt/ros/noetic/etc/ros', 'LS_COLORS': 'rs=0:di=01;34:ln=01;36:mh=00:pi=40;33:so=01;35:do=01;35:bd=40;33;01:cd=40;33;01:or=40;31;01:mi=00:su=37;41:sg=30;43:ca=30;41:tw=30;42:ow=34;42:st=37;44:ex=01;32:*.tar=01;31:*.tgz=01;31:*.arc=01;31:*.arj=01;31:*.taz=01;31:*.lha=01;31:*.lz4=01;31:*.lzh=01;31:*.lzma=01;31:*.tlz=01;31:*.txz=01;31:*.tzo=01;31:*.t7z=01;31:*.zip=01;31:*.z=01;31:*.dz=01;31:*.gz=01;31:*.lrz=01;31:*.lz=01;31:*.lzo=01;31:*.xz=01;31:*.zst=01;31:*.tzst=01;31:*.bz2=01;31:*.bz=01;31:*.tbz=01;31:*.tbz2=01;31:*.tz=01;31:*.deb=01;31:*.rpm=01;31:*.jar=01;31:*.war=01;31:*.ear=01;31:*.sar=01;31:*.rar=01;31:*.alz=01;31:*.ace=01;31:*.zoo=01;31:*.cpio=01;31:*.7z=01;31:*.rz=01;31:*.cab=01;31:*.wim=01;31:*.swm=01;31:*.dwm=01;31:*.esd=01;31:*.jpg=01;35:*.jpeg=01;35:*.mjpg=01;35:*.mjpeg=01;35:*.gif=01;35:*.bmp=01;35:*.pbm=01;35:*.pgm=01;35:*.ppm=01;35:*.tga=01;35:*.xbm=01;35:*.xpm=01;35:*.tif=01;35:*.tiff=01;35:*.png=01;35:*.svg=01;35:*.svgz=01;35:*.mng=01;35:*.pcx=01;35:*.mov=01;35:*.mpg=01;35:*.mpeg=01;35:*.m2v=01;35:*.mkv=01;35:*.webm=01;35:*.ogm=01;35:*.mp4=01;35:*.m4v=01;35:*.mp4v=01;35:*.vob=01;35:*.qt=01;35:*.nuv=01;35:*.wmv=01;35:*.asf=01;35:*.rm=01;35:*.rmvb=01;35:*.flc=01;35:*.avi=01;35:*.fli=01;35:*.flv=01;35:*.gl=01;35:*.dl=01;35:*.xcf=01;35:*.xwd=01;35:*.yuv=01;35:*.cgm=01;35:*.emf=01;35:*.ogv=01;35:*.ogx=01;35:*.aac=00;36:*.au=00;36:*.flac=00;36:*.m4a=00;36:*.mid=00;36:*.midi=00;36:*.mka=00;36:*.mp3=00;36:*.mpc=00;36:*.ogg=00;36:*.ra=00;36:*.wav=00;36:*.oga=00;36:*.opus=00;36:*.spx=00;36:*.xspf=00;36:', 'OROCOS_TARGET': 'gnulinux', 'CMAKE_PREFIX_PATH': '/opt/pal/gallium:/opt/ros/noetic', 'GAZEBO_RESOURCE_PATH': '/home/pal/ros_ws/src/va50:', 'ROS_WORKSPACE': '/home/pal/ros_ws', 'LESSCLOSE': '/usr/bin/lesspipe %s %s', 'PYTHONPATH': '/opt/pal/gallium/lib/python3/dist-packages:/opt/ros/noetic/lib/python3/dist-packages', 'TERM': 'xterm', 'VISP_INPUT_IMAGE_PATH': '/home/pal/visp-ws/visp-images', 'LESSOPEN': '| /usr/bin/lesspipe %s', 'USER': 'pal', 'RTT_COMPONENT_PATH': '/opt/pal/gallium/lib/orocos', 'DISPLAY': ':0', 'SHLVL': '1', 'PAL_DISTRO': 'gallium', 'ROS_MASTER_URI': 'http://localhost:11311/', 'LD_LIBRARY_PATH': '/opt/pal/gallium/lib:/opt/pal/gallium/lib/x86_64-linux-gnu:/opt/ros/noetic/lib:/opt/ros/noetic/lib/x86_64-linux-gnu:/usr/local/lib', 'GAZEBO_MODEL_PATH': '/home/pal/ros_ws/src/va50/models:', 'PATH': '/opt/pal/gallium/bin:/opt/ros/noetic/bin:/opt/pal/gallium/lib/pal_debian_utils/:/usr/local/sbin:/usr/local/bin:/usr/sbin:/usr/bin:/sbin:/bin', 'LUA_PATH': ';;/opt/pal/gallium/share/lua/5.1/?.lua;/opt/pal/gallium/share/lua/5.1/?.lua;/opt/pal/gallium/share/lua/5.1/?.lua;/opt/pal/gallium/share/lua/5.1/?.lua;/opt/pal/gallium/share/lua/5.1/?.lua;/opt/pal/gallium/share/lua/5.1/?.lua', 'DEBIAN_FRONTEND': 'noninteractive', 'ROS_ROOT': '/opt/ros/noetic/share/ros', 'ROS_DISTRO': 'noetic', 'QT_X11_NO_MITSHM': '1', 'OLDPWD': '/home/pal/ros_ws', '_': '/opt/ros/noetic/bin/roslaunch', 'LC_CTYPE': 'C.UTF-8', 'ROS_LOG_FILENAME': '/home/pal/.ros/log/2516c386-d12f-11f0-b32a-9c2f9d99f7eb/roslaunch-epan-tiago-noetic-ssh-4066.log', 'ROS_NAMESPACE': '/head_controller', 'LC_NUMERIC': 'C'}]
[roslaunch][INFO] 2025-12-04 20:19:24,341: process[head_controller/point_head_action-5]: args[['/opt/pal/gallium/lib/head_action/head_action', '__name:=point_head_action']]
[roslaunch][INFO] 2025-12-04 20:19:24,341: ... created process [head_controller/point_head_action-5]
[roslaunch.pmon][INFO] 2025-12-04 20:19:24,342: ProcessMonitor.register[head_controller/point_head_action-5]
[roslaunch.pmon][INFO] 2025-12-04 20:19:24,342: ProcessMonitor.register[head_controller/point_head_action-5] complete
[roslaunch][INFO] 2025-12-04 20:19:24,342: ... registered process [head_controller/point_head_action-5]
[roslaunch][INFO] 2025-12-04 20:19:24,342: process[head_controller/point_head_action-5]: starting os process
[roslaunch][INFO] 2025-12-04 20:19:24,342: process[head_controller/point_head_action-5]: start w/ args [['/opt/pal/gallium/lib/head_action/head_action', '__name:=point_head_action', '__log:=/home/pal/.ros/log/2516c386-d12f-11f0-b32a-9c2f9d99f7eb/head_controller-point_head_action-5.log']]
[roslaunch][INFO] 2025-12-04 20:19:24,342: process[head_controller/point_head_action-5]: cwd will be [/home/pal/.ros]
[roslaunch][INFO] 2025-12-04 20:19:24,349: process[head_controller/point_head_action-5]: started with pid [4126]
[roslaunch][INFO] 2025-12-04 20:19:24,350: ... successfully launched [head_controller/point_head_action-5]
[roslaunch][INFO] 2025-12-04 20:19:24,350: ... preparing to launch node of type [controller_manager/spawner]
[roslaunch][INFO] 2025-12-04 20:19:24,350: create_node_process: package[controller_manager] type[spawner] machine[Machine(name[] env_loader[None] address[localhost] ssh_port[22] user[None] assignable[True] timeout[10.0])] master_uri[http://localhost:11311/]
[roslaunch][INFO] 2025-12-04 20:19:24,350: process[bringup_controllers_spawner_imu-6]: env[{'ROS_VERSION': '1', 'DISABLE_ROS1_EOL_WARNINGS': '1', 'PKG_CONFIG_PATH': '/opt/pal/gallium/lib/pkgconfig:/opt/pal/gallium/lib/x86_64-linux-gnu/pkgconfig:/opt/ros/noetic/lib/pkgconfig:/opt/ros/noetic/lib/x86_64-linux-gnu/pkgconfig', 'ROS_PYTHON_VERSION': '3', 'HOSTNAME': 'epan-tiago-noetic-ssh', 'VISP_WS': '/home/pal/visp-ws', 'ROS_PACKAGE_PATH': '/opt/pal/gallium/share:/opt/ros/noetic/share', 'ROSLISP_PACKAGE_DIRECTORIES': '', 'PWD': '/home/pal/ros_ws/src', 'XAUTHORITY': '', 'TZ': 'Europe/Paris', 'ROS_IP': '127.0.0.1', 'HOME': '/home/pal', 'ROS_ETC_DIR': '/opt/ros/noetic/etc/ros', 'LS_COLORS': 'rs=0:di=01;34:ln=01;36:mh=00:pi=40;33:so=01;35:do=01;35:bd=40;33;01:cd=40;33;01:or=40;31;01:mi=00:su=37;41:sg=30;43:ca=30;41:tw=30;42:ow=34;42:st=37;44:ex=01;32:*.tar=01;31:*.tgz=01;31:*.arc=01;31:*.arj=01;31:*.taz=01;31:*.lha=01;31:*.lz4=01;31:*.lzh=01;31:*.lzma=01;31:*.tlz=01;31:*.txz=01;31:*.tzo=01;31:*.t7z=01;31:*.zip=01;31:*.z=01;31:*.dz=01;31:*.gz=01;31:*.lrz=01;31:*.lz=01;31:*.lzo=01;31:*.xz=01;31:*.zst=01;31:*.tzst=01;31:*.bz2=01;31:*.bz=01;31:*.tbz=01;31:*.tbz2=01;31:*.tz=01;31:*.deb=01;31:*.rpm=01;31:*.jar=01;31:*.war=01;31:*.ear=01;31:*.sar=01;31:*.rar=01;31:*.alz=01;31:*.ace=01;31:*.zoo=01;31:*.cpio=01;31:*.7z=01;31:*.rz=01;31:*.cab=01;31:*.wim=01;31:*.swm=01;31:*.dwm=01;31:*.esd=01;31:*.jpg=01;35:*.jpeg=01;35:*.mjpg=01;35:*.mjpeg=01;35:*.gif=01;35:*.bmp=01;35:*.pbm=01;35:*.pgm=01;35:*.ppm=01;35:*.tga=01;35:*.xbm=01;35:*.xpm=01;35:*.tif=01;35:*.tiff=01;35:*.png=01;35:*.svg=01;35:*.svgz=01;35:*.mng=01;35:*.pcx=01;35:*.mov=01;35:*.mpg=01;35:*.mpeg=01;35:*.m2v=01;35:*.mkv=01;35:*.webm=01;35:*.ogm=01;35:*.mp4=01;35:*.m4v=01;35:*.mp4v=01;35:*.vob=01;35:*.qt=01;35:*.nuv=01;35:*.wmv=01;35:*.asf=01;35:*.rm=01;35:*.rmvb=01;35:*.flc=01;35:*.avi=01;35:*.fli=01;35:*.flv=01;35:*.gl=01;35:*.dl=01;35:*.xcf=01;35:*.xwd=01;35:*.yuv=01;35:*.cgm=01;35:*.emf=01;35:*.ogv=01;35:*.ogx=01;35:*.aac=00;36:*.au=00;36:*.flac=00;36:*.m4a=00;36:*.mid=00;36:*.midi=00;36:*.mka=00;36:*.mp3=00;36:*.mpc=00;36:*.ogg=00;36:*.ra=00;36:*.wav=00;36:*.oga=00;36:*.opus=00;36:*.spx=00;36:*.xspf=00;36:', 'OROCOS_TARGET': 'gnulinux', 'CMAKE_PREFIX_PATH': '/opt/pal/gallium:/opt/ros/noetic', 'GAZEBO_RESOURCE_PATH': '/home/pal/ros_ws/src/va50:', 'ROS_WORKSPACE': '/home/pal/ros_ws', 'LESSCLOSE': '/usr/bin/lesspipe %s %s', 'PYTHONPATH': '/opt/pal/gallium/lib/python3/dist-packages:/opt/ros/noetic/lib/python3/dist-packages', 'TERM': 'xterm', 'VISP_INPUT_IMAGE_PATH': '/home/pal/visp-ws/visp-images', 'LESSOPEN': '| /usr/bin/lesspipe %s', 'USER': 'pal', 'RTT_COMPONENT_PATH': '/opt/pal/gallium/lib/orocos', 'DISPLAY': ':0', 'SHLVL': '1', 'PAL_DISTRO': 'gallium', 'ROS_MASTER_URI': 'http://localhost:11311/', 'LD_LIBRARY_PATH': '/opt/pal/gallium/lib:/opt/pal/gallium/lib/x86_64-linux-gnu:/opt/ros/noetic/lib:/opt/ros/noetic/lib/x86_64-linux-gnu:/usr/local/lib', 'GAZEBO_MODEL_PATH': '/home/pal/ros_ws/src/va50/models:', 'PATH': '/opt/pal/gallium/bin:/opt/ros/noetic/bin:/opt/pal/gallium/lib/pal_debian_utils/:/usr/local/sbin:/usr/local/bin:/usr/sbin:/usr/bin:/sbin:/bin', 'LUA_PATH': ';;/opt/pal/gallium/share/lua/5.1/?.lua;/opt/pal/gallium/share/lua/5.1/?.lua;/opt/pal/gallium/share/lua/5.1/?.lua;/opt/pal/gallium/share/lua/5.1/?.lua;/opt/pal/gallium/share/lua/5.1/?.lua;/opt/pal/gallium/share/lua/5.1/?.lua', 'DEBIAN_FRONTEND': 'noninteractive', 'ROS_ROOT': '/opt/ros/noetic/share/ros', 'ROS_DISTRO': 'noetic', 'QT_X11_NO_MITSHM': '1', 'OLDPWD': '/home/pal/ros_ws', '_': '/opt/ros/noetic/bin/roslaunch', 'LC_CTYPE': 'C.UTF-8', 'ROS_LOG_FILENAME': '/home/pal/.ros/log/2516c386-d12f-11f0-b32a-9c2f9d99f7eb/roslaunch-epan-tiago-noetic-ssh-4066.log', 'LC_NUMERIC': 'C'}]
[roslaunch][INFO] 2025-12-04 20:19:24,351: process[bringup_controllers_spawner_imu-6]: args[['/opt/pal/gallium/lib/controller_manager/spawner', 'imu_sensor_controller', '__name:=bringup_controllers_spawner_imu']]
[roslaunch][INFO] 2025-12-04 20:19:24,352: ... created process [bringup_controllers_spawner_imu-6]
[roslaunch.pmon][INFO] 2025-12-04 20:19:24,352: ProcessMonitor.register[bringup_controllers_spawner_imu-6]
[roslaunch.pmon][INFO] 2025-12-04 20:19:24,352: ProcessMonitor.register[bringup_controllers_spawner_imu-6] complete
[roslaunch][INFO] 2025-12-04 20:19:24,352: ... registered process [bringup_controllers_spawner_imu-6]
[roslaunch][INFO] 2025-12-04 20:19:24,352: process[bringup_controllers_spawner_imu-6]: starting os process
[roslaunch][INFO] 2025-12-04 20:19:24,352: process[bringup_controllers_spawner_imu-6]: start w/ args [['/opt/pal/gallium/lib/controller_manager/spawner', 'imu_sensor_controller', '__name:=bringup_controllers_spawner_imu', '__log:=/home/pal/.ros/log/2516c386-d12f-11f0-b32a-9c2f9d99f7eb/bringup_controllers_spawner_imu-6.log']]
[roslaunch][INFO] 2025-12-04 20:19:24,352: process[bringup_controllers_spawner_imu-6]: cwd will be [/home/pal/.ros]
[roslaunch][INFO] 2025-12-04 20:19:24,362: process[bringup_controllers_spawner_imu-6]: started with pid [4127]
[roslaunch][INFO] 2025-12-04 20:19:24,363: ... successfully launched [bringup_controllers_spawner_imu-6]
[roslaunch][INFO] 2025-12-04 20:19:24,363: ... preparing to launch node of type [controller_manager/spawner]
[roslaunch][INFO] 2025-12-04 20:19:24,363: create_node_process: package[controller_manager] type[spawner] machine[Machine(name[] env_loader[None] address[localhost] ssh_port[22] user[None] assignable[True] timeout[10.0])] master_uri[http://localhost:11311/]
[roslaunch][INFO] 2025-12-04 20:19:24,363: process[bringup_controllers_spawner_ft-7]: env[{'ROS_VERSION': '1', 'DISABLE_ROS1_EOL_WARNINGS': '1', 'PKG_CONFIG_PATH': '/opt/pal/gallium/lib/pkgconfig:/opt/pal/gallium/lib/x86_64-linux-gnu/pkgconfig:/opt/ros/noetic/lib/pkgconfig:/opt/ros/noetic/lib/x86_64-linux-gnu/pkgconfig', 'ROS_PYTHON_VERSION': '3', 'HOSTNAME': 'epan-tiago-noetic-ssh', 'VISP_WS': '/home/pal/visp-ws', 'ROS_PACKAGE_PATH': '/opt/pal/gallium/share:/opt/ros/noetic/share', 'ROSLISP_PACKAGE_DIRECTORIES': '', 'PWD': '/home/pal/ros_ws/src', 'XAUTHORITY': '', 'TZ': 'Europe/Paris', 'ROS_IP': '127.0.0.1', 'HOME': '/home/pal', 'ROS_ETC_DIR': '/opt/ros/noetic/etc/ros', 'LS_COLORS': 'rs=0:di=01;34:ln=01;36:mh=00:pi=40;33:so=01;35:do=01;35:bd=40;33;01:cd=40;33;01:or=40;31;01:mi=00:su=37;41:sg=30;43:ca=30;41:tw=30;42:ow=34;42:st=37;44:ex=01;32:*.tar=01;31:*.tgz=01;31:*.arc=01;31:*.arj=01;31:*.taz=01;31:*.lha=01;31:*.lz4=01;31:*.lzh=01;31:*.lzma=01;31:*.tlz=01;31:*.txz=01;31:*.tzo=01;31:*.t7z=01;31:*.zip=01;31:*.z=01;31:*.dz=01;31:*.gz=01;31:*.lrz=01;31:*.lz=01;31:*.lzo=01;31:*.xz=01;31:*.zst=01;31:*.tzst=01;31:*.bz2=01;31:*.bz=01;31:*.tbz=01;31:*.tbz2=01;31:*.tz=01;31:*.deb=01;31:*.rpm=01;31:*.jar=01;31:*.war=01;31:*.ear=01;31:*.sar=01;31:*.rar=01;31:*.alz=01;31:*.ace=01;31:*.zoo=01;31:*.cpio=01;31:*.7z=01;31:*.rz=01;31:*.cab=01;31:*.wim=01;31:*.swm=01;31:*.dwm=01;31:*.esd=01;31:*.jpg=01;35:*.jpeg=01;35:*.mjpg=01;35:*.mjpeg=01;35:*.gif=01;35:*.bmp=01;35:*.pbm=01;35:*.pgm=01;35:*.ppm=01;35:*.tga=01;35:*.xbm=01;35:*.xpm=01;35:*.tif=01;35:*.tiff=01;35:*.png=01;35:*.svg=01;35:*.svgz=01;35:*.mng=01;35:*.pcx=01;35:*.mov=01;35:*.mpg=01;35:*.mpeg=01;35:*.m2v=01;35:*.mkv=01;35:*.webm=01;35:*.ogm=01;35:*.mp4=01;35:*.m4v=01;35:*.mp4v=01;35:*.vob=01;35:*.qt=01;35:*.nuv=01;35:*.wmv=01;35:*.asf=01;35:*.rm=01;35:*.rmvb=01;35:*.flc=01;35:*.avi=01;35:*.fli=01;35:*.flv=01;35:*.gl=01;35:*.dl=01;35:*.xcf=01;35:*.xwd=01;35:*.yuv=01;35:*.cgm=01;35:*.emf=01;35:*.ogv=01;35:*.ogx=01;35:*.aac=00;36:*.au=00;36:*.flac=00;36:*.m4a=00;36:*.mid=00;36:*.midi=00;36:*.mka=00;36:*.mp3=00;36:*.mpc=00;36:*.ogg=00;36:*.ra=00;36:*.wav=00;36:*.oga=00;36:*.opus=00;36:*.spx=00;36:*.xspf=00;36:', 'OROCOS_TARGET': 'gnulinux', 'CMAKE_PREFIX_PATH': '/opt/pal/gallium:/opt/ros/noetic', 'GAZEBO_RESOURCE_PATH': '/home/pal/ros_ws/src/va50:', 'ROS_WORKSPACE': '/home/pal/ros_ws', 'LESSCLOSE': '/usr/bin/lesspipe %s %s', 'PYTHONPATH': '/opt/pal/gallium/lib/python3/dist-packages:/opt/ros/noetic/lib/python3/dist-packages', 'TERM': 'xterm', 'VISP_INPUT_IMAGE_PATH': '/home/pal/visp-ws/visp-images', 'LESSOPEN': '| /usr/bin/lesspipe %s', 'USER': 'pal', 'RTT_COMPONENT_PATH': '/opt/pal/gallium/lib/orocos', 'DISPLAY': ':0', 'SHLVL': '1', 'PAL_DISTRO': 'gallium', 'ROS_MASTER_URI': 'http://localhost:11311/', 'LD_LIBRARY_PATH': '/opt/pal/gallium/lib:/opt/pal/gallium/lib/x86_64-linux-gnu:/opt/ros/noetic/lib:/opt/ros/noetic/lib/x86_64-linux-gnu:/usr/local/lib', 'GAZEBO_MODEL_PATH': '/home/pal/ros_ws/src/va50/models:', 'PATH': '/opt/pal/gallium/bin:/opt/ros/noetic/bin:/opt/pal/gallium/lib/pal_debian_utils/:/usr/local/sbin:/usr/local/bin:/usr/sbin:/usr/bin:/sbin:/bin', 'LUA_PATH': ';;/opt/pal/gallium/share/lua/5.1/?.lua;/opt/pal/gallium/share/lua/5.1/?.lua;/opt/pal/gallium/share/lua/5.1/?.lua;/opt/pal/gallium/share/lua/5.1/?.lua;/opt/pal/gallium/share/lua/5.1/?.lua;/opt/pal/gallium/share/lua/5.1/?.lua', 'DEBIAN_FRONTEND': 'noninteractive', 'ROS_ROOT': '/opt/ros/noetic/share/ros', 'ROS_DISTRO': 'noetic', 'QT_X11_NO_MITSHM': '1', 'OLDPWD': '/home/pal/ros_ws', '_': '/opt/ros/noetic/bin/roslaunch', 'LC_CTYPE': 'C.UTF-8', 'ROS_LOG_FILENAME': '/home/pal/.ros/log/2516c386-d12f-11f0-b32a-9c2f9d99f7eb/roslaunch-epan-tiago-noetic-ssh-4066.log', 'LC_NUMERIC': 'C'}]
[roslaunch][INFO] 2025-12-04 20:19:24,364: process[bringup_controllers_spawner_ft-7]: args[['/opt/pal/gallium/lib/controller_manager/spawner', 'force_torque_sensor_controller', '__name:=bringup_controllers_spawner_ft']]
[roslaunch][INFO] 2025-12-04 20:19:24,364: ... created process [bringup_controllers_spawner_ft-7]
[roslaunch.pmon][INFO] 2025-12-04 20:19:24,364: ProcessMonitor.register[bringup_controllers_spawner_ft-7]
[roslaunch.pmon][INFO] 2025-12-04 20:19:24,364: ProcessMonitor.register[bringup_controllers_spawner_ft-7] complete
[roslaunch][INFO] 2025-12-04 20:19:24,364: ... registered process [bringup_controllers_spawner_ft-7]
[roslaunch][INFO] 2025-12-04 20:19:24,365: process[bringup_controllers_spawner_ft-7]: starting os process
[roslaunch][INFO] 2025-12-04 20:19:24,365: process[bringup_controllers_spawner_ft-7]: start w/ args [['/opt/pal/gallium/lib/controller_manager/spawner', 'force_torque_sensor_controller', '__name:=bringup_controllers_spawner_ft', '__log:=/home/pal/.ros/log/2516c386-d12f-11f0-b32a-9c2f9d99f7eb/bringup_controllers_spawner_ft-7.log']]
[roslaunch][INFO] 2025-12-04 20:19:24,365: process[bringup_controllers_spawner_ft-7]: cwd will be [/home/pal/.ros]
[roslaunch][INFO] 2025-12-04 20:19:24,379: process[bringup_controllers_spawner_ft-7]: started with pid [4128]
[roslaunch][INFO] 2025-12-04 20:19:24,380: ... successfully launched [bringup_controllers_spawner_ft-7]
[roslaunch][INFO] 2025-12-04 20:19:24,380: ... preparing to launch node of type [controller_manager/spawner]
[roslaunch][INFO] 2025-12-04 20:19:24,380: create_node_process: package[controller_manager] type[spawner] machine[Machine(name[] env_loader[None] address[localhost] ssh_port[22] user[None] assignable[True] timeout[10.0])] master_uri[http://localhost:11311/]
[roslaunch][INFO] 2025-12-04 20:19:24,381: process[gripper_controllers_spawner-8]: env[{'ROS_VERSION': '1', 'DISABLE_ROS1_EOL_WARNINGS': '1', 'PKG_CONFIG_PATH': '/opt/pal/gallium/lib/pkgconfig:/opt/pal/gallium/lib/x86_64-linux-gnu/pkgconfig:/opt/ros/noetic/lib/pkgconfig:/opt/ros/noetic/lib/x86_64-linux-gnu/pkgconfig', 'ROS_PYTHON_VERSION': '3', 'HOSTNAME': 'epan-tiago-noetic-ssh', 'VISP_WS': '/home/pal/visp-ws', 'ROS_PACKAGE_PATH': '/opt/pal/gallium/share:/opt/ros/noetic/share', 'ROSLISP_PACKAGE_DIRECTORIES': '', 'PWD': '/home/pal/ros_ws/src', 'XAUTHORITY': '', 'TZ': 'Europe/Paris', 'ROS_IP': '127.0.0.1', 'HOME': '/home/pal', 'ROS_ETC_DIR': '/opt/ros/noetic/etc/ros', 'LS_COLORS': 'rs=0:di=01;34:ln=01;36:mh=00:pi=40;33:so=01;35:do=01;35:bd=40;33;01:cd=40;33;01:or=40;31;01:mi=00:su=37;41:sg=30;43:ca=30;41:tw=30;42:ow=34;42:st=37;44:ex=01;32:*.tar=01;31:*.tgz=01;31:*.arc=01;31:*.arj=01;31:*.taz=01;31:*.lha=01;31:*.lz4=01;31:*.lzh=01;31:*.lzma=01;31:*.tlz=01;31:*.txz=01;31:*.tzo=01;31:*.t7z=01;31:*.zip=01;31:*.z=01;31:*.dz=01;31:*.gz=01;31:*.lrz=01;31:*.lz=01;31:*.lzo=01;31:*.xz=01;31:*.zst=01;31:*.tzst=01;31:*.bz2=01;31:*.bz=01;31:*.tbz=01;31:*.tbz2=01;31:*.tz=01;31:*.deb=01;31:*.rpm=01;31:*.jar=01;31:*.war=01;31:*.ear=01;31:*.sar=01;31:*.rar=01;31:*.alz=01;31:*.ace=01;31:*.zoo=01;31:*.cpio=01;31:*.7z=01;31:*.rz=01;31:*.cab=01;31:*.wim=01;31:*.swm=01;31:*.dwm=01;31:*.esd=01;31:*.jpg=01;35:*.jpeg=01;35:*.mjpg=01;35:*.mjpeg=01;35:*.gif=01;35:*.bmp=01;35:*.pbm=01;35:*.pgm=01;35:*.ppm=01;35:*.tga=01;35:*.xbm=01;35:*.xpm=01;35:*.tif=01;35:*.tiff=01;35:*.png=01;35:*.svg=01;35:*.svgz=01;35:*.mng=01;35:*.pcx=01;35:*.mov=01;35:*.mpg=01;35:*.mpeg=01;35:*.m2v=01;35:*.mkv=01;35:*.webm=01;35:*.ogm=01;35:*.mp4=01;35:*.m4v=01;35:*.mp4v=01;35:*.vob=01;35:*.qt=01;35:*.nuv=01;35:*.wmv=01;35:*.asf=01;35:*.rm=01;35:*.rmvb=01;35:*.flc=01;35:*.avi=01;35:*.fli=01;35:*.flv=01;35:*.gl=01;35:*.dl=01;35:*.xcf=01;35:*.xwd=01;35:*.yuv=01;35:*.cgm=01;35:*.emf=01;35:*.ogv=01;35:*.ogx=01;35:*.aac=00;36:*.au=00;36:*.flac=00;36:*.m4a=00;36:*.mid=00;36:*.midi=00;36:*.mka=00;36:*.mp3=00;36:*.mpc=00;36:*.ogg=00;36:*.ra=00;36:*.wav=00;36:*.oga=00;36:*.opus=00;36:*.spx=00;36:*.xspf=00;36:', 'OROCOS_TARGET': 'gnulinux', 'CMAKE_PREFIX_PATH': '/opt/pal/gallium:/opt/ros/noetic', 'GAZEBO_RESOURCE_PATH': '/home/pal/ros_ws/src/va50:', 'ROS_WORKSPACE': '/home/pal/ros_ws', 'LESSCLOSE': '/usr/bin/lesspipe %s %s', 'PYTHONPATH': '/opt/pal/gallium/lib/python3/dist-packages:/opt/ros/noetic/lib/python3/dist-packages', 'TERM': 'xterm', 'VISP_INPUT_IMAGE_PATH': '/home/pal/visp-ws/visp-images', 'LESSOPEN': '| /usr/bin/lesspipe %s', 'USER': 'pal', 'RTT_COMPONENT_PATH': '/opt/pal/gallium/lib/orocos', 'DISPLAY': ':0', 'SHLVL': '1', 'PAL_DISTRO': 'gallium', 'ROS_MASTER_URI': 'http://localhost:11311/', 'LD_LIBRARY_PATH': '/opt/pal/gallium/lib:/opt/pal/gallium/lib/x86_64-linux-gnu:/opt/ros/noetic/lib:/opt/ros/noetic/lib/x86_64-linux-gnu:/usr/local/lib', 'GAZEBO_MODEL_PATH': '/home/pal/ros_ws/src/va50/models:', 'PATH': '/opt/pal/gallium/bin:/opt/ros/noetic/bin:/opt/pal/gallium/lib/pal_debian_utils/:/usr/local/sbin:/usr/local/bin:/usr/sbin:/usr/bin:/sbin:/bin', 'LUA_PATH': ';;/opt/pal/gallium/share/lua/5.1/?.lua;/opt/pal/gallium/share/lua/5.1/?.lua;/opt/pal/gallium/share/lua/5.1/?.lua;/opt/pal/gallium/share/lua/5.1/?.lua;/opt/pal/gallium/share/lua/5.1/?.lua;/opt/pal/gallium/share/lua/5.1/?.lua', 'DEBIAN_FRONTEND': 'noninteractive', 'ROS_ROOT': '/opt/ros/noetic/share/ros', 'ROS_DISTRO': 'noetic', 'QT_X11_NO_MITSHM': '1', 'OLDPWD': '/home/pal/ros_ws', '_': '/opt/ros/noetic/bin/roslaunch', 'LC_CTYPE': 'C.UTF-8', 'ROS_LOG_FILENAME': '/home/pal/.ros/log/2516c386-d12f-11f0-b32a-9c2f9d99f7eb/roslaunch-epan-tiago-noetic-ssh-4066.log', 'LC_NUMERIC': 'C'}]
[roslaunch][INFO] 2025-12-04 20:19:24,382: process[gripper_controllers_spawner-8]: args[['/opt/pal/gallium/lib/controller_manager/spawner', '--timeout', '120', 'gripper_controller', '__name:=gripper_controllers_spawner']]
[roslaunch][INFO] 2025-12-04 20:19:24,382: ... created process [gripper_controllers_spawner-8]
[roslaunch.pmon][INFO] 2025-12-04 20:19:24,382: ProcessMonitor.register[gripper_controllers_spawner-8]
[roslaunch.pmon][INFO] 2025-12-04 20:19:24,382: ProcessMonitor.register[gripper_controllers_spawner-8] complete
[roslaunch][INFO] 2025-12-04 20:19:24,382: ... registered process [gripper_controllers_spawner-8]
[roslaunch][INFO] 2025-12-04 20:19:24,382: process[gripper_controllers_spawner-8]: starting os process
[roslaunch][INFO] 2025-12-04 20:19:24,382: process[gripper_controllers_spawner-8]: start w/ args [['/opt/pal/gallium/lib/controller_manager/spawner', '--timeout', '120', 'gripper_controller', '__name:=gripper_controllers_spawner', '__log:=/home/pal/.ros/log/2516c386-d12f-11f0-b32a-9c2f9d99f7eb/gripper_controllers_spawner-8.log']]
[roslaunch][INFO] 2025-12-04 20:19:24,382: process[gripper_controllers_spawner-8]: cwd will be [/home/pal/.ros]
[roslaunch][INFO] 2025-12-04 20:19:24,398: process[gripper_controllers_spawner-8]: started with pid [4129]
[roslaunch][INFO] 2025-12-04 20:19:24,399: ... successfully launched [gripper_controllers_spawner-8]
[roslaunch][INFO] 2025-12-04 20:19:24,399: ... preparing to launch node of type [pal_gripper_controller_configuration/home_gripper.py]
[roslaunch][INFO] 2025-12-04 20:19:24,399: create_node_process: package[pal_gripper_controller_configuration] type[home_gripper.py] machine[Machine(name[] env_loader[None] address[localhost] ssh_port[22] user[None] assignable[True] timeout[10.0])] master_uri[http://localhost:11311/]
[roslaunch][INFO] 2025-12-04 20:19:24,400: process[home_gripper-9]: env[{'ROS_VERSION': '1', 'DISABLE_ROS1_EOL_WARNINGS': '1', 'PKG_CONFIG_PATH': '/opt/pal/gallium/lib/pkgconfig:/opt/pal/gallium/lib/x86_64-linux-gnu/pkgconfig:/opt/ros/noetic/lib/pkgconfig:/opt/ros/noetic/lib/x86_64-linux-gnu/pkgconfig', 'ROS_PYTHON_VERSION': '3', 'HOSTNAME': 'epan-tiago-noetic-ssh', 'VISP_WS': '/home/pal/visp-ws', 'ROS_PACKAGE_PATH': '/opt/pal/gallium/share:/opt/ros/noetic/share', 'ROSLISP_PACKAGE_DIRECTORIES': '', 'PWD': '/home/pal/ros_ws/src', 'XAUTHORITY': '', 'TZ': 'Europe/Paris', 'ROS_IP': '127.0.0.1', 'HOME': '/home/pal', 'ROS_ETC_DIR': '/opt/ros/noetic/etc/ros', 'LS_COLORS': 'rs=0:di=01;34:ln=01;36:mh=00:pi=40;33:so=01;35:do=01;35:bd=40;33;01:cd=40;33;01:or=40;31;01:mi=00:su=37;41:sg=30;43:ca=30;41:tw=30;42:ow=34;42:st=37;44:ex=01;32:*.tar=01;31:*.tgz=01;31:*.arc=01;31:*.arj=01;31:*.taz=01;31:*.lha=01;31:*.lz4=01;31:*.lzh=01;31:*.lzma=01;31:*.tlz=01;31:*.txz=01;31:*.tzo=01;31:*.t7z=01;31:*.zip=01;31:*.z=01;31:*.dz=01;31:*.gz=01;31:*.lrz=01;31:*.lz=01;31:*.lzo=01;31:*.xz=01;31:*.zst=01;31:*.tzst=01;31:*.bz2=01;31:*.bz=01;31:*.tbz=01;31:*.tbz2=01;31:*.tz=01;31:*.deb=01;31:*.rpm=01;31:*.jar=01;31:*.war=01;31:*.ear=01;31:*.sar=01;31:*.rar=01;31:*.alz=01;31:*.ace=01;31:*.zoo=01;31:*.cpio=01;31:*.7z=01;31:*.rz=01;31:*.cab=01;31:*.wim=01;31:*.swm=01;31:*.dwm=01;31:*.esd=01;31:*.jpg=01;35:*.jpeg=01;35:*.mjpg=01;35:*.mjpeg=01;35:*.gif=01;35:*.bmp=01;35:*.pbm=01;35:*.pgm=01;35:*.ppm=01;35:*.tga=01;35:*.xbm=01;35:*.xpm=01;35:*.tif=01;35:*.tiff=01;35:*.png=01;35:*.svg=01;35:*.svgz=01;35:*.mng=01;35:*.pcx=01;35:*.mov=01;35:*.mpg=01;35:*.mpeg=01;35:*.m2v=01;35:*.mkv=01;35:*.webm=01;35:*.ogm=01;35:*.mp4=01;35:*.m4v=01;35:*.mp4v=01;35:*.vob=01;35:*.qt=01;35:*.nuv=01;35:*.wmv=01;35:*.asf=01;35:*.rm=01;35:*.rmvb=01;35:*.flc=01;35:*.avi=01;35:*.fli=01;35:*.flv=01;35:*.gl=01;35:*.dl=01;35:*.xcf=01;35:*.xwd=01;35:*.yuv=01;35:*.cgm=01;35:*.emf=01;35:*.ogv=01;35:*.ogx=01;35:*.aac=00;36:*.au=00;36:*.flac=00;36:*.m4a=00;36:*.mid=00;36:*.midi=00;36:*.mka=00;36:*.mp3=00;36:*.mpc=00;36:*.ogg=00;36:*.ra=00;36:*.wav=00;36:*.oga=00;36:*.opus=00;36:*.spx=00;36:*.xspf=00;36:', 'OROCOS_TARGET': 'gnulinux', 'CMAKE_PREFIX_PATH': '/opt/pal/gallium:/opt/ros/noetic', 'GAZEBO_RESOURCE_PATH': '/home/pal/ros_ws/src/va50:', 'ROS_WORKSPACE': '/home/pal/ros_ws', 'LESSCLOSE': '/usr/bin/lesspipe %s %s', 'PYTHONPATH': '/opt/pal/gallium/lib/python3/dist-packages:/opt/ros/noetic/lib/python3/dist-packages', 'TERM': 'xterm', 'VISP_INPUT_IMAGE_PATH': '/home/pal/visp-ws/visp-images', 'LESSOPEN': '| /usr/bin/lesspipe %s', 'USER': 'pal', 'RTT_COMPONENT_PATH': '/opt/pal/gallium/lib/orocos', 'DISPLAY': ':0', 'SHLVL': '1', 'PAL_DISTRO': 'gallium', 'ROS_MASTER_URI': 'http://localhost:11311/', 'LD_LIBRARY_PATH': '/opt/pal/gallium/lib:/opt/pal/gallium/lib/x86_64-linux-gnu:/opt/ros/noetic/lib:/opt/ros/noetic/lib/x86_64-linux-gnu:/usr/local/lib', 'GAZEBO_MODEL_PATH': '/home/pal/ros_ws/src/va50/models:', 'PATH': '/opt/pal/gallium/bin:/opt/ros/noetic/bin:/opt/pal/gallium/lib/pal_debian_utils/:/usr/local/sbin:/usr/local/bin:/usr/sbin:/usr/bin:/sbin:/bin', 'LUA_PATH': ';;/opt/pal/gallium/share/lua/5.1/?.lua;/opt/pal/gallium/share/lua/5.1/?.lua;/opt/pal/gallium/share/lua/5.1/?.lua;/opt/pal/gallium/share/lua/5.1/?.lua;/opt/pal/gallium/share/lua/5.1/?.lua;/opt/pal/gallium/share/lua/5.1/?.lua', 'DEBIAN_FRONTEND': 'noninteractive', 'ROS_ROOT': '/opt/ros/noetic/share/ros', 'ROS_DISTRO': 'noetic', 'QT_X11_NO_MITSHM': '1', 'OLDPWD': '/home/pal/ros_ws', '_': '/opt/ros/noetic/bin/roslaunch', 'LC_CTYPE': 'C.UTF-8', 'ROS_LOG_FILENAME': '/home/pal/.ros/log/2516c386-d12f-11f0-b32a-9c2f9d99f7eb/roslaunch-epan-tiago-noetic-ssh-4066.log', 'LC_NUMERIC': 'C'}]
[roslaunch][INFO] 2025-12-04 20:19:24,439: process[home_gripper-9]: args[['/opt/pal/gallium/lib/pal_gripper_controller_configuration/home_gripper.py', '__name:=home_gripper']]
[roslaunch][INFO] 2025-12-04 20:19:24,439: ... created process [home_gripper-9]
[roslaunch.pmon][INFO] 2025-12-04 20:19:24,439: ProcessMonitor.register[home_gripper-9]
[roslaunch.pmon][INFO] 2025-12-04 20:19:24,439: ProcessMonitor.register[home_gripper-9] complete
[roslaunch][INFO] 2025-12-04 20:19:24,439: ... registered process [home_gripper-9]
[roslaunch][INFO] 2025-12-04 20:19:24,439: process[home_gripper-9]: starting os process
[roslaunch][INFO] 2025-12-04 20:19:24,440: process[home_gripper-9]: start w/ args [['/opt/pal/gallium/lib/pal_gripper_controller_configuration/home_gripper.py', '__name:=home_gripper', '__log:=/home/pal/.ros/log/2516c386-d12f-11f0-b32a-9c2f9d99f7eb/home_gripper-9.log']]
[roslaunch][INFO] 2025-12-04 20:19:24,440: process[home_gripper-9]: cwd will be [/home/pal/.ros]
[roslaunch][INFO] 2025-12-04 20:19:24,466: process[home_gripper-9]: started with pid [4139]
[roslaunch][INFO] 2025-12-04 20:19:24,467: ... successfully launched [home_gripper-9]
[roslaunch][INFO] 2025-12-04 20:19:24,467: ... preparing to launch node of type [play_motion/play_motion]
[roslaunch][INFO] 2025-12-04 20:19:24,467: create_node_process: package[play_motion] type[play_motion] machine[Machine(name[] env_loader[None] address[localhost] ssh_port[22] user[None] assignable[True] timeout[10.0])] master_uri[http://localhost:11311/]
[roslaunch][INFO] 2025-12-04 20:19:24,467: process[play_motion-10]: env[{'ROS_VERSION': '1', 'DISABLE_ROS1_EOL_WARNINGS': '1', 'PKG_CONFIG_PATH': '/opt/pal/gallium/lib/pkgconfig:/opt/pal/gallium/lib/x86_64-linux-gnu/pkgconfig:/opt/ros/noetic/lib/pkgconfig:/opt/ros/noetic/lib/x86_64-linux-gnu/pkgconfig', 'ROS_PYTHON_VERSION': '3', 'HOSTNAME': 'epan-tiago-noetic-ssh', 'VISP_WS': '/home/pal/visp-ws', 'ROS_PACKAGE_PATH': '/opt/pal/gallium/share:/opt/ros/noetic/share', 'ROSLISP_PACKAGE_DIRECTORIES': '', 'PWD': '/home/pal/ros_ws/src', 'XAUTHORITY': '', 'TZ': 'Europe/Paris', 'ROS_IP': '127.0.0.1', 'HOME': '/home/pal', 'ROS_ETC_DIR': '/opt/ros/noetic/etc/ros', 'LS_COLORS': 'rs=0:di=01;34:ln=01;36:mh=00:pi=40;33:so=01;35:do=01;35:bd=40;33;01:cd=40;33;01:or=40;31;01:mi=00:su=37;41:sg=30;43:ca=30;41:tw=30;42:ow=34;42:st=37;44:ex=01;32:*.tar=01;31:*.tgz=01;31:*.arc=01;31:*.arj=01;31:*.taz=01;31:*.lha=01;31:*.lz4=01;31:*.lzh=01;31:*.lzma=01;31:*.tlz=01;31:*.txz=01;31:*.tzo=01;31:*.t7z=01;31:*.zip=01;31:*.z=01;31:*.dz=01;31:*.gz=01;31:*.lrz=01;31:*.lz=01;31:*.lzo=01;31:*.xz=01;31:*.zst=01;31:*.tzst=01;31:*.bz2=01;31:*.bz=01;31:*.tbz=01;31:*.tbz2=01;31:*.tz=01;31:*.deb=01;31:*.rpm=01;31:*.jar=01;31:*.war=01;31:*.ear=01;31:*.sar=01;31:*.rar=01;31:*.alz=01;31:*.ace=01;31:*.zoo=01;31:*.cpio=01;31:*.7z=01;31:*.rz=01;31:*.cab=01;31:*.wim=01;31:*.swm=01;31:*.dwm=01;31:*.esd=01;31:*.jpg=01;35:*.jpeg=01;35:*.mjpg=01;35:*.mjpeg=01;35:*.gif=01;35:*.bmp=01;35:*.pbm=01;35:*.pgm=01;35:*.ppm=01;35:*.tga=01;35:*.xbm=01;35:*.xpm=01;35:*.tif=01;35:*.tiff=01;35:*.png=01;35:*.svg=01;35:*.svgz=01;35:*.mng=01;35:*.pcx=01;35:*.mov=01;35:*.mpg=01;35:*.mpeg=01;35:*.m2v=01;35:*.mkv=01;35:*.webm=01;35:*.ogm=01;35:*.mp4=01;35:*.m4v=01;35:*.mp4v=01;35:*.vob=01;35:*.qt=01;35:*.nuv=01;35:*.wmv=01;35:*.asf=01;35:*.rm=01;35:*.rmvb=01;35:*.flc=01;35:*.avi=01;35:*.fli=01;35:*.flv=01;35:*.gl=01;35:*.dl=01;35:*.xcf=01;35:*.xwd=01;35:*.yuv=01;35:*.cgm=01;35:*.emf=01;35:*.ogv=01;35:*.ogx=01;35:*.aac=00;36:*.au=00;36:*.flac=00;36:*.m4a=00;36:*.mid=00;36:*.midi=00;36:*.mka=00;36:*.mp3=00;36:*.mpc=00;36:*.ogg=00;36:*.ra=00;36:*.wav=00;36:*.oga=00;36:*.opus=00;36:*.spx=00;36:*.xspf=00;36:', 'OROCOS_TARGET': 'gnulinux', 'CMAKE_PREFIX_PATH': '/opt/pal/gallium:/opt/ros/noetic', 'GAZEBO_RESOURCE_PATH': '/home/pal/ros_ws/src/va50:', 'ROS_WORKSPACE': '/home/pal/ros_ws', 'LESSCLOSE': '/usr/bin/lesspipe %s %s', 'PYTHONPATH': '/opt/pal/gallium/lib/python3/dist-packages:/opt/ros/noetic/lib/python3/dist-packages', 'TERM': 'xterm', 'VISP_INPUT_IMAGE_PATH': '/home/pal/visp-ws/visp-images', 'LESSOPEN': '| /usr/bin/lesspipe %s', 'USER': 'pal', 'RTT_COMPONENT_PATH': '/opt/pal/gallium/lib/orocos', 'DISPLAY': ':0', 'SHLVL': '1', 'PAL_DISTRO': 'gallium', 'ROS_MASTER_URI': 'http://localhost:11311/', 'LD_LIBRARY_PATH': '/opt/pal/gallium/lib:/opt/pal/gallium/lib/x86_64-linux-gnu:/opt/ros/noetic/lib:/opt/ros/noetic/lib/x86_64-linux-gnu:/usr/local/lib', 'GAZEBO_MODEL_PATH': '/home/pal/ros_ws/src/va50/models:', 'PATH': '/opt/pal/gallium/bin:/opt/ros/noetic/bin:/opt/pal/gallium/lib/pal_debian_utils/:/usr/local/sbin:/usr/local/bin:/usr/sbin:/usr/bin:/sbin:/bin', 'LUA_PATH': ';;/opt/pal/gallium/share/lua/5.1/?.lua;/opt/pal/gallium/share/lua/5.1/?.lua;/opt/pal/gallium/share/lua/5.1/?.lua;/opt/pal/gallium/share/lua/5.1/?.lua;/opt/pal/gallium/share/lua/5.1/?.lua;/opt/pal/gallium/share/lua/5.1/?.lua', 'DEBIAN_FRONTEND': 'noninteractive', 'ROS_ROOT': '/opt/ros/noetic/share/ros', 'ROS_DISTRO': 'noetic', 'QT_X11_NO_MITSHM': '1', 'OLDPWD': '/home/pal/ros_ws', '_': '/opt/ros/noetic/bin/roslaunch', 'LC_CTYPE': 'C.UTF-8', 'ROS_LOG_FILENAME': '/home/pal/.ros/log/2516c386-d12f-11f0-b32a-9c2f9d99f7eb/roslaunch-epan-tiago-noetic-ssh-4066.log', 'LC_NUMERIC': 'C'}]
[roslaunch][INFO] 2025-12-04 20:19:24,468: process[play_motion-10]: args[['/opt/pal/gallium/lib/play_motion/play_motion', '__name:=play_motion']]
[roslaunch][INFO] 2025-12-04 20:19:24,471: ... created process [play_motion-10]
[roslaunch.pmon][INFO] 2025-12-04 20:19:24,472: ProcessMonitor.register[play_motion-10]
[roslaunch.pmon][INFO] 2025-12-04 20:19:24,472: ProcessMonitor.register[play_motion-10] complete
[roslaunch][INFO] 2025-12-04 20:19:24,472: ... registered process [play_motion-10]
[roslaunch][INFO] 2025-12-04 20:19:24,472: process[play_motion-10]: starting os process
[roslaunch][INFO] 2025-12-04 20:19:24,475: process[play_motion-10]: start w/ args [['/opt/pal/gallium/lib/play_motion/play_motion', '__name:=play_motion', '__log:=/home/pal/.ros/log/2516c386-d12f-11f0-b32a-9c2f9d99f7eb/play_motion-10.log']]
[roslaunch][INFO] 2025-12-04 20:19:24,478: process[play_motion-10]: cwd will be [/home/pal/.ros]
[roslaunch][INFO] 2025-12-04 20:19:24,493: process[play_motion-10]: started with pid [4162]
[roslaunch][INFO] 2025-12-04 20:19:24,494: ... successfully launched [play_motion-10]
[roslaunch][INFO] 2025-12-04 20:19:24,494: ... preparing to launch node of type [play_motion/is_already_there.py]
[roslaunch][INFO] 2025-12-04 20:19:24,495: create_node_process: package[play_motion] type[is_already_there.py] machine[Machine(name[] env_loader[None] address[localhost] ssh_port[22] user[None] assignable[True] timeout[10.0])] master_uri[http://localhost:11311/]
[roslaunch][INFO] 2025-12-04 20:19:24,496: process[is_already_there-11]: env[{'ROS_VERSION': '1', 'DISABLE_ROS1_EOL_WARNINGS': '1', 'PKG_CONFIG_PATH': '/opt/pal/gallium/lib/pkgconfig:/opt/pal/gallium/lib/x86_64-linux-gnu/pkgconfig:/opt/ros/noetic/lib/pkgconfig:/opt/ros/noetic/lib/x86_64-linux-gnu/pkgconfig', 'ROS_PYTHON_VERSION': '3', 'HOSTNAME': 'epan-tiago-noetic-ssh', 'VISP_WS': '/home/pal/visp-ws', 'ROS_PACKAGE_PATH': '/opt/pal/gallium/share:/opt/ros/noetic/share', 'ROSLISP_PACKAGE_DIRECTORIES': '', 'PWD': '/home/pal/ros_ws/src', 'XAUTHORITY': '', 'TZ': 'Europe/Paris', 'ROS_IP': '127.0.0.1', 'HOME': '/home/pal', 'ROS_ETC_DIR': '/opt/ros/noetic/etc/ros', 'LS_COLORS': 'rs=0:di=01;34:ln=01;36:mh=00:pi=40;33:so=01;35:do=01;35:bd=40;33;01:cd=40;33;01:or=40;31;01:mi=00:su=37;41:sg=30;43:ca=30;41:tw=30;42:ow=34;42:st=37;44:ex=01;32:*.tar=01;31:*.tgz=01;31:*.arc=01;31:*.arj=01;31:*.taz=01;31:*.lha=01;31:*.lz4=01;31:*.lzh=01;31:*.lzma=01;31:*.tlz=01;31:*.txz=01;31:*.tzo=01;31:*.t7z=01;31:*.zip=01;31:*.z=01;31:*.dz=01;31:*.gz=01;31:*.lrz=01;31:*.lz=01;31:*.lzo=01;31:*.xz=01;31:*.zst=01;31:*.tzst=01;31:*.bz2=01;31:*.bz=01;31:*.tbz=01;31:*.tbz2=01;31:*.tz=01;31:*.deb=01;31:*.rpm=01;31:*.jar=01;31:*.war=01;31:*.ear=01;31:*.sar=01;31:*.rar=01;31:*.alz=01;31:*.ace=01;31:*.zoo=01;31:*.cpio=01;31:*.7z=01;31:*.rz=01;31:*.cab=01;31:*.wim=01;31:*.swm=01;31:*.dwm=01;31:*.esd=01;31:*.jpg=01;35:*.jpeg=01;35:*.mjpg=01;35:*.mjpeg=01;35:*.gif=01;35:*.bmp=01;35:*.pbm=01;35:*.pgm=01;35:*.ppm=01;35:*.tga=01;35:*.xbm=01;35:*.xpm=01;35:*.tif=01;35:*.tiff=01;35:*.png=01;35:*.svg=01;35:*.svgz=01;35:*.mng=01;35:*.pcx=01;35:*.mov=01;35:*.mpg=01;35:*.mpeg=01;35:*.m2v=01;35:*.mkv=01;35:*.webm=01;35:*.ogm=01;35:*.mp4=01;35:*.m4v=01;35:*.mp4v=01;35:*.vob=01;35:*.qt=01;35:*.nuv=01;35:*.wmv=01;35:*.asf=01;35:*.rm=01;35:*.rmvb=01;35:*.flc=01;35:*.avi=01;35:*.fli=01;35:*.flv=01;35:*.gl=01;35:*.dl=01;35:*.xcf=01;35:*.xwd=01;35:*.yuv=01;35:*.cgm=01;35:*.emf=01;35:*.ogv=01;35:*.ogx=01;35:*.aac=00;36:*.au=00;36:*.flac=00;36:*.m4a=00;36:*.mid=00;36:*.midi=00;36:*.mka=00;36:*.mp3=00;36:*.mpc=00;36:*.ogg=00;36:*.ra=00;36:*.wav=00;36:*.oga=00;36:*.opus=00;36:*.spx=00;36:*.xspf=00;36:', 'OROCOS_TARGET': 'gnulinux', 'CMAKE_PREFIX_PATH': '/opt/pal/gallium:/opt/ros/noetic', 'GAZEBO_RESOURCE_PATH': '/home/pal/ros_ws/src/va50:', 'ROS_WORKSPACE': '/home/pal/ros_ws', 'LESSCLOSE': '/usr/bin/lesspipe %s %s', 'PYTHONPATH': '/opt/pal/gallium/lib/python3/dist-packages:/opt/ros/noetic/lib/python3/dist-packages', 'TERM': 'xterm', 'VISP_INPUT_IMAGE_PATH': '/home/pal/visp-ws/visp-images', 'LESSOPEN': '| /usr/bin/lesspipe %s', 'USER': 'pal', 'RTT_COMPONENT_PATH': '/opt/pal/gallium/lib/orocos', 'DISPLAY': ':0', 'SHLVL': '1', 'PAL_DISTRO': 'gallium', 'ROS_MASTER_URI': 'http://localhost:11311/', 'LD_LIBRARY_PATH': '/opt/pal/gallium/lib:/opt/pal/gallium/lib/x86_64-linux-gnu:/opt/ros/noetic/lib:/opt/ros/noetic/lib/x86_64-linux-gnu:/usr/local/lib', 'GAZEBO_MODEL_PATH': '/home/pal/ros_ws/src/va50/models:', 'PATH': '/opt/pal/gallium/bin:/opt/ros/noetic/bin:/opt/pal/gallium/lib/pal_debian_utils/:/usr/local/sbin:/usr/local/bin:/usr/sbin:/usr/bin:/sbin:/bin', 'LUA_PATH': ';;/opt/pal/gallium/share/lua/5.1/?.lua;/opt/pal/gallium/share/lua/5.1/?.lua;/opt/pal/gallium/share/lua/5.1/?.lua;/opt/pal/gallium/share/lua/5.1/?.lua;/opt/pal/gallium/share/lua/5.1/?.lua;/opt/pal/gallium/share/lua/5.1/?.lua', 'DEBIAN_FRONTEND': 'noninteractive', 'ROS_ROOT': '/opt/ros/noetic/share/ros', 'ROS_DISTRO': 'noetic', 'QT_X11_NO_MITSHM': '1', 'OLDPWD': '/home/pal/ros_ws', '_': '/opt/ros/noetic/bin/roslaunch', 'LC_CTYPE': 'C.UTF-8', 'ROS_LOG_FILENAME': '/home/pal/.ros/log/2516c386-d12f-11f0-b32a-9c2f9d99f7eb/roslaunch-epan-tiago-noetic-ssh-4066.log', 'LC_NUMERIC': 'C'}]
[roslaunch][INFO] 2025-12-04 20:19:24,497: process[is_already_there-11]: args[['/opt/pal/gallium/lib/play_motion/is_already_there.py', '__name:=is_already_there']]
[roslaunch][INFO] 2025-12-04 20:19:24,497: ... created process [is_already_there-11]
[roslaunch.pmon][INFO] 2025-12-04 20:19:24,497: ProcessMonitor.register[is_already_there-11]
[roslaunch.pmon][INFO] 2025-12-04 20:19:24,497: ProcessMonitor.register[is_already_there-11] complete
[roslaunch][INFO] 2025-12-04 20:19:24,498: ... registered process [is_already_there-11]
[roslaunch][INFO] 2025-12-04 20:19:24,498: process[is_already_there-11]: starting os process
[roslaunch][INFO] 2025-12-04 20:19:24,498: process[is_already_there-11]: start w/ args [['/opt/pal/gallium/lib/play_motion/is_already_there.py', '__name:=is_already_there', '__log:=/home/pal/.ros/log/2516c386-d12f-11f0-b32a-9c2f9d99f7eb/is_already_there-11.log']]
[roslaunch][INFO] 2025-12-04 20:19:24,498: process[is_already_there-11]: cwd will be [/home/pal/.ros]
[roslaunch][INFO] 2025-12-04 20:19:24,517: process[is_already_there-11]: started with pid [4168]
[roslaunch][INFO] 2025-12-04 20:19:24,520: ... successfully launched [is_already_there-11]
[roslaunch][INFO] 2025-12-04 20:19:24,520: ... preparing to launch node of type [moveit_ros_move_group/move_group]
[roslaunch][INFO] 2025-12-04 20:19:24,520: create_node_process: package[moveit_ros_move_group] type[move_group] machine[Machine(name[] env_loader[None] address[localhost] ssh_port[22] user[None] assignable[True] timeout[10.0])] master_uri[http://localhost:11311/]
[roslaunch][INFO] 2025-12-04 20:19:24,521: process[move_group-12]: env[{'ROS_VERSION': '1', 'DISABLE_ROS1_EOL_WARNINGS': '1', 'PKG_CONFIG_PATH': '/opt/pal/gallium/lib/pkgconfig:/opt/pal/gallium/lib/x86_64-linux-gnu/pkgconfig:/opt/ros/noetic/lib/pkgconfig:/opt/ros/noetic/lib/x86_64-linux-gnu/pkgconfig', 'ROS_PYTHON_VERSION': '3', 'HOSTNAME': 'epan-tiago-noetic-ssh', 'VISP_WS': '/home/pal/visp-ws', 'ROS_PACKAGE_PATH': '/opt/pal/gallium/share:/opt/ros/noetic/share', 'ROSLISP_PACKAGE_DIRECTORIES': '', 'PWD': '/home/pal/ros_ws/src', 'XAUTHORITY': '', 'TZ': 'Europe/Paris', 'ROS_IP': '127.0.0.1', 'HOME': '/home/pal', 'ROS_ETC_DIR': '/opt/ros/noetic/etc/ros', 'LS_COLORS': 'rs=0:di=01;34:ln=01;36:mh=00:pi=40;33:so=01;35:do=01;35:bd=40;33;01:cd=40;33;01:or=40;31;01:mi=00:su=37;41:sg=30;43:ca=30;41:tw=30;42:ow=34;42:st=37;44:ex=01;32:*.tar=01;31:*.tgz=01;31:*.arc=01;31:*.arj=01;31:*.taz=01;31:*.lha=01;31:*.lz4=01;31:*.lzh=01;31:*.lzma=01;31:*.tlz=01;31:*.txz=01;31:*.tzo=01;31:*.t7z=01;31:*.zip=01;31:*.z=01;31:*.dz=01;31:*.gz=01;31:*.lrz=01;31:*.lz=01;31:*.lzo=01;31:*.xz=01;31:*.zst=01;31:*.tzst=01;31:*.bz2=01;31:*.bz=01;31:*.tbz=01;31:*.tbz2=01;31:*.tz=01;31:*.deb=01;31:*.rpm=01;31:*.jar=01;31:*.war=01;31:*.ear=01;31:*.sar=01;31:*.rar=01;31:*.alz=01;31:*.ace=01;31:*.zoo=01;31:*.cpio=01;31:*.7z=01;31:*.rz=01;31:*.cab=01;31:*.wim=01;31:*.swm=01;31:*.dwm=01;31:*.esd=01;31:*.jpg=01;35:*.jpeg=01;35:*.mjpg=01;35:*.mjpeg=01;35:*.gif=01;35:*.bmp=01;35:*.pbm=01;35:*.pgm=01;35:*.ppm=01;35:*.tga=01;35:*.xbm=01;35:*.xpm=01;35:*.tif=01;35:*.tiff=01;35:*.png=01;35:*.svg=01;35:*.svgz=01;35:*.mng=01;35:*.pcx=01;35:*.mov=01;35:*.mpg=01;35:*.mpeg=01;35:*.m2v=01;35:*.mkv=01;35:*.webm=01;35:*.ogm=01;35:*.mp4=01;35:*.m4v=01;35:*.mp4v=01;35:*.vob=01;35:*.qt=01;35:*.nuv=01;35:*.wmv=01;35:*.asf=01;35:*.rm=01;35:*.rmvb=01;35:*.flc=01;35:*.avi=01;35:*.fli=01;35:*.flv=01;35:*.gl=01;35:*.dl=01;35:*.xcf=01;35:*.xwd=01;35:*.yuv=01;35:*.cgm=01;35:*.emf=01;35:*.ogv=01;35:*.ogx=01;35:*.aac=00;36:*.au=00;36:*.flac=00;36:*.m4a=00;36:*.mid=00;36:*.midi=00;36:*.mka=00;36:*.mp3=00;36:*.mpc=00;36:*.ogg=00;36:*.ra=00;36:*.wav=00;36:*.oga=00;36:*.opus=00;36:*.spx=00;36:*.xspf=00;36:', 'OROCOS_TARGET': 'gnulinux', 'CMAKE_PREFIX_PATH': '/opt/pal/gallium:/opt/ros/noetic', 'GAZEBO_RESOURCE_PATH': '/home/pal/ros_ws/src/va50:', 'ROS_WORKSPACE': '/home/pal/ros_ws', 'LESSCLOSE': '/usr/bin/lesspipe %s %s', 'PYTHONPATH': '/opt/pal/gallium/lib/python3/dist-packages:/opt/ros/noetic/lib/python3/dist-packages', 'TERM': 'xterm', 'VISP_INPUT_IMAGE_PATH': '/home/pal/visp-ws/visp-images', 'LESSOPEN': '| /usr/bin/lesspipe %s', 'USER': 'pal', 'RTT_COMPONENT_PATH': '/opt/pal/gallium/lib/orocos', 'DISPLAY': ':0', 'SHLVL': '1', 'PAL_DISTRO': 'gallium', 'ROS_MASTER_URI': 'http://localhost:11311/', 'LD_LIBRARY_PATH': '/opt/pal/gallium/lib:/opt/pal/gallium/lib/x86_64-linux-gnu:/opt/ros/noetic/lib:/opt/ros/noetic/lib/x86_64-linux-gnu:/usr/local/lib', 'GAZEBO_MODEL_PATH': '/home/pal/ros_ws/src/va50/models:', 'PATH': '/opt/pal/gallium/bin:/opt/ros/noetic/bin:/opt/pal/gallium/lib/pal_debian_utils/:/usr/local/sbin:/usr/local/bin:/usr/sbin:/usr/bin:/sbin:/bin', 'LUA_PATH': ';;/opt/pal/gallium/share/lua/5.1/?.lua;/opt/pal/gallium/share/lua/5.1/?.lua;/opt/pal/gallium/share/lua/5.1/?.lua;/opt/pal/gallium/share/lua/5.1/?.lua;/opt/pal/gallium/share/lua/5.1/?.lua;/opt/pal/gallium/share/lua/5.1/?.lua', 'DEBIAN_FRONTEND': 'noninteractive', 'ROS_ROOT': '/opt/ros/noetic/share/ros', 'ROS_DISTRO': 'noetic', 'QT_X11_NO_MITSHM': '1', 'OLDPWD': '/home/pal/ros_ws', '_': '/opt/ros/noetic/bin/roslaunch', 'LC_CTYPE': 'C.UTF-8', 'ROS_LOG_FILENAME': '/home/pal/.ros/log/2516c386-d12f-11f0-b32a-9c2f9d99f7eb/roslaunch-epan-tiago-noetic-ssh-4066.log', 'LC_NUMERIC': 'C'}]
[roslaunch][INFO] 2025-12-04 20:19:24,523: process[move_group-12]: args[['/opt/ros/noetic/lib/moveit_ros_move_group/move_group', '__name:=move_group']]
[roslaunch][INFO] 2025-12-04 20:19:24,523: ... created process [move_group-12]
[roslaunch.pmon][INFO] 2025-12-04 20:19:24,523: ProcessMonitor.register[move_group-12]
[roslaunch.pmon][INFO] 2025-12-04 20:19:24,525: ProcessMonitor.register[move_group-12] complete
[roslaunch][INFO] 2025-12-04 20:19:24,525: ... registered process [move_group-12]
[roslaunch][INFO] 2025-12-04 20:19:24,525: process[move_group-12]: starting os process
[roslaunch][INFO] 2025-12-04 20:19:24,525: process[move_group-12]: start w/ args [['/opt/ros/noetic/lib/moveit_ros_move_group/move_group', '__name:=move_group', '__log:=/home/pal/.ros/log/2516c386-d12f-11f0-b32a-9c2f9d99f7eb/move_group-12.log']]
[roslaunch][INFO] 2025-12-04 20:19:24,525: process[move_group-12]: cwd will be [/home/pal/.ros]
[roslaunch][INFO] 2025-12-04 20:19:24,553: process[move_group-12]: started with pid [4170]
[roslaunch][INFO] 2025-12-04 20:19:24,554: ... successfully launched [move_group-12]
[roslaunch][INFO] 2025-12-04 20:19:24,554: ... preparing to launch node of type [robot_state_publisher/robot_state_publisher]
[roslaunch][INFO] 2025-12-04 20:19:24,554: create_node_process: package[robot_state_publisher] type[robot_state_publisher] machine[Machine(name[] env_loader[None] address[localhost] ssh_port[22] user[None] assignable[True] timeout[10.0])] master_uri[http://localhost:11311/]
[roslaunch][INFO] 2025-12-04 20:19:24,554: process[robot_state_publisher-13]: env[{'ROS_VERSION': '1', 'DISABLE_ROS1_EOL_WARNINGS': '1', 'PKG_CONFIG_PATH': '/opt/pal/gallium/lib/pkgconfig:/opt/pal/gallium/lib/x86_64-linux-gnu/pkgconfig:/opt/ros/noetic/lib/pkgconfig:/opt/ros/noetic/lib/x86_64-linux-gnu/pkgconfig', 'ROS_PYTHON_VERSION': '3', 'HOSTNAME': 'epan-tiago-noetic-ssh', 'VISP_WS': '/home/pal/visp-ws', 'ROS_PACKAGE_PATH': '/opt/pal/gallium/share:/opt/ros/noetic/share', 'ROSLISP_PACKAGE_DIRECTORIES': '', 'PWD': '/home/pal/ros_ws/src', 'XAUTHORITY': '', 'TZ': 'Europe/Paris', 'ROS_IP': '127.0.0.1', 'HOME': '/home/pal', 'ROS_ETC_DIR': '/opt/ros/noetic/etc/ros', 'LS_COLORS': 'rs=0:di=01;34:ln=01;36:mh=00:pi=40;33:so=01;35:do=01;35:bd=40;33;01:cd=40;33;01:or=40;31;01:mi=00:su=37;41:sg=30;43:ca=30;41:tw=30;42:ow=34;42:st=37;44:ex=01;32:*.tar=01;31:*.tgz=01;31:*.arc=01;31:*.arj=01;31:*.taz=01;31:*.lha=01;31:*.lz4=01;31:*.lzh=01;31:*.lzma=01;31:*.tlz=01;31:*.txz=01;31:*.tzo=01;31:*.t7z=01;31:*.zip=01;31:*.z=01;31:*.dz=01;31:*.gz=01;31:*.lrz=01;31:*.lz=01;31:*.lzo=01;31:*.xz=01;31:*.zst=01;31:*.tzst=01;31:*.bz2=01;31:*.bz=01;31:*.tbz=01;31:*.tbz2=01;31:*.tz=01;31:*.deb=01;31:*.rpm=01;31:*.jar=01;31:*.war=01;31:*.ear=01;31:*.sar=01;31:*.rar=01;31:*.alz=01;31:*.ace=01;31:*.zoo=01;31:*.cpio=01;31:*.7z=01;31:*.rz=01;31:*.cab=01;31:*.wim=01;31:*.swm=01;31:*.dwm=01;31:*.esd=01;31:*.jpg=01;35:*.jpeg=01;35:*.mjpg=01;35:*.mjpeg=01;35:*.gif=01;35:*.bmp=01;35:*.pbm=01;35:*.pgm=01;35:*.ppm=01;35:*.tga=01;35:*.xbm=01;35:*.xpm=01;35:*.tif=01;35:*.tiff=01;35:*.png=01;35:*.svg=01;35:*.svgz=01;35:*.mng=01;35:*.pcx=01;35:*.mov=01;35:*.mpg=01;35:*.mpeg=01;35:*.m2v=01;35:*.mkv=01;35:*.webm=01;35:*.ogm=01;35:*.mp4=01;35:*.m4v=01;35:*.mp4v=01;35:*.vob=01;35:*.qt=01;35:*.nuv=01;35:*.wmv=01;35:*.asf=01;35:*.rm=01;35:*.rmvb=01;35:*.flc=01;35:*.avi=01;35:*.fli=01;35:*.flv=01;35:*.gl=01;35:*.dl=01;35:*.xcf=01;35:*.xwd=01;35:*.yuv=01;35:*.cgm=01;35:*.emf=01;35:*.ogv=01;35:*.ogx=01;35:*.aac=00;36:*.au=00;36:*.flac=00;36:*.m4a=00;36:*.mid=00;36:*.midi=00;36:*.mka=00;36:*.mp3=00;36:*.mpc=00;36:*.ogg=00;36:*.ra=00;36:*.wav=00;36:*.oga=00;36:*.opus=00;36:*.spx=00;36:*.xspf=00;36:', 'OROCOS_TARGET': 'gnulinux', 'CMAKE_PREFIX_PATH': '/opt/pal/gallium:/opt/ros/noetic', 'GAZEBO_RESOURCE_PATH': '/home/pal/ros_ws/src/va50:', 'ROS_WORKSPACE': '/home/pal/ros_ws', 'LESSCLOSE': '/usr/bin/lesspipe %s %s', 'PYTHONPATH': '/opt/pal/gallium/lib/python3/dist-packages:/opt/ros/noetic/lib/python3/dist-packages', 'TERM': 'xterm', 'VISP_INPUT_IMAGE_PATH': '/home/pal/visp-ws/visp-images', 'LESSOPEN': '| /usr/bin/lesspipe %s', 'USER': 'pal', 'RTT_COMPONENT_PATH': '/opt/pal/gallium/lib/orocos', 'DISPLAY': ':0', 'SHLVL': '1', 'PAL_DISTRO': 'gallium', 'ROS_MASTER_URI': 'http://localhost:11311/', 'LD_LIBRARY_PATH': '/opt/pal/gallium/lib:/opt/pal/gallium/lib/x86_64-linux-gnu:/opt/ros/noetic/lib:/opt/ros/noetic/lib/x86_64-linux-gnu:/usr/local/lib', 'GAZEBO_MODEL_PATH': '/home/pal/ros_ws/src/va50/models:', 'PATH': '/opt/pal/gallium/bin:/opt/ros/noetic/bin:/opt/pal/gallium/lib/pal_debian_utils/:/usr/local/sbin:/usr/local/bin:/usr/sbin:/usr/bin:/sbin:/bin', 'LUA_PATH': ';;/opt/pal/gallium/share/lua/5.1/?.lua;/opt/pal/gallium/share/lua/5.1/?.lua;/opt/pal/gallium/share/lua/5.1/?.lua;/opt/pal/gallium/share/lua/5.1/?.lua;/opt/pal/gallium/share/lua/5.1/?.lua;/opt/pal/gallium/share/lua/5.1/?.lua', 'DEBIAN_FRONTEND': 'noninteractive', 'ROS_ROOT': '/opt/ros/noetic/share/ros', 'ROS_DISTRO': 'noetic', 'QT_X11_NO_MITSHM': '1', 'OLDPWD': '/home/pal/ros_ws', '_': '/opt/ros/noetic/bin/roslaunch', 'LC_CTYPE': 'C.UTF-8', 'ROS_LOG_FILENAME': '/home/pal/.ros/log/2516c386-d12f-11f0-b32a-9c2f9d99f7eb/roslaunch-epan-tiago-noetic-ssh-4066.log', 'LC_NUMERIC': 'C'}]
[roslaunch][INFO] 2025-12-04 20:19:24,555: process[robot_state_publisher-13]: args[['/opt/ros/noetic/lib/robot_state_publisher/robot_state_publisher', '__name:=robot_state_publisher']]
[roslaunch][INFO] 2025-12-04 20:19:24,555: ... created process [robot_state_publisher-13]
[roslaunch.pmon][INFO] 2025-12-04 20:19:24,555: ProcessMonitor.register[robot_state_publisher-13]
[roslaunch.pmon][INFO] 2025-12-04 20:19:24,555: ProcessMonitor.register[robot_state_publisher-13] complete
[roslaunch][INFO] 2025-12-04 20:19:24,555: ... registered process [robot_state_publisher-13]
[roslaunch][INFO] 2025-12-04 20:19:24,555: process[robot_state_publisher-13]: starting os process
[roslaunch][INFO] 2025-12-04 20:19:24,556: process[robot_state_publisher-13]: start w/ args [['/opt/ros/noetic/lib/robot_state_publisher/robot_state_publisher', '__name:=robot_state_publisher', '__log:=/home/pal/.ros/log/2516c386-d12f-11f0-b32a-9c2f9d99f7eb/robot_state_publisher-13.log']]
[roslaunch][INFO] 2025-12-04 20:19:24,556: process[robot_state_publisher-13]: cwd will be [/home/pal/.ros]
[roslaunch][INFO] 2025-12-04 20:19:24,583: process[robot_state_publisher-13]: started with pid [4171]
[roslaunch][INFO] 2025-12-04 20:19:24,584: ... successfully launched [robot_state_publisher-13]
[roslaunch][INFO] 2025-12-04 20:19:24,584: ... preparing to launch node of type [tf_lookup/tf_lookup]
[roslaunch][INFO] 2025-12-04 20:19:24,584: create_node_process: package[tf_lookup] type[tf_lookup] machine[Machine(name[] env_loader[None] address[localhost] ssh_port[22] user[None] assignable[True] timeout[10.0])] master_uri[http://localhost:11311/]
[roslaunch][INFO] 2025-12-04 20:19:24,584: process[tf_lookup-14]: env[{'ROS_VERSION': '1', 'DISABLE_ROS1_EOL_WARNINGS': '1', 'PKG_CONFIG_PATH': '/opt/pal/gallium/lib/pkgconfig:/opt/pal/gallium/lib/x86_64-linux-gnu/pkgconfig:/opt/ros/noetic/lib/pkgconfig:/opt/ros/noetic/lib/x86_64-linux-gnu/pkgconfig', 'ROS_PYTHON_VERSION': '3', 'HOSTNAME': 'epan-tiago-noetic-ssh', 'VISP_WS': '/home/pal/visp-ws', 'ROS_PACKAGE_PATH': '/opt/pal/gallium/share:/opt/ros/noetic/share', 'ROSLISP_PACKAGE_DIRECTORIES': '', 'PWD': '/home/pal/ros_ws/src', 'XAUTHORITY': '', 'TZ': 'Europe/Paris', 'ROS_IP': '127.0.0.1', 'HOME': '/home/pal', 'ROS_ETC_DIR': '/opt/ros/noetic/etc/ros', 'LS_COLORS': 'rs=0:di=01;34:ln=01;36:mh=00:pi=40;33:so=01;35:do=01;35:bd=40;33;01:cd=40;33;01:or=40;31;01:mi=00:su=37;41:sg=30;43:ca=30;41:tw=30;42:ow=34;42:st=37;44:ex=01;32:*.tar=01;31:*.tgz=01;31:*.arc=01;31:*.arj=01;31:*.taz=01;31:*.lha=01;31:*.lz4=01;31:*.lzh=01;31:*.lzma=01;31:*.tlz=01;31:*.txz=01;31:*.tzo=01;31:*.t7z=01;31:*.zip=01;31:*.z=01;31:*.dz=01;31:*.gz=01;31:*.lrz=01;31:*.lz=01;31:*.lzo=01;31:*.xz=01;31:*.zst=01;31:*.tzst=01;31:*.bz2=01;31:*.bz=01;31:*.tbz=01;31:*.tbz2=01;31:*.tz=01;31:*.deb=01;31:*.rpm=01;31:*.jar=01;31:*.war=01;31:*.ear=01;31:*.sar=01;31:*.rar=01;31:*.alz=01;31:*.ace=01;31:*.zoo=01;31:*.cpio=01;31:*.7z=01;31:*.rz=01;31:*.cab=01;31:*.wim=01;31:*.swm=01;31:*.dwm=01;31:*.esd=01;31:*.jpg=01;35:*.jpeg=01;35:*.mjpg=01;35:*.mjpeg=01;35:*.gif=01;35:*.bmp=01;35:*.pbm=01;35:*.pgm=01;35:*.ppm=01;35:*.tga=01;35:*.xbm=01;35:*.xpm=01;35:*.tif=01;35:*.tiff=01;35:*.png=01;35:*.svg=01;35:*.svgz=01;35:*.mng=01;35:*.pcx=01;35:*.mov=01;35:*.mpg=01;35:*.mpeg=01;35:*.m2v=01;35:*.mkv=01;35:*.webm=01;35:*.ogm=01;35:*.mp4=01;35:*.m4v=01;35:*.mp4v=01;35:*.vob=01;35:*.qt=01;35:*.nuv=01;35:*.wmv=01;35:*.asf=01;35:*.rm=01;35:*.rmvb=01;35:*.flc=01;35:*.avi=01;35:*.fli=01;35:*.flv=01;35:*.gl=01;35:*.dl=01;35:*.xcf=01;35:*.xwd=01;35:*.yuv=01;35:*.cgm=01;35:*.emf=01;35:*.ogv=01;35:*.ogx=01;35:*.aac=00;36:*.au=00;36:*.flac=00;36:*.m4a=00;36:*.mid=00;36:*.midi=00;36:*.mka=00;36:*.mp3=00;36:*.mpc=00;36:*.ogg=00;36:*.ra=00;36:*.wav=00;36:*.oga=00;36:*.opus=00;36:*.spx=00;36:*.xspf=00;36:', 'OROCOS_TARGET': 'gnulinux', 'CMAKE_PREFIX_PATH': '/opt/pal/gallium:/opt/ros/noetic', 'GAZEBO_RESOURCE_PATH': '/home/pal/ros_ws/src/va50:', 'ROS_WORKSPACE': '/home/pal/ros_ws', 'LESSCLOSE': '/usr/bin/lesspipe %s %s', 'PYTHONPATH': '/opt/pal/gallium/lib/python3/dist-packages:/opt/ros/noetic/lib/python3/dist-packages', 'TERM': 'xterm', 'VISP_INPUT_IMAGE_PATH': '/home/pal/visp-ws/visp-images', 'LESSOPEN': '| /usr/bin/lesspipe %s', 'USER': 'pal', 'RTT_COMPONENT_PATH': '/opt/pal/gallium/lib/orocos', 'DISPLAY': ':0', 'SHLVL': '1', 'PAL_DISTRO': 'gallium', 'ROS_MASTER_URI': 'http://localhost:11311/', 'LD_LIBRARY_PATH': '/opt/pal/gallium/lib:/opt/pal/gallium/lib/x86_64-linux-gnu:/opt/ros/noetic/lib:/opt/ros/noetic/lib/x86_64-linux-gnu:/usr/local/lib', 'GAZEBO_MODEL_PATH': '/home/pal/ros_ws/src/va50/models:', 'PATH': '/opt/pal/gallium/bin:/opt/ros/noetic/bin:/opt/pal/gallium/lib/pal_debian_utils/:/usr/local/sbin:/usr/local/bin:/usr/sbin:/usr/bin:/sbin:/bin', 'LUA_PATH': ';;/opt/pal/gallium/share/lua/5.1/?.lua;/opt/pal/gallium/share/lua/5.1/?.lua;/opt/pal/gallium/share/lua/5.1/?.lua;/opt/pal/gallium/share/lua/5.1/?.lua;/opt/pal/gallium/share/lua/5.1/?.lua;/opt/pal/gallium/share/lua/5.1/?.lua', 'DEBIAN_FRONTEND': 'noninteractive', 'ROS_ROOT': '/opt/ros/noetic/share/ros', 'ROS_DISTRO': 'noetic', 'QT_X11_NO_MITSHM': '1', 'OLDPWD': '/home/pal/ros_ws', '_': '/opt/ros/noetic/bin/roslaunch', 'LC_CTYPE': 'C.UTF-8', 'ROS_LOG_FILENAME': '/home/pal/.ros/log/2516c386-d12f-11f0-b32a-9c2f9d99f7eb/roslaunch-epan-tiago-noetic-ssh-4066.log', 'LC_NUMERIC': 'C'}]
[roslaunch][INFO] 2025-12-04 20:19:24,587: process[tf_lookup-14]: args[['/opt/pal/gallium/lib/tf_lookup/tf_lookup', '__name:=tf_lookup']]
[roslaunch][INFO] 2025-12-04 20:19:24,587: ... created process [tf_lookup-14]
[roslaunch.pmon][INFO] 2025-12-04 20:19:24,587: ProcessMonitor.register[tf_lookup-14]
[roslaunch.pmon][INFO] 2025-12-04 20:19:24,587: ProcessMonitor.register[tf_lookup-14] complete
[roslaunch][INFO] 2025-12-04 20:19:24,587: ... registered process [tf_lookup-14]
[roslaunch][INFO] 2025-12-04 20:19:24,587: process[tf_lookup-14]: starting os process
[roslaunch][INFO] 2025-12-04 20:19:24,587: process[tf_lookup-14]: start w/ args [['/opt/pal/gallium/lib/tf_lookup/tf_lookup', '__name:=tf_lookup', '__log:=/home/pal/.ros/log/2516c386-d12f-11f0-b32a-9c2f9d99f7eb/tf_lookup-14.log']]
[roslaunch][INFO] 2025-12-04 20:19:24,588: process[tf_lookup-14]: cwd will be [/home/pal/.ros]
[roslaunch][INFO] 2025-12-04 20:19:24,648: process[tf_lookup-14]: started with pid [4172]
[roslaunch][INFO] 2025-12-04 20:19:24,649: ... successfully launched [tf_lookup-14]
[roslaunch][INFO] 2025-12-04 20:19:24,649: ... preparing to launch node of type [twist_mux/twist_mux]
[roslaunch][INFO] 2025-12-04 20:19:24,649: create_node_process: package[twist_mux] type[twist_mux] machine[Machine(name[] env_loader[None] address[localhost] ssh_port[22] user[None] assignable[True] timeout[10.0])] master_uri[http://localhost:11311/]
[roslaunch][INFO] 2025-12-04 20:19:24,649: process[twist_mux-15]: env[{'ROS_VERSION': '1', 'DISABLE_ROS1_EOL_WARNINGS': '1', 'PKG_CONFIG_PATH': '/opt/pal/gallium/lib/pkgconfig:/opt/pal/gallium/lib/x86_64-linux-gnu/pkgconfig:/opt/ros/noetic/lib/pkgconfig:/opt/ros/noetic/lib/x86_64-linux-gnu/pkgconfig', 'ROS_PYTHON_VERSION': '3', 'HOSTNAME': 'epan-tiago-noetic-ssh', 'VISP_WS': '/home/pal/visp-ws', 'ROS_PACKAGE_PATH': '/opt/pal/gallium/share:/opt/ros/noetic/share', 'ROSLISP_PACKAGE_DIRECTORIES': '', 'PWD': '/home/pal/ros_ws/src', 'XAUTHORITY': '', 'TZ': 'Europe/Paris', 'ROS_IP': '127.0.0.1', 'HOME': '/home/pal', 'ROS_ETC_DIR': '/opt/ros/noetic/etc/ros', 'LS_COLORS': 'rs=0:di=01;34:ln=01;36:mh=00:pi=40;33:so=01;35:do=01;35:bd=40;33;01:cd=40;33;01:or=40;31;01:mi=00:su=37;41:sg=30;43:ca=30;41:tw=30;42:ow=34;42:st=37;44:ex=01;32:*.tar=01;31:*.tgz=01;31:*.arc=01;31:*.arj=01;31:*.taz=01;31:*.lha=01;31:*.lz4=01;31:*.lzh=01;31:*.lzma=01;31:*.tlz=01;31:*.txz=01;31:*.tzo=01;31:*.t7z=01;31:*.zip=01;31:*.z=01;31:*.dz=01;31:*.gz=01;31:*.lrz=01;31:*.lz=01;31:*.lzo=01;31:*.xz=01;31:*.zst=01;31:*.tzst=01;31:*.bz2=01;31:*.bz=01;31:*.tbz=01;31:*.tbz2=01;31:*.tz=01;31:*.deb=01;31:*.rpm=01;31:*.jar=01;31:*.war=01;31:*.ear=01;31:*.sar=01;31:*.rar=01;31:*.alz=01;31:*.ace=01;31:*.zoo=01;31:*.cpio=01;31:*.7z=01;31:*.rz=01;31:*.cab=01;31:*.wim=01;31:*.swm=01;31:*.dwm=01;31:*.esd=01;31:*.jpg=01;35:*.jpeg=01;35:*.mjpg=01;35:*.mjpeg=01;35:*.gif=01;35:*.bmp=01;35:*.pbm=01;35:*.pgm=01;35:*.ppm=01;35:*.tga=01;35:*.xbm=01;35:*.xpm=01;35:*.tif=01;35:*.tiff=01;35:*.png=01;35:*.svg=01;35:*.svgz=01;35:*.mng=01;35:*.pcx=01;35:*.mov=01;35:*.mpg=01;35:*.mpeg=01;35:*.m2v=01;35:*.mkv=01;35:*.webm=01;35:*.ogm=01;35:*.mp4=01;35:*.m4v=01;35:*.mp4v=01;35:*.vob=01;35:*.qt=01;35:*.nuv=01;35:*.wmv=01;35:*.asf=01;35:*.rm=01;35:*.rmvb=01;35:*.flc=01;35:*.avi=01;35:*.fli=01;35:*.flv=01;35:*.gl=01;35:*.dl=01;35:*.xcf=01;35:*.xwd=01;35:*.yuv=01;35:*.cgm=01;35:*.emf=01;35:*.ogv=01;35:*.ogx=01;35:*.aac=00;36:*.au=00;36:*.flac=00;36:*.m4a=00;36:*.mid=00;36:*.midi=00;36:*.mka=00;36:*.mp3=00;36:*.mpc=00;36:*.ogg=00;36:*.ra=00;36:*.wav=00;36:*.oga=00;36:*.opus=00;36:*.spx=00;36:*.xspf=00;36:', 'OROCOS_TARGET': 'gnulinux', 'CMAKE_PREFIX_PATH': '/opt/pal/gallium:/opt/ros/noetic', 'GAZEBO_RESOURCE_PATH': '/home/pal/ros_ws/src/va50:', 'ROS_WORKSPACE': '/home/pal/ros_ws', 'LESSCLOSE': '/usr/bin/lesspipe %s %s', 'PYTHONPATH': '/opt/pal/gallium/lib/python3/dist-packages:/opt/ros/noetic/lib/python3/dist-packages', 'TERM': 'xterm', 'VISP_INPUT_IMAGE_PATH': '/home/pal/visp-ws/visp-images', 'LESSOPEN': '| /usr/bin/lesspipe %s', 'USER': 'pal', 'RTT_COMPONENT_PATH': '/opt/pal/gallium/lib/orocos', 'DISPLAY': ':0', 'SHLVL': '1', 'PAL_DISTRO': 'gallium', 'ROS_MASTER_URI': 'http://localhost:11311/', 'LD_LIBRARY_PATH': '/opt/pal/gallium/lib:/opt/pal/gallium/lib/x86_64-linux-gnu:/opt/ros/noetic/lib:/opt/ros/noetic/lib/x86_64-linux-gnu:/usr/local/lib', 'GAZEBO_MODEL_PATH': '/home/pal/ros_ws/src/va50/models:', 'PATH': '/opt/pal/gallium/bin:/opt/ros/noetic/bin:/opt/pal/gallium/lib/pal_debian_utils/:/usr/local/sbin:/usr/local/bin:/usr/sbin:/usr/bin:/sbin:/bin', 'LUA_PATH': ';;/opt/pal/gallium/share/lua/5.1/?.lua;/opt/pal/gallium/share/lua/5.1/?.lua;/opt/pal/gallium/share/lua/5.1/?.lua;/opt/pal/gallium/share/lua/5.1/?.lua;/opt/pal/gallium/share/lua/5.1/?.lua;/opt/pal/gallium/share/lua/5.1/?.lua', 'DEBIAN_FRONTEND': 'noninteractive', 'ROS_ROOT': '/opt/ros/noetic/share/ros', 'ROS_DISTRO': 'noetic', 'QT_X11_NO_MITSHM': '1', 'OLDPWD': '/home/pal/ros_ws', '_': '/opt/ros/noetic/bin/roslaunch', 'LC_CTYPE': 'C.UTF-8', 'ROS_LOG_FILENAME': '/home/pal/.ros/log/2516c386-d12f-11f0-b32a-9c2f9d99f7eb/roslaunch-epan-tiago-noetic-ssh-4066.log', 'LC_NUMERIC': 'C'}]
[roslaunch][INFO] 2025-12-04 20:19:24,655: process[twist_mux-15]: args[['/opt/ros/noetic/lib/twist_mux/twist_mux', 'cmd_vel_out:=mobile_base_controller/cmd_vel', '__name:=twist_mux']]
[roslaunch][INFO] 2025-12-04 20:19:24,656: ... created process [twist_mux-15]
[roslaunch.pmon][INFO] 2025-12-04 20:19:24,656: ProcessMonitor.register[twist_mux-15]
[roslaunch.pmon][INFO] 2025-12-04 20:19:24,656: ProcessMonitor.register[twist_mux-15] complete
[roslaunch][INFO] 2025-12-04 20:19:24,656: ... registered process [twist_mux-15]
[roslaunch][INFO] 2025-12-04 20:19:24,656: process[twist_mux-15]: starting os process
[roslaunch][INFO] 2025-12-04 20:19:24,656: process[twist_mux-15]: start w/ args [['/opt/ros/noetic/lib/twist_mux/twist_mux', 'cmd_vel_out:=mobile_base_controller/cmd_vel', '__name:=twist_mux', '__log:=/home/pal/.ros/log/2516c386-d12f-11f0-b32a-9c2f9d99f7eb/twist_mux-15.log']]
[roslaunch][INFO] 2025-12-04 20:19:24,656: process[twist_mux-15]: cwd will be [/home/pal/.ros]
[roslaunch][INFO] 2025-12-04 20:19:24,679: process[twist_mux-15]: started with pid [4180]
[roslaunch][INFO] 2025-12-04 20:19:24,680: ... successfully launched [twist_mux-15]
[roslaunch][INFO] 2025-12-04 20:19:24,681: ... preparing to launch node of type [twist_mux/twist_marker]
[roslaunch][INFO] 2025-12-04 20:19:24,681: create_node_process: package[twist_mux] type[twist_marker] machine[Machine(name[] env_loader[None] address[localhost] ssh_port[22] user[None] assignable[True] timeout[10.0])] master_uri[http://localhost:11311/]
[roslaunch][INFO] 2025-12-04 20:19:24,684: process[twist_marker-16]: env[{'ROS_VERSION': '1', 'DISABLE_ROS1_EOL_WARNINGS': '1', 'PKG_CONFIG_PATH': '/opt/pal/gallium/lib/pkgconfig:/opt/pal/gallium/lib/x86_64-linux-gnu/pkgconfig:/opt/ros/noetic/lib/pkgconfig:/opt/ros/noetic/lib/x86_64-linux-gnu/pkgconfig', 'ROS_PYTHON_VERSION': '3', 'HOSTNAME': 'epan-tiago-noetic-ssh', 'VISP_WS': '/home/pal/visp-ws', 'ROS_PACKAGE_PATH': '/opt/pal/gallium/share:/opt/ros/noetic/share', 'ROSLISP_PACKAGE_DIRECTORIES': '', 'PWD': '/home/pal/ros_ws/src', 'XAUTHORITY': '', 'TZ': 'Europe/Paris', 'ROS_IP': '127.0.0.1', 'HOME': '/home/pal', 'ROS_ETC_DIR': '/opt/ros/noetic/etc/ros', 'LS_COLORS': 'rs=0:di=01;34:ln=01;36:mh=00:pi=40;33:so=01;35:do=01;35:bd=40;33;01:cd=40;33;01:or=40;31;01:mi=00:su=37;41:sg=30;43:ca=30;41:tw=30;42:ow=34;42:st=37;44:ex=01;32:*.tar=01;31:*.tgz=01;31:*.arc=01;31:*.arj=01;31:*.taz=01;31:*.lha=01;31:*.lz4=01;31:*.lzh=01;31:*.lzma=01;31:*.tlz=01;31:*.txz=01;31:*.tzo=01;31:*.t7z=01;31:*.zip=01;31:*.z=01;31:*.dz=01;31:*.gz=01;31:*.lrz=01;31:*.lz=01;31:*.lzo=01;31:*.xz=01;31:*.zst=01;31:*.tzst=01;31:*.bz2=01;31:*.bz=01;31:*.tbz=01;31:*.tbz2=01;31:*.tz=01;31:*.deb=01;31:*.rpm=01;31:*.jar=01;31:*.war=01;31:*.ear=01;31:*.sar=01;31:*.rar=01;31:*.alz=01;31:*.ace=01;31:*.zoo=01;31:*.cpio=01;31:*.7z=01;31:*.rz=01;31:*.cab=01;31:*.wim=01;31:*.swm=01;31:*.dwm=01;31:*.esd=01;31:*.jpg=01;35:*.jpeg=01;35:*.mjpg=01;35:*.mjpeg=01;35:*.gif=01;35:*.bmp=01;35:*.pbm=01;35:*.pgm=01;35:*.ppm=01;35:*.tga=01;35:*.xbm=01;35:*.xpm=01;35:*.tif=01;35:*.tiff=01;35:*.png=01;35:*.svg=01;35:*.svgz=01;35:*.mng=01;35:*.pcx=01;35:*.mov=01;35:*.mpg=01;35:*.mpeg=01;35:*.m2v=01;35:*.mkv=01;35:*.webm=01;35:*.ogm=01;35:*.mp4=01;35:*.m4v=01;35:*.mp4v=01;35:*.vob=01;35:*.qt=01;35:*.nuv=01;35:*.wmv=01;35:*.asf=01;35:*.rm=01;35:*.rmvb=01;35:*.flc=01;35:*.avi=01;35:*.fli=01;35:*.flv=01;35:*.gl=01;35:*.dl=01;35:*.xcf=01;35:*.xwd=01;35:*.yuv=01;35:*.cgm=01;35:*.emf=01;35:*.ogv=01;35:*.ogx=01;35:*.aac=00;36:*.au=00;36:*.flac=00;36:*.m4a=00;36:*.mid=00;36:*.midi=00;36:*.mka=00;36:*.mp3=00;36:*.mpc=00;36:*.ogg=00;36:*.ra=00;36:*.wav=00;36:*.oga=00;36:*.opus=00;36:*.spx=00;36:*.xspf=00;36:', 'OROCOS_TARGET': 'gnulinux', 'CMAKE_PREFIX_PATH': '/opt/pal/gallium:/opt/ros/noetic', 'GAZEBO_RESOURCE_PATH': '/home/pal/ros_ws/src/va50:', 'ROS_WORKSPACE': '/home/pal/ros_ws', 'LESSCLOSE': '/usr/bin/lesspipe %s %s', 'PYTHONPATH': '/opt/pal/gallium/lib/python3/dist-packages:/opt/ros/noetic/lib/python3/dist-packages', 'TERM': 'xterm', 'VISP_INPUT_IMAGE_PATH': '/home/pal/visp-ws/visp-images', 'LESSOPEN': '| /usr/bin/lesspipe %s', 'USER': 'pal', 'RTT_COMPONENT_PATH': '/opt/pal/gallium/lib/orocos', 'DISPLAY': ':0', 'SHLVL': '1', 'PAL_DISTRO': 'gallium', 'ROS_MASTER_URI': 'http://localhost:11311/', 'LD_LIBRARY_PATH': '/opt/pal/gallium/lib:/opt/pal/gallium/lib/x86_64-linux-gnu:/opt/ros/noetic/lib:/opt/ros/noetic/lib/x86_64-linux-gnu:/usr/local/lib', 'GAZEBO_MODEL_PATH': '/home/pal/ros_ws/src/va50/models:', 'PATH': '/opt/pal/gallium/bin:/opt/ros/noetic/bin:/opt/pal/gallium/lib/pal_debian_utils/:/usr/local/sbin:/usr/local/bin:/usr/sbin:/usr/bin:/sbin:/bin', 'LUA_PATH': ';;/opt/pal/gallium/share/lua/5.1/?.lua;/opt/pal/gallium/share/lua/5.1/?.lua;/opt/pal/gallium/share/lua/5.1/?.lua;/opt/pal/gallium/share/lua/5.1/?.lua;/opt/pal/gallium/share/lua/5.1/?.lua;/opt/pal/gallium/share/lua/5.1/?.lua', 'DEBIAN_FRONTEND': 'noninteractive', 'ROS_ROOT': '/opt/ros/noetic/share/ros', 'ROS_DISTRO': 'noetic', 'QT_X11_NO_MITSHM': '1', 'OLDPWD': '/home/pal/ros_ws', '_': '/opt/ros/noetic/bin/roslaunch', 'LC_CTYPE': 'C.UTF-8', 'ROS_LOG_FILENAME': '/home/pal/.ros/log/2516c386-d12f-11f0-b32a-9c2f9d99f7eb/roslaunch-epan-tiago-noetic-ssh-4066.log', 'LC_NUMERIC': 'C'}]
[roslaunch][INFO] 2025-12-04 20:19:24,689: process[twist_marker-16]: args[['/opt/ros/noetic/lib/twist_mux/twist_marker', 'twist:=mobile_base_controller/cmd_vel', 'marker:=twist_marker', '__name:=twist_marker']]
[roslaunch][INFO] 2025-12-04 20:19:24,731: ... created process [twist_marker-16]
[roslaunch.pmon][INFO] 2025-12-04 20:19:24,731: ProcessMonitor.register[twist_marker-16]
[roslaunch.pmon][INFO] 2025-12-04 20:19:24,731: ProcessMonitor.register[twist_marker-16] complete
[roslaunch][INFO] 2025-12-04 20:19:24,732: ... registered process [twist_marker-16]
[roslaunch][INFO] 2025-12-04 20:19:24,732: process[twist_marker-16]: starting os process
[roslaunch][INFO] 2025-12-04 20:19:24,732: process[twist_marker-16]: start w/ args [['/opt/ros/noetic/lib/twist_mux/twist_marker', 'twist:=mobile_base_controller/cmd_vel', 'marker:=twist_marker', '__name:=twist_marker', '__log:=/home/pal/.ros/log/2516c386-d12f-11f0-b32a-9c2f9d99f7eb/twist_marker-16.log']]
[roslaunch][INFO] 2025-12-04 20:19:24,732: process[twist_marker-16]: cwd will be [/home/pal/.ros]
[roslaunch][INFO] 2025-12-04 20:19:24,844: process[twist_marker-16]: started with pid [4229]
[roslaunch][INFO] 2025-12-04 20:19:24,845: ... successfully launched [twist_marker-16]
[roslaunch][INFO] 2025-12-04 20:19:24,845: ... preparing to launch node of type [twist_mux/joystick_relay.py]
[roslaunch][INFO] 2025-12-04 20:19:24,846: create_node_process: package[twist_mux] type[joystick_relay.py] machine[Machine(name[] env_loader[None] address[localhost] ssh_port[22] user[None] assignable[True] timeout[10.0])] master_uri[http://localhost:11311/]
[roslaunch][INFO] 2025-12-04 20:19:24,848: process[joystick_relay-17]: env[{'ROS_VERSION': '1', 'DISABLE_ROS1_EOL_WARNINGS': '1', 'PKG_CONFIG_PATH': '/opt/pal/gallium/lib/pkgconfig:/opt/pal/gallium/lib/x86_64-linux-gnu/pkgconfig:/opt/ros/noetic/lib/pkgconfig:/opt/ros/noetic/lib/x86_64-linux-gnu/pkgconfig', 'ROS_PYTHON_VERSION': '3', 'HOSTNAME': 'epan-tiago-noetic-ssh', 'VISP_WS': '/home/pal/visp-ws', 'ROS_PACKAGE_PATH': '/opt/pal/gallium/share:/opt/ros/noetic/share', 'ROSLISP_PACKAGE_DIRECTORIES': '', 'PWD': '/home/pal/ros_ws/src', 'XAUTHORITY': '', 'TZ': 'Europe/Paris', 'ROS_IP': '127.0.0.1', 'HOME': '/home/pal', 'ROS_ETC_DIR': '/opt/ros/noetic/etc/ros', 'LS_COLORS': 'rs=0:di=01;34:ln=01;36:mh=00:pi=40;33:so=01;35:do=01;35:bd=40;33;01:cd=40;33;01:or=40;31;01:mi=00:su=37;41:sg=30;43:ca=30;41:tw=30;42:ow=34;42:st=37;44:ex=01;32:*.tar=01;31:*.tgz=01;31:*.arc=01;31:*.arj=01;31:*.taz=01;31:*.lha=01;31:*.lz4=01;31:*.lzh=01;31:*.lzma=01;31:*.tlz=01;31:*.txz=01;31:*.tzo=01;31:*.t7z=01;31:*.zip=01;31:*.z=01;31:*.dz=01;31:*.gz=01;31:*.lrz=01;31:*.lz=01;31:*.lzo=01;31:*.xz=01;31:*.zst=01;31:*.tzst=01;31:*.bz2=01;31:*.bz=01;31:*.tbz=01;31:*.tbz2=01;31:*.tz=01;31:*.deb=01;31:*.rpm=01;31:*.jar=01;31:*.war=01;31:*.ear=01;31:*.sar=01;31:*.rar=01;31:*.alz=01;31:*.ace=01;31:*.zoo=01;31:*.cpio=01;31:*.7z=01;31:*.rz=01;31:*.cab=01;31:*.wim=01;31:*.swm=01;31:*.dwm=01;31:*.esd=01;31:*.jpg=01;35:*.jpeg=01;35:*.mjpg=01;35:*.mjpeg=01;35:*.gif=01;35:*.bmp=01;35:*.pbm=01;35:*.pgm=01;35:*.ppm=01;35:*.tga=01;35:*.xbm=01;35:*.xpm=01;35:*.tif=01;35:*.tiff=01;35:*.png=01;35:*.svg=01;35:*.svgz=01;35:*.mng=01;35:*.pcx=01;35:*.mov=01;35:*.mpg=01;35:*.mpeg=01;35:*.m2v=01;35:*.mkv=01;35:*.webm=01;35:*.ogm=01;35:*.mp4=01;35:*.m4v=01;35:*.mp4v=01;35:*.vob=01;35:*.qt=01;35:*.nuv=01;35:*.wmv=01;35:*.asf=01;35:*.rm=01;35:*.rmvb=01;35:*.flc=01;35:*.avi=01;35:*.fli=01;35:*.flv=01;35:*.gl=01;35:*.dl=01;35:*.xcf=01;35:*.xwd=01;35:*.yuv=01;35:*.cgm=01;35:*.emf=01;35:*.ogv=01;35:*.ogx=01;35:*.aac=00;36:*.au=00;36:*.flac=00;36:*.m4a=00;36:*.mid=00;36:*.midi=00;36:*.mka=00;36:*.mp3=00;36:*.mpc=00;36:*.ogg=00;36:*.ra=00;36:*.wav=00;36:*.oga=00;36:*.opus=00;36:*.spx=00;36:*.xspf=00;36:', 'OROCOS_TARGET': 'gnulinux', 'CMAKE_PREFIX_PATH': '/opt/pal/gallium:/opt/ros/noetic', 'GAZEBO_RESOURCE_PATH': '/home/pal/ros_ws/src/va50:', 'ROS_WORKSPACE': '/home/pal/ros_ws', 'LESSCLOSE': '/usr/bin/lesspipe %s %s', 'PYTHONPATH': '/opt/pal/gallium/lib/python3/dist-packages:/opt/ros/noetic/lib/python3/dist-packages', 'TERM': 'xterm', 'VISP_INPUT_IMAGE_PATH': '/home/pal/visp-ws/visp-images', 'LESSOPEN': '| /usr/bin/lesspipe %s', 'USER': 'pal', 'RTT_COMPONENT_PATH': '/opt/pal/gallium/lib/orocos', 'DISPLAY': ':0', 'SHLVL': '1', 'PAL_DISTRO': 'gallium', 'ROS_MASTER_URI': 'http://localhost:11311/', 'LD_LIBRARY_PATH': '/opt/pal/gallium/lib:/opt/pal/gallium/lib/x86_64-linux-gnu:/opt/ros/noetic/lib:/opt/ros/noetic/lib/x86_64-linux-gnu:/usr/local/lib', 'GAZEBO_MODEL_PATH': '/home/pal/ros_ws/src/va50/models:', 'PATH': '/opt/pal/gallium/bin:/opt/ros/noetic/bin:/opt/pal/gallium/lib/pal_debian_utils/:/usr/local/sbin:/usr/local/bin:/usr/sbin:/usr/bin:/sbin:/bin', 'LUA_PATH': ';;/opt/pal/gallium/share/lua/5.1/?.lua;/opt/pal/gallium/share/lua/5.1/?.lua;/opt/pal/gallium/share/lua/5.1/?.lua;/opt/pal/gallium/share/lua/5.1/?.lua;/opt/pal/gallium/share/lua/5.1/?.lua;/opt/pal/gallium/share/lua/5.1/?.lua', 'DEBIAN_FRONTEND': 'noninteractive', 'ROS_ROOT': '/opt/ros/noetic/share/ros', 'ROS_DISTRO': 'noetic', 'QT_X11_NO_MITSHM': '1', 'OLDPWD': '/home/pal/ros_ws', '_': '/opt/ros/noetic/bin/roslaunch', 'LC_CTYPE': 'C.UTF-8', 'ROS_LOG_FILENAME': '/home/pal/.ros/log/2516c386-d12f-11f0-b32a-9c2f9d99f7eb/roslaunch-epan-tiago-noetic-ssh-4066.log', 'LC_NUMERIC': 'C'}]
[roslaunch][INFO] 2025-12-04 20:19:24,850: process[joystick_relay-17]: args[['/opt/ros/noetic/lib/twist_mux/joystick_relay.py', 'joy_vel_in:=input_joy/cmd_vel', 'joy_vel_out:=joy_vel', '__name:=joystick_relay']]
[roslaunch][INFO] 2025-12-04 20:19:24,850: ... created process [joystick_relay-17]
[roslaunch.pmon][INFO] 2025-12-04 20:19:24,851: ProcessMonitor.register[joystick_relay-17]
[roslaunch.pmon][INFO] 2025-12-04 20:19:24,851: ProcessMonitor.register[joystick_relay-17] complete
[roslaunch][INFO] 2025-12-04 20:19:24,852: ... registered process [joystick_relay-17]
[roslaunch][INFO] 2025-12-04 20:19:24,853: process[joystick_relay-17]: starting os process
[roslaunch][INFO] 2025-12-04 20:19:24,854: process[joystick_relay-17]: start w/ args [['/opt/ros/noetic/lib/twist_mux/joystick_relay.py', 'joy_vel_in:=input_joy/cmd_vel', 'joy_vel_out:=joy_vel', '__name:=joystick_relay', '__log:=/home/pal/.ros/log/2516c386-d12f-11f0-b32a-9c2f9d99f7eb/joystick_relay-17.log']]
[roslaunch][INFO] 2025-12-04 20:19:24,855: process[joystick_relay-17]: cwd will be [/home/pal/.ros]
[roslaunch][INFO] 2025-12-04 20:19:24,875: process[joystick_relay-17]: started with pid [4254]
[roslaunch][INFO] 2025-12-04 20:19:24,875: ... successfully launched [joystick_relay-17]
[roslaunch][INFO] 2025-12-04 20:19:24,875: ... preparing to launch node of type [dynamic_footprint/dynamic_footprint_publisher.py]
[roslaunch][INFO] 2025-12-04 20:19:24,875: create_node_process: package[dynamic_footprint] type[dynamic_footprint_publisher.py] machine[Machine(name[] env_loader[None] address[localhost] ssh_port[22] user[None] assignable[True] timeout[10.0])] master_uri[http://localhost:11311/]
[roslaunch][INFO] 2025-12-04 20:19:24,876: process[dynamic_footprint_publisher-18]: env[{'ROS_VERSION': '1', 'DISABLE_ROS1_EOL_WARNINGS': '1', 'PKG_CONFIG_PATH': '/opt/pal/gallium/lib/pkgconfig:/opt/pal/gallium/lib/x86_64-linux-gnu/pkgconfig:/opt/ros/noetic/lib/pkgconfig:/opt/ros/noetic/lib/x86_64-linux-gnu/pkgconfig', 'ROS_PYTHON_VERSION': '3', 'HOSTNAME': 'epan-tiago-noetic-ssh', 'VISP_WS': '/home/pal/visp-ws', 'ROS_PACKAGE_PATH': '/opt/pal/gallium/share:/opt/ros/noetic/share', 'ROSLISP_PACKAGE_DIRECTORIES': '', 'PWD': '/home/pal/ros_ws/src', 'XAUTHORITY': '', 'TZ': 'Europe/Paris', 'ROS_IP': '127.0.0.1', 'HOME': '/home/pal', 'ROS_ETC_DIR': '/opt/ros/noetic/etc/ros', 'LS_COLORS': 'rs=0:di=01;34:ln=01;36:mh=00:pi=40;33:so=01;35:do=01;35:bd=40;33;01:cd=40;33;01:or=40;31;01:mi=00:su=37;41:sg=30;43:ca=30;41:tw=30;42:ow=34;42:st=37;44:ex=01;32:*.tar=01;31:*.tgz=01;31:*.arc=01;31:*.arj=01;31:*.taz=01;31:*.lha=01;31:*.lz4=01;31:*.lzh=01;31:*.lzma=01;31:*.tlz=01;31:*.txz=01;31:*.tzo=01;31:*.t7z=01;31:*.zip=01;31:*.z=01;31:*.dz=01;31:*.gz=01;31:*.lrz=01;31:*.lz=01;31:*.lzo=01;31:*.xz=01;31:*.zst=01;31:*.tzst=01;31:*.bz2=01;31:*.bz=01;31:*.tbz=01;31:*.tbz2=01;31:*.tz=01;31:*.deb=01;31:*.rpm=01;31:*.jar=01;31:*.war=01;31:*.ear=01;31:*.sar=01;31:*.rar=01;31:*.alz=01;31:*.ace=01;31:*.zoo=01;31:*.cpio=01;31:*.7z=01;31:*.rz=01;31:*.cab=01;31:*.wim=01;31:*.swm=01;31:*.dwm=01;31:*.esd=01;31:*.jpg=01;35:*.jpeg=01;35:*.mjpg=01;35:*.mjpeg=01;35:*.gif=01;35:*.bmp=01;35:*.pbm=01;35:*.pgm=01;35:*.ppm=01;35:*.tga=01;35:*.xbm=01;35:*.xpm=01;35:*.tif=01;35:*.tiff=01;35:*.png=01;35:*.svg=01;35:*.svgz=01;35:*.mng=01;35:*.pcx=01;35:*.mov=01;35:*.mpg=01;35:*.mpeg=01;35:*.m2v=01;35:*.mkv=01;35:*.webm=01;35:*.ogm=01;35:*.mp4=01;35:*.m4v=01;35:*.mp4v=01;35:*.vob=01;35:*.qt=01;35:*.nuv=01;35:*.wmv=01;35:*.asf=01;35:*.rm=01;35:*.rmvb=01;35:*.flc=01;35:*.avi=01;35:*.fli=01;35:*.flv=01;35:*.gl=01;35:*.dl=01;35:*.xcf=01;35:*.xwd=01;35:*.yuv=01;35:*.cgm=01;35:*.emf=01;35:*.ogv=01;35:*.ogx=01;35:*.aac=00;36:*.au=00;36:*.flac=00;36:*.m4a=00;36:*.mid=00;36:*.midi=00;36:*.mka=00;36:*.mp3=00;36:*.mpc=00;36:*.ogg=00;36:*.ra=00;36:*.wav=00;36:*.oga=00;36:*.opus=00;36:*.spx=00;36:*.xspf=00;36:', 'OROCOS_TARGET': 'gnulinux', 'CMAKE_PREFIX_PATH': '/opt/pal/gallium:/opt/ros/noetic', 'GAZEBO_RESOURCE_PATH': '/home/pal/ros_ws/src/va50:', 'ROS_WORKSPACE': '/home/pal/ros_ws', 'LESSCLOSE': '/usr/bin/lesspipe %s %s', 'PYTHONPATH': '/opt/pal/gallium/lib/python3/dist-packages:/opt/ros/noetic/lib/python3/dist-packages', 'TERM': 'xterm', 'VISP_INPUT_IMAGE_PATH': '/home/pal/visp-ws/visp-images', 'LESSOPEN': '| /usr/bin/lesspipe %s', 'USER': 'pal', 'RTT_COMPONENT_PATH': '/opt/pal/gallium/lib/orocos', 'DISPLAY': ':0', 'SHLVL': '1', 'PAL_DISTRO': 'gallium', 'ROS_MASTER_URI': 'http://localhost:11311/', 'LD_LIBRARY_PATH': '/opt/pal/gallium/lib:/opt/pal/gallium/lib/x86_64-linux-gnu:/opt/ros/noetic/lib:/opt/ros/noetic/lib/x86_64-linux-gnu:/usr/local/lib', 'GAZEBO_MODEL_PATH': '/home/pal/ros_ws/src/va50/models:', 'PATH': '/opt/pal/gallium/bin:/opt/ros/noetic/bin:/opt/pal/gallium/lib/pal_debian_utils/:/usr/local/sbin:/usr/local/bin:/usr/sbin:/usr/bin:/sbin:/bin', 'LUA_PATH': ';;/opt/pal/gallium/share/lua/5.1/?.lua;/opt/pal/gallium/share/lua/5.1/?.lua;/opt/pal/gallium/share/lua/5.1/?.lua;/opt/pal/gallium/share/lua/5.1/?.lua;/opt/pal/gallium/share/lua/5.1/?.lua;/opt/pal/gallium/share/lua/5.1/?.lua', 'DEBIAN_FRONTEND': 'noninteractive', 'ROS_ROOT': '/opt/ros/noetic/share/ros', 'ROS_DISTRO': 'noetic', 'QT_X11_NO_MITSHM': '1', 'OLDPWD': '/home/pal/ros_ws', '_': '/opt/ros/noetic/bin/roslaunch', 'LC_CTYPE': 'C.UTF-8', 'ROS_LOG_FILENAME': '/home/pal/.ros/log/2516c386-d12f-11f0-b32a-9c2f9d99f7eb/roslaunch-epan-tiago-noetic-ssh-4066.log', 'LC_NUMERIC': 'C'}]
[roslaunch][INFO] 2025-12-04 20:19:24,877: process[dynamic_footprint_publisher-18]: args[['/opt/pal/gallium/lib/dynamic_footprint/dynamic_footprint_publisher.py', '__name:=dynamic_footprint_publisher']]
[roslaunch][INFO] 2025-12-04 20:19:24,882: ... created process [dynamic_footprint_publisher-18]
[roslaunch.pmon][INFO] 2025-12-04 20:19:24,883: ProcessMonitor.register[dynamic_footprint_publisher-18]
[roslaunch.pmon][INFO] 2025-12-04 20:19:24,885: ProcessMonitor.register[dynamic_footprint_publisher-18] complete
[roslaunch][INFO] 2025-12-04 20:19:24,887: ... registered process [dynamic_footprint_publisher-18]
[roslaunch][INFO] 2025-12-04 20:19:24,889: process[dynamic_footprint_publisher-18]: starting os process
[roslaunch][INFO] 2025-12-04 20:19:24,893: process[dynamic_footprint_publisher-18]: start w/ args [['/opt/pal/gallium/lib/dynamic_footprint/dynamic_footprint_publisher.py', '__name:=dynamic_footprint_publisher', '__log:=/home/pal/.ros/log/2516c386-d12f-11f0-b32a-9c2f9d99f7eb/dynamic_footprint_publisher-18.log']]
[roslaunch][INFO] 2025-12-04 20:19:24,894: process[dynamic_footprint_publisher-18]: cwd will be [/home/pal/.ros]
[roslaunch][INFO] 2025-12-04 20:19:24,969: process[dynamic_footprint_publisher-18]: started with pid [4267]
[roslaunch][INFO] 2025-12-04 20:19:24,971: ... successfully launched [dynamic_footprint_publisher-18]
[roslaunch][INFO] 2025-12-04 20:19:24,971: ... preparing to launch node of type [topic_tools/relay]
[roslaunch][INFO] 2025-12-04 20:19:24,971: create_node_process: package[topic_tools] type[relay] machine[Machine(name[] env_loader[None] address[localhost] ssh_port[22] user[None] assignable[True] timeout[10.0])] master_uri[http://localhost:11311/]
[roslaunch][INFO] 2025-12-04 20:19:24,971: process[image_raw_to_rect_color_relay-19]: env[{'ROS_VERSION': '1', 'DISABLE_ROS1_EOL_WARNINGS': '1', 'PKG_CONFIG_PATH': '/opt/pal/gallium/lib/pkgconfig:/opt/pal/gallium/lib/x86_64-linux-gnu/pkgconfig:/opt/ros/noetic/lib/pkgconfig:/opt/ros/noetic/lib/x86_64-linux-gnu/pkgconfig', 'ROS_PYTHON_VERSION': '3', 'HOSTNAME': 'epan-tiago-noetic-ssh', 'VISP_WS': '/home/pal/visp-ws', 'ROS_PACKAGE_PATH': '/opt/pal/gallium/share:/opt/ros/noetic/share', 'ROSLISP_PACKAGE_DIRECTORIES': '', 'PWD': '/home/pal/ros_ws/src', 'XAUTHORITY': '', 'TZ': 'Europe/Paris', 'ROS_IP': '127.0.0.1', 'HOME': '/home/pal', 'ROS_ETC_DIR': '/opt/ros/noetic/etc/ros', 'LS_COLORS': 'rs=0:di=01;34:ln=01;36:mh=00:pi=40;33:so=01;35:do=01;35:bd=40;33;01:cd=40;33;01:or=40;31;01:mi=00:su=37;41:sg=30;43:ca=30;41:tw=30;42:ow=34;42:st=37;44:ex=01;32:*.tar=01;31:*.tgz=01;31:*.arc=01;31:*.arj=01;31:*.taz=01;31:*.lha=01;31:*.lz4=01;31:*.lzh=01;31:*.lzma=01;31:*.tlz=01;31:*.txz=01;31:*.tzo=01;31:*.t7z=01;31:*.zip=01;31:*.z=01;31:*.dz=01;31:*.gz=01;31:*.lrz=01;31:*.lz=01;31:*.lzo=01;31:*.xz=01;31:*.zst=01;31:*.tzst=01;31:*.bz2=01;31:*.bz=01;31:*.tbz=01;31:*.tbz2=01;31:*.tz=01;31:*.deb=01;31:*.rpm=01;31:*.jar=01;31:*.war=01;31:*.ear=01;31:*.sar=01;31:*.rar=01;31:*.alz=01;31:*.ace=01;31:*.zoo=01;31:*.cpio=01;31:*.7z=01;31:*.rz=01;31:*.cab=01;31:*.wim=01;31:*.swm=01;31:*.dwm=01;31:*.esd=01;31:*.jpg=01;35:*.jpeg=01;35:*.mjpg=01;35:*.mjpeg=01;35:*.gif=01;35:*.bmp=01;35:*.pbm=01;35:*.pgm=01;35:*.ppm=01;35:*.tga=01;35:*.xbm=01;35:*.xpm=01;35:*.tif=01;35:*.tiff=01;35:*.png=01;35:*.svg=01;35:*.svgz=01;35:*.mng=01;35:*.pcx=01;35:*.mov=01;35:*.mpg=01;35:*.mpeg=01;35:*.m2v=01;35:*.mkv=01;35:*.webm=01;35:*.ogm=01;35:*.mp4=01;35:*.m4v=01;35:*.mp4v=01;35:*.vob=01;35:*.qt=01;35:*.nuv=01;35:*.wmv=01;35:*.asf=01;35:*.rm=01;35:*.rmvb=01;35:*.flc=01;35:*.avi=01;35:*.fli=01;35:*.flv=01;35:*.gl=01;35:*.dl=01;35:*.xcf=01;35:*.xwd=01;35:*.yuv=01;35:*.cgm=01;35:*.emf=01;35:*.ogv=01;35:*.ogx=01;35:*.aac=00;36:*.au=00;36:*.flac=00;36:*.m4a=00;36:*.mid=00;36:*.midi=00;36:*.mka=00;36:*.mp3=00;36:*.mpc=00;36:*.ogg=00;36:*.ra=00;36:*.wav=00;36:*.oga=00;36:*.opus=00;36:*.spx=00;36:*.xspf=00;36:', 'OROCOS_TARGET': 'gnulinux', 'CMAKE_PREFIX_PATH': '/opt/pal/gallium:/opt/ros/noetic', 'GAZEBO_RESOURCE_PATH': '/home/pal/ros_ws/src/va50:', 'ROS_WORKSPACE': '/home/pal/ros_ws', 'LESSCLOSE': '/usr/bin/lesspipe %s %s', 'PYTHONPATH': '/opt/pal/gallium/lib/python3/dist-packages:/opt/ros/noetic/lib/python3/dist-packages', 'TERM': 'xterm', 'VISP_INPUT_IMAGE_PATH': '/home/pal/visp-ws/visp-images', 'LESSOPEN': '| /usr/bin/lesspipe %s', 'USER': 'pal', 'RTT_COMPONENT_PATH': '/opt/pal/gallium/lib/orocos', 'DISPLAY': ':0', 'SHLVL': '1', 'PAL_DISTRO': 'gallium', 'ROS_MASTER_URI': 'http://localhost:11311/', 'LD_LIBRARY_PATH': '/opt/pal/gallium/lib:/opt/pal/gallium/lib/x86_64-linux-gnu:/opt/ros/noetic/lib:/opt/ros/noetic/lib/x86_64-linux-gnu:/usr/local/lib', 'GAZEBO_MODEL_PATH': '/home/pal/ros_ws/src/va50/models:', 'PATH': '/opt/pal/gallium/bin:/opt/ros/noetic/bin:/opt/pal/gallium/lib/pal_debian_utils/:/usr/local/sbin:/usr/local/bin:/usr/sbin:/usr/bin:/sbin:/bin', 'LUA_PATH': ';;/opt/pal/gallium/share/lua/5.1/?.lua;/opt/pal/gallium/share/lua/5.1/?.lua;/opt/pal/gallium/share/lua/5.1/?.lua;/opt/pal/gallium/share/lua/5.1/?.lua;/opt/pal/gallium/share/lua/5.1/?.lua;/opt/pal/gallium/share/lua/5.1/?.lua', 'DEBIAN_FRONTEND': 'noninteractive', 'ROS_ROOT': '/opt/ros/noetic/share/ros', 'ROS_DISTRO': 'noetic', 'QT_X11_NO_MITSHM': '1', 'OLDPWD': '/home/pal/ros_ws', '_': '/opt/ros/noetic/bin/roslaunch', 'LC_CTYPE': 'C.UTF-8', 'ROS_LOG_FILENAME': '/home/pal/.ros/log/2516c386-d12f-11f0-b32a-9c2f9d99f7eb/roslaunch-epan-tiago-noetic-ssh-4066.log', 'LC_NUMERIC': 'C'}]
[roslaunch][INFO] 2025-12-04 20:19:24,973: process[image_raw_to_rect_color_relay-19]: args[['/opt/ros/noetic/lib/topic_tools/relay', 'xtion/rgb/image_raw', 'xtion/rgb/image_rect_color', '__name:=image_raw_to_rect_color_relay']]
[roslaunch][INFO] 2025-12-04 20:19:24,973: ... created process [image_raw_to_rect_color_relay-19]
[roslaunch.pmon][INFO] 2025-12-04 20:19:24,973: ProcessMonitor.register[image_raw_to_rect_color_relay-19]
[roslaunch.pmon][INFO] 2025-12-04 20:19:24,973: ProcessMonitor.register[image_raw_to_rect_color_relay-19] complete
[roslaunch][INFO] 2025-12-04 20:19:24,974: ... registered process [image_raw_to_rect_color_relay-19]
[roslaunch][INFO] 2025-12-04 20:19:24,974: process[image_raw_to_rect_color_relay-19]: starting os process
[roslaunch][INFO] 2025-12-04 20:19:24,974: process[image_raw_to_rect_color_relay-19]: start w/ args [['/opt/ros/noetic/lib/topic_tools/relay', 'xtion/rgb/image_raw', 'xtion/rgb/image_rect_color', '__name:=image_raw_to_rect_color_relay', '__log:=/home/pal/.ros/log/2516c386-d12f-11f0-b32a-9c2f9d99f7eb/image_raw_to_rect_color_relay-19.log']]
[roslaunch][INFO] 2025-12-04 20:19:24,974: process[image_raw_to_rect_color_relay-19]: cwd will be [/home/pal/.ros]
[roslaunch][INFO] 2025-12-04 20:19:24,990: process[image_raw_to_rect_color_relay-19]: started with pid [4273]
[roslaunch][INFO] 2025-12-04 20:19:24,992: ... successfully launched [image_raw_to_rect_color_relay-19]
[roslaunch][INFO] 2025-12-04 20:19:24,993: ... preparing to launch node of type [pal_pcl_points_throttle_and_filter/throttle_filtering_points]
[roslaunch][INFO] 2025-12-04 20:19:24,993: create_node_process: package[pal_pcl_points_throttle_and_filter] type[throttle_filtering_points] machine[Machine(name[] env_loader[None] address[localhost] ssh_port[22] user[None] assignable[True] timeout[10.0])] master_uri[http://localhost:11311/]
[roslaunch][INFO] 2025-12-04 20:19:24,993: process[throttle_filtering_points-20]: env[{'ROS_VERSION': '1', 'DISABLE_ROS1_EOL_WARNINGS': '1', 'PKG_CONFIG_PATH': '/opt/pal/gallium/lib/pkgconfig:/opt/pal/gallium/lib/x86_64-linux-gnu/pkgconfig:/opt/ros/noetic/lib/pkgconfig:/opt/ros/noetic/lib/x86_64-linux-gnu/pkgconfig', 'ROS_PYTHON_VERSION': '3', 'HOSTNAME': 'epan-tiago-noetic-ssh', 'VISP_WS': '/home/pal/visp-ws', 'ROS_PACKAGE_PATH': '/opt/pal/gallium/share:/opt/ros/noetic/share', 'ROSLISP_PACKAGE_DIRECTORIES': '', 'PWD': '/home/pal/ros_ws/src', 'XAUTHORITY': '', 'TZ': 'Europe/Paris', 'ROS_IP': '127.0.0.1', 'HOME': '/home/pal', 'ROS_ETC_DIR': '/opt/ros/noetic/etc/ros', 'LS_COLORS': 'rs=0:di=01;34:ln=01;36:mh=00:pi=40;33:so=01;35:do=01;35:bd=40;33;01:cd=40;33;01:or=40;31;01:mi=00:su=37;41:sg=30;43:ca=30;41:tw=30;42:ow=34;42:st=37;44:ex=01;32:*.tar=01;31:*.tgz=01;31:*.arc=01;31:*.arj=01;31:*.taz=01;31:*.lha=01;31:*.lz4=01;31:*.lzh=01;31:*.lzma=01;31:*.tlz=01;31:*.txz=01;31:*.tzo=01;31:*.t7z=01;31:*.zip=01;31:*.z=01;31:*.dz=01;31:*.gz=01;31:*.lrz=01;31:*.lz=01;31:*.lzo=01;31:*.xz=01;31:*.zst=01;31:*.tzst=01;31:*.bz2=01;31:*.bz=01;31:*.tbz=01;31:*.tbz2=01;31:*.tz=01;31:*.deb=01;31:*.rpm=01;31:*.jar=01;31:*.war=01;31:*.ear=01;31:*.sar=01;31:*.rar=01;31:*.alz=01;31:*.ace=01;31:*.zoo=01;31:*.cpio=01;31:*.7z=01;31:*.rz=01;31:*.cab=01;31:*.wim=01;31:*.swm=01;31:*.dwm=01;31:*.esd=01;31:*.jpg=01;35:*.jpeg=01;35:*.mjpg=01;35:*.mjpeg=01;35:*.gif=01;35:*.bmp=01;35:*.pbm=01;35:*.pgm=01;35:*.ppm=01;35:*.tga=01;35:*.xbm=01;35:*.xpm=01;35:*.tif=01;35:*.tiff=01;35:*.png=01;35:*.svg=01;35:*.svgz=01;35:*.mng=01;35:*.pcx=01;35:*.mov=01;35:*.mpg=01;35:*.mpeg=01;35:*.m2v=01;35:*.mkv=01;35:*.webm=01;35:*.ogm=01;35:*.mp4=01;35:*.m4v=01;35:*.mp4v=01;35:*.vob=01;35:*.qt=01;35:*.nuv=01;35:*.wmv=01;35:*.asf=01;35:*.rm=01;35:*.rmvb=01;35:*.flc=01;35:*.avi=01;35:*.fli=01;35:*.flv=01;35:*.gl=01;35:*.dl=01;35:*.xcf=01;35:*.xwd=01;35:*.yuv=01;35:*.cgm=01;35:*.emf=01;35:*.ogv=01;35:*.ogx=01;35:*.aac=00;36:*.au=00;36:*.flac=00;36:*.m4a=00;36:*.mid=00;36:*.midi=00;36:*.mka=00;36:*.mp3=00;36:*.mpc=00;36:*.ogg=00;36:*.ra=00;36:*.wav=00;36:*.oga=00;36:*.opus=00;36:*.spx=00;36:*.xspf=00;36:', 'OROCOS_TARGET': 'gnulinux', 'CMAKE_PREFIX_PATH': '/opt/pal/gallium:/opt/ros/noetic', 'GAZEBO_RESOURCE_PATH': '/home/pal/ros_ws/src/va50:', 'ROS_WORKSPACE': '/home/pal/ros_ws', 'LESSCLOSE': '/usr/bin/lesspipe %s %s', 'PYTHONPATH': '/opt/pal/gallium/lib/python3/dist-packages:/opt/ros/noetic/lib/python3/dist-packages', 'TERM': 'xterm', 'VISP_INPUT_IMAGE_PATH': '/home/pal/visp-ws/visp-images', 'LESSOPEN': '| /usr/bin/lesspipe %s', 'USER': 'pal', 'RTT_COMPONENT_PATH': '/opt/pal/gallium/lib/orocos', 'DISPLAY': ':0', 'SHLVL': '1', 'PAL_DISTRO': 'gallium', 'ROS_MASTER_URI': 'http://localhost:11311/', 'LD_LIBRARY_PATH': '/opt/pal/gallium/lib:/opt/pal/gallium/lib/x86_64-linux-gnu:/opt/ros/noetic/lib:/opt/ros/noetic/lib/x86_64-linux-gnu:/usr/local/lib', 'GAZEBO_MODEL_PATH': '/home/pal/ros_ws/src/va50/models:', 'PATH': '/opt/pal/gallium/bin:/opt/ros/noetic/bin:/opt/pal/gallium/lib/pal_debian_utils/:/usr/local/sbin:/usr/local/bin:/usr/sbin:/usr/bin:/sbin:/bin', 'LUA_PATH': ';;/opt/pal/gallium/share/lua/5.1/?.lua;/opt/pal/gallium/share/lua/5.1/?.lua;/opt/pal/gallium/share/lua/5.1/?.lua;/opt/pal/gallium/share/lua/5.1/?.lua;/opt/pal/gallium/share/lua/5.1/?.lua;/opt/pal/gallium/share/lua/5.1/?.lua', 'DEBIAN_FRONTEND': 'noninteractive', 'ROS_ROOT': '/opt/ros/noetic/share/ros', 'ROS_DISTRO': 'noetic', 'QT_X11_NO_MITSHM': '1', 'OLDPWD': '/home/pal/ros_ws', '_': '/opt/ros/noetic/bin/roslaunch', 'LC_CTYPE': 'C.UTF-8', 'ROS_LOG_FILENAME': '/home/pal/.ros/log/2516c386-d12f-11f0-b32a-9c2f9d99f7eb/roslaunch-epan-tiago-noetic-ssh-4066.log', 'LC_NUMERIC': 'C'}]
[roslaunch][INFO] 2025-12-04 20:19:24,994: process[throttle_filtering_points-20]: args[['/opt/pal/gallium/lib/pal_pcl_points_throttle_and_filter/throttle_filtering_points', 'cloud:=/xtion/depth_registered/points', '__name:=throttle_filtering_points']]
[roslaunch][INFO] 2025-12-04 20:19:24,995: ... created process [throttle_filtering_points-20]
[roslaunch.pmon][INFO] 2025-12-04 20:19:24,995: ProcessMonitor.register[throttle_filtering_points-20]
[roslaunch.pmon][INFO] 2025-12-04 20:19:24,995: ProcessMonitor.register[throttle_filtering_points-20] complete
[roslaunch][INFO] 2025-12-04 20:19:24,995: ... registered process [throttle_filtering_points-20]
[roslaunch][INFO] 2025-12-04 20:19:24,995: process[throttle_filtering_points-20]: starting os process
[roslaunch][INFO] 2025-12-04 20:19:24,995: process[throttle_filtering_points-20]: start w/ args [['/opt/pal/gallium/lib/pal_pcl_points_throttle_and_filter/throttle_filtering_points', 'cloud:=/xtion/depth_registered/points', '__name:=throttle_filtering_points', '__log:=/home/pal/.ros/log/2516c386-d12f-11f0-b32a-9c2f9d99f7eb/throttle_filtering_points-20.log']]
[roslaunch][INFO] 2025-12-04 20:19:24,995: process[throttle_filtering_points-20]: cwd will be [/home/pal/.ros]
[roslaunch][INFO] 2025-12-04 20:19:25,016: process[throttle_filtering_points-20]: started with pid [4274]
[roslaunch][INFO] 2025-12-04 20:19:25,018: ... successfully launched [throttle_filtering_points-20]
[roslaunch][INFO] 2025-12-04 20:19:25,024: ... preparing to launch node of type [tiago_gazebo/tuck_arm.py]
[roslaunch][INFO] 2025-12-04 20:19:25,025: create_node_process: package[tiago_gazebo] type[tuck_arm.py] machine[Machine(name[] env_loader[None] address[localhost] ssh_port[22] user[None] assignable[True] timeout[10.0])] master_uri[http://localhost:11311/]
[roslaunch][INFO] 2025-12-04 20:19:25,027: process[tuck_arm-21]: env[{'ROS_VERSION': '1', 'DISABLE_ROS1_EOL_WARNINGS': '1', 'PKG_CONFIG_PATH': '/opt/pal/gallium/lib/pkgconfig:/opt/pal/gallium/lib/x86_64-linux-gnu/pkgconfig:/opt/ros/noetic/lib/pkgconfig:/opt/ros/noetic/lib/x86_64-linux-gnu/pkgconfig', 'ROS_PYTHON_VERSION': '3', 'HOSTNAME': 'epan-tiago-noetic-ssh', 'VISP_WS': '/home/pal/visp-ws', 'ROS_PACKAGE_PATH': '/opt/pal/gallium/share:/opt/ros/noetic/share', 'ROSLISP_PACKAGE_DIRECTORIES': '', 'PWD': '/home/pal/ros_ws/src', 'XAUTHORITY': '', 'TZ': 'Europe/Paris', 'ROS_IP': '127.0.0.1', 'HOME': '/home/pal', 'ROS_ETC_DIR': '/opt/ros/noetic/etc/ros', 'LS_COLORS': 'rs=0:di=01;34:ln=01;36:mh=00:pi=40;33:so=01;35:do=01;35:bd=40;33;01:cd=40;33;01:or=40;31;01:mi=00:su=37;41:sg=30;43:ca=30;41:tw=30;42:ow=34;42:st=37;44:ex=01;32:*.tar=01;31:*.tgz=01;31:*.arc=01;31:*.arj=01;31:*.taz=01;31:*.lha=01;31:*.lz4=01;31:*.lzh=01;31:*.lzma=01;31:*.tlz=01;31:*.txz=01;31:*.tzo=01;31:*.t7z=01;31:*.zip=01;31:*.z=01;31:*.dz=01;31:*.gz=01;31:*.lrz=01;31:*.lz=01;31:*.lzo=01;31:*.xz=01;31:*.zst=01;31:*.tzst=01;31:*.bz2=01;31:*.bz=01;31:*.tbz=01;31:*.tbz2=01;31:*.tz=01;31:*.deb=01;31:*.rpm=01;31:*.jar=01;31:*.war=01;31:*.ear=01;31:*.sar=01;31:*.rar=01;31:*.alz=01;31:*.ace=01;31:*.zoo=01;31:*.cpio=01;31:*.7z=01;31:*.rz=01;31:*.cab=01;31:*.wim=01;31:*.swm=01;31:*.dwm=01;31:*.esd=01;31:*.jpg=01;35:*.jpeg=01;35:*.mjpg=01;35:*.mjpeg=01;35:*.gif=01;35:*.bmp=01;35:*.pbm=01;35:*.pgm=01;35:*.ppm=01;35:*.tga=01;35:*.xbm=01;35:*.xpm=01;35:*.tif=01;35:*.tiff=01;35:*.png=01;35:*.svg=01;35:*.svgz=01;35:*.mng=01;35:*.pcx=01;35:*.mov=01;35:*.mpg=01;35:*.mpeg=01;35:*.m2v=01;35:*.mkv=01;35:*.webm=01;35:*.ogm=01;35:*.mp4=01;35:*.m4v=01;35:*.mp4v=01;35:*.vob=01;35:*.qt=01;35:*.nuv=01;35:*.wmv=01;35:*.asf=01;35:*.rm=01;35:*.rmvb=01;35:*.flc=01;35:*.avi=01;35:*.fli=01;35:*.flv=01;35:*.gl=01;35:*.dl=01;35:*.xcf=01;35:*.xwd=01;35:*.yuv=01;35:*.cgm=01;35:*.emf=01;35:*.ogv=01;35:*.ogx=01;35:*.aac=00;36:*.au=00;36:*.flac=00;36:*.m4a=00;36:*.mid=00;36:*.midi=00;36:*.mka=00;36:*.mp3=00;36:*.mpc=00;36:*.ogg=00;36:*.ra=00;36:*.wav=00;36:*.oga=00;36:*.opus=00;36:*.spx=00;36:*.xspf=00;36:', 'OROCOS_TARGET': 'gnulinux', 'CMAKE_PREFIX_PATH': '/opt/pal/gallium:/opt/ros/noetic', 'GAZEBO_RESOURCE_PATH': '/home/pal/ros_ws/src/va50:', 'ROS_WORKSPACE': '/home/pal/ros_ws', 'LESSCLOSE': '/usr/bin/lesspipe %s %s', 'PYTHONPATH': '/opt/pal/gallium/lib/python3/dist-packages:/opt/ros/noetic/lib/python3/dist-packages', 'TERM': 'xterm', 'VISP_INPUT_IMAGE_PATH': '/home/pal/visp-ws/visp-images', 'LESSOPEN': '| /usr/bin/lesspipe %s', 'USER': 'pal', 'RTT_COMPONENT_PATH': '/opt/pal/gallium/lib/orocos', 'DISPLAY': ':0', 'SHLVL': '1', 'PAL_DISTRO': 'gallium', 'ROS_MASTER_URI': 'http://localhost:11311/', 'LD_LIBRARY_PATH': '/opt/pal/gallium/lib:/opt/pal/gallium/lib/x86_64-linux-gnu:/opt/ros/noetic/lib:/opt/ros/noetic/lib/x86_64-linux-gnu:/usr/local/lib', 'GAZEBO_MODEL_PATH': '/home/pal/ros_ws/src/va50/models:', 'PATH': '/opt/pal/gallium/bin:/opt/ros/noetic/bin:/opt/pal/gallium/lib/pal_debian_utils/:/usr/local/sbin:/usr/local/bin:/usr/sbin:/usr/bin:/sbin:/bin', 'LUA_PATH': ';;/opt/pal/gallium/share/lua/5.1/?.lua;/opt/pal/gallium/share/lua/5.1/?.lua;/opt/pal/gallium/share/lua/5.1/?.lua;/opt/pal/gallium/share/lua/5.1/?.lua;/opt/pal/gallium/share/lua/5.1/?.lua;/opt/pal/gallium/share/lua/5.1/?.lua', 'DEBIAN_FRONTEND': 'noninteractive', 'ROS_ROOT': '/opt/ros/noetic/share/ros', 'ROS_DISTRO': 'noetic', 'QT_X11_NO_MITSHM': '1', 'OLDPWD': '/home/pal/ros_ws', '_': '/opt/ros/noetic/bin/roslaunch', 'LC_CTYPE': 'C.UTF-8', 'ROS_LOG_FILENAME': '/home/pal/.ros/log/2516c386-d12f-11f0-b32a-9c2f9d99f7eb/roslaunch-epan-tiago-noetic-ssh-4066.log', 'LC_NUMERIC': 'C'}]
[roslaunch][INFO] 2025-12-04 20:19:25,063: process[tuck_arm-21]: args[['/opt/pal/gallium/lib/tiago_gazebo/tuck_arm.py', '__name:=tuck_arm']]
[roslaunch][INFO] 2025-12-04 20:19:25,064: ... created process [tuck_arm-21]
[roslaunch.pmon][INFO] 2025-12-04 20:19:25,064: ProcessMonitor.register[tuck_arm-21]
[roslaunch.pmon][INFO] 2025-12-04 20:19:25,065: ProcessMonitor.register[tuck_arm-21] complete
[roslaunch][INFO] 2025-12-04 20:19:25,065: ... registered process [tuck_arm-21]
[roslaunch][INFO] 2025-12-04 20:19:25,065: process[tuck_arm-21]: starting os process
[roslaunch][INFO] 2025-12-04 20:19:25,066: process[tuck_arm-21]: start w/ args [['/opt/pal/gallium/lib/tiago_gazebo/tuck_arm.py', '__name:=tuck_arm', '__log:=/home/pal/.ros/log/2516c386-d12f-11f0-b32a-9c2f9d99f7eb/tuck_arm-21.log']]
[roslaunch][INFO] 2025-12-04 20:19:25,066: process[tuck_arm-21]: cwd will be [/home/pal/.ros]
[roslaunch][INFO] 2025-12-04 20:19:25,084: process[tuck_arm-21]: started with pid [4282]
[roslaunch][INFO] 2025-12-04 20:19:25,085: ... successfully launched [tuck_arm-21]
[roslaunch][INFO] 2025-12-04 20:19:25,086: ... preparing to launch node of type [image_proc/image_proc]
[roslaunch][INFO] 2025-12-04 20:19:25,086: create_node_process: package[image_proc] type[image_proc] machine[Machine(name[] env_loader[None] address[localhost] ssh_port[22] user[None] assignable[True] timeout[10.0])] master_uri[http://localhost:11311/]
[roslaunch][INFO] 2025-12-04 20:19:25,086: process[xtion/rgb/image_proc-22]: env[{'ROS_VERSION': '1', 'DISABLE_ROS1_EOL_WARNINGS': '1', 'PKG_CONFIG_PATH': '/opt/pal/gallium/lib/pkgconfig:/opt/pal/gallium/lib/x86_64-linux-gnu/pkgconfig:/opt/ros/noetic/lib/pkgconfig:/opt/ros/noetic/lib/x86_64-linux-gnu/pkgconfig', 'ROS_PYTHON_VERSION': '3', 'HOSTNAME': 'epan-tiago-noetic-ssh', 'VISP_WS': '/home/pal/visp-ws', 'ROS_PACKAGE_PATH': '/opt/pal/gallium/share:/opt/ros/noetic/share', 'ROSLISP_PACKAGE_DIRECTORIES': '', 'PWD': '/home/pal/ros_ws/src', 'XAUTHORITY': '', 'TZ': 'Europe/Paris', 'ROS_IP': '127.0.0.1', 'HOME': '/home/pal', 'ROS_ETC_DIR': '/opt/ros/noetic/etc/ros', 'LS_COLORS': 'rs=0:di=01;34:ln=01;36:mh=00:pi=40;33:so=01;35:do=01;35:bd=40;33;01:cd=40;33;01:or=40;31;01:mi=00:su=37;41:sg=30;43:ca=30;41:tw=30;42:ow=34;42:st=37;44:ex=01;32:*.tar=01;31:*.tgz=01;31:*.arc=01;31:*.arj=01;31:*.taz=01;31:*.lha=01;31:*.lz4=01;31:*.lzh=01;31:*.lzma=01;31:*.tlz=01;31:*.txz=01;31:*.tzo=01;31:*.t7z=01;31:*.zip=01;31:*.z=01;31:*.dz=01;31:*.gz=01;31:*.lrz=01;31:*.lz=01;31:*.lzo=01;31:*.xz=01;31:*.zst=01;31:*.tzst=01;31:*.bz2=01;31:*.bz=01;31:*.tbz=01;31:*.tbz2=01;31:*.tz=01;31:*.deb=01;31:*.rpm=01;31:*.jar=01;31:*.war=01;31:*.ear=01;31:*.sar=01;31:*.rar=01;31:*.alz=01;31:*.ace=01;31:*.zoo=01;31:*.cpio=01;31:*.7z=01;31:*.rz=01;31:*.cab=01;31:*.wim=01;31:*.swm=01;31:*.dwm=01;31:*.esd=01;31:*.jpg=01;35:*.jpeg=01;35:*.mjpg=01;35:*.mjpeg=01;35:*.gif=01;35:*.bmp=01;35:*.pbm=01;35:*.pgm=01;35:*.ppm=01;35:*.tga=01;35:*.xbm=01;35:*.xpm=01;35:*.tif=01;35:*.tiff=01;35:*.png=01;35:*.svg=01;35:*.svgz=01;35:*.mng=01;35:*.pcx=01;35:*.mov=01;35:*.mpg=01;35:*.mpeg=01;35:*.m2v=01;35:*.mkv=01;35:*.webm=01;35:*.ogm=01;35:*.mp4=01;35:*.m4v=01;35:*.mp4v=01;35:*.vob=01;35:*.qt=01;35:*.nuv=01;35:*.wmv=01;35:*.asf=01;35:*.rm=01;35:*.rmvb=01;35:*.flc=01;35:*.avi=01;35:*.fli=01;35:*.flv=01;35:*.gl=01;35:*.dl=01;35:*.xcf=01;35:*.xwd=01;35:*.yuv=01;35:*.cgm=01;35:*.emf=01;35:*.ogv=01;35:*.ogx=01;35:*.aac=00;36:*.au=00;36:*.flac=00;36:*.m4a=00;36:*.mid=00;36:*.midi=00;36:*.mka=00;36:*.mp3=00;36:*.mpc=00;36:*.ogg=00;36:*.ra=00;36:*.wav=00;36:*.oga=00;36:*.opus=00;36:*.spx=00;36:*.xspf=00;36:', 'OROCOS_TARGET': 'gnulinux', 'CMAKE_PREFIX_PATH': '/opt/pal/gallium:/opt/ros/noetic', 'GAZEBO_RESOURCE_PATH': '/home/pal/ros_ws/src/va50:', 'ROS_WORKSPACE': '/home/pal/ros_ws', 'LESSCLOSE': '/usr/bin/lesspipe %s %s', 'PYTHONPATH': '/opt/pal/gallium/lib/python3/dist-packages:/opt/ros/noetic/lib/python3/dist-packages', 'TERM': 'xterm', 'VISP_INPUT_IMAGE_PATH': '/home/pal/visp-ws/visp-images', 'LESSOPEN': '| /usr/bin/lesspipe %s', 'USER': 'pal', 'RTT_COMPONENT_PATH': '/opt/pal/gallium/lib/orocos', 'DISPLAY': ':0', 'SHLVL': '1', 'PAL_DISTRO': 'gallium', 'ROS_MASTER_URI': 'http://localhost:11311/', 'LD_LIBRARY_PATH': '/opt/pal/gallium/lib:/opt/pal/gallium/lib/x86_64-linux-gnu:/opt/ros/noetic/lib:/opt/ros/noetic/lib/x86_64-linux-gnu:/usr/local/lib', 'GAZEBO_MODEL_PATH': '/home/pal/ros_ws/src/va50/models:', 'PATH': '/opt/pal/gallium/bin:/opt/ros/noetic/bin:/opt/pal/gallium/lib/pal_debian_utils/:/usr/local/sbin:/usr/local/bin:/usr/sbin:/usr/bin:/sbin:/bin', 'LUA_PATH': ';;/opt/pal/gallium/share/lua/5.1/?.lua;/opt/pal/gallium/share/lua/5.1/?.lua;/opt/pal/gallium/share/lua/5.1/?.lua;/opt/pal/gallium/share/lua/5.1/?.lua;/opt/pal/gallium/share/lua/5.1/?.lua;/opt/pal/gallium/share/lua/5.1/?.lua', 'DEBIAN_FRONTEND': 'noninteractive', 'ROS_ROOT': '/opt/ros/noetic/share/ros', 'ROS_DISTRO': 'noetic', 'QT_X11_NO_MITSHM': '1', 'OLDPWD': '/home/pal/ros_ws', '_': '/opt/ros/noetic/bin/roslaunch', 'LC_CTYPE': 'C.UTF-8', 'ROS_LOG_FILENAME': '/home/pal/.ros/log/2516c386-d12f-11f0-b32a-9c2f9d99f7eb/roslaunch-epan-tiago-noetic-ssh-4066.log', 'ROS_NAMESPACE': '/xtion/rgb', 'LC_NUMERIC': 'C'}]
[roslaunch][INFO] 2025-12-04 20:19:25,088: process[xtion/rgb/image_proc-22]: args[['/opt/ros/noetic/lib/image_proc/image_proc', '__name:=image_proc']]
[roslaunch][INFO] 2025-12-04 20:19:25,090: ... created process [xtion/rgb/image_proc-22]
[roslaunch.pmon][INFO] 2025-12-04 20:19:25,092: ProcessMonitor.register[xtion/rgb/image_proc-22]
[roslaunch.pmon][INFO] 2025-12-04 20:19:25,093: ProcessMonitor.register[xtion/rgb/image_proc-22] complete
[roslaunch][INFO] 2025-12-04 20:19:25,093: ... registered process [xtion/rgb/image_proc-22]
[roslaunch][INFO] 2025-12-04 20:19:25,094: process[xtion/rgb/image_proc-22]: starting os process
[roslaunch][INFO] 2025-12-04 20:19:25,095: process[xtion/rgb/image_proc-22]: start w/ args [['/opt/ros/noetic/lib/image_proc/image_proc', '__name:=image_proc', '__log:=/home/pal/.ros/log/2516c386-d12f-11f0-b32a-9c2f9d99f7eb/xtion-rgb-image_proc-22.log']]
[roslaunch][INFO] 2025-12-04 20:19:25,095: process[xtion/rgb/image_proc-22]: cwd will be [/home/pal/.ros]
[roslaunch][INFO] 2025-12-04 20:19:25,119: process[xtion/rgb/image_proc-22]: started with pid [4287]
[roslaunch][INFO] 2025-12-04 20:19:25,119: ... successfully launched [xtion/rgb/image_proc-22]
[roslaunch][INFO] 2025-12-04 20:19:25,120: ... launch_nodes complete
[roslaunch.pmon][INFO] 2025-12-04 20:19:25,120: registrations completed <ProcessMonitor(ProcessMonitor-1, started daemon 123791443228416)>
[roslaunch.parent][INFO] 2025-12-04 20:19:25,121: ... roslaunch parent running, waiting for process exit
[roslaunch][INFO] 2025-12-04 20:19:25,121: spin
[roslaunch][ERROR] 2025-12-04 20:19:26,471: ================================================================================REQUIRED process [gazebo-1] has died!
process has died [pid 4114, exit code 255, cmd /opt/pal/gallium/lib/gazebo_ros/gzserver -e ode worlds/table_plate_fork_knife.world __name:=gazebo __log:=/home/pal/.ros/log/2516c386-d12f-11f0-b32a-9c2f9d99f7eb/gazebo-1.log].
log file: /home/pal/.ros/log/2516c386-d12f-11f0-b32a-9c2f9d99f7eb/gazebo-1*.log
Initiating shutdown!
================================================================================
[roslaunch.pmon][INFO] 2025-12-04 20:19:26,571: ProcessMonitor._post_run <ProcessMonitor(ProcessMonitor-1, started daemon 123791443228416)>
[roslaunch.pmon][INFO] 2025-12-04 20:19:26,572: ProcessMonitor._post_run <ProcessMonitor(ProcessMonitor-1, started daemon 123791443228416)>: remaining procs are [<roslaunch.nodeprocess.LocalProcess object at 0x70968c199550>, <roslaunch.nodeprocess.LocalProcess object at 0x70968bddcd00>, <roslaunch.nodeprocess.LocalProcess object at 0x70968bd2b700>, <roslaunch.nodeprocess.LocalProcess object at 0x70968bd2be50>, <roslaunch.nodeprocess.LocalProcess object at 0x70968bd2b2e0>, <roslaunch.nodeprocess.LocalProcess object at 0x70968bd2bd90>, <roslaunch.nodeprocess.LocalProcess object at 0x709688e9e820>, <roslaunch.nodeprocess.LocalProcess object at 0x709688e9e160>, <roslaunch.nodeprocess.LocalProcess object at 0x709688e9e2e0>, <roslaunch.nodeprocess.LocalProcess object at 0x709688e9e460>, <roslaunch.nodeprocess.LocalProcess object at 0x709688e9e250>, <roslaunch.nodeprocess.LocalProcess object at 0x709688e9e310>, <roslaunch.nodeprocess.LocalProcess object at 0x709688e9e430>, <roslaunch.nodeprocess.LocalProcess object at 0x709688e9e9d0>, <roslaunch.nodeprocess.LocalProcess object at 0x709688e9ea60>, <roslaunch.nodeprocess.LocalProcess object at 0x709688e9ebb0>, <roslaunch.nodeprocess.LocalProcess object at 0x709688e9ee80>, <roslaunch.nodeprocess.LocalProcess object at 0x709688e9e790>, <roslaunch.nodeprocess.LocalProcess object at 0x709688e9eca0>, <roslaunch.nodeprocess.LocalProcess object at 0x709688e9e0d0>, <roslaunch.nodeprocess.LocalProcess object at 0x709688e9ef10>, <roslaunch.nodeprocess.LocalProcess object at 0x709688e9ee50>]
[roslaunch.pmon][INFO] 2025-12-04 20:19:26,573: ProcessMonitor exit: killing xtion/rgb/image_proc-22
[roslaunch][INFO] 2025-12-04 20:19:26,574: [xtion/rgb/image_proc-22] killing on exit
[roslaunch.pmon][INFO] 2025-12-04 20:19:26,578: ProcessMonitor exit: killing tuck_arm-21
[roslaunch.pmon][INFO] 2025-12-04 20:19:26,579: ProcessMonitor exit: killing throttle_filtering_points-20
[roslaunch][INFO] 2025-12-04 20:19:26,582: [throttle_filtering_points-20] killing on exit
[roslaunch][INFO] 2025-12-04 20:19:26,579: process[xtion/rgb/image_proc-22]: killing os process with pid[4287] pgid[4287]
[roslaunch][INFO] 2025-12-04 20:19:26,587: [xtion/rgb/image_proc-22] sending SIGINT to pgid [4287]
[roslaunch][INFO] 2025-12-04 20:19:26,587: [xtion/rgb/image_proc-22] sent SIGINT to pgid [4287]
[roslaunch][INFO] 2025-12-04 20:19:26,580: [tuck_arm-21] killing on exit
[roslaunch][INFO] 2025-12-04 20:19:26,583: process[throttle_filtering_points-20]: killing os process with pid[4274] pgid[4274]
[roslaunch.pmon][INFO] 2025-12-04 20:19:26,582: ProcessMonitor exit: killing joystick_relay-17
[roslaunch][INFO] 2025-12-04 20:19:26,590: [joystick_relay-17] killing on exit
[roslaunch.pmon][INFO] 2025-12-04 20:19:26,580: ProcessMonitor exit: killing image_raw_to_rect_color_relay-19
[roslaunch][INFO] 2025-12-04 20:19:26,591: [image_raw_to_rect_color_relay-19] killing on exit
[roslaunch.pmon][INFO] 2025-12-04 20:19:26,581: ProcessMonitor exit: killing dynamic_footprint_publisher-18
[roslaunch][INFO] 2025-12-04 20:19:26,591: [dynamic_footprint_publisher-18] killing on exit
[roslaunch][INFO] 2025-12-04 20:19:26,588: [throttle_filtering_points-20] sending SIGINT to pgid [4274]
[roslaunch][INFO] 2025-12-04 20:19:26,592: [throttle_filtering_points-20] sent SIGINT to pgid [4274]
[roslaunch][INFO] 2025-12-04 20:19:26,588: process[tuck_arm-21]: killing os process with pid[4282] pgid[4282]
[roslaunch][INFO] 2025-12-04 20:19:26,593: [tuck_arm-21] sending SIGINT to pgid [4282]
[roslaunch][INFO] 2025-12-04 20:19:26,593: [tuck_arm-21] sent SIGINT to pgid [4282]
[roslaunch.pmon][INFO] 2025-12-04 20:19:26,584: ProcessMonitor exit: killing twist_marker-16
[roslaunch][INFO] 2025-12-04 20:19:26,595: [twist_marker-16] killing on exit
[roslaunch][INFO] 2025-12-04 20:19:26,592: process[image_raw_to_rect_color_relay-19]: killing os process with pid[4273] pgid[4273]
[roslaunch][INFO] 2025-12-04 20:19:26,595: [image_raw_to_rect_color_relay-19] sending SIGINT to pgid [4273]
[roslaunch][INFO] 2025-12-04 20:19:26,595: [image_raw_to_rect_color_relay-19] sent SIGINT to pgid [4273]
[roslaunch.pmon][INFO] 2025-12-04 20:19:26,589: ProcessMonitor exit: killing twist_mux-15
[roslaunch][INFO] 2025-12-04 20:19:26,596: [twist_mux-15] killing on exit
[roslaunch][INFO] 2025-12-04 20:19:26,592: process[dynamic_footprint_publisher-18]: killing os process with pid[4267] pgid[4267]
[roslaunch][INFO] 2025-12-04 20:19:26,593: process[joystick_relay-17]: killing os process with pid[4254] pgid[4254]
[roslaunch.pmon][INFO] 2025-12-04 20:19:26,591: ProcessMonitor exit: killing robot_state_publisher-13
[roslaunch][INFO] 2025-12-04 20:19:26,596: process[twist_marker-16]: killing os process with pid[4229] pgid[4229]
[roslaunch.pmon][INFO] 2025-12-04 20:19:26,590: ProcessMonitor exit: killing tf_lookup-14
[roslaunch][INFO] 2025-12-04 20:19:26,597: [tf_lookup-14] killing on exit
[roslaunch][INFO] 2025-12-04 20:19:26,596: [dynamic_footprint_publisher-18] sending SIGINT to pgid [4267]
[roslaunch][INFO] 2025-12-04 20:19:26,597: [twist_marker-16] sending SIGINT to pgid [4229]
[roslaunch][INFO] 2025-12-04 20:19:26,596: [robot_state_publisher-13] killing on exit
[roslaunch][INFO] 2025-12-04 20:19:26,598: process[robot_state_publisher-13]: killing os process with pid[4171] pgid[4171]
[roslaunch][INFO] 2025-12-04 20:19:26,596: process[twist_mux-15]: killing os process with pid[4180] pgid[4180]
[roslaunch][INFO] 2025-12-04 20:19:26,599: [twist_mux-15] sending SIGINT to pgid [4180]
[roslaunch][INFO] 2025-12-04 20:19:26,599: [twist_mux-15] sent SIGINT to pgid [4180]
[roslaunch][INFO] 2025-12-04 20:19:26,598: [twist_marker-16] sent SIGINT to pgid [4229]
[roslaunch][INFO] 2025-12-04 20:19:26,599: [robot_state_publisher-13] sending SIGINT to pgid [4171]
[roslaunch][INFO] 2025-12-04 20:19:26,597: [dynamic_footprint_publisher-18] sent SIGINT to pgid [4267]
[roslaunch][INFO] 2025-12-04 20:19:26,596: [joystick_relay-17] sending SIGINT to pgid [4254]
[roslaunch][INFO] 2025-12-04 20:19:26,599: [joystick_relay-17] sent SIGINT to pgid [4254]
[roslaunch][INFO] 2025-12-04 20:19:26,597: process[tf_lookup-14]: killing os process with pid[4172] pgid[4172]
[roslaunch][INFO] 2025-12-04 20:19:26,599: [tf_lookup-14] sending SIGINT to pgid [4172]
[roslaunch][INFO] 2025-12-04 20:19:26,600: [tf_lookup-14] sent SIGINT to pgid [4172]
[roslaunch][INFO] 2025-12-04 20:19:26,599: [robot_state_publisher-13] sent SIGINT to pgid [4171]
[roslaunch][INFO] 2025-12-04 20:19:26,800: process[twist_marker-16]: SIGINT killed with return value 0
[roslaunch.pmon][INFO] 2025-12-04 20:19:26,801: ProcessMonitor exit: killing move_group-12
[roslaunch][INFO] 2025-12-04 20:19:26,801: [move_group-12] killing on exit
[roslaunch][INFO] 2025-12-04 20:19:26,801: process[move_group-12]: killing os process with pid[4170] pgid[4170]
[roslaunch][INFO] 2025-12-04 20:19:26,801: [move_group-12] sending SIGINT to pgid [4170]
[roslaunch][INFO] 2025-12-04 20:19:26,803: [move_group-12] sent SIGINT to pgid [4170]
[roslaunch][INFO] 2025-12-04 20:19:26,896: process[throttle_filtering_points-20]: SIGINT killed with return value 0
[roslaunch.pmon][INFO] 2025-12-04 20:19:26,896: ProcessMonitor exit: killing is_already_there-11
[roslaunch][INFO] 2025-12-04 20:19:26,896: [is_already_there-11] killing on exit
[roslaunch][INFO] 2025-12-04 20:19:26,896: process[is_already_there-11]: killing os process with pid[4168] pgid[4168]
[roslaunch][INFO] 2025-12-04 20:19:26,896: [is_already_there-11] sending SIGINT to pgid [4168]
[roslaunch][INFO] 2025-12-04 20:19:26,896: [is_already_there-11] sent SIGINT to pgid [4168]
[roslaunch][INFO] 2025-12-04 20:19:26,947: process[image_raw_to_rect_color_relay-19]: SIGINT killed with return value 0
[roslaunch.pmon][INFO] 2025-12-04 20:19:26,947: ProcessMonitor exit: killing play_motion-10
[roslaunch][INFO] 2025-12-04 20:19:26,947: [play_motion-10] killing on exit
[roslaunch][INFO] 2025-12-04 20:19:26,948: process[play_motion-10]: killing os process with pid[4162] pgid[4162]
[roslaunch][INFO] 2025-12-04 20:19:26,948: [play_motion-10] sending SIGINT to pgid [4162]
[roslaunch][INFO] 2025-12-04 20:19:26,948: [play_motion-10] sent SIGINT to pgid [4162]
[roslaunch][INFO] 2025-12-04 20:19:27,004: process[tf_lookup-14]: SIGINT killed with return value 0
[roslaunch.pmon][INFO] 2025-12-04 20:19:27,004: ProcessMonitor exit: killing home_gripper-9
[roslaunch][INFO] 2025-12-04 20:19:27,005: [home_gripper-9] killing on exit
[roslaunch][INFO] 2025-12-04 20:19:27,005: process[home_gripper-9]: killing os process with pid[4139] pgid[4139]
[roslaunch][INFO] 2025-12-04 20:19:27,005: [home_gripper-9] sending SIGINT to pgid [4139]
[roslaunch][INFO] 2025-12-04 20:19:27,005: [home_gripper-9] sent SIGINT to pgid [4139]
[roslaunch][INFO] 2025-12-04 20:19:27,005: process[robot_state_publisher-13]: SIGINT killed with return value 0
[roslaunch.pmon][INFO] 2025-12-04 20:19:27,005: ProcessMonitor exit: killing gripper_controllers_spawner-8
[roslaunch][INFO] 2025-12-04 20:19:27,005: [gripper_controllers_spawner-8] killing on exit
[roslaunch][INFO] 2025-12-04 20:19:27,005: process[gripper_controllers_spawner-8]: killing os process with pid[4129] pgid[4129]
[roslaunch][INFO] 2025-12-04 20:19:27,005: [gripper_controllers_spawner-8] sending SIGINT to pgid [4129]
[roslaunch][INFO] 2025-12-04 20:19:27,005: [gripper_controllers_spawner-8] sent SIGINT to pgid [4129]
[roslaunch][INFO] 2025-12-04 20:19:27,005: process[twist_mux-15]: SIGINT killed with return value 0
[roslaunch.pmon][INFO] 2025-12-04 20:19:27,006: ProcessMonitor exit: killing bringup_controllers_spawner_ft-7
[roslaunch][INFO] 2025-12-04 20:19:27,006: [bringup_controllers_spawner_ft-7] killing on exit
[roslaunch][INFO] 2025-12-04 20:19:27,006: process[bringup_controllers_spawner_ft-7]: killing os process with pid[4128] pgid[4128]
[roslaunch][INFO] 2025-12-04 20:19:27,006: [bringup_controllers_spawner_ft-7] sending SIGINT to pgid [4128]
[roslaunch][INFO] 2025-12-04 20:19:27,006: [bringup_controllers_spawner_ft-7] sent SIGINT to pgid [4128]
[roslaunch][INFO] 2025-12-04 20:19:27,349: process[play_motion-10]: SIGINT killed with return value -6
[roslaunch.pmon][INFO] 2025-12-04 20:19:27,349: ProcessMonitor exit: killing bringup_controllers_spawner_imu-6
[roslaunch][INFO] 2025-12-04 20:19:27,349: [bringup_controllers_spawner_imu-6] killing on exit
[roslaunch][INFO] 2025-12-04 20:19:27,349: process[bringup_controllers_spawner_imu-6]: killing os process with pid[4127] pgid[4127]
[roslaunch][INFO] 2025-12-04 20:19:27,349: [bringup_controllers_spawner_imu-6] sending SIGINT to pgid [4127]
[roslaunch][INFO] 2025-12-04 20:19:27,349: [bringup_controllers_spawner_imu-6] sent SIGINT to pgid [4127]
[roslaunch][INFO] 2025-12-04 20:19:27,388: process[xtion/rgb/image_proc-22]: SIGINT killed with return value 0
[roslaunch.pmon][INFO] 2025-12-04 20:19:27,388: ProcessMonitor exit: killing head_controller/point_head_action-5
[roslaunch][INFO] 2025-12-04 20:19:27,388: [head_controller/point_head_action-5] killing on exit
[roslaunch][INFO] 2025-12-04 20:19:27,389: process[head_controller/point_head_action-5]: killing os process with pid[4126] pgid[4126]
[roslaunch][INFO] 2025-12-04 20:19:27,389: [head_controller/point_head_action-5] sending SIGINT to pgid [4126]
[roslaunch][INFO] 2025-12-04 20:19:27,389: [head_controller/point_head_action-5] sent SIGINT to pgid [4126]
[roslaunch][INFO] 2025-12-04 20:19:27,689: process[head_controller/point_head_action-5]: SIGINT killed with return value 0
[roslaunch.pmon][INFO] 2025-12-04 20:19:27,690: ProcessMonitor exit: killing default_controllers_spawner-4
[roslaunch][INFO] 2025-12-04 20:19:27,690: [default_controllers_spawner-4] killing on exit
[roslaunch][INFO] 2025-12-04 20:19:27,690: process[default_controllers_spawner-4]: killing os process with pid[4125] pgid[4125]
[roslaunch][INFO] 2025-12-04 20:19:27,691: [default_controllers_spawner-4] sending SIGINT to pgid [4125]
[roslaunch][INFO] 2025-12-04 20:19:27,691: [default_controllers_spawner-4] sent SIGINT to pgid [4125]
[roslaunch][INFO] 2025-12-04 20:19:27,698: process[is_already_there-11]: SIGINT killed with return value 0
[roslaunch.pmon][INFO] 2025-12-04 20:19:27,698: ProcessMonitor exit: killing spawn_model-3
[roslaunch][INFO] 2025-12-04 20:19:27,698: [spawn_model-3] killing on exit
[roslaunch.pmon][INFO] 2025-12-04 20:19:27,699: ProcessMonitor exit: killing gazebo_gui-2
[roslaunch][INFO] 2025-12-04 20:19:27,699: [gazebo_gui-2] killing on exit
[roslaunch][INFO] 2025-12-04 20:19:27,699: process[gazebo_gui-2]: killing os process with pid[4118] pgid[4118]
[roslaunch][INFO] 2025-12-04 20:19:27,699: [gazebo_gui-2] sending SIGINT to pgid [4118]
[roslaunch][INFO] 2025-12-04 20:19:27,699: [gazebo_gui-2] sent SIGINT to pgid [4118]
[roslaunch][INFO] 2025-12-04 20:19:27,707: process[move_group-12]: SIGINT killed with return value 0
[roslaunch.pmon][INFO] 2025-12-04 20:19:27,707: ProcessMonitor exit: killing gazebo-1
[roslaunch][INFO] 2025-12-04 20:19:27,709: [gazebo-1] killing on exit
[roslaunch][INFO] 2025-12-04 20:19:27,799: process[gazebo_gui-2]: SIGINT killed with return value -2
[roslaunch][INFO] 2025-12-04 20:19:27,907: process[home_gripper-9]: SIGINT killed with return value 1
[roslaunch][INFO] 2025-12-04 20:19:28,208: process[gripper_controllers_spawner-8]: SIGINT killed with return value 1
[roslaunch][INFO] 2025-12-04 20:19:28,809: process[bringup_controllers_spawner_ft-7]: SIGINT killed with return value 0
[roslaunch][INFO] 2025-12-04 20:19:29,055: process[bringup_controllers_spawner_imu-6]: SIGINT killed with return value 0
[roslaunch][INFO] 2025-12-04 20:19:29,594: process[default_controllers_spawner-4]: SIGINT killed with return value 1
[roslaunch][INFO] 2025-12-04 20:19:31,812: process[dynamic_footprint_publisher-18]: SIGINT killed with return value 0
[roslaunch][ERROR] 2025-12-04 20:19:41,618: [tuck_arm-21] escalating to SIGTERM
[roslaunch][INFO] 2025-12-04 20:19:41,619: [tuck_arm-21] sent SIGTERM to pgid [4282]
[roslaunch][ERROR] 2025-12-04 20:19:41,626: [joystick_relay-17] escalating to SIGTERM
[roslaunch][INFO] 2025-12-04 20:19:41,626: [joystick_relay-17] sent SIGTERM to pgid [4254]
[roslaunch][ERROR] 2025-12-04 20:19:43,621: [tuck_arm-21] escalating to SIGKILL
[roslaunch][INFO] 2025-12-04 20:19:43,621: [tuck_arm-21] sent SIGKILL to pgid [4282]
[roslaunch][INFO] 2025-12-04 20:19:43,621: process[tuck_arm-21]: sent SIGKILL
[roslaunch][ERROR] 2025-12-04 20:19:43,628: [joystick_relay-17] escalating to SIGKILL
[roslaunch][INFO] 2025-12-04 20:19:43,628: [joystick_relay-17] sent SIGKILL to pgid [4254]
[roslaunch][INFO] 2025-12-04 20:19:43,628: process[joystick_relay-17]: sent SIGKILL
[roslaunch.pmon][INFO] 2025-12-04 20:19:43,629: ProcessMonitor exit: cleaning up data structures and signals
[roslaunch.pmon][INFO] 2025-12-04 20:19:43,629: ProcessMonitor exit: pmon has shutdown
[roslaunch][ERROR] 2025-12-04 20:19:43,629: Shutdown errors:
 * process[tuck_arm-21, pid 4282]: required SIGKILL. May still be running.
 * process[joystick_relay-17, pid 4254]: required SIGKILL. May still be running.
[roslaunch][INFO] 2025-12-04 20:19:43,718: process monitor is done spinning, initiating full shutdown
[roslaunch][INFO] 2025-12-04 20:19:43,719: runner.stop()
[roslaunch][INFO] 2025-12-04 20:19:43,719: shutting down processing monitor...
[roslaunch][INFO] 2025-12-04 20:19:43,719: shutting down processing monitor <ProcessMonitor(ProcessMonitor-1, stopped daemon 123791443228416)>
[roslaunch.pmon][INFO] 2025-12-04 20:19:43,719: ProcessMonitor.shutdown <ProcessMonitor(ProcessMonitor-1, stopped daemon 123791443228416)>
[roslaunch][INFO] 2025-12-04 20:19:43,719: ... shutting down processing monitor complete
[roslaunch][INFO] 2025-12-04 20:19:43,719: done
[roslaunch.pmon][INFO] 2025-12-04 20:19:43,719: ProcessMonitor.shutdown <ProcessMonitor(ProcessMonitor-1, stopped daemon 123791443228416)>
[rospy.core][INFO] 2025-12-04 20:19:43,719: signal_shutdown [atexit]
