[roslaunch][INFO] 2025-12-04 20:12:43,878: Checking log directory for disk usage. This may take a while.
Press Ctrl-C to interrupt
[roslaunch][INFO] 2025-12-04 20:12:43,887: Done checking log file disk usage. Usage is <1GB.
[roslaunch][INFO] 2025-12-04 20:12:43,888: roslaunch starting with args ['/opt/ros/noetic/bin/roslaunch', 'tiago_gazebo', 'tiago_gazebo.launch', 'world:=pick_and_place']
[roslaunch][INFO] 2025-12-04 20:12:43,888: roslaunch env is environ({'ROS_VERSION': '1', 'DISABLE_ROS1_EOL_WARNINGS': '1', 'PKG_CONFIG_PATH': '/opt/pal/gallium/lib/pkgconfig:/opt/pal/gallium/lib/x86_64-linux-gnu/pkgconfig:/opt/ros/noetic/lib/pkgconfig:/opt/ros/noetic/lib/x86_64-linux-gnu/pkgconfig', 'ROS_PYTHON_VERSION': '3', 'HOSTNAME': 'epan-tiago-noetic-ssh', 'VISP_WS': '/home/pal/visp-ws', 'ROS_PACKAGE_PATH': '/opt/pal/gallium/share:/opt/ros/noetic/share', 'ROSLISP_PACKAGE_DIRECTORIES': '', 'PWD': '/home/pal/ros_ws/src', 'XAUTHORITY': '', 'TZ': 'Europe/Paris', 'ROS_IP': '127.0.0.1', 'HOME': '/home/pal', 'ROS_ETC_DIR': '/opt/ros/noetic/etc/ros', 'LS_COLORS': 'rs=0:di=01;34:ln=01;36:mh=00:pi=40;33:so=01;35:do=01;35:bd=40;33;01:cd=40;33;01:or=40;31;01:mi=00:su=37;41:sg=30;43:ca=30;41:tw=30;42:ow=34;42:st=37;44:ex=01;32:*.tar=01;31:*.tgz=01;31:*.arc=01;31:*.arj=01;31:*.taz=01;31:*.lha=01;31:*.lz4=01;31:*.lzh=01;31:*.lzma=01;31:*.tlz=01;31:*.txz=01;31:*.tzo=01;31:*.t7z=01;31:*.zip=01;31:*.z=01;31:*.dz=01;31:*.gz=01;31:*.lrz=01;31:*.lz=01;31:*.lzo=01;31:*.xz=01;31:*.zst=01;31:*.tzst=01;31:*.bz2=01;31:*.bz=01;31:*.tbz=01;31:*.tbz2=01;31:*.tz=01;31:*.deb=01;31:*.rpm=01;31:*.jar=01;31:*.war=01;31:*.ear=01;31:*.sar=01;31:*.rar=01;31:*.alz=01;31:*.ace=01;31:*.zoo=01;31:*.cpio=01;31:*.7z=01;31:*.rz=01;31:*.cab=01;31:*.wim=01;31:*.swm=01;31:*.dwm=01;31:*.esd=01;31:*.jpg=01;35:*.jpeg=01;35:*.mjpg=01;35:*.mjpeg=01;35:*.gif=01;35:*.bmp=01;35:*.pbm=01;35:*.pgm=01;35:*.ppm=01;35:*.tga=01;35:*.xbm=01;35:*.xpm=01;35:*.tif=01;35:*.tiff=01;35:*.png=01;35:*.svg=01;35:*.svgz=01;35:*.mng=01;35:*.pcx=01;35:*.mov=01;35:*.mpg=01;35:*.mpeg=01;35:*.m2v=01;35:*.mkv=01;35:*.webm=01;35:*.ogm=01;35:*.mp4=01;35:*.m4v=01;35:*.mp4v=01;35:*.vob=01;35:*.qt=01;35:*.nuv=01;35:*.wmv=01;35:*.asf=01;35:*.rm=01;35:*.rmvb=01;35:*.flc=01;35:*.avi=01;35:*.fli=01;35:*.flv=01;35:*.gl=01;35:*.dl=01;35:*.xcf=01;35:*.xwd=01;35:*.yuv=01;35:*.cgm=01;35:*.emf=01;35:*.ogv=01;35:*.ogx=01;35:*.aac=00;36:*.au=00;36:*.flac=00;36:*.m4a=00;36:*.mid=00;36:*.midi=00;36:*.mka=00;36:*.mp3=00;36:*.mpc=00;36:*.ogg=00;36:*.ra=00;36:*.wav=00;36:*.oga=00;36:*.opus=00;36:*.spx=00;36:*.xspf=00;36:', 'OROCOS_TARGET': 'gnulinux', 'CMAKE_PREFIX_PATH': '/opt/pal/gallium:/opt/ros/noetic', 'GAZEBO_RESOURCE_PATH': '/home/pal/ros_ws/src/va50:', 'ROS_WORKSPACE': '/home/pal/ros_ws', 'LESSCLOSE': '/usr/bin/lesspipe %s %s', 'PYTHONPATH': '/opt/pal/gallium/lib/python3/dist-packages:/opt/ros/noetic/lib/python3/dist-packages', 'TERM': 'xterm', 'VISP_INPUT_IMAGE_PATH': '/home/pal/visp-ws/visp-images', 'LESSOPEN': '| /usr/bin/lesspipe %s', 'USER': 'pal', 'RTT_COMPONENT_PATH': '/opt/pal/gallium/lib/orocos', 'DISPLAY': ':0', 'SHLVL': '1', 'PAL_DISTRO': 'gallium', 'ROS_MASTER_URI': 'http://localhost:11311/', 'LD_LIBRARY_PATH': '/opt/pal/gallium/lib:/opt/pal/gallium/lib/x86_64-linux-gnu:/opt/ros/noetic/lib:/opt/ros/noetic/lib/x86_64-linux-gnu:/usr/local/lib', 'GAZEBO_MODEL_PATH': '/home/pal/ros_ws/src/va50/models:', 'PATH': '/opt/pal/gallium/bin:/opt/ros/noetic/bin:/opt/pal/gallium/lib/pal_debian_utils/:/usr/local/sbin:/usr/local/bin:/usr/sbin:/usr/bin:/sbin:/bin', 'LUA_PATH': ';;/opt/pal/gallium/share/lua/5.1/?.lua;/opt/pal/gallium/share/lua/5.1/?.lua;/opt/pal/gallium/share/lua/5.1/?.lua;/opt/pal/gallium/share/lua/5.1/?.lua;/opt/pal/gallium/share/lua/5.1/?.lua', 'DEBIAN_FRONTEND': 'noninteractive', 'ROS_ROOT': '/opt/ros/noetic/share/ros', 'ROS_DISTRO': 'noetic', 'QT_X11_NO_MITSHM': '1', 'OLDPWD': '/home/pal/ros_ws/src/image_bridge', '_': '/opt/ros/noetic/bin/roslaunch', 'LC_CTYPE': 'C.UTF-8', 'ROS_LOG_FILENAME': '/home/pal/.ros/log/2516c386-d12f-11f0-b32a-9c2f9d99f7eb/roslaunch-epan-tiago-noetic-ssh-2368.log'})
[roslaunch][INFO] 2025-12-04 20:12:43,888: starting in server mode
[roslaunch.parent][INFO] 2025-12-04 20:12:43,888: starting roslaunch parent run
[roslaunch][INFO] 2025-12-04 20:12:43,889: loading roscore config file /opt/ros/noetic/etc/ros/roscore.xml
[roslaunch][INFO] 2025-12-04 20:12:44,211: Added core node of type [rosout/rosout] in namespace [/]
[roslaunch.config][INFO] 2025-12-04 20:12:44,212: loading config file /opt/pal/gallium/share/tiago_gazebo/launch/tiago_gazebo.launch
[roslaunch][INFO] 2025-12-04 20:12:44,295: Added node of type [gazebo_ros/gzserver] in namespace [/]
[roslaunch][INFO] 2025-12-04 20:12:44,296: Added node of type [gazebo_ros/gzclient] in namespace [/]
[roslaunch][INFO] 2025-12-04 20:12:45,522: Added node of type [gazebo_ros/spawn_model] in namespace [/]
[roslaunch][INFO] 2025-12-04 20:12:45,544: Added node of type [controller_manager/spawner] in namespace [/]
[roslaunch][INFO] 2025-12-04 20:12:45,545: Added node of type [head_action/head_action] in namespace [/head_controller/]
[roslaunch][INFO] 2025-12-04 20:12:45,547: Added node of type [controller_manager/spawner] in namespace [/]
[roslaunch][INFO] 2025-12-04 20:12:45,549: Added node of type [controller_manager/spawner] in namespace [/]
[roslaunch][INFO] 2025-12-04 20:12:45,553: Added node of type [controller_manager/spawner] in namespace [/]
[roslaunch][INFO] 2025-12-04 20:12:45,554: Added node of type [simple_grasping_action/simple_grasping_action] in namespace [/]
[roslaunch][INFO] 2025-12-04 20:12:45,625: Added node of type [play_motion/play_motion] in namespace [/]
[roslaunch][INFO] 2025-12-04 20:12:45,625: Added node of type [play_motion/is_already_there.py] in namespace [/]
[roslaunch][INFO] 2025-12-04 20:12:45,679: Added node of type [moveit_ros_move_group/move_group] in namespace [/]
[roslaunch][INFO] 2025-12-04 20:12:45,680: Added node of type [robot_state_publisher/robot_state_publisher] in namespace [/]
[roslaunch][INFO] 2025-12-04 20:12:45,681: Added node of type [tf_lookup/tf_lookup] in namespace [/]
[roslaunch][INFO] 2025-12-04 20:12:45,693: Added node of type [twist_mux/twist_mux] in namespace [/]
[roslaunch][INFO] 2025-12-04 20:12:45,694: Added node of type [twist_mux/twist_marker] in namespace [/]
[roslaunch][INFO] 2025-12-04 20:12:45,696: Added node of type [twist_mux/joystick_relay.py] in namespace [/]
[roslaunch][INFO] 2025-12-04 20:12:45,715: Added node of type [dynamic_footprint/dynamic_footprint_publisher.py] in namespace [/]
[roslaunch][INFO] 2025-12-04 20:12:45,715: Added node of type [topic_tools/relay] in namespace [/]
[roslaunch][INFO] 2025-12-04 20:12:45,717: Added node of type [pal_pcl_points_throttle_and_filter/throttle_filtering_points] in namespace [/]
[roslaunch][INFO] 2025-12-04 20:12:45,718: Added node of type [tiago_gazebo/tuck_arm.py] in namespace [/]
[roslaunch][INFO] 2025-12-04 20:12:45,718: Added node of type [image_proc/image_proc] in namespace [/xtion/rgb/]
[roslaunch][INFO] 2025-12-04 20:12:45,718: ... selected machine [] for node of type [gazebo_ros/gzserver]
[roslaunch][INFO] 2025-12-04 20:12:45,719: ... selected machine [] for node of type [gazebo_ros/gzclient]
[roslaunch][INFO] 2025-12-04 20:12:45,719: ... selected machine [] for node of type [gazebo_ros/spawn_model]
[roslaunch][INFO] 2025-12-04 20:12:45,719: ... selected machine [] for node of type [controller_manager/spawner]
[roslaunch][INFO] 2025-12-04 20:12:45,719: ... selected machine [] for node of type [head_action/head_action]
[roslaunch][INFO] 2025-12-04 20:12:45,719: ... selected machine [] for node of type [controller_manager/spawner]
[roslaunch][INFO] 2025-12-04 20:12:45,719: ... selected machine [] for node of type [controller_manager/spawner]
[roslaunch][INFO] 2025-12-04 20:12:45,719: ... selected machine [] for node of type [controller_manager/spawner]
[roslaunch][INFO] 2025-12-04 20:12:45,719: ... selected machine [] for node of type [simple_grasping_action/simple_grasping_action]
[roslaunch][INFO] 2025-12-04 20:12:45,719: ... selected machine [] for node of type [play_motion/play_motion]
[roslaunch][INFO] 2025-12-04 20:12:45,719: ... selected machine [] for node of type [play_motion/is_already_there.py]
[roslaunch][INFO] 2025-12-04 20:12:45,719: ... selected machine [] for node of type [moveit_ros_move_group/move_group]
[roslaunch][INFO] 2025-12-04 20:12:45,719: ... selected machine [] for node of type [robot_state_publisher/robot_state_publisher]
[roslaunch][INFO] 2025-12-04 20:12:45,719: ... selected machine [] for node of type [tf_lookup/tf_lookup]
[roslaunch][INFO] 2025-12-04 20:12:45,719: ... selected machine [] for node of type [twist_mux/twist_mux]
[roslaunch][INFO] 2025-12-04 20:12:45,719: ... selected machine [] for node of type [twist_mux/twist_marker]
[roslaunch][INFO] 2025-12-04 20:12:45,719: ... selected machine [] for node of type [twist_mux/joystick_relay.py]
[roslaunch][INFO] 2025-12-04 20:12:45,719: ... selected machine [] for node of type [dynamic_footprint/dynamic_footprint_publisher.py]
[roslaunch][INFO] 2025-12-04 20:12:45,719: ... selected machine [] for node of type [topic_tools/relay]
[roslaunch][INFO] 2025-12-04 20:12:45,720: ... selected machine [] for node of type [pal_pcl_points_throttle_and_filter/throttle_filtering_points]
[roslaunch][INFO] 2025-12-04 20:12:45,720: ... selected machine [] for node of type [tiago_gazebo/tuck_arm.py]
[roslaunch][INFO] 2025-12-04 20:12:45,720: ... selected machine [] for node of type [image_proc/image_proc]
[roslaunch.pmon][INFO] 2025-12-04 20:12:45,722: start_process_monitor: creating ProcessMonitor
[roslaunch.pmon][INFO] 2025-12-04 20:12:45,722: created process monitor <ProcessMonitor(ProcessMonitor-1, initial daemon)>
[roslaunch.pmon][INFO] 2025-12-04 20:12:45,722: start_process_monitor: ProcessMonitor started
[roslaunch.parent][INFO] 2025-12-04 20:12:45,722: starting parent XML-RPC server
[roslaunch.server][INFO] 2025-12-04 20:12:45,722: starting roslaunch XML-RPC server
[roslaunch.server][INFO] 2025-12-04 20:12:45,723: waiting for roslaunch XML-RPC server to initialize
[xmlrpc][INFO] 2025-12-04 20:12:45,723: XML-RPC server binding to 127.0.0.1:0
[xmlrpc][INFO] 2025-12-04 20:12:45,723: Started XML-RPC server [http://127.0.0.1:38097/]
[xmlrpc][INFO] 2025-12-04 20:12:45,723: xml rpc node: starting XML-RPC server
[roslaunch][INFO] 2025-12-04 20:12:45,734: started roslaunch server http://127.0.0.1:38097/
[roslaunch.parent][INFO] 2025-12-04 20:12:45,735: ... parent XML-RPC server started
[roslaunch][INFO] 2025-12-04 20:12:45,740: master.is_running[http://localhost:11311/]
[roslaunch][INFO] 2025-12-04 20:12:45,742: master.is_running[http://localhost:11311/]
[roslaunch][INFO] 2025-12-04 20:12:45,744: ROS_MASTER_URI=http://localhost:11311/
[roslaunch][INFO] 2025-12-04 20:12:45,749: setting /roslaunch/uris/host_127_0_0_1__38097' to http://127.0.0.1:38097/
[roslaunch][INFO] 2025-12-04 20:12:45,750: load_parameters starting ...
[roslaunch][INFO] 2025-12-04 20:12:45,941: ... load_parameters complete
[roslaunch][INFO] 2025-12-04 20:12:45,942: launch_nodes: launching local nodes ...
[roslaunch][INFO] 2025-12-04 20:12:45,944: ... preparing to launch node of type [gazebo_ros/gzserver]
[roslaunch][INFO] 2025-12-04 20:12:45,945: create_node_process: package[gazebo_ros] type[gzserver] machine[Machine(name[] env_loader[None] address[localhost] ssh_port[22] user[None] assignable[True] timeout[10.0])] master_uri[http://localhost:11311/]
[roslaunch][INFO] 2025-12-04 20:12:45,945: process[gazebo-1]: env[{'ROS_VERSION': '1', 'DISABLE_ROS1_EOL_WARNINGS': '1', 'PKG_CONFIG_PATH': '/opt/pal/gallium/lib/pkgconfig:/opt/pal/gallium/lib/x86_64-linux-gnu/pkgconfig:/opt/ros/noetic/lib/pkgconfig:/opt/ros/noetic/lib/x86_64-linux-gnu/pkgconfig', 'ROS_PYTHON_VERSION': '3', 'HOSTNAME': 'epan-tiago-noetic-ssh', 'VISP_WS': '/home/pal/visp-ws', 'ROS_PACKAGE_PATH': '/opt/pal/gallium/share:/opt/ros/noetic/share', 'ROSLISP_PACKAGE_DIRECTORIES': '', 'PWD': '/home/pal/ros_ws/src', 'XAUTHORITY': '', 'TZ': 'Europe/Paris', 'ROS_IP': '127.0.0.1', 'HOME': '/home/pal', 'ROS_ETC_DIR': '/opt/ros/noetic/etc/ros', 'LS_COLORS': 'rs=0:di=01;34:ln=01;36:mh=00:pi=40;33:so=01;35:do=01;35:bd=40;33;01:cd=40;33;01:or=40;31;01:mi=00:su=37;41:sg=30;43:ca=30;41:tw=30;42:ow=34;42:st=37;44:ex=01;32:*.tar=01;31:*.tgz=01;31:*.arc=01;31:*.arj=01;31:*.taz=01;31:*.lha=01;31:*.lz4=01;31:*.lzh=01;31:*.lzma=01;31:*.tlz=01;31:*.txz=01;31:*.tzo=01;31:*.t7z=01;31:*.zip=01;31:*.z=01;31:*.dz=01;31:*.gz=01;31:*.lrz=01;31:*.lz=01;31:*.lzo=01;31:*.xz=01;31:*.zst=01;31:*.tzst=01;31:*.bz2=01;31:*.bz=01;31:*.tbz=01;31:*.tbz2=01;31:*.tz=01;31:*.deb=01;31:*.rpm=01;31:*.jar=01;31:*.war=01;31:*.ear=01;31:*.sar=01;31:*.rar=01;31:*.alz=01;31:*.ace=01;31:*.zoo=01;31:*.cpio=01;31:*.7z=01;31:*.rz=01;31:*.cab=01;31:*.wim=01;31:*.swm=01;31:*.dwm=01;31:*.esd=01;31:*.jpg=01;35:*.jpeg=01;35:*.mjpg=01;35:*.mjpeg=01;35:*.gif=01;35:*.bmp=01;35:*.pbm=01;35:*.pgm=01;35:*.ppm=01;35:*.tga=01;35:*.xbm=01;35:*.xpm=01;35:*.tif=01;35:*.tiff=01;35:*.png=01;35:*.svg=01;35:*.svgz=01;35:*.mng=01;35:*.pcx=01;35:*.mov=01;35:*.mpg=01;35:*.mpeg=01;35:*.m2v=01;35:*.mkv=01;35:*.webm=01;35:*.ogm=01;35:*.mp4=01;35:*.m4v=01;35:*.mp4v=01;35:*.vob=01;35:*.qt=01;35:*.nuv=01;35:*.wmv=01;35:*.asf=01;35:*.rm=01;35:*.rmvb=01;35:*.flc=01;35:*.avi=01;35:*.fli=01;35:*.flv=01;35:*.gl=01;35:*.dl=01;35:*.xcf=01;35:*.xwd=01;35:*.yuv=01;35:*.cgm=01;35:*.emf=01;35:*.ogv=01;35:*.ogx=01;35:*.aac=00;36:*.au=00;36:*.flac=00;36:*.m4a=00;36:*.mid=00;36:*.midi=00;36:*.mka=00;36:*.mp3=00;36:*.mpc=00;36:*.ogg=00;36:*.ra=00;36:*.wav=00;36:*.oga=00;36:*.opus=00;36:*.spx=00;36:*.xspf=00;36:', 'OROCOS_TARGET': 'gnulinux', 'CMAKE_PREFIX_PATH': '/opt/pal/gallium:/opt/ros/noetic', 'GAZEBO_RESOURCE_PATH': '/opt/pal/gallium/share/tiago_gazebo:/opt/pal/gallium/share/pal_gazebo_worlds/../pal_gazebo_worlds_private:/opt/pal/gallium/share/pal_gazebo_worlds/:/home/pal/ros_ws/src/va50:', 'ROS_WORKSPACE': '/home/pal/ros_ws', 'LESSCLOSE': '/usr/bin/lesspipe %s %s', 'PYTHONPATH': '/opt/pal/gallium/lib/python3/dist-packages:/opt/ros/noetic/lib/python3/dist-packages', 'TERM': 'xterm', 'VISP_INPUT_IMAGE_PATH': '/home/pal/visp-ws/visp-images', 'LESSOPEN': '| /usr/bin/lesspipe %s', 'USER': 'pal', 'RTT_COMPONENT_PATH': '/opt/pal/gallium/lib/orocos', 'DISPLAY': ':0', 'SHLVL': '1', 'PAL_DISTRO': 'gallium', 'ROS_MASTER_URI': 'http://localhost:11311/', 'LD_LIBRARY_PATH': '/opt/pal/gallium/lib:/opt/pal/gallium/lib/x86_64-linux-gnu:/opt/ros/noetic/lib:/opt/ros/noetic/lib/x86_64-linux-gnu:/usr/local/lib', 'GAZEBO_MODEL_PATH': '/opt/pal/gallium/share/tiago_gazebo/models:/opt/pal/gallium/share/pal_gazebo_worlds/../pal_gazebo_worlds_private/models:/opt/pal/gallium/share/pal_gazebo_worlds/models:/home/pal/ros_ws/src/va50/models:', 'PATH': '/opt/pal/gallium/bin:/opt/ros/noetic/bin:/opt/pal/gallium/lib/pal_debian_utils/:/usr/local/sbin:/usr/local/bin:/usr/sbin:/usr/bin:/sbin:/bin', 'LUA_PATH': ';;/opt/pal/gallium/share/lua/5.1/?.lua;/opt/pal/gallium/share/lua/5.1/?.lua;/opt/pal/gallium/share/lua/5.1/?.lua;/opt/pal/gallium/share/lua/5.1/?.lua;/opt/pal/gallium/share/lua/5.1/?.lua', 'DEBIAN_FRONTEND': 'noninteractive', 'ROS_ROOT': '/opt/ros/noetic/share/ros', 'ROS_DISTRO': 'noetic', 'QT_X11_NO_MITSHM': '1', 'OLDPWD': '/home/pal/ros_ws/src/image_bridge', '_': '/opt/ros/noetic/bin/roslaunch', 'LC_CTYPE': 'C.UTF-8', 'ROS_LOG_FILENAME': '/home/pal/.ros/log/2516c386-d12f-11f0-b32a-9c2f9d99f7eb/roslaunch-epan-tiago-noetic-ssh-2368.log', 'LC_NUMERIC': 'C'}]
[roslaunch][INFO] 2025-12-04 20:12:46,022: process[gazebo-1]: args[['/opt/pal/gallium/lib/gazebo_ros/gzserver', '-e', 'ode', 'worlds/pick_and_place.world', '__name:=gazebo']]
[roslaunch][INFO] 2025-12-04 20:12:46,022: ... created process [gazebo-1]
[roslaunch.pmon][INFO] 2025-12-04 20:12:46,022: ProcessMonitor.register[gazebo-1]
[roslaunch.pmon][INFO] 2025-12-04 20:12:46,022: ProcessMonitor.register[gazebo-1] complete
[roslaunch][INFO] 2025-12-04 20:12:46,022: ... registered process [gazebo-1]
[roslaunch][INFO] 2025-12-04 20:12:46,022: process[gazebo-1]: starting os process
[roslaunch][INFO] 2025-12-04 20:12:46,022: process[gazebo-1]: start w/ args [['/opt/pal/gallium/lib/gazebo_ros/gzserver', '-e', 'ode', 'worlds/pick_and_place.world', '__name:=gazebo', '__log:=/home/pal/.ros/log/2516c386-d12f-11f0-b32a-9c2f9d99f7eb/gazebo-1.log']]
[roslaunch][INFO] 2025-12-04 20:12:46,022: process[gazebo-1]: cwd will be [/home/pal/.ros]
[roslaunch][INFO] 2025-12-04 20:12:46,030: process[gazebo-1]: started with pid [2416]
[roslaunch][INFO] 2025-12-04 20:12:46,030: ... successfully launched [gazebo-1]
[roslaunch][INFO] 2025-12-04 20:12:46,030: ... preparing to launch node of type [gazebo_ros/gzclient]
[roslaunch][INFO] 2025-12-04 20:12:46,030: create_node_process: package[gazebo_ros] type[gzclient] machine[Machine(name[] env_loader[None] address[localhost] ssh_port[22] user[None] assignable[True] timeout[10.0])] master_uri[http://localhost:11311/]
[roslaunch][INFO] 2025-12-04 20:12:46,030: process[gazebo_gui-2]: env[{'ROS_VERSION': '1', 'DISABLE_ROS1_EOL_WARNINGS': '1', 'PKG_CONFIG_PATH': '/opt/pal/gallium/lib/pkgconfig:/opt/pal/gallium/lib/x86_64-linux-gnu/pkgconfig:/opt/ros/noetic/lib/pkgconfig:/opt/ros/noetic/lib/x86_64-linux-gnu/pkgconfig', 'ROS_PYTHON_VERSION': '3', 'HOSTNAME': 'epan-tiago-noetic-ssh', 'VISP_WS': '/home/pal/visp-ws', 'ROS_PACKAGE_PATH': '/opt/pal/gallium/share:/opt/ros/noetic/share', 'ROSLISP_PACKAGE_DIRECTORIES': '', 'PWD': '/home/pal/ros_ws/src', 'XAUTHORITY': '', 'TZ': 'Europe/Paris', 'ROS_IP': '127.0.0.1', 'HOME': '/home/pal', 'ROS_ETC_DIR': '/opt/ros/noetic/etc/ros', 'LS_COLORS': 'rs=0:di=01;34:ln=01;36:mh=00:pi=40;33:so=01;35:do=01;35:bd=40;33;01:cd=40;33;01:or=40;31;01:mi=00:su=37;41:sg=30;43:ca=30;41:tw=30;42:ow=34;42:st=37;44:ex=01;32:*.tar=01;31:*.tgz=01;31:*.arc=01;31:*.arj=01;31:*.taz=01;31:*.lha=01;31:*.lz4=01;31:*.lzh=01;31:*.lzma=01;31:*.tlz=01;31:*.txz=01;31:*.tzo=01;31:*.t7z=01;31:*.zip=01;31:*.z=01;31:*.dz=01;31:*.gz=01;31:*.lrz=01;31:*.lz=01;31:*.lzo=01;31:*.xz=01;31:*.zst=01;31:*.tzst=01;31:*.bz2=01;31:*.bz=01;31:*.tbz=01;31:*.tbz2=01;31:*.tz=01;31:*.deb=01;31:*.rpm=01;31:*.jar=01;31:*.war=01;31:*.ear=01;31:*.sar=01;31:*.rar=01;31:*.alz=01;31:*.ace=01;31:*.zoo=01;31:*.cpio=01;31:*.7z=01;31:*.rz=01;31:*.cab=01;31:*.wim=01;31:*.swm=01;31:*.dwm=01;31:*.esd=01;31:*.jpg=01;35:*.jpeg=01;35:*.mjpg=01;35:*.mjpeg=01;35:*.gif=01;35:*.bmp=01;35:*.pbm=01;35:*.pgm=01;35:*.ppm=01;35:*.tga=01;35:*.xbm=01;35:*.xpm=01;35:*.tif=01;35:*.tiff=01;35:*.png=01;35:*.svg=01;35:*.svgz=01;35:*.mng=01;35:*.pcx=01;35:*.mov=01;35:*.mpg=01;35:*.mpeg=01;35:*.m2v=01;35:*.mkv=01;35:*.webm=01;35:*.ogm=01;35:*.mp4=01;35:*.m4v=01;35:*.mp4v=01;35:*.vob=01;35:*.qt=01;35:*.nuv=01;35:*.wmv=01;35:*.asf=01;35:*.rm=01;35:*.rmvb=01;35:*.flc=01;35:*.avi=01;35:*.fli=01;35:*.flv=01;35:*.gl=01;35:*.dl=01;35:*.xcf=01;35:*.xwd=01;35:*.yuv=01;35:*.cgm=01;35:*.emf=01;35:*.ogv=01;35:*.ogx=01;35:*.aac=00;36:*.au=00;36:*.flac=00;36:*.m4a=00;36:*.mid=00;36:*.midi=00;36:*.mka=00;36:*.mp3=00;36:*.mpc=00;36:*.ogg=00;36:*.ra=00;36:*.wav=00;36:*.oga=00;36:*.opus=00;36:*.spx=00;36:*.xspf=00;36:', 'OROCOS_TARGET': 'gnulinux', 'CMAKE_PREFIX_PATH': '/opt/pal/gallium:/opt/ros/noetic', 'GAZEBO_RESOURCE_PATH': '/opt/pal/gallium/share/tiago_gazebo:/opt/pal/gallium/share/pal_gazebo_worlds/../pal_gazebo_worlds_private:/opt/pal/gallium/share/pal_gazebo_worlds/:/home/pal/ros_ws/src/va50:', 'ROS_WORKSPACE': '/home/pal/ros_ws', 'LESSCLOSE': '/usr/bin/lesspipe %s %s', 'PYTHONPATH': '/opt/pal/gallium/lib/python3/dist-packages:/opt/ros/noetic/lib/python3/dist-packages', 'TERM': 'xterm', 'VISP_INPUT_IMAGE_PATH': '/home/pal/visp-ws/visp-images', 'LESSOPEN': '| /usr/bin/lesspipe %s', 'USER': 'pal', 'RTT_COMPONENT_PATH': '/opt/pal/gallium/lib/orocos', 'DISPLAY': ':0', 'SHLVL': '1', 'PAL_DISTRO': 'gallium', 'ROS_MASTER_URI': 'http://localhost:11311/', 'LD_LIBRARY_PATH': '/opt/pal/gallium/lib:/opt/pal/gallium/lib/x86_64-linux-gnu:/opt/ros/noetic/lib:/opt/ros/noetic/lib/x86_64-linux-gnu:/usr/local/lib', 'GAZEBO_MODEL_PATH': '/opt/pal/gallium/share/tiago_gazebo/models:/opt/pal/gallium/share/pal_gazebo_worlds/../pal_gazebo_worlds_private/models:/opt/pal/gallium/share/pal_gazebo_worlds/models:/home/pal/ros_ws/src/va50/models:', 'PATH': '/opt/pal/gallium/bin:/opt/ros/noetic/bin:/opt/pal/gallium/lib/pal_debian_utils/:/usr/local/sbin:/usr/local/bin:/usr/sbin:/usr/bin:/sbin:/bin', 'LUA_PATH': ';;/opt/pal/gallium/share/lua/5.1/?.lua;/opt/pal/gallium/share/lua/5.1/?.lua;/opt/pal/gallium/share/lua/5.1/?.lua;/opt/pal/gallium/share/lua/5.1/?.lua;/opt/pal/gallium/share/lua/5.1/?.lua', 'DEBIAN_FRONTEND': 'noninteractive', 'ROS_ROOT': '/opt/ros/noetic/share/ros', 'ROS_DISTRO': 'noetic', 'QT_X11_NO_MITSHM': '1', 'OLDPWD': '/home/pal/ros_ws/src/image_bridge', '_': '/opt/ros/noetic/bin/roslaunch', 'LC_CTYPE': 'C.UTF-8', 'ROS_LOG_FILENAME': '/home/pal/.ros/log/2516c386-d12f-11f0-b32a-9c2f9d99f7eb/roslaunch-epan-tiago-noetic-ssh-2368.log', 'LC_NUMERIC': 'C'}]
[roslaunch][INFO] 2025-12-04 20:12:46,031: process[gazebo_gui-2]: args[['/opt/pal/gallium/lib/gazebo_ros/gzclient', '__name:=gazebo_gui']]
[roslaunch][INFO] 2025-12-04 20:12:46,031: ... created process [gazebo_gui-2]
[roslaunch.pmon][INFO] 2025-12-04 20:12:46,031: ProcessMonitor.register[gazebo_gui-2]
[roslaunch.pmon][INFO] 2025-12-04 20:12:46,032: ProcessMonitor.register[gazebo_gui-2] complete
[roslaunch][INFO] 2025-12-04 20:12:46,032: ... registered process [gazebo_gui-2]
[roslaunch][INFO] 2025-12-04 20:12:46,032: process[gazebo_gui-2]: starting os process
[roslaunch][INFO] 2025-12-04 20:12:46,032: process[gazebo_gui-2]: start w/ args [['/opt/pal/gallium/lib/gazebo_ros/gzclient', '__name:=gazebo_gui', '__log:=/home/pal/.ros/log/2516c386-d12f-11f0-b32a-9c2f9d99f7eb/gazebo_gui-2.log']]
[roslaunch][INFO] 2025-12-04 20:12:46,032: process[gazebo_gui-2]: cwd will be [/home/pal/.ros]
[roslaunch][INFO] 2025-12-04 20:12:46,039: process[gazebo_gui-2]: started with pid [2419]
[roslaunch][INFO] 2025-12-04 20:12:46,040: ... successfully launched [gazebo_gui-2]
[roslaunch][INFO] 2025-12-04 20:12:46,040: ... preparing to launch node of type [gazebo_ros/spawn_model]
[roslaunch][INFO] 2025-12-04 20:12:46,040: create_node_process: package[gazebo_ros] type[spawn_model] machine[Machine(name[] env_loader[None] address[localhost] ssh_port[22] user[None] assignable[True] timeout[10.0])] master_uri[http://localhost:11311/]
[roslaunch][INFO] 2025-12-04 20:12:46,040: process[spawn_model-3]: env[{'ROS_VERSION': '1', 'DISABLE_ROS1_EOL_WARNINGS': '1', 'PKG_CONFIG_PATH': '/opt/pal/gallium/lib/pkgconfig:/opt/pal/gallium/lib/x86_64-linux-gnu/pkgconfig:/opt/ros/noetic/lib/pkgconfig:/opt/ros/noetic/lib/x86_64-linux-gnu/pkgconfig', 'ROS_PYTHON_VERSION': '3', 'HOSTNAME': 'epan-tiago-noetic-ssh', 'VISP_WS': '/home/pal/visp-ws', 'ROS_PACKAGE_PATH': '/opt/pal/gallium/share:/opt/ros/noetic/share', 'ROSLISP_PACKAGE_DIRECTORIES': '', 'PWD': '/home/pal/ros_ws/src', 'XAUTHORITY': '', 'TZ': 'Europe/Paris', 'ROS_IP': '127.0.0.1', 'HOME': '/home/pal', 'ROS_ETC_DIR': '/opt/ros/noetic/etc/ros', 'LS_COLORS': 'rs=0:di=01;34:ln=01;36:mh=00:pi=40;33:so=01;35:do=01;35:bd=40;33;01:cd=40;33;01:or=40;31;01:mi=00:su=37;41:sg=30;43:ca=30;41:tw=30;42:ow=34;42:st=37;44:ex=01;32:*.tar=01;31:*.tgz=01;31:*.arc=01;31:*.arj=01;31:*.taz=01;31:*.lha=01;31:*.lz4=01;31:*.lzh=01;31:*.lzma=01;31:*.tlz=01;31:*.txz=01;31:*.tzo=01;31:*.t7z=01;31:*.zip=01;31:*.z=01;31:*.dz=01;31:*.gz=01;31:*.lrz=01;31:*.lz=01;31:*.lzo=01;31:*.xz=01;31:*.zst=01;31:*.tzst=01;31:*.bz2=01;31:*.bz=01;31:*.tbz=01;31:*.tbz2=01;31:*.tz=01;31:*.deb=01;31:*.rpm=01;31:*.jar=01;31:*.war=01;31:*.ear=01;31:*.sar=01;31:*.rar=01;31:*.alz=01;31:*.ace=01;31:*.zoo=01;31:*.cpio=01;31:*.7z=01;31:*.rz=01;31:*.cab=01;31:*.wim=01;31:*.swm=01;31:*.dwm=01;31:*.esd=01;31:*.jpg=01;35:*.jpeg=01;35:*.mjpg=01;35:*.mjpeg=01;35:*.gif=01;35:*.bmp=01;35:*.pbm=01;35:*.pgm=01;35:*.ppm=01;35:*.tga=01;35:*.xbm=01;35:*.xpm=01;35:*.tif=01;35:*.tiff=01;35:*.png=01;35:*.svg=01;35:*.svgz=01;35:*.mng=01;35:*.pcx=01;35:*.mov=01;35:*.mpg=01;35:*.mpeg=01;35:*.m2v=01;35:*.mkv=01;35:*.webm=01;35:*.ogm=01;35:*.mp4=01;35:*.m4v=01;35:*.mp4v=01;35:*.vob=01;35:*.qt=01;35:*.nuv=01;35:*.wmv=01;35:*.asf=01;35:*.rm=01;35:*.rmvb=01;35:*.flc=01;35:*.avi=01;35:*.fli=01;35:*.flv=01;35:*.gl=01;35:*.dl=01;35:*.xcf=01;35:*.xwd=01;35:*.yuv=01;35:*.cgm=01;35:*.emf=01;35:*.ogv=01;35:*.ogx=01;35:*.aac=00;36:*.au=00;36:*.flac=00;36:*.m4a=00;36:*.mid=00;36:*.midi=00;36:*.mka=00;36:*.mp3=00;36:*.mpc=00;36:*.ogg=00;36:*.ra=00;36:*.wav=00;36:*.oga=00;36:*.opus=00;36:*.spx=00;36:*.xspf=00;36:', 'OROCOS_TARGET': 'gnulinux', 'CMAKE_PREFIX_PATH': '/opt/pal/gallium:/opt/ros/noetic', 'GAZEBO_RESOURCE_PATH': '/home/pal/ros_ws/src/va50:', 'ROS_WORKSPACE': '/home/pal/ros_ws', 'LESSCLOSE': '/usr/bin/lesspipe %s %s', 'PYTHONPATH': '/opt/pal/gallium/lib/python3/dist-packages:/opt/ros/noetic/lib/python3/dist-packages', 'TERM': 'xterm', 'VISP_INPUT_IMAGE_PATH': '/home/pal/visp-ws/visp-images', 'LESSOPEN': '| /usr/bin/lesspipe %s', 'USER': 'pal', 'RTT_COMPONENT_PATH': '/opt/pal/gallium/lib/orocos', 'DISPLAY': ':0', 'SHLVL': '1', 'PAL_DISTRO': 'gallium', 'ROS_MASTER_URI': 'http://localhost:11311/', 'LD_LIBRARY_PATH': '/opt/pal/gallium/lib:/opt/pal/gallium/lib/x86_64-linux-gnu:/opt/ros/noetic/lib:/opt/ros/noetic/lib/x86_64-linux-gnu:/usr/local/lib', 'GAZEBO_MODEL_PATH': '/home/pal/ros_ws/src/va50/models:', 'PATH': '/opt/pal/gallium/bin:/opt/ros/noetic/bin:/opt/pal/gallium/lib/pal_debian_utils/:/usr/local/sbin:/usr/local/bin:/usr/sbin:/usr/bin:/sbin:/bin', 'LUA_PATH': ';;/opt/pal/gallium/share/lua/5.1/?.lua;/opt/pal/gallium/share/lua/5.1/?.lua;/opt/pal/gallium/share/lua/5.1/?.lua;/opt/pal/gallium/share/lua/5.1/?.lua;/opt/pal/gallium/share/lua/5.1/?.lua', 'DEBIAN_FRONTEND': 'noninteractive', 'ROS_ROOT': '/opt/ros/noetic/share/ros', 'ROS_DISTRO': 'noetic', 'QT_X11_NO_MITSHM': '1', 'OLDPWD': '/home/pal/ros_ws/src/image_bridge', '_': '/opt/ros/noetic/bin/roslaunch', 'LC_CTYPE': 'C.UTF-8', 'ROS_LOG_FILENAME': '/home/pal/.ros/log/2516c386-d12f-11f0-b32a-9c2f9d99f7eb/roslaunch-epan-tiago-noetic-ssh-2368.log', 'LC_NUMERIC': 'C'}]
[roslaunch][INFO] 2025-12-04 20:12:46,041: process[spawn_model-3]: args[['/opt/pal/gallium/lib/gazebo_ros/spawn_model', '-urdf', '-param', 'robot_description', '-x', '0.0', '-y', '0.0', '-z', '0.0', '-R', '0.0', '-P', '0.0', '-Y', '0.0', '-model', 'tiago', '__name:=spawn_model']]
[roslaunch][INFO] 2025-12-04 20:12:46,041: ... created process [spawn_model-3]
[roslaunch.pmon][INFO] 2025-12-04 20:12:46,041: ProcessMonitor.register[spawn_model-3]
[roslaunch.pmon][INFO] 2025-12-04 20:12:46,041: ProcessMonitor.register[spawn_model-3] complete
[roslaunch][INFO] 2025-12-04 20:12:46,041: ... registered process [spawn_model-3]
[roslaunch][INFO] 2025-12-04 20:12:46,041: process[spawn_model-3]: starting os process
[roslaunch][INFO] 2025-12-04 20:12:46,042: process[spawn_model-3]: start w/ args [['/opt/pal/gallium/lib/gazebo_ros/spawn_model', '-urdf', '-param', 'robot_description', '-x', '0.0', '-y', '0.0', '-z', '0.0', '-R', '0.0', '-P', '0.0', '-Y', '0.0', '-model', 'tiago', '__name:=spawn_model', '__log:=/home/pal/.ros/log/2516c386-d12f-11f0-b32a-9c2f9d99f7eb/spawn_model-3.log']]
[roslaunch][INFO] 2025-12-04 20:12:46,042: process[spawn_model-3]: cwd will be [/home/pal/.ros]
[roslaunch][INFO] 2025-12-04 20:12:46,054: process[spawn_model-3]: started with pid [2423]
[roslaunch][INFO] 2025-12-04 20:12:46,055: ... successfully launched [spawn_model-3]
[roslaunch][INFO] 2025-12-04 20:12:46,056: ... preparing to launch node of type [controller_manager/spawner]
[roslaunch][INFO] 2025-12-04 20:12:46,058: create_node_process: package[controller_manager] type[spawner] machine[Machine(name[] env_loader[None] address[localhost] ssh_port[22] user[None] assignable[True] timeout[10.0])] master_uri[http://localhost:11311/]
[roslaunch][INFO] 2025-12-04 20:12:46,058: process[default_controllers_spawner-4]: env[{'ROS_VERSION': '1', 'DISABLE_ROS1_EOL_WARNINGS': '1', 'PKG_CONFIG_PATH': '/opt/pal/gallium/lib/pkgconfig:/opt/pal/gallium/lib/x86_64-linux-gnu/pkgconfig:/opt/ros/noetic/lib/pkgconfig:/opt/ros/noetic/lib/x86_64-linux-gnu/pkgconfig', 'ROS_PYTHON_VERSION': '3', 'HOSTNAME': 'epan-tiago-noetic-ssh', 'VISP_WS': '/home/pal/visp-ws', 'ROS_PACKAGE_PATH': '/opt/pal/gallium/share:/opt/ros/noetic/share', 'ROSLISP_PACKAGE_DIRECTORIES': '', 'PWD': '/home/pal/ros_ws/src', 'XAUTHORITY': '', 'TZ': 'Europe/Paris', 'ROS_IP': '127.0.0.1', 'HOME': '/home/pal', 'ROS_ETC_DIR': '/opt/ros/noetic/etc/ros', 'LS_COLORS': 'rs=0:di=01;34:ln=01;36:mh=00:pi=40;33:so=01;35:do=01;35:bd=40;33;01:cd=40;33;01:or=40;31;01:mi=00:su=37;41:sg=30;43:ca=30;41:tw=30;42:ow=34;42:st=37;44:ex=01;32:*.tar=01;31:*.tgz=01;31:*.arc=01;31:*.arj=01;31:*.taz=01;31:*.lha=01;31:*.lz4=01;31:*.lzh=01;31:*.lzma=01;31:*.tlz=01;31:*.txz=01;31:*.tzo=01;31:*.t7z=01;31:*.zip=01;31:*.z=01;31:*.dz=01;31:*.gz=01;31:*.lrz=01;31:*.lz=01;31:*.lzo=01;31:*.xz=01;31:*.zst=01;31:*.tzst=01;31:*.bz2=01;31:*.bz=01;31:*.tbz=01;31:*.tbz2=01;31:*.tz=01;31:*.deb=01;31:*.rpm=01;31:*.jar=01;31:*.war=01;31:*.ear=01;31:*.sar=01;31:*.rar=01;31:*.alz=01;31:*.ace=01;31:*.zoo=01;31:*.cpio=01;31:*.7z=01;31:*.rz=01;31:*.cab=01;31:*.wim=01;31:*.swm=01;31:*.dwm=01;31:*.esd=01;31:*.jpg=01;35:*.jpeg=01;35:*.mjpg=01;35:*.mjpeg=01;35:*.gif=01;35:*.bmp=01;35:*.pbm=01;35:*.pgm=01;35:*.ppm=01;35:*.tga=01;35:*.xbm=01;35:*.xpm=01;35:*.tif=01;35:*.tiff=01;35:*.png=01;35:*.svg=01;35:*.svgz=01;35:*.mng=01;35:*.pcx=01;35:*.mov=01;35:*.mpg=01;35:*.mpeg=01;35:*.m2v=01;35:*.mkv=01;35:*.webm=01;35:*.ogm=01;35:*.mp4=01;35:*.m4v=01;35:*.mp4v=01;35:*.vob=01;35:*.qt=01;35:*.nuv=01;35:*.wmv=01;35:*.asf=01;35:*.rm=01;35:*.rmvb=01;35:*.flc=01;35:*.avi=01;35:*.fli=01;35:*.flv=01;35:*.gl=01;35:*.dl=01;35:*.xcf=01;35:*.xwd=01;35:*.yuv=01;35:*.cgm=01;35:*.emf=01;35:*.ogv=01;35:*.ogx=01;35:*.aac=00;36:*.au=00;36:*.flac=00;36:*.m4a=00;36:*.mid=00;36:*.midi=00;36:*.mka=00;36:*.mp3=00;36:*.mpc=00;36:*.ogg=00;36:*.ra=00;36:*.wav=00;36:*.oga=00;36:*.opus=00;36:*.spx=00;36:*.xspf=00;36:', 'OROCOS_TARGET': 'gnulinux', 'CMAKE_PREFIX_PATH': '/opt/pal/gallium:/opt/ros/noetic', 'GAZEBO_RESOURCE_PATH': '/home/pal/ros_ws/src/va50:', 'ROS_WORKSPACE': '/home/pal/ros_ws', 'LESSCLOSE': '/usr/bin/lesspipe %s %s', 'PYTHONPATH': '/opt/pal/gallium/lib/python3/dist-packages:/opt/ros/noetic/lib/python3/dist-packages', 'TERM': 'xterm', 'VISP_INPUT_IMAGE_PATH': '/home/pal/visp-ws/visp-images', 'LESSOPEN': '| /usr/bin/lesspipe %s', 'USER': 'pal', 'RTT_COMPONENT_PATH': '/opt/pal/gallium/lib/orocos', 'DISPLAY': ':0', 'SHLVL': '1', 'PAL_DISTRO': 'gallium', 'ROS_MASTER_URI': 'http://localhost:11311/', 'LD_LIBRARY_PATH': '/opt/pal/gallium/lib:/opt/pal/gallium/lib/x86_64-linux-gnu:/opt/ros/noetic/lib:/opt/ros/noetic/lib/x86_64-linux-gnu:/usr/local/lib', 'GAZEBO_MODEL_PATH': '/home/pal/ros_ws/src/va50/models:', 'PATH': '/opt/pal/gallium/bin:/opt/ros/noetic/bin:/opt/pal/gallium/lib/pal_debian_utils/:/usr/local/sbin:/usr/local/bin:/usr/sbin:/usr/bin:/sbin:/bin', 'LUA_PATH': ';;/opt/pal/gallium/share/lua/5.1/?.lua;/opt/pal/gallium/share/lua/5.1/?.lua;/opt/pal/gallium/share/lua/5.1/?.lua;/opt/pal/gallium/share/lua/5.1/?.lua;/opt/pal/gallium/share/lua/5.1/?.lua', 'DEBIAN_FRONTEND': 'noninteractive', 'ROS_ROOT': '/opt/ros/noetic/share/ros', 'ROS_DISTRO': 'noetic', 'QT_X11_NO_MITSHM': '1', 'OLDPWD': '/home/pal/ros_ws/src/image_bridge', '_': '/opt/ros/noetic/bin/roslaunch', 'LC_CTYPE': 'C.UTF-8', 'ROS_LOG_FILENAME': '/home/pal/.ros/log/2516c386-d12f-11f0-b32a-9c2f9d99f7eb/roslaunch-epan-tiago-noetic-ssh-2368.log', 'LC_NUMERIC': 'C'}]
[roslaunch][INFO] 2025-12-04 20:12:46,062: process[default_controllers_spawner-4]: args[['/opt/pal/gallium/lib/controller_manager/spawner', '--timeout', '120', 'joint_state_controller', 'torso_controller', 'head_controller', 'arm_controller', 'mobile_base_controller', '__name:=default_controllers_spawner']]
[roslaunch][INFO] 2025-12-04 20:12:46,062: ... created process [default_controllers_spawner-4]
[roslaunch.pmon][INFO] 2025-12-04 20:12:46,062: ProcessMonitor.register[default_controllers_spawner-4]
[roslaunch.pmon][INFO] 2025-12-04 20:12:46,063: ProcessMonitor.register[default_controllers_spawner-4] complete
[roslaunch][INFO] 2025-12-04 20:12:46,063: ... registered process [default_controllers_spawner-4]
[roslaunch][INFO] 2025-12-04 20:12:46,063: process[default_controllers_spawner-4]: starting os process
[roslaunch][INFO] 2025-12-04 20:12:46,063: process[default_controllers_spawner-4]: start w/ args [['/opt/pal/gallium/lib/controller_manager/spawner', '--timeout', '120', 'joint_state_controller', 'torso_controller', 'head_controller', 'arm_controller', 'mobile_base_controller', '__name:=default_controllers_spawner', '__log:=/home/pal/.ros/log/2516c386-d12f-11f0-b32a-9c2f9d99f7eb/default_controllers_spawner-4.log']]
[roslaunch][INFO] 2025-12-04 20:12:46,064: process[default_controllers_spawner-4]: cwd will be [/home/pal/.ros]
[roslaunch][INFO] 2025-12-04 20:12:46,074: process[default_controllers_spawner-4]: started with pid [2426]
[roslaunch][INFO] 2025-12-04 20:12:46,075: ... successfully launched [default_controllers_spawner-4]
[roslaunch][INFO] 2025-12-04 20:12:46,076: ... preparing to launch node of type [head_action/head_action]
[roslaunch][INFO] 2025-12-04 20:12:46,076: create_node_process: package[head_action] type[head_action] machine[Machine(name[] env_loader[None] address[localhost] ssh_port[22] user[None] assignable[True] timeout[10.0])] master_uri[http://localhost:11311/]
[roslaunch][INFO] 2025-12-04 20:12:46,076: process[head_controller/point_head_action-5]: env[{'ROS_VERSION': '1', 'DISABLE_ROS1_EOL_WARNINGS': '1', 'PKG_CONFIG_PATH': '/opt/pal/gallium/lib/pkgconfig:/opt/pal/gallium/lib/x86_64-linux-gnu/pkgconfig:/opt/ros/noetic/lib/pkgconfig:/opt/ros/noetic/lib/x86_64-linux-gnu/pkgconfig', 'ROS_PYTHON_VERSION': '3', 'HOSTNAME': 'epan-tiago-noetic-ssh', 'VISP_WS': '/home/pal/visp-ws', 'ROS_PACKAGE_PATH': '/opt/pal/gallium/share:/opt/ros/noetic/share', 'ROSLISP_PACKAGE_DIRECTORIES': '', 'PWD': '/home/pal/ros_ws/src', 'XAUTHORITY': '', 'TZ': 'Europe/Paris', 'ROS_IP': '127.0.0.1', 'HOME': '/home/pal', 'ROS_ETC_DIR': '/opt/ros/noetic/etc/ros', 'LS_COLORS': 'rs=0:di=01;34:ln=01;36:mh=00:pi=40;33:so=01;35:do=01;35:bd=40;33;01:cd=40;33;01:or=40;31;01:mi=00:su=37;41:sg=30;43:ca=30;41:tw=30;42:ow=34;42:st=37;44:ex=01;32:*.tar=01;31:*.tgz=01;31:*.arc=01;31:*.arj=01;31:*.taz=01;31:*.lha=01;31:*.lz4=01;31:*.lzh=01;31:*.lzma=01;31:*.tlz=01;31:*.txz=01;31:*.tzo=01;31:*.t7z=01;31:*.zip=01;31:*.z=01;31:*.dz=01;31:*.gz=01;31:*.lrz=01;31:*.lz=01;31:*.lzo=01;31:*.xz=01;31:*.zst=01;31:*.tzst=01;31:*.bz2=01;31:*.bz=01;31:*.tbz=01;31:*.tbz2=01;31:*.tz=01;31:*.deb=01;31:*.rpm=01;31:*.jar=01;31:*.war=01;31:*.ear=01;31:*.sar=01;31:*.rar=01;31:*.alz=01;31:*.ace=01;31:*.zoo=01;31:*.cpio=01;31:*.7z=01;31:*.rz=01;31:*.cab=01;31:*.wim=01;31:*.swm=01;31:*.dwm=01;31:*.esd=01;31:*.jpg=01;35:*.jpeg=01;35:*.mjpg=01;35:*.mjpeg=01;35:*.gif=01;35:*.bmp=01;35:*.pbm=01;35:*.pgm=01;35:*.ppm=01;35:*.tga=01;35:*.xbm=01;35:*.xpm=01;35:*.tif=01;35:*.tiff=01;35:*.png=01;35:*.svg=01;35:*.svgz=01;35:*.mng=01;35:*.pcx=01;35:*.mov=01;35:*.mpg=01;35:*.mpeg=01;35:*.m2v=01;35:*.mkv=01;35:*.webm=01;35:*.ogm=01;35:*.mp4=01;35:*.m4v=01;35:*.mp4v=01;35:*.vob=01;35:*.qt=01;35:*.nuv=01;35:*.wmv=01;35:*.asf=01;35:*.rm=01;35:*.rmvb=01;35:*.flc=01;35:*.avi=01;35:*.fli=01;35:*.flv=01;35:*.gl=01;35:*.dl=01;35:*.xcf=01;35:*.xwd=01;35:*.yuv=01;35:*.cgm=01;35:*.emf=01;35:*.ogv=01;35:*.ogx=01;35:*.aac=00;36:*.au=00;36:*.flac=00;36:*.m4a=00;36:*.mid=00;36:*.midi=00;36:*.mka=00;36:*.mp3=00;36:*.mpc=00;36:*.ogg=00;36:*.ra=00;36:*.wav=00;36:*.oga=00;36:*.opus=00;36:*.spx=00;36:*.xspf=00;36:', 'OROCOS_TARGET': 'gnulinux', 'CMAKE_PREFIX_PATH': '/opt/pal/gallium:/opt/ros/noetic', 'GAZEBO_RESOURCE_PATH': '/home/pal/ros_ws/src/va50:', 'ROS_WORKSPACE': '/home/pal/ros_ws', 'LESSCLOSE': '/usr/bin/lesspipe %s %s', 'PYTHONPATH': '/opt/pal/gallium/lib/python3/dist-packages:/opt/ros/noetic/lib/python3/dist-packages', 'TERM': 'xterm', 'VISP_INPUT_IMAGE_PATH': '/home/pal/visp-ws/visp-images', 'LESSOPEN': '| /usr/bin/lesspipe %s', 'USER': 'pal', 'RTT_COMPONENT_PATH': '/opt/pal/gallium/lib/orocos', 'DISPLAY': ':0', 'SHLVL': '1', 'PAL_DISTRO': 'gallium', 'ROS_MASTER_URI': 'http://localhost:11311/', 'LD_LIBRARY_PATH': '/opt/pal/gallium/lib:/opt/pal/gallium/lib/x86_64-linux-gnu:/opt/ros/noetic/lib:/opt/ros/noetic/lib/x86_64-linux-gnu:/usr/local/lib', 'GAZEBO_MODEL_PATH': '/home/pal/ros_ws/src/va50/models:', 'PATH': '/opt/pal/gallium/bin:/opt/ros/noetic/bin:/opt/pal/gallium/lib/pal_debian_utils/:/usr/local/sbin:/usr/local/bin:/usr/sbin:/usr/bin:/sbin:/bin', 'LUA_PATH': ';;/opt/pal/gallium/share/lua/5.1/?.lua;/opt/pal/gallium/share/lua/5.1/?.lua;/opt/pal/gallium/share/lua/5.1/?.lua;/opt/pal/gallium/share/lua/5.1/?.lua;/opt/pal/gallium/share/lua/5.1/?.lua', 'DEBIAN_FRONTEND': 'noninteractive', 'ROS_ROOT': '/opt/ros/noetic/share/ros', 'ROS_DISTRO': 'noetic', 'QT_X11_NO_MITSHM': '1', 'OLDPWD': '/home/pal/ros_ws/src/image_bridge', '_': '/opt/ros/noetic/bin/roslaunch', 'LC_CTYPE': 'C.UTF-8', 'ROS_LOG_FILENAME': '/home/pal/.ros/log/2516c386-d12f-11f0-b32a-9c2f9d99f7eb/roslaunch-epan-tiago-noetic-ssh-2368.log', 'ROS_NAMESPACE': '/head_controller', 'LC_NUMERIC': 'C'}]
[roslaunch][INFO] 2025-12-04 20:12:46,078: process[head_controller/point_head_action-5]: args[['/opt/pal/gallium/lib/head_action/head_action', '__name:=point_head_action']]
[roslaunch][INFO] 2025-12-04 20:12:46,079: ... created process [head_controller/point_head_action-5]
[roslaunch.pmon][INFO] 2025-12-04 20:12:46,079: ProcessMonitor.register[head_controller/point_head_action-5]
[roslaunch.pmon][INFO] 2025-12-04 20:12:46,079: ProcessMonitor.register[head_controller/point_head_action-5] complete
[roslaunch][INFO] 2025-12-04 20:12:46,079: ... registered process [head_controller/point_head_action-5]
[roslaunch][INFO] 2025-12-04 20:12:46,079: process[head_controller/point_head_action-5]: starting os process
[roslaunch][INFO] 2025-12-04 20:12:46,079: process[head_controller/point_head_action-5]: start w/ args [['/opt/pal/gallium/lib/head_action/head_action', '__name:=point_head_action', '__log:=/home/pal/.ros/log/2516c386-d12f-11f0-b32a-9c2f9d99f7eb/head_controller-point_head_action-5.log']]
[roslaunch][INFO] 2025-12-04 20:12:46,079: process[head_controller/point_head_action-5]: cwd will be [/home/pal/.ros]
[roslaunch][INFO] 2025-12-04 20:12:46,098: process[head_controller/point_head_action-5]: started with pid [2428]
[roslaunch][INFO] 2025-12-04 20:12:46,100: ... successfully launched [head_controller/point_head_action-5]
[roslaunch][INFO] 2025-12-04 20:12:46,100: ... preparing to launch node of type [controller_manager/spawner]
[roslaunch][INFO] 2025-12-04 20:12:46,100: create_node_process: package[controller_manager] type[spawner] machine[Machine(name[] env_loader[None] address[localhost] ssh_port[22] user[None] assignable[True] timeout[10.0])] master_uri[http://localhost:11311/]
[roslaunch][INFO] 2025-12-04 20:12:46,103: process[bringup_controllers_spawner_imu-6]: env[{'ROS_VERSION': '1', 'DISABLE_ROS1_EOL_WARNINGS': '1', 'PKG_CONFIG_PATH': '/opt/pal/gallium/lib/pkgconfig:/opt/pal/gallium/lib/x86_64-linux-gnu/pkgconfig:/opt/ros/noetic/lib/pkgconfig:/opt/ros/noetic/lib/x86_64-linux-gnu/pkgconfig', 'ROS_PYTHON_VERSION': '3', 'HOSTNAME': 'epan-tiago-noetic-ssh', 'VISP_WS': '/home/pal/visp-ws', 'ROS_PACKAGE_PATH': '/opt/pal/gallium/share:/opt/ros/noetic/share', 'ROSLISP_PACKAGE_DIRECTORIES': '', 'PWD': '/home/pal/ros_ws/src', 'XAUTHORITY': '', 'TZ': 'Europe/Paris', 'ROS_IP': '127.0.0.1', 'HOME': '/home/pal', 'ROS_ETC_DIR': '/opt/ros/noetic/etc/ros', 'LS_COLORS': 'rs=0:di=01;34:ln=01;36:mh=00:pi=40;33:so=01;35:do=01;35:bd=40;33;01:cd=40;33;01:or=40;31;01:mi=00:su=37;41:sg=30;43:ca=30;41:tw=30;42:ow=34;42:st=37;44:ex=01;32:*.tar=01;31:*.tgz=01;31:*.arc=01;31:*.arj=01;31:*.taz=01;31:*.lha=01;31:*.lz4=01;31:*.lzh=01;31:*.lzma=01;31:*.tlz=01;31:*.txz=01;31:*.tzo=01;31:*.t7z=01;31:*.zip=01;31:*.z=01;31:*.dz=01;31:*.gz=01;31:*.lrz=01;31:*.lz=01;31:*.lzo=01;31:*.xz=01;31:*.zst=01;31:*.tzst=01;31:*.bz2=01;31:*.bz=01;31:*.tbz=01;31:*.tbz2=01;31:*.tz=01;31:*.deb=01;31:*.rpm=01;31:*.jar=01;31:*.war=01;31:*.ear=01;31:*.sar=01;31:*.rar=01;31:*.alz=01;31:*.ace=01;31:*.zoo=01;31:*.cpio=01;31:*.7z=01;31:*.rz=01;31:*.cab=01;31:*.wim=01;31:*.swm=01;31:*.dwm=01;31:*.esd=01;31:*.jpg=01;35:*.jpeg=01;35:*.mjpg=01;35:*.mjpeg=01;35:*.gif=01;35:*.bmp=01;35:*.pbm=01;35:*.pgm=01;35:*.ppm=01;35:*.tga=01;35:*.xbm=01;35:*.xpm=01;35:*.tif=01;35:*.tiff=01;35:*.png=01;35:*.svg=01;35:*.svgz=01;35:*.mng=01;35:*.pcx=01;35:*.mov=01;35:*.mpg=01;35:*.mpeg=01;35:*.m2v=01;35:*.mkv=01;35:*.webm=01;35:*.ogm=01;35:*.mp4=01;35:*.m4v=01;35:*.mp4v=01;35:*.vob=01;35:*.qt=01;35:*.nuv=01;35:*.wmv=01;35:*.asf=01;35:*.rm=01;35:*.rmvb=01;35:*.flc=01;35:*.avi=01;35:*.fli=01;35:*.flv=01;35:*.gl=01;35:*.dl=01;35:*.xcf=01;35:*.xwd=01;35:*.yuv=01;35:*.cgm=01;35:*.emf=01;35:*.ogv=01;35:*.ogx=01;35:*.aac=00;36:*.au=00;36:*.flac=00;36:*.m4a=00;36:*.mid=00;36:*.midi=00;36:*.mka=00;36:*.mp3=00;36:*.mpc=00;36:*.ogg=00;36:*.ra=00;36:*.wav=00;36:*.oga=00;36:*.opus=00;36:*.spx=00;36:*.xspf=00;36:', 'OROCOS_TARGET': 'gnulinux', 'CMAKE_PREFIX_PATH': '/opt/pal/gallium:/opt/ros/noetic', 'GAZEBO_RESOURCE_PATH': '/home/pal/ros_ws/src/va50:', 'ROS_WORKSPACE': '/home/pal/ros_ws', 'LESSCLOSE': '/usr/bin/lesspipe %s %s', 'PYTHONPATH': '/opt/pal/gallium/lib/python3/dist-packages:/opt/ros/noetic/lib/python3/dist-packages', 'TERM': 'xterm', 'VISP_INPUT_IMAGE_PATH': '/home/pal/visp-ws/visp-images', 'LESSOPEN': '| /usr/bin/lesspipe %s', 'USER': 'pal', 'RTT_COMPONENT_PATH': '/opt/pal/gallium/lib/orocos', 'DISPLAY': ':0', 'SHLVL': '1', 'PAL_DISTRO': 'gallium', 'ROS_MASTER_URI': 'http://localhost:11311/', 'LD_LIBRARY_PATH': '/opt/pal/gallium/lib:/opt/pal/gallium/lib/x86_64-linux-gnu:/opt/ros/noetic/lib:/opt/ros/noetic/lib/x86_64-linux-gnu:/usr/local/lib', 'GAZEBO_MODEL_PATH': '/home/pal/ros_ws/src/va50/models:', 'PATH': '/opt/pal/gallium/bin:/opt/ros/noetic/bin:/opt/pal/gallium/lib/pal_debian_utils/:/usr/local/sbin:/usr/local/bin:/usr/sbin:/usr/bin:/sbin:/bin', 'LUA_PATH': ';;/opt/pal/gallium/share/lua/5.1/?.lua;/opt/pal/gallium/share/lua/5.1/?.lua;/opt/pal/gallium/share/lua/5.1/?.lua;/opt/pal/gallium/share/lua/5.1/?.lua;/opt/pal/gallium/share/lua/5.1/?.lua', 'DEBIAN_FRONTEND': 'noninteractive', 'ROS_ROOT': '/opt/ros/noetic/share/ros', 'ROS_DISTRO': 'noetic', 'QT_X11_NO_MITSHM': '1', 'OLDPWD': '/home/pal/ros_ws/src/image_bridge', '_': '/opt/ros/noetic/bin/roslaunch', 'LC_CTYPE': 'C.UTF-8', 'ROS_LOG_FILENAME': '/home/pal/.ros/log/2516c386-d12f-11f0-b32a-9c2f9d99f7eb/roslaunch-epan-tiago-noetic-ssh-2368.log', 'LC_NUMERIC': 'C'}]
[roslaunch][INFO] 2025-12-04 20:12:46,106: process[bringup_controllers_spawner_imu-6]: args[['/opt/pal/gallium/lib/controller_manager/spawner', 'imu_sensor_controller', '__name:=bringup_controllers_spawner_imu']]
[roslaunch][INFO] 2025-12-04 20:12:46,107: ... created process [bringup_controllers_spawner_imu-6]
[roslaunch.pmon][INFO] 2025-12-04 20:12:46,107: ProcessMonitor.register[bringup_controllers_spawner_imu-6]
[roslaunch.pmon][INFO] 2025-12-04 20:12:46,108: ProcessMonitor.register[bringup_controllers_spawner_imu-6] complete
[roslaunch][INFO] 2025-12-04 20:12:46,108: ... registered process [bringup_controllers_spawner_imu-6]
[roslaunch][INFO] 2025-12-04 20:12:46,108: process[bringup_controllers_spawner_imu-6]: starting os process
[roslaunch][INFO] 2025-12-04 20:12:46,108: process[bringup_controllers_spawner_imu-6]: start w/ args [['/opt/pal/gallium/lib/controller_manager/spawner', 'imu_sensor_controller', '__name:=bringup_controllers_spawner_imu', '__log:=/home/pal/.ros/log/2516c386-d12f-11f0-b32a-9c2f9d99f7eb/bringup_controllers_spawner_imu-6.log']]
[roslaunch][INFO] 2025-12-04 20:12:46,108: process[bringup_controllers_spawner_imu-6]: cwd will be [/home/pal/.ros]
[roslaunch][INFO] 2025-12-04 20:12:46,122: process[bringup_controllers_spawner_imu-6]: started with pid [2429]
[roslaunch][INFO] 2025-12-04 20:12:46,123: ... successfully launched [bringup_controllers_spawner_imu-6]
[roslaunch][INFO] 2025-12-04 20:12:46,123: ... preparing to launch node of type [controller_manager/spawner]
[roslaunch][INFO] 2025-12-04 20:12:46,124: create_node_process: package[controller_manager] type[spawner] machine[Machine(name[] env_loader[None] address[localhost] ssh_port[22] user[None] assignable[True] timeout[10.0])] master_uri[http://localhost:11311/]
[roslaunch][INFO] 2025-12-04 20:12:46,124: process[bringup_controllers_spawner_ft-7]: env[{'ROS_VERSION': '1', 'DISABLE_ROS1_EOL_WARNINGS': '1', 'PKG_CONFIG_PATH': '/opt/pal/gallium/lib/pkgconfig:/opt/pal/gallium/lib/x86_64-linux-gnu/pkgconfig:/opt/ros/noetic/lib/pkgconfig:/opt/ros/noetic/lib/x86_64-linux-gnu/pkgconfig', 'ROS_PYTHON_VERSION': '3', 'HOSTNAME': 'epan-tiago-noetic-ssh', 'VISP_WS': '/home/pal/visp-ws', 'ROS_PACKAGE_PATH': '/opt/pal/gallium/share:/opt/ros/noetic/share', 'ROSLISP_PACKAGE_DIRECTORIES': '', 'PWD': '/home/pal/ros_ws/src', 'XAUTHORITY': '', 'TZ': 'Europe/Paris', 'ROS_IP': '127.0.0.1', 'HOME': '/home/pal', 'ROS_ETC_DIR': '/opt/ros/noetic/etc/ros', 'LS_COLORS': 'rs=0:di=01;34:ln=01;36:mh=00:pi=40;33:so=01;35:do=01;35:bd=40;33;01:cd=40;33;01:or=40;31;01:mi=00:su=37;41:sg=30;43:ca=30;41:tw=30;42:ow=34;42:st=37;44:ex=01;32:*.tar=01;31:*.tgz=01;31:*.arc=01;31:*.arj=01;31:*.taz=01;31:*.lha=01;31:*.lz4=01;31:*.lzh=01;31:*.lzma=01;31:*.tlz=01;31:*.txz=01;31:*.tzo=01;31:*.t7z=01;31:*.zip=01;31:*.z=01;31:*.dz=01;31:*.gz=01;31:*.lrz=01;31:*.lz=01;31:*.lzo=01;31:*.xz=01;31:*.zst=01;31:*.tzst=01;31:*.bz2=01;31:*.bz=01;31:*.tbz=01;31:*.tbz2=01;31:*.tz=01;31:*.deb=01;31:*.rpm=01;31:*.jar=01;31:*.war=01;31:*.ear=01;31:*.sar=01;31:*.rar=01;31:*.alz=01;31:*.ace=01;31:*.zoo=01;31:*.cpio=01;31:*.7z=01;31:*.rz=01;31:*.cab=01;31:*.wim=01;31:*.swm=01;31:*.dwm=01;31:*.esd=01;31:*.jpg=01;35:*.jpeg=01;35:*.mjpg=01;35:*.mjpeg=01;35:*.gif=01;35:*.bmp=01;35:*.pbm=01;35:*.pgm=01;35:*.ppm=01;35:*.tga=01;35:*.xbm=01;35:*.xpm=01;35:*.tif=01;35:*.tiff=01;35:*.png=01;35:*.svg=01;35:*.svgz=01;35:*.mng=01;35:*.pcx=01;35:*.mov=01;35:*.mpg=01;35:*.mpeg=01;35:*.m2v=01;35:*.mkv=01;35:*.webm=01;35:*.ogm=01;35:*.mp4=01;35:*.m4v=01;35:*.mp4v=01;35:*.vob=01;35:*.qt=01;35:*.nuv=01;35:*.wmv=01;35:*.asf=01;35:*.rm=01;35:*.rmvb=01;35:*.flc=01;35:*.avi=01;35:*.fli=01;35:*.flv=01;35:*.gl=01;35:*.dl=01;35:*.xcf=01;35:*.xwd=01;35:*.yuv=01;35:*.cgm=01;35:*.emf=01;35:*.ogv=01;35:*.ogx=01;35:*.aac=00;36:*.au=00;36:*.flac=00;36:*.m4a=00;36:*.mid=00;36:*.midi=00;36:*.mka=00;36:*.mp3=00;36:*.mpc=00;36:*.ogg=00;36:*.ra=00;36:*.wav=00;36:*.oga=00;36:*.opus=00;36:*.spx=00;36:*.xspf=00;36:', 'OROCOS_TARGET': 'gnulinux', 'CMAKE_PREFIX_PATH': '/opt/pal/gallium:/opt/ros/noetic', 'GAZEBO_RESOURCE_PATH': '/home/pal/ros_ws/src/va50:', 'ROS_WORKSPACE': '/home/pal/ros_ws', 'LESSCLOSE': '/usr/bin/lesspipe %s %s', 'PYTHONPATH': '/opt/pal/gallium/lib/python3/dist-packages:/opt/ros/noetic/lib/python3/dist-packages', 'TERM': 'xterm', 'VISP_INPUT_IMAGE_PATH': '/home/pal/visp-ws/visp-images', 'LESSOPEN': '| /usr/bin/lesspipe %s', 'USER': 'pal', 'RTT_COMPONENT_PATH': '/opt/pal/gallium/lib/orocos', 'DISPLAY': ':0', 'SHLVL': '1', 'PAL_DISTRO': 'gallium', 'ROS_MASTER_URI': 'http://localhost:11311/', 'LD_LIBRARY_PATH': '/opt/pal/gallium/lib:/opt/pal/gallium/lib/x86_64-linux-gnu:/opt/ros/noetic/lib:/opt/ros/noetic/lib/x86_64-linux-gnu:/usr/local/lib', 'GAZEBO_MODEL_PATH': '/home/pal/ros_ws/src/va50/models:', 'PATH': '/opt/pal/gallium/bin:/opt/ros/noetic/bin:/opt/pal/gallium/lib/pal_debian_utils/:/usr/local/sbin:/usr/local/bin:/usr/sbin:/usr/bin:/sbin:/bin', 'LUA_PATH': ';;/opt/pal/gallium/share/lua/5.1/?.lua;/opt/pal/gallium/share/lua/5.1/?.lua;/opt/pal/gallium/share/lua/5.1/?.lua;/opt/pal/gallium/share/lua/5.1/?.lua;/opt/pal/gallium/share/lua/5.1/?.lua', 'DEBIAN_FRONTEND': 'noninteractive', 'ROS_ROOT': '/opt/ros/noetic/share/ros', 'ROS_DISTRO': 'noetic', 'QT_X11_NO_MITSHM': '1', 'OLDPWD': '/home/pal/ros_ws/src/image_bridge', '_': '/opt/ros/noetic/bin/roslaunch', 'LC_CTYPE': 'C.UTF-8', 'ROS_LOG_FILENAME': '/home/pal/.ros/log/2516c386-d12f-11f0-b32a-9c2f9d99f7eb/roslaunch-epan-tiago-noetic-ssh-2368.log', 'LC_NUMERIC': 'C'}]
[roslaunch][INFO] 2025-12-04 20:12:46,125: process[bringup_controllers_spawner_ft-7]: args[['/opt/pal/gallium/lib/controller_manager/spawner', 'force_torque_sensor_controller', '__name:=bringup_controllers_spawner_ft']]
[roslaunch][INFO] 2025-12-04 20:12:46,126: ... created process [bringup_controllers_spawner_ft-7]
[roslaunch.pmon][INFO] 2025-12-04 20:12:46,126: ProcessMonitor.register[bringup_controllers_spawner_ft-7]
[roslaunch.pmon][INFO] 2025-12-04 20:12:46,127: ProcessMonitor.register[bringup_controllers_spawner_ft-7] complete
[roslaunch][INFO] 2025-12-04 20:12:46,127: ... registered process [bringup_controllers_spawner_ft-7]
[roslaunch][INFO] 2025-12-04 20:12:46,128: process[bringup_controllers_spawner_ft-7]: starting os process
[roslaunch][INFO] 2025-12-04 20:12:46,128: process[bringup_controllers_spawner_ft-7]: start w/ args [['/opt/pal/gallium/lib/controller_manager/spawner', 'force_torque_sensor_controller', '__name:=bringup_controllers_spawner_ft', '__log:=/home/pal/.ros/log/2516c386-d12f-11f0-b32a-9c2f9d99f7eb/bringup_controllers_spawner_ft-7.log']]
[roslaunch][INFO] 2025-12-04 20:12:46,128: process[bringup_controllers_spawner_ft-7]: cwd will be [/home/pal/.ros]
[roslaunch][INFO] 2025-12-04 20:12:46,141: process[bringup_controllers_spawner_ft-7]: started with pid [2430]
[roslaunch][INFO] 2025-12-04 20:12:46,143: ... successfully launched [bringup_controllers_spawner_ft-7]
[roslaunch][INFO] 2025-12-04 20:12:46,144: ... preparing to launch node of type [controller_manager/spawner]
[roslaunch][INFO] 2025-12-04 20:12:46,144: create_node_process: package[controller_manager] type[spawner] machine[Machine(name[] env_loader[None] address[localhost] ssh_port[22] user[None] assignable[True] timeout[10.0])] master_uri[http://localhost:11311/]
[roslaunch][INFO] 2025-12-04 20:12:46,146: process[hand_controller_spawner-8]: env[{'ROS_VERSION': '1', 'DISABLE_ROS1_EOL_WARNINGS': '1', 'PKG_CONFIG_PATH': '/opt/pal/gallium/lib/pkgconfig:/opt/pal/gallium/lib/x86_64-linux-gnu/pkgconfig:/opt/ros/noetic/lib/pkgconfig:/opt/ros/noetic/lib/x86_64-linux-gnu/pkgconfig', 'ROS_PYTHON_VERSION': '3', 'HOSTNAME': 'epan-tiago-noetic-ssh', 'VISP_WS': '/home/pal/visp-ws', 'ROS_PACKAGE_PATH': '/opt/pal/gallium/share:/opt/ros/noetic/share', 'ROSLISP_PACKAGE_DIRECTORIES': '', 'PWD': '/home/pal/ros_ws/src', 'XAUTHORITY': '', 'TZ': 'Europe/Paris', 'ROS_IP': '127.0.0.1', 'HOME': '/home/pal', 'ROS_ETC_DIR': '/opt/ros/noetic/etc/ros', 'LS_COLORS': 'rs=0:di=01;34:ln=01;36:mh=00:pi=40;33:so=01;35:do=01;35:bd=40;33;01:cd=40;33;01:or=40;31;01:mi=00:su=37;41:sg=30;43:ca=30;41:tw=30;42:ow=34;42:st=37;44:ex=01;32:*.tar=01;31:*.tgz=01;31:*.arc=01;31:*.arj=01;31:*.taz=01;31:*.lha=01;31:*.lz4=01;31:*.lzh=01;31:*.lzma=01;31:*.tlz=01;31:*.txz=01;31:*.tzo=01;31:*.t7z=01;31:*.zip=01;31:*.z=01;31:*.dz=01;31:*.gz=01;31:*.lrz=01;31:*.lz=01;31:*.lzo=01;31:*.xz=01;31:*.zst=01;31:*.tzst=01;31:*.bz2=01;31:*.bz=01;31:*.tbz=01;31:*.tbz2=01;31:*.tz=01;31:*.deb=01;31:*.rpm=01;31:*.jar=01;31:*.war=01;31:*.ear=01;31:*.sar=01;31:*.rar=01;31:*.alz=01;31:*.ace=01;31:*.zoo=01;31:*.cpio=01;31:*.7z=01;31:*.rz=01;31:*.cab=01;31:*.wim=01;31:*.swm=01;31:*.dwm=01;31:*.esd=01;31:*.jpg=01;35:*.jpeg=01;35:*.mjpg=01;35:*.mjpeg=01;35:*.gif=01;35:*.bmp=01;35:*.pbm=01;35:*.pgm=01;35:*.ppm=01;35:*.tga=01;35:*.xbm=01;35:*.xpm=01;35:*.tif=01;35:*.tiff=01;35:*.png=01;35:*.svg=01;35:*.svgz=01;35:*.mng=01;35:*.pcx=01;35:*.mov=01;35:*.mpg=01;35:*.mpeg=01;35:*.m2v=01;35:*.mkv=01;35:*.webm=01;35:*.ogm=01;35:*.mp4=01;35:*.m4v=01;35:*.mp4v=01;35:*.vob=01;35:*.qt=01;35:*.nuv=01;35:*.wmv=01;35:*.asf=01;35:*.rm=01;35:*.rmvb=01;35:*.flc=01;35:*.avi=01;35:*.fli=01;35:*.flv=01;35:*.gl=01;35:*.dl=01;35:*.xcf=01;35:*.xwd=01;35:*.yuv=01;35:*.cgm=01;35:*.emf=01;35:*.ogv=01;35:*.ogx=01;35:*.aac=00;36:*.au=00;36:*.flac=00;36:*.m4a=00;36:*.mid=00;36:*.midi=00;36:*.mka=00;36:*.mp3=00;36:*.mpc=00;36:*.ogg=00;36:*.ra=00;36:*.wav=00;36:*.oga=00;36:*.opus=00;36:*.spx=00;36:*.xspf=00;36:', 'OROCOS_TARGET': 'gnulinux', 'CMAKE_PREFIX_PATH': '/opt/pal/gallium:/opt/ros/noetic', 'GAZEBO_RESOURCE_PATH': '/home/pal/ros_ws/src/va50:', 'ROS_WORKSPACE': '/home/pal/ros_ws', 'LESSCLOSE': '/usr/bin/lesspipe %s %s', 'PYTHONPATH': '/opt/pal/gallium/lib/python3/dist-packages:/opt/ros/noetic/lib/python3/dist-packages', 'TERM': 'xterm', 'VISP_INPUT_IMAGE_PATH': '/home/pal/visp-ws/visp-images', 'LESSOPEN': '| /usr/bin/lesspipe %s', 'USER': 'pal', 'RTT_COMPONENT_PATH': '/opt/pal/gallium/lib/orocos', 'DISPLAY': ':0', 'SHLVL': '1', 'PAL_DISTRO': 'gallium', 'ROS_MASTER_URI': 'http://localhost:11311/', 'LD_LIBRARY_PATH': '/opt/pal/gallium/lib:/opt/pal/gallium/lib/x86_64-linux-gnu:/opt/ros/noetic/lib:/opt/ros/noetic/lib/x86_64-linux-gnu:/usr/local/lib', 'GAZEBO_MODEL_PATH': '/home/pal/ros_ws/src/va50/models:', 'PATH': '/opt/pal/gallium/bin:/opt/ros/noetic/bin:/opt/pal/gallium/lib/pal_debian_utils/:/usr/local/sbin:/usr/local/bin:/usr/sbin:/usr/bin:/sbin:/bin', 'LUA_PATH': ';;/opt/pal/gallium/share/lua/5.1/?.lua;/opt/pal/gallium/share/lua/5.1/?.lua;/opt/pal/gallium/share/lua/5.1/?.lua;/opt/pal/gallium/share/lua/5.1/?.lua;/opt/pal/gallium/share/lua/5.1/?.lua', 'DEBIAN_FRONTEND': 'noninteractive', 'ROS_ROOT': '/opt/ros/noetic/share/ros', 'ROS_DISTRO': 'noetic', 'QT_X11_NO_MITSHM': '1', 'OLDPWD': '/home/pal/ros_ws/src/image_bridge', '_': '/opt/ros/noetic/bin/roslaunch', 'LC_CTYPE': 'C.UTF-8', 'ROS_LOG_FILENAME': '/home/pal/.ros/log/2516c386-d12f-11f0-b32a-9c2f9d99f7eb/roslaunch-epan-tiago-noetic-ssh-2368.log', 'LC_NUMERIC': 'C'}]
[roslaunch][INFO] 2025-12-04 20:12:46,147: process[hand_controller_spawner-8]: args[['/opt/pal/gallium/lib/controller_manager/spawner', '--timeout', '120', 'hand_controller', '__name:=hand_controller_spawner']]
[roslaunch][INFO] 2025-12-04 20:12:46,148: ... created process [hand_controller_spawner-8]
[roslaunch.pmon][INFO] 2025-12-04 20:12:46,148: ProcessMonitor.register[hand_controller_spawner-8]
[roslaunch.pmon][INFO] 2025-12-04 20:12:46,149: ProcessMonitor.register[hand_controller_spawner-8] complete
[roslaunch][INFO] 2025-12-04 20:12:46,149: ... registered process [hand_controller_spawner-8]
[roslaunch][INFO] 2025-12-04 20:12:46,149: process[hand_controller_spawner-8]: starting os process
[roslaunch][INFO] 2025-12-04 20:12:46,150: process[hand_controller_spawner-8]: start w/ args [['/opt/pal/gallium/lib/controller_manager/spawner', '--timeout', '120', 'hand_controller', '__name:=hand_controller_spawner', '__log:=/home/pal/.ros/log/2516c386-d12f-11f0-b32a-9c2f9d99f7eb/hand_controller_spawner-8.log']]
[roslaunch][INFO] 2025-12-04 20:12:46,150: process[hand_controller_spawner-8]: cwd will be [/home/pal/.ros]
[roslaunch][INFO] 2025-12-04 20:12:46,166: process[hand_controller_spawner-8]: started with pid [2431]
[roslaunch][INFO] 2025-12-04 20:12:46,169: ... successfully launched [hand_controller_spawner-8]
[roslaunch][INFO] 2025-12-04 20:12:46,171: ... preparing to launch node of type [simple_grasping_action/simple_grasping_action]
[roslaunch][INFO] 2025-12-04 20:12:46,173: create_node_process: package[simple_grasping_action] type[simple_grasping_action] machine[Machine(name[] env_loader[None] address[localhost] ssh_port[22] user[None] assignable[True] timeout[10.0])] master_uri[http://localhost:11311/]
[roslaunch][INFO] 2025-12-04 20:12:46,175: process[hand_grasping_action-9]: env[{'ROS_VERSION': '1', 'DISABLE_ROS1_EOL_WARNINGS': '1', 'PKG_CONFIG_PATH': '/opt/pal/gallium/lib/pkgconfig:/opt/pal/gallium/lib/x86_64-linux-gnu/pkgconfig:/opt/ros/noetic/lib/pkgconfig:/opt/ros/noetic/lib/x86_64-linux-gnu/pkgconfig', 'ROS_PYTHON_VERSION': '3', 'HOSTNAME': 'epan-tiago-noetic-ssh', 'VISP_WS': '/home/pal/visp-ws', 'ROS_PACKAGE_PATH': '/opt/pal/gallium/share:/opt/ros/noetic/share', 'ROSLISP_PACKAGE_DIRECTORIES': '', 'PWD': '/home/pal/ros_ws/src', 'XAUTHORITY': '', 'TZ': 'Europe/Paris', 'ROS_IP': '127.0.0.1', 'HOME': '/home/pal', 'ROS_ETC_DIR': '/opt/ros/noetic/etc/ros', 'LS_COLORS': 'rs=0:di=01;34:ln=01;36:mh=00:pi=40;33:so=01;35:do=01;35:bd=40;33;01:cd=40;33;01:or=40;31;01:mi=00:su=37;41:sg=30;43:ca=30;41:tw=30;42:ow=34;42:st=37;44:ex=01;32:*.tar=01;31:*.tgz=01;31:*.arc=01;31:*.arj=01;31:*.taz=01;31:*.lha=01;31:*.lz4=01;31:*.lzh=01;31:*.lzma=01;31:*.tlz=01;31:*.txz=01;31:*.tzo=01;31:*.t7z=01;31:*.zip=01;31:*.z=01;31:*.dz=01;31:*.gz=01;31:*.lrz=01;31:*.lz=01;31:*.lzo=01;31:*.xz=01;31:*.zst=01;31:*.tzst=01;31:*.bz2=01;31:*.bz=01;31:*.tbz=01;31:*.tbz2=01;31:*.tz=01;31:*.deb=01;31:*.rpm=01;31:*.jar=01;31:*.war=01;31:*.ear=01;31:*.sar=01;31:*.rar=01;31:*.alz=01;31:*.ace=01;31:*.zoo=01;31:*.cpio=01;31:*.7z=01;31:*.rz=01;31:*.cab=01;31:*.wim=01;31:*.swm=01;31:*.dwm=01;31:*.esd=01;31:*.jpg=01;35:*.jpeg=01;35:*.mjpg=01;35:*.mjpeg=01;35:*.gif=01;35:*.bmp=01;35:*.pbm=01;35:*.pgm=01;35:*.ppm=01;35:*.tga=01;35:*.xbm=01;35:*.xpm=01;35:*.tif=01;35:*.tiff=01;35:*.png=01;35:*.svg=01;35:*.svgz=01;35:*.mng=01;35:*.pcx=01;35:*.mov=01;35:*.mpg=01;35:*.mpeg=01;35:*.m2v=01;35:*.mkv=01;35:*.webm=01;35:*.ogm=01;35:*.mp4=01;35:*.m4v=01;35:*.mp4v=01;35:*.vob=01;35:*.qt=01;35:*.nuv=01;35:*.wmv=01;35:*.asf=01;35:*.rm=01;35:*.rmvb=01;35:*.flc=01;35:*.avi=01;35:*.fli=01;35:*.flv=01;35:*.gl=01;35:*.dl=01;35:*.xcf=01;35:*.xwd=01;35:*.yuv=01;35:*.cgm=01;35:*.emf=01;35:*.ogv=01;35:*.ogx=01;35:*.aac=00;36:*.au=00;36:*.flac=00;36:*.m4a=00;36:*.mid=00;36:*.midi=00;36:*.mka=00;36:*.mp3=00;36:*.mpc=00;36:*.ogg=00;36:*.ra=00;36:*.wav=00;36:*.oga=00;36:*.opus=00;36:*.spx=00;36:*.xspf=00;36:', 'OROCOS_TARGET': 'gnulinux', 'CMAKE_PREFIX_PATH': '/opt/pal/gallium:/opt/ros/noetic', 'GAZEBO_RESOURCE_PATH': '/home/pal/ros_ws/src/va50:', 'ROS_WORKSPACE': '/home/pal/ros_ws', 'LESSCLOSE': '/usr/bin/lesspipe %s %s', 'PYTHONPATH': '/opt/pal/gallium/lib/python3/dist-packages:/opt/ros/noetic/lib/python3/dist-packages', 'TERM': 'xterm', 'VISP_INPUT_IMAGE_PATH': '/home/pal/visp-ws/visp-images', 'LESSOPEN': '| /usr/bin/lesspipe %s', 'USER': 'pal', 'RTT_COMPONENT_PATH': '/opt/pal/gallium/lib/orocos', 'DISPLAY': ':0', 'SHLVL': '1', 'PAL_DISTRO': 'gallium', 'ROS_MASTER_URI': 'http://localhost:11311/', 'LD_LIBRARY_PATH': '/opt/pal/gallium/lib:/opt/pal/gallium/lib/x86_64-linux-gnu:/opt/ros/noetic/lib:/opt/ros/noetic/lib/x86_64-linux-gnu:/usr/local/lib', 'GAZEBO_MODEL_PATH': '/home/pal/ros_ws/src/va50/models:', 'PATH': '/opt/pal/gallium/bin:/opt/ros/noetic/bin:/opt/pal/gallium/lib/pal_debian_utils/:/usr/local/sbin:/usr/local/bin:/usr/sbin:/usr/bin:/sbin:/bin', 'LUA_PATH': ';;/opt/pal/gallium/share/lua/5.1/?.lua;/opt/pal/gallium/share/lua/5.1/?.lua;/opt/pal/gallium/share/lua/5.1/?.lua;/opt/pal/gallium/share/lua/5.1/?.lua;/opt/pal/gallium/share/lua/5.1/?.lua', 'DEBIAN_FRONTEND': 'noninteractive', 'ROS_ROOT': '/opt/ros/noetic/share/ros', 'ROS_DISTRO': 'noetic', 'QT_X11_NO_MITSHM': '1', 'OLDPWD': '/home/pal/ros_ws/src/image_bridge', '_': '/opt/ros/noetic/bin/roslaunch', 'LC_CTYPE': 'C.UTF-8', 'ROS_LOG_FILENAME': '/home/pal/.ros/log/2516c386-d12f-11f0-b32a-9c2f9d99f7eb/roslaunch-epan-tiago-noetic-ssh-2368.log', 'LC_NUMERIC': 'C'}]
[roslaunch][INFO] 2025-12-04 20:12:46,180: process[hand_grasping_action-9]: args[['/opt/pal/gallium/lib/simple_grasping_action/simple_grasping_action', '__name:=hand_grasping_action']]
[roslaunch][INFO] 2025-12-04 20:12:46,182: ... created process [hand_grasping_action-9]
[roslaunch.pmon][INFO] 2025-12-04 20:12:46,182: ProcessMonitor.register[hand_grasping_action-9]
[roslaunch.pmon][INFO] 2025-12-04 20:12:46,182: ProcessMonitor.register[hand_grasping_action-9] complete
[roslaunch][INFO] 2025-12-04 20:12:46,182: ... registered process [hand_grasping_action-9]
[roslaunch][INFO] 2025-12-04 20:12:46,182: process[hand_grasping_action-9]: starting os process
[roslaunch][INFO] 2025-12-04 20:12:46,183: process[hand_grasping_action-9]: start w/ args [['/opt/pal/gallium/lib/simple_grasping_action/simple_grasping_action', '__name:=hand_grasping_action', '__log:=/home/pal/.ros/log/2516c386-d12f-11f0-b32a-9c2f9d99f7eb/hand_grasping_action-9.log']]
[roslaunch][INFO] 2025-12-04 20:12:46,183: process[hand_grasping_action-9]: cwd will be [/home/pal/.ros]
[roslaunch][INFO] 2025-12-04 20:12:46,216: process[hand_grasping_action-9]: started with pid [2449]
[roslaunch][INFO] 2025-12-04 20:12:46,217: ... successfully launched [hand_grasping_action-9]
[roslaunch][INFO] 2025-12-04 20:12:46,217: ... preparing to launch node of type [play_motion/play_motion]
[roslaunch][INFO] 2025-12-04 20:12:46,218: create_node_process: package[play_motion] type[play_motion] machine[Machine(name[] env_loader[None] address[localhost] ssh_port[22] user[None] assignable[True] timeout[10.0])] master_uri[http://localhost:11311/]
[roslaunch][INFO] 2025-12-04 20:12:46,221: process[play_motion-10]: env[{'ROS_VERSION': '1', 'DISABLE_ROS1_EOL_WARNINGS': '1', 'PKG_CONFIG_PATH': '/opt/pal/gallium/lib/pkgconfig:/opt/pal/gallium/lib/x86_64-linux-gnu/pkgconfig:/opt/ros/noetic/lib/pkgconfig:/opt/ros/noetic/lib/x86_64-linux-gnu/pkgconfig', 'ROS_PYTHON_VERSION': '3', 'HOSTNAME': 'epan-tiago-noetic-ssh', 'VISP_WS': '/home/pal/visp-ws', 'ROS_PACKAGE_PATH': '/opt/pal/gallium/share:/opt/ros/noetic/share', 'ROSLISP_PACKAGE_DIRECTORIES': '', 'PWD': '/home/pal/ros_ws/src', 'XAUTHORITY': '', 'TZ': 'Europe/Paris', 'ROS_IP': '127.0.0.1', 'HOME': '/home/pal', 'ROS_ETC_DIR': '/opt/ros/noetic/etc/ros', 'LS_COLORS': 'rs=0:di=01;34:ln=01;36:mh=00:pi=40;33:so=01;35:do=01;35:bd=40;33;01:cd=40;33;01:or=40;31;01:mi=00:su=37;41:sg=30;43:ca=30;41:tw=30;42:ow=34;42:st=37;44:ex=01;32:*.tar=01;31:*.tgz=01;31:*.arc=01;31:*.arj=01;31:*.taz=01;31:*.lha=01;31:*.lz4=01;31:*.lzh=01;31:*.lzma=01;31:*.tlz=01;31:*.txz=01;31:*.tzo=01;31:*.t7z=01;31:*.zip=01;31:*.z=01;31:*.dz=01;31:*.gz=01;31:*.lrz=01;31:*.lz=01;31:*.lzo=01;31:*.xz=01;31:*.zst=01;31:*.tzst=01;31:*.bz2=01;31:*.bz=01;31:*.tbz=01;31:*.tbz2=01;31:*.tz=01;31:*.deb=01;31:*.rpm=01;31:*.jar=01;31:*.war=01;31:*.ear=01;31:*.sar=01;31:*.rar=01;31:*.alz=01;31:*.ace=01;31:*.zoo=01;31:*.cpio=01;31:*.7z=01;31:*.rz=01;31:*.cab=01;31:*.wim=01;31:*.swm=01;31:*.dwm=01;31:*.esd=01;31:*.jpg=01;35:*.jpeg=01;35:*.mjpg=01;35:*.mjpeg=01;35:*.gif=01;35:*.bmp=01;35:*.pbm=01;35:*.pgm=01;35:*.ppm=01;35:*.tga=01;35:*.xbm=01;35:*.xpm=01;35:*.tif=01;35:*.tiff=01;35:*.png=01;35:*.svg=01;35:*.svgz=01;35:*.mng=01;35:*.pcx=01;35:*.mov=01;35:*.mpg=01;35:*.mpeg=01;35:*.m2v=01;35:*.mkv=01;35:*.webm=01;35:*.ogm=01;35:*.mp4=01;35:*.m4v=01;35:*.mp4v=01;35:*.vob=01;35:*.qt=01;35:*.nuv=01;35:*.wmv=01;35:*.asf=01;35:*.rm=01;35:*.rmvb=01;35:*.flc=01;35:*.avi=01;35:*.fli=01;35:*.flv=01;35:*.gl=01;35:*.dl=01;35:*.xcf=01;35:*.xwd=01;35:*.yuv=01;35:*.cgm=01;35:*.emf=01;35:*.ogv=01;35:*.ogx=01;35:*.aac=00;36:*.au=00;36:*.flac=00;36:*.m4a=00;36:*.mid=00;36:*.midi=00;36:*.mka=00;36:*.mp3=00;36:*.mpc=00;36:*.ogg=00;36:*.ra=00;36:*.wav=00;36:*.oga=00;36:*.opus=00;36:*.spx=00;36:*.xspf=00;36:', 'OROCOS_TARGET': 'gnulinux', 'CMAKE_PREFIX_PATH': '/opt/pal/gallium:/opt/ros/noetic', 'GAZEBO_RESOURCE_PATH': '/home/pal/ros_ws/src/va50:', 'ROS_WORKSPACE': '/home/pal/ros_ws', 'LESSCLOSE': '/usr/bin/lesspipe %s %s', 'PYTHONPATH': '/opt/pal/gallium/lib/python3/dist-packages:/opt/ros/noetic/lib/python3/dist-packages', 'TERM': 'xterm', 'VISP_INPUT_IMAGE_PATH': '/home/pal/visp-ws/visp-images', 'LESSOPEN': '| /usr/bin/lesspipe %s', 'USER': 'pal', 'RTT_COMPONENT_PATH': '/opt/pal/gallium/lib/orocos', 'DISPLAY': ':0', 'SHLVL': '1', 'PAL_DISTRO': 'gallium', 'ROS_MASTER_URI': 'http://localhost:11311/', 'LD_LIBRARY_PATH': '/opt/pal/gallium/lib:/opt/pal/gallium/lib/x86_64-linux-gnu:/opt/ros/noetic/lib:/opt/ros/noetic/lib/x86_64-linux-gnu:/usr/local/lib', 'GAZEBO_MODEL_PATH': '/home/pal/ros_ws/src/va50/models:', 'PATH': '/opt/pal/gallium/bin:/opt/ros/noetic/bin:/opt/pal/gallium/lib/pal_debian_utils/:/usr/local/sbin:/usr/local/bin:/usr/sbin:/usr/bin:/sbin:/bin', 'LUA_PATH': ';;/opt/pal/gallium/share/lua/5.1/?.lua;/opt/pal/gallium/share/lua/5.1/?.lua;/opt/pal/gallium/share/lua/5.1/?.lua;/opt/pal/gallium/share/lua/5.1/?.lua;/opt/pal/gallium/share/lua/5.1/?.lua', 'DEBIAN_FRONTEND': 'noninteractive', 'ROS_ROOT': '/opt/ros/noetic/share/ros', 'ROS_DISTRO': 'noetic', 'QT_X11_NO_MITSHM': '1', 'OLDPWD': '/home/pal/ros_ws/src/image_bridge', '_': '/opt/ros/noetic/bin/roslaunch', 'LC_CTYPE': 'C.UTF-8', 'ROS_LOG_FILENAME': '/home/pal/.ros/log/2516c386-d12f-11f0-b32a-9c2f9d99f7eb/roslaunch-epan-tiago-noetic-ssh-2368.log', 'LC_NUMERIC': 'C'}]
[roslaunch][INFO] 2025-12-04 20:12:46,223: process[play_motion-10]: args[['/opt/pal/gallium/lib/play_motion/play_motion', '__name:=play_motion']]
[roslaunch][INFO] 2025-12-04 20:12:46,223: ... created process [play_motion-10]
[roslaunch.pmon][INFO] 2025-12-04 20:12:46,224: ProcessMonitor.register[play_motion-10]
[roslaunch.pmon][INFO] 2025-12-04 20:12:46,225: ProcessMonitor.register[play_motion-10] complete
[roslaunch][INFO] 2025-12-04 20:12:46,226: ... registered process [play_motion-10]
[roslaunch][INFO] 2025-12-04 20:12:46,226: process[play_motion-10]: starting os process
[roslaunch][INFO] 2025-12-04 20:12:46,229: process[play_motion-10]: start w/ args [['/opt/pal/gallium/lib/play_motion/play_motion', '__name:=play_motion', '__log:=/home/pal/.ros/log/2516c386-d12f-11f0-b32a-9c2f9d99f7eb/play_motion-10.log']]
[roslaunch][INFO] 2025-12-04 20:12:46,230: process[play_motion-10]: cwd will be [/home/pal/.ros]
[roslaunch][INFO] 2025-12-04 20:12:46,251: process[play_motion-10]: started with pid [2452]
[roslaunch][INFO] 2025-12-04 20:12:46,252: ... successfully launched [play_motion-10]
[roslaunch][INFO] 2025-12-04 20:12:46,256: ... preparing to launch node of type [play_motion/is_already_there.py]
[roslaunch][INFO] 2025-12-04 20:12:46,257: create_node_process: package[play_motion] type[is_already_there.py] machine[Machine(name[] env_loader[None] address[localhost] ssh_port[22] user[None] assignable[True] timeout[10.0])] master_uri[http://localhost:11311/]
[roslaunch][INFO] 2025-12-04 20:12:46,257: process[is_already_there-11]: env[{'ROS_VERSION': '1', 'DISABLE_ROS1_EOL_WARNINGS': '1', 'PKG_CONFIG_PATH': '/opt/pal/gallium/lib/pkgconfig:/opt/pal/gallium/lib/x86_64-linux-gnu/pkgconfig:/opt/ros/noetic/lib/pkgconfig:/opt/ros/noetic/lib/x86_64-linux-gnu/pkgconfig', 'ROS_PYTHON_VERSION': '3', 'HOSTNAME': 'epan-tiago-noetic-ssh', 'VISP_WS': '/home/pal/visp-ws', 'ROS_PACKAGE_PATH': '/opt/pal/gallium/share:/opt/ros/noetic/share', 'ROSLISP_PACKAGE_DIRECTORIES': '', 'PWD': '/home/pal/ros_ws/src', 'XAUTHORITY': '', 'TZ': 'Europe/Paris', 'ROS_IP': '127.0.0.1', 'HOME': '/home/pal', 'ROS_ETC_DIR': '/opt/ros/noetic/etc/ros', 'LS_COLORS': 'rs=0:di=01;34:ln=01;36:mh=00:pi=40;33:so=01;35:do=01;35:bd=40;33;01:cd=40;33;01:or=40;31;01:mi=00:su=37;41:sg=30;43:ca=30;41:tw=30;42:ow=34;42:st=37;44:ex=01;32:*.tar=01;31:*.tgz=01;31:*.arc=01;31:*.arj=01;31:*.taz=01;31:*.lha=01;31:*.lz4=01;31:*.lzh=01;31:*.lzma=01;31:*.tlz=01;31:*.txz=01;31:*.tzo=01;31:*.t7z=01;31:*.zip=01;31:*.z=01;31:*.dz=01;31:*.gz=01;31:*.lrz=01;31:*.lz=01;31:*.lzo=01;31:*.xz=01;31:*.zst=01;31:*.tzst=01;31:*.bz2=01;31:*.bz=01;31:*.tbz=01;31:*.tbz2=01;31:*.tz=01;31:*.deb=01;31:*.rpm=01;31:*.jar=01;31:*.war=01;31:*.ear=01;31:*.sar=01;31:*.rar=01;31:*.alz=01;31:*.ace=01;31:*.zoo=01;31:*.cpio=01;31:*.7z=01;31:*.rz=01;31:*.cab=01;31:*.wim=01;31:*.swm=01;31:*.dwm=01;31:*.esd=01;31:*.jpg=01;35:*.jpeg=01;35:*.mjpg=01;35:*.mjpeg=01;35:*.gif=01;35:*.bmp=01;35:*.pbm=01;35:*.pgm=01;35:*.ppm=01;35:*.tga=01;35:*.xbm=01;35:*.xpm=01;35:*.tif=01;35:*.tiff=01;35:*.png=01;35:*.svg=01;35:*.svgz=01;35:*.mng=01;35:*.pcx=01;35:*.mov=01;35:*.mpg=01;35:*.mpeg=01;35:*.m2v=01;35:*.mkv=01;35:*.webm=01;35:*.ogm=01;35:*.mp4=01;35:*.m4v=01;35:*.mp4v=01;35:*.vob=01;35:*.qt=01;35:*.nuv=01;35:*.wmv=01;35:*.asf=01;35:*.rm=01;35:*.rmvb=01;35:*.flc=01;35:*.avi=01;35:*.fli=01;35:*.flv=01;35:*.gl=01;35:*.dl=01;35:*.xcf=01;35:*.xwd=01;35:*.yuv=01;35:*.cgm=01;35:*.emf=01;35:*.ogv=01;35:*.ogx=01;35:*.aac=00;36:*.au=00;36:*.flac=00;36:*.m4a=00;36:*.mid=00;36:*.midi=00;36:*.mka=00;36:*.mp3=00;36:*.mpc=00;36:*.ogg=00;36:*.ra=00;36:*.wav=00;36:*.oga=00;36:*.opus=00;36:*.spx=00;36:*.xspf=00;36:', 'OROCOS_TARGET': 'gnulinux', 'CMAKE_PREFIX_PATH': '/opt/pal/gallium:/opt/ros/noetic', 'GAZEBO_RESOURCE_PATH': '/home/pal/ros_ws/src/va50:', 'ROS_WORKSPACE': '/home/pal/ros_ws', 'LESSCLOSE': '/usr/bin/lesspipe %s %s', 'PYTHONPATH': '/opt/pal/gallium/lib/python3/dist-packages:/opt/ros/noetic/lib/python3/dist-packages', 'TERM': 'xterm', 'VISP_INPUT_IMAGE_PATH': '/home/pal/visp-ws/visp-images', 'LESSOPEN': '| /usr/bin/lesspipe %s', 'USER': 'pal', 'RTT_COMPONENT_PATH': '/opt/pal/gallium/lib/orocos', 'DISPLAY': ':0', 'SHLVL': '1', 'PAL_DISTRO': 'gallium', 'ROS_MASTER_URI': 'http://localhost:11311/', 'LD_LIBRARY_PATH': '/opt/pal/gallium/lib:/opt/pal/gallium/lib/x86_64-linux-gnu:/opt/ros/noetic/lib:/opt/ros/noetic/lib/x86_64-linux-gnu:/usr/local/lib', 'GAZEBO_MODEL_PATH': '/home/pal/ros_ws/src/va50/models:', 'PATH': '/opt/pal/gallium/bin:/opt/ros/noetic/bin:/opt/pal/gallium/lib/pal_debian_utils/:/usr/local/sbin:/usr/local/bin:/usr/sbin:/usr/bin:/sbin:/bin', 'LUA_PATH': ';;/opt/pal/gallium/share/lua/5.1/?.lua;/opt/pal/gallium/share/lua/5.1/?.lua;/opt/pal/gallium/share/lua/5.1/?.lua;/opt/pal/gallium/share/lua/5.1/?.lua;/opt/pal/gallium/share/lua/5.1/?.lua', 'DEBIAN_FRONTEND': 'noninteractive', 'ROS_ROOT': '/opt/ros/noetic/share/ros', 'ROS_DISTRO': 'noetic', 'QT_X11_NO_MITSHM': '1', 'OLDPWD': '/home/pal/ros_ws/src/image_bridge', '_': '/opt/ros/noetic/bin/roslaunch', 'LC_CTYPE': 'C.UTF-8', 'ROS_LOG_FILENAME': '/home/pal/.ros/log/2516c386-d12f-11f0-b32a-9c2f9d99f7eb/roslaunch-epan-tiago-noetic-ssh-2368.log', 'LC_NUMERIC': 'C'}]
[roslaunch][INFO] 2025-12-04 20:12:46,258: process[is_already_there-11]: args[['/opt/pal/gallium/lib/play_motion/is_already_there.py', '__name:=is_already_there']]
[roslaunch][INFO] 2025-12-04 20:12:46,259: ... created process [is_already_there-11]
[roslaunch.pmon][INFO] 2025-12-04 20:12:46,259: ProcessMonitor.register[is_already_there-11]
[roslaunch.pmon][INFO] 2025-12-04 20:12:46,259: ProcessMonitor.register[is_already_there-11] complete
[roslaunch][INFO] 2025-12-04 20:12:46,259: ... registered process [is_already_there-11]
[roslaunch][INFO] 2025-12-04 20:12:46,260: process[is_already_there-11]: starting os process
[roslaunch][INFO] 2025-12-04 20:12:46,260: process[is_already_there-11]: start w/ args [['/opt/pal/gallium/lib/play_motion/is_already_there.py', '__name:=is_already_there', '__log:=/home/pal/.ros/log/2516c386-d12f-11f0-b32a-9c2f9d99f7eb/is_already_there-11.log']]
[roslaunch][INFO] 2025-12-04 20:12:46,261: process[is_already_there-11]: cwd will be [/home/pal/.ros]
[roslaunch][INFO] 2025-12-04 20:12:46,278: process[is_already_there-11]: started with pid [2454]
[roslaunch][INFO] 2025-12-04 20:12:46,279: ... successfully launched [is_already_there-11]
[roslaunch][INFO] 2025-12-04 20:12:46,283: ... preparing to launch node of type [moveit_ros_move_group/move_group]
[roslaunch][INFO] 2025-12-04 20:12:46,283: create_node_process: package[moveit_ros_move_group] type[move_group] machine[Machine(name[] env_loader[None] address[localhost] ssh_port[22] user[None] assignable[True] timeout[10.0])] master_uri[http://localhost:11311/]
[roslaunch][INFO] 2025-12-04 20:12:46,284: process[move_group-12]: env[{'ROS_VERSION': '1', 'DISABLE_ROS1_EOL_WARNINGS': '1', 'PKG_CONFIG_PATH': '/opt/pal/gallium/lib/pkgconfig:/opt/pal/gallium/lib/x86_64-linux-gnu/pkgconfig:/opt/ros/noetic/lib/pkgconfig:/opt/ros/noetic/lib/x86_64-linux-gnu/pkgconfig', 'ROS_PYTHON_VERSION': '3', 'HOSTNAME': 'epan-tiago-noetic-ssh', 'VISP_WS': '/home/pal/visp-ws', 'ROS_PACKAGE_PATH': '/opt/pal/gallium/share:/opt/ros/noetic/share', 'ROSLISP_PACKAGE_DIRECTORIES': '', 'PWD': '/home/pal/ros_ws/src', 'XAUTHORITY': '', 'TZ': 'Europe/Paris', 'ROS_IP': '127.0.0.1', 'HOME': '/home/pal', 'ROS_ETC_DIR': '/opt/ros/noetic/etc/ros', 'LS_COLORS': 'rs=0:di=01;34:ln=01;36:mh=00:pi=40;33:so=01;35:do=01;35:bd=40;33;01:cd=40;33;01:or=40;31;01:mi=00:su=37;41:sg=30;43:ca=30;41:tw=30;42:ow=34;42:st=37;44:ex=01;32:*.tar=01;31:*.tgz=01;31:*.arc=01;31:*.arj=01;31:*.taz=01;31:*.lha=01;31:*.lz4=01;31:*.lzh=01;31:*.lzma=01;31:*.tlz=01;31:*.txz=01;31:*.tzo=01;31:*.t7z=01;31:*.zip=01;31:*.z=01;31:*.dz=01;31:*.gz=01;31:*.lrz=01;31:*.lz=01;31:*.lzo=01;31:*.xz=01;31:*.zst=01;31:*.tzst=01;31:*.bz2=01;31:*.bz=01;31:*.tbz=01;31:*.tbz2=01;31:*.tz=01;31:*.deb=01;31:*.rpm=01;31:*.jar=01;31:*.war=01;31:*.ear=01;31:*.sar=01;31:*.rar=01;31:*.alz=01;31:*.ace=01;31:*.zoo=01;31:*.cpio=01;31:*.7z=01;31:*.rz=01;31:*.cab=01;31:*.wim=01;31:*.swm=01;31:*.dwm=01;31:*.esd=01;31:*.jpg=01;35:*.jpeg=01;35:*.mjpg=01;35:*.mjpeg=01;35:*.gif=01;35:*.bmp=01;35:*.pbm=01;35:*.pgm=01;35:*.ppm=01;35:*.tga=01;35:*.xbm=01;35:*.xpm=01;35:*.tif=01;35:*.tiff=01;35:*.png=01;35:*.svg=01;35:*.svgz=01;35:*.mng=01;35:*.pcx=01;35:*.mov=01;35:*.mpg=01;35:*.mpeg=01;35:*.m2v=01;35:*.mkv=01;35:*.webm=01;35:*.ogm=01;35:*.mp4=01;35:*.m4v=01;35:*.mp4v=01;35:*.vob=01;35:*.qt=01;35:*.nuv=01;35:*.wmv=01;35:*.asf=01;35:*.rm=01;35:*.rmvb=01;35:*.flc=01;35:*.avi=01;35:*.fli=01;35:*.flv=01;35:*.gl=01;35:*.dl=01;35:*.xcf=01;35:*.xwd=01;35:*.yuv=01;35:*.cgm=01;35:*.emf=01;35:*.ogv=01;35:*.ogx=01;35:*.aac=00;36:*.au=00;36:*.flac=00;36:*.m4a=00;36:*.mid=00;36:*.midi=00;36:*.mka=00;36:*.mp3=00;36:*.mpc=00;36:*.ogg=00;36:*.ra=00;36:*.wav=00;36:*.oga=00;36:*.opus=00;36:*.spx=00;36:*.xspf=00;36:', 'OROCOS_TARGET': 'gnulinux', 'CMAKE_PREFIX_PATH': '/opt/pal/gallium:/opt/ros/noetic', 'GAZEBO_RESOURCE_PATH': '/home/pal/ros_ws/src/va50:', 'ROS_WORKSPACE': '/home/pal/ros_ws', 'LESSCLOSE': '/usr/bin/lesspipe %s %s', 'PYTHONPATH': '/opt/pal/gallium/lib/python3/dist-packages:/opt/ros/noetic/lib/python3/dist-packages', 'TERM': 'xterm', 'VISP_INPUT_IMAGE_PATH': '/home/pal/visp-ws/visp-images', 'LESSOPEN': '| /usr/bin/lesspipe %s', 'USER': 'pal', 'RTT_COMPONENT_PATH': '/opt/pal/gallium/lib/orocos', 'DISPLAY': ':0', 'SHLVL': '1', 'PAL_DISTRO': 'gallium', 'ROS_MASTER_URI': 'http://localhost:11311/', 'LD_LIBRARY_PATH': '/opt/pal/gallium/lib:/opt/pal/gallium/lib/x86_64-linux-gnu:/opt/ros/noetic/lib:/opt/ros/noetic/lib/x86_64-linux-gnu:/usr/local/lib', 'GAZEBO_MODEL_PATH': '/home/pal/ros_ws/src/va50/models:', 'PATH': '/opt/pal/gallium/bin:/opt/ros/noetic/bin:/opt/pal/gallium/lib/pal_debian_utils/:/usr/local/sbin:/usr/local/bin:/usr/sbin:/usr/bin:/sbin:/bin', 'LUA_PATH': ';;/opt/pal/gallium/share/lua/5.1/?.lua;/opt/pal/gallium/share/lua/5.1/?.lua;/opt/pal/gallium/share/lua/5.1/?.lua;/opt/pal/gallium/share/lua/5.1/?.lua;/opt/pal/gallium/share/lua/5.1/?.lua', 'DEBIAN_FRONTEND': 'noninteractive', 'ROS_ROOT': '/opt/ros/noetic/share/ros', 'ROS_DISTRO': 'noetic', 'QT_X11_NO_MITSHM': '1', 'OLDPWD': '/home/pal/ros_ws/src/image_bridge', '_': '/opt/ros/noetic/bin/roslaunch', 'LC_CTYPE': 'C.UTF-8', 'ROS_LOG_FILENAME': '/home/pal/.ros/log/2516c386-d12f-11f0-b32a-9c2f9d99f7eb/roslaunch-epan-tiago-noetic-ssh-2368.log', 'LC_NUMERIC': 'C'}]
[roslaunch][INFO] 2025-12-04 20:12:46,286: process[move_group-12]: args[['/opt/ros/noetic/lib/moveit_ros_move_group/move_group', '__name:=move_group']]
[roslaunch][INFO] 2025-12-04 20:12:46,287: ... created process [move_group-12]
[roslaunch.pmon][INFO] 2025-12-04 20:12:46,293: ProcessMonitor.register[move_group-12]
[roslaunch.pmon][INFO] 2025-12-04 20:12:46,294: ProcessMonitor.register[move_group-12] complete
[roslaunch][INFO] 2025-12-04 20:12:46,294: ... registered process [move_group-12]
[roslaunch][INFO] 2025-12-04 20:12:46,294: process[move_group-12]: starting os process
[roslaunch][INFO] 2025-12-04 20:12:46,295: process[move_group-12]: start w/ args [['/opt/ros/noetic/lib/moveit_ros_move_group/move_group', '__name:=move_group', '__log:=/home/pal/.ros/log/2516c386-d12f-11f0-b32a-9c2f9d99f7eb/move_group-12.log']]
[roslaunch][INFO] 2025-12-04 20:12:46,295: process[move_group-12]: cwd will be [/home/pal/.ros]
[roslaunch][INFO] 2025-12-04 20:12:46,334: process[move_group-12]: started with pid [2456]
[roslaunch][INFO] 2025-12-04 20:12:46,335: ... successfully launched [move_group-12]
[roslaunch][INFO] 2025-12-04 20:12:46,335: ... preparing to launch node of type [robot_state_publisher/robot_state_publisher]
[roslaunch][INFO] 2025-12-04 20:12:46,335: create_node_process: package[robot_state_publisher] type[robot_state_publisher] machine[Machine(name[] env_loader[None] address[localhost] ssh_port[22] user[None] assignable[True] timeout[10.0])] master_uri[http://localhost:11311/]
[roslaunch][INFO] 2025-12-04 20:12:46,337: process[robot_state_publisher-13]: env[{'ROS_VERSION': '1', 'DISABLE_ROS1_EOL_WARNINGS': '1', 'PKG_CONFIG_PATH': '/opt/pal/gallium/lib/pkgconfig:/opt/pal/gallium/lib/x86_64-linux-gnu/pkgconfig:/opt/ros/noetic/lib/pkgconfig:/opt/ros/noetic/lib/x86_64-linux-gnu/pkgconfig', 'ROS_PYTHON_VERSION': '3', 'HOSTNAME': 'epan-tiago-noetic-ssh', 'VISP_WS': '/home/pal/visp-ws', 'ROS_PACKAGE_PATH': '/opt/pal/gallium/share:/opt/ros/noetic/share', 'ROSLISP_PACKAGE_DIRECTORIES': '', 'PWD': '/home/pal/ros_ws/src', 'XAUTHORITY': '', 'TZ': 'Europe/Paris', 'ROS_IP': '127.0.0.1', 'HOME': '/home/pal', 'ROS_ETC_DIR': '/opt/ros/noetic/etc/ros', 'LS_COLORS': 'rs=0:di=01;34:ln=01;36:mh=00:pi=40;33:so=01;35:do=01;35:bd=40;33;01:cd=40;33;01:or=40;31;01:mi=00:su=37;41:sg=30;43:ca=30;41:tw=30;42:ow=34;42:st=37;44:ex=01;32:*.tar=01;31:*.tgz=01;31:*.arc=01;31:*.arj=01;31:*.taz=01;31:*.lha=01;31:*.lz4=01;31:*.lzh=01;31:*.lzma=01;31:*.tlz=01;31:*.txz=01;31:*.tzo=01;31:*.t7z=01;31:*.zip=01;31:*.z=01;31:*.dz=01;31:*.gz=01;31:*.lrz=01;31:*.lz=01;31:*.lzo=01;31:*.xz=01;31:*.zst=01;31:*.tzst=01;31:*.bz2=01;31:*.bz=01;31:*.tbz=01;31:*.tbz2=01;31:*.tz=01;31:*.deb=01;31:*.rpm=01;31:*.jar=01;31:*.war=01;31:*.ear=01;31:*.sar=01;31:*.rar=01;31:*.alz=01;31:*.ace=01;31:*.zoo=01;31:*.cpio=01;31:*.7z=01;31:*.rz=01;31:*.cab=01;31:*.wim=01;31:*.swm=01;31:*.dwm=01;31:*.esd=01;31:*.jpg=01;35:*.jpeg=01;35:*.mjpg=01;35:*.mjpeg=01;35:*.gif=01;35:*.bmp=01;35:*.pbm=01;35:*.pgm=01;35:*.ppm=01;35:*.tga=01;35:*.xbm=01;35:*.xpm=01;35:*.tif=01;35:*.tiff=01;35:*.png=01;35:*.svg=01;35:*.svgz=01;35:*.mng=01;35:*.pcx=01;35:*.mov=01;35:*.mpg=01;35:*.mpeg=01;35:*.m2v=01;35:*.mkv=01;35:*.webm=01;35:*.ogm=01;35:*.mp4=01;35:*.m4v=01;35:*.mp4v=01;35:*.vob=01;35:*.qt=01;35:*.nuv=01;35:*.wmv=01;35:*.asf=01;35:*.rm=01;35:*.rmvb=01;35:*.flc=01;35:*.avi=01;35:*.fli=01;35:*.flv=01;35:*.gl=01;35:*.dl=01;35:*.xcf=01;35:*.xwd=01;35:*.yuv=01;35:*.cgm=01;35:*.emf=01;35:*.ogv=01;35:*.ogx=01;35:*.aac=00;36:*.au=00;36:*.flac=00;36:*.m4a=00;36:*.mid=00;36:*.midi=00;36:*.mka=00;36:*.mp3=00;36:*.mpc=00;36:*.ogg=00;36:*.ra=00;36:*.wav=00;36:*.oga=00;36:*.opus=00;36:*.spx=00;36:*.xspf=00;36:', 'OROCOS_TARGET': 'gnulinux', 'CMAKE_PREFIX_PATH': '/opt/pal/gallium:/opt/ros/noetic', 'GAZEBO_RESOURCE_PATH': '/home/pal/ros_ws/src/va50:', 'ROS_WORKSPACE': '/home/pal/ros_ws', 'LESSCLOSE': '/usr/bin/lesspipe %s %s', 'PYTHONPATH': '/opt/pal/gallium/lib/python3/dist-packages:/opt/ros/noetic/lib/python3/dist-packages', 'TERM': 'xterm', 'VISP_INPUT_IMAGE_PATH': '/home/pal/visp-ws/visp-images', 'LESSOPEN': '| /usr/bin/lesspipe %s', 'USER': 'pal', 'RTT_COMPONENT_PATH': '/opt/pal/gallium/lib/orocos', 'DISPLAY': ':0', 'SHLVL': '1', 'PAL_DISTRO': 'gallium', 'ROS_MASTER_URI': 'http://localhost:11311/', 'LD_LIBRARY_PATH': '/opt/pal/gallium/lib:/opt/pal/gallium/lib/x86_64-linux-gnu:/opt/ros/noetic/lib:/opt/ros/noetic/lib/x86_64-linux-gnu:/usr/local/lib', 'GAZEBO_MODEL_PATH': '/home/pal/ros_ws/src/va50/models:', 'PATH': '/opt/pal/gallium/bin:/opt/ros/noetic/bin:/opt/pal/gallium/lib/pal_debian_utils/:/usr/local/sbin:/usr/local/bin:/usr/sbin:/usr/bin:/sbin:/bin', 'LUA_PATH': ';;/opt/pal/gallium/share/lua/5.1/?.lua;/opt/pal/gallium/share/lua/5.1/?.lua;/opt/pal/gallium/share/lua/5.1/?.lua;/opt/pal/gallium/share/lua/5.1/?.lua;/opt/pal/gallium/share/lua/5.1/?.lua', 'DEBIAN_FRONTEND': 'noninteractive', 'ROS_ROOT': '/opt/ros/noetic/share/ros', 'ROS_DISTRO': 'noetic', 'QT_X11_NO_MITSHM': '1', 'OLDPWD': '/home/pal/ros_ws/src/image_bridge', '_': '/opt/ros/noetic/bin/roslaunch', 'LC_CTYPE': 'C.UTF-8', 'ROS_LOG_FILENAME': '/home/pal/.ros/log/2516c386-d12f-11f0-b32a-9c2f9d99f7eb/roslaunch-epan-tiago-noetic-ssh-2368.log', 'LC_NUMERIC': 'C'}]
[roslaunch][INFO] 2025-12-04 20:12:46,341: process[robot_state_publisher-13]: args[['/opt/ros/noetic/lib/robot_state_publisher/robot_state_publisher', '__name:=robot_state_publisher']]
[roslaunch][INFO] 2025-12-04 20:12:46,341: ... created process [robot_state_publisher-13]
[roslaunch.pmon][INFO] 2025-12-04 20:12:46,342: ProcessMonitor.register[robot_state_publisher-13]
[roslaunch.pmon][INFO] 2025-12-04 20:12:46,345: ProcessMonitor.register[robot_state_publisher-13] complete
[roslaunch][INFO] 2025-12-04 20:12:46,346: ... registered process [robot_state_publisher-13]
[roslaunch][INFO] 2025-12-04 20:12:46,346: process[robot_state_publisher-13]: starting os process
[roslaunch][INFO] 2025-12-04 20:12:46,347: process[robot_state_publisher-13]: start w/ args [['/opt/ros/noetic/lib/robot_state_publisher/robot_state_publisher', '__name:=robot_state_publisher', '__log:=/home/pal/.ros/log/2516c386-d12f-11f0-b32a-9c2f9d99f7eb/robot_state_publisher-13.log']]
[roslaunch][INFO] 2025-12-04 20:12:46,348: process[robot_state_publisher-13]: cwd will be [/home/pal/.ros]
[roslaunch][INFO] 2025-12-04 20:12:46,374: process[robot_state_publisher-13]: started with pid [2470]
[roslaunch][INFO] 2025-12-04 20:12:46,379: ... successfully launched [robot_state_publisher-13]
[roslaunch][INFO] 2025-12-04 20:12:46,380: ... preparing to launch node of type [tf_lookup/tf_lookup]
[roslaunch][INFO] 2025-12-04 20:12:46,380: create_node_process: package[tf_lookup] type[tf_lookup] machine[Machine(name[] env_loader[None] address[localhost] ssh_port[22] user[None] assignable[True] timeout[10.0])] master_uri[http://localhost:11311/]
[roslaunch][INFO] 2025-12-04 20:12:46,380: process[tf_lookup-14]: env[{'ROS_VERSION': '1', 'DISABLE_ROS1_EOL_WARNINGS': '1', 'PKG_CONFIG_PATH': '/opt/pal/gallium/lib/pkgconfig:/opt/pal/gallium/lib/x86_64-linux-gnu/pkgconfig:/opt/ros/noetic/lib/pkgconfig:/opt/ros/noetic/lib/x86_64-linux-gnu/pkgconfig', 'ROS_PYTHON_VERSION': '3', 'HOSTNAME': 'epan-tiago-noetic-ssh', 'VISP_WS': '/home/pal/visp-ws', 'ROS_PACKAGE_PATH': '/opt/pal/gallium/share:/opt/ros/noetic/share', 'ROSLISP_PACKAGE_DIRECTORIES': '', 'PWD': '/home/pal/ros_ws/src', 'XAUTHORITY': '', 'TZ': 'Europe/Paris', 'ROS_IP': '127.0.0.1', 'HOME': '/home/pal', 'ROS_ETC_DIR': '/opt/ros/noetic/etc/ros', 'LS_COLORS': 'rs=0:di=01;34:ln=01;36:mh=00:pi=40;33:so=01;35:do=01;35:bd=40;33;01:cd=40;33;01:or=40;31;01:mi=00:su=37;41:sg=30;43:ca=30;41:tw=30;42:ow=34;42:st=37;44:ex=01;32:*.tar=01;31:*.tgz=01;31:*.arc=01;31:*.arj=01;31:*.taz=01;31:*.lha=01;31:*.lz4=01;31:*.lzh=01;31:*.lzma=01;31:*.tlz=01;31:*.txz=01;31:*.tzo=01;31:*.t7z=01;31:*.zip=01;31:*.z=01;31:*.dz=01;31:*.gz=01;31:*.lrz=01;31:*.lz=01;31:*.lzo=01;31:*.xz=01;31:*.zst=01;31:*.tzst=01;31:*.bz2=01;31:*.bz=01;31:*.tbz=01;31:*.tbz2=01;31:*.tz=01;31:*.deb=01;31:*.rpm=01;31:*.jar=01;31:*.war=01;31:*.ear=01;31:*.sar=01;31:*.rar=01;31:*.alz=01;31:*.ace=01;31:*.zoo=01;31:*.cpio=01;31:*.7z=01;31:*.rz=01;31:*.cab=01;31:*.wim=01;31:*.swm=01;31:*.dwm=01;31:*.esd=01;31:*.jpg=01;35:*.jpeg=01;35:*.mjpg=01;35:*.mjpeg=01;35:*.gif=01;35:*.bmp=01;35:*.pbm=01;35:*.pgm=01;35:*.ppm=01;35:*.tga=01;35:*.xbm=01;35:*.xpm=01;35:*.tif=01;35:*.tiff=01;35:*.png=01;35:*.svg=01;35:*.svgz=01;35:*.mng=01;35:*.pcx=01;35:*.mov=01;35:*.mpg=01;35:*.mpeg=01;35:*.m2v=01;35:*.mkv=01;35:*.webm=01;35:*.ogm=01;35:*.mp4=01;35:*.m4v=01;35:*.mp4v=01;35:*.vob=01;35:*.qt=01;35:*.nuv=01;35:*.wmv=01;35:*.asf=01;35:*.rm=01;35:*.rmvb=01;35:*.flc=01;35:*.avi=01;35:*.fli=01;35:*.flv=01;35:*.gl=01;35:*.dl=01;35:*.xcf=01;35:*.xwd=01;35:*.yuv=01;35:*.cgm=01;35:*.emf=01;35:*.ogv=01;35:*.ogx=01;35:*.aac=00;36:*.au=00;36:*.flac=00;36:*.m4a=00;36:*.mid=00;36:*.midi=00;36:*.mka=00;36:*.mp3=00;36:*.mpc=00;36:*.ogg=00;36:*.ra=00;36:*.wav=00;36:*.oga=00;36:*.opus=00;36:*.spx=00;36:*.xspf=00;36:', 'OROCOS_TARGET': 'gnulinux', 'CMAKE_PREFIX_PATH': '/opt/pal/gallium:/opt/ros/noetic', 'GAZEBO_RESOURCE_PATH': '/home/pal/ros_ws/src/va50:', 'ROS_WORKSPACE': '/home/pal/ros_ws', 'LESSCLOSE': '/usr/bin/lesspipe %s %s', 'PYTHONPATH': '/opt/pal/gallium/lib/python3/dist-packages:/opt/ros/noetic/lib/python3/dist-packages', 'TERM': 'xterm', 'VISP_INPUT_IMAGE_PATH': '/home/pal/visp-ws/visp-images', 'LESSOPEN': '| /usr/bin/lesspipe %s', 'USER': 'pal', 'RTT_COMPONENT_PATH': '/opt/pal/gallium/lib/orocos', 'DISPLAY': ':0', 'SHLVL': '1', 'PAL_DISTRO': 'gallium', 'ROS_MASTER_URI': 'http://localhost:11311/', 'LD_LIBRARY_PATH': '/opt/pal/gallium/lib:/opt/pal/gallium/lib/x86_64-linux-gnu:/opt/ros/noetic/lib:/opt/ros/noetic/lib/x86_64-linux-gnu:/usr/local/lib', 'GAZEBO_MODEL_PATH': '/home/pal/ros_ws/src/va50/models:', 'PATH': '/opt/pal/gallium/bin:/opt/ros/noetic/bin:/opt/pal/gallium/lib/pal_debian_utils/:/usr/local/sbin:/usr/local/bin:/usr/sbin:/usr/bin:/sbin:/bin', 'LUA_PATH': ';;/opt/pal/gallium/share/lua/5.1/?.lua;/opt/pal/gallium/share/lua/5.1/?.lua;/opt/pal/gallium/share/lua/5.1/?.lua;/opt/pal/gallium/share/lua/5.1/?.lua;/opt/pal/gallium/share/lua/5.1/?.lua', 'DEBIAN_FRONTEND': 'noninteractive', 'ROS_ROOT': '/opt/ros/noetic/share/ros', 'ROS_DISTRO': 'noetic', 'QT_X11_NO_MITSHM': '1', 'OLDPWD': '/home/pal/ros_ws/src/image_bridge', '_': '/opt/ros/noetic/bin/roslaunch', 'LC_CTYPE': 'C.UTF-8', 'ROS_LOG_FILENAME': '/home/pal/.ros/log/2516c386-d12f-11f0-b32a-9c2f9d99f7eb/roslaunch-epan-tiago-noetic-ssh-2368.log', 'LC_NUMERIC': 'C'}]
[roslaunch][INFO] 2025-12-04 20:12:46,384: process[tf_lookup-14]: args[['/opt/pal/gallium/lib/tf_lookup/tf_lookup', '__name:=tf_lookup']]
[roslaunch][INFO] 2025-12-04 20:12:46,385: ... created process [tf_lookup-14]
[roslaunch.pmon][INFO] 2025-12-04 20:12:46,385: ProcessMonitor.register[tf_lookup-14]
[roslaunch.pmon][INFO] 2025-12-04 20:12:46,388: ProcessMonitor.register[tf_lookup-14] complete
[roslaunch][INFO] 2025-12-04 20:12:46,389: ... registered process [tf_lookup-14]
[roslaunch][INFO] 2025-12-04 20:12:46,389: process[tf_lookup-14]: starting os process
[roslaunch][INFO] 2025-12-04 20:12:46,390: process[tf_lookup-14]: start w/ args [['/opt/pal/gallium/lib/tf_lookup/tf_lookup', '__name:=tf_lookup', '__log:=/home/pal/.ros/log/2516c386-d12f-11f0-b32a-9c2f9d99f7eb/tf_lookup-14.log']]
[roslaunch][INFO] 2025-12-04 20:12:46,390: process[tf_lookup-14]: cwd will be [/home/pal/.ros]
[roslaunch][INFO] 2025-12-04 20:12:46,413: process[tf_lookup-14]: started with pid [2474]
[roslaunch][INFO] 2025-12-04 20:12:46,414: ... successfully launched [tf_lookup-14]
[roslaunch][INFO] 2025-12-04 20:12:46,415: ... preparing to launch node of type [twist_mux/twist_mux]
[roslaunch][INFO] 2025-12-04 20:12:46,415: create_node_process: package[twist_mux] type[twist_mux] machine[Machine(name[] env_loader[None] address[localhost] ssh_port[22] user[None] assignable[True] timeout[10.0])] master_uri[http://localhost:11311/]
[roslaunch][INFO] 2025-12-04 20:12:46,416: process[twist_mux-15]: env[{'ROS_VERSION': '1', 'DISABLE_ROS1_EOL_WARNINGS': '1', 'PKG_CONFIG_PATH': '/opt/pal/gallium/lib/pkgconfig:/opt/pal/gallium/lib/x86_64-linux-gnu/pkgconfig:/opt/ros/noetic/lib/pkgconfig:/opt/ros/noetic/lib/x86_64-linux-gnu/pkgconfig', 'ROS_PYTHON_VERSION': '3', 'HOSTNAME': 'epan-tiago-noetic-ssh', 'VISP_WS': '/home/pal/visp-ws', 'ROS_PACKAGE_PATH': '/opt/pal/gallium/share:/opt/ros/noetic/share', 'ROSLISP_PACKAGE_DIRECTORIES': '', 'PWD': '/home/pal/ros_ws/src', 'XAUTHORITY': '', 'TZ': 'Europe/Paris', 'ROS_IP': '127.0.0.1', 'HOME': '/home/pal', 'ROS_ETC_DIR': '/opt/ros/noetic/etc/ros', 'LS_COLORS': 'rs=0:di=01;34:ln=01;36:mh=00:pi=40;33:so=01;35:do=01;35:bd=40;33;01:cd=40;33;01:or=40;31;01:mi=00:su=37;41:sg=30;43:ca=30;41:tw=30;42:ow=34;42:st=37;44:ex=01;32:*.tar=01;31:*.tgz=01;31:*.arc=01;31:*.arj=01;31:*.taz=01;31:*.lha=01;31:*.lz4=01;31:*.lzh=01;31:*.lzma=01;31:*.tlz=01;31:*.txz=01;31:*.tzo=01;31:*.t7z=01;31:*.zip=01;31:*.z=01;31:*.dz=01;31:*.gz=01;31:*.lrz=01;31:*.lz=01;31:*.lzo=01;31:*.xz=01;31:*.zst=01;31:*.tzst=01;31:*.bz2=01;31:*.bz=01;31:*.tbz=01;31:*.tbz2=01;31:*.tz=01;31:*.deb=01;31:*.rpm=01;31:*.jar=01;31:*.war=01;31:*.ear=01;31:*.sar=01;31:*.rar=01;31:*.alz=01;31:*.ace=01;31:*.zoo=01;31:*.cpio=01;31:*.7z=01;31:*.rz=01;31:*.cab=01;31:*.wim=01;31:*.swm=01;31:*.dwm=01;31:*.esd=01;31:*.jpg=01;35:*.jpeg=01;35:*.mjpg=01;35:*.mjpeg=01;35:*.gif=01;35:*.bmp=01;35:*.pbm=01;35:*.pgm=01;35:*.ppm=01;35:*.tga=01;35:*.xbm=01;35:*.xpm=01;35:*.tif=01;35:*.tiff=01;35:*.png=01;35:*.svg=01;35:*.svgz=01;35:*.mng=01;35:*.pcx=01;35:*.mov=01;35:*.mpg=01;35:*.mpeg=01;35:*.m2v=01;35:*.mkv=01;35:*.webm=01;35:*.ogm=01;35:*.mp4=01;35:*.m4v=01;35:*.mp4v=01;35:*.vob=01;35:*.qt=01;35:*.nuv=01;35:*.wmv=01;35:*.asf=01;35:*.rm=01;35:*.rmvb=01;35:*.flc=01;35:*.avi=01;35:*.fli=01;35:*.flv=01;35:*.gl=01;35:*.dl=01;35:*.xcf=01;35:*.xwd=01;35:*.yuv=01;35:*.cgm=01;35:*.emf=01;35:*.ogv=01;35:*.ogx=01;35:*.aac=00;36:*.au=00;36:*.flac=00;36:*.m4a=00;36:*.mid=00;36:*.midi=00;36:*.mka=00;36:*.mp3=00;36:*.mpc=00;36:*.ogg=00;36:*.ra=00;36:*.wav=00;36:*.oga=00;36:*.opus=00;36:*.spx=00;36:*.xspf=00;36:', 'OROCOS_TARGET': 'gnulinux', 'CMAKE_PREFIX_PATH': '/opt/pal/gallium:/opt/ros/noetic', 'GAZEBO_RESOURCE_PATH': '/home/pal/ros_ws/src/va50:', 'ROS_WORKSPACE': '/home/pal/ros_ws', 'LESSCLOSE': '/usr/bin/lesspipe %s %s', 'PYTHONPATH': '/opt/pal/gallium/lib/python3/dist-packages:/opt/ros/noetic/lib/python3/dist-packages', 'TERM': 'xterm', 'VISP_INPUT_IMAGE_PATH': '/home/pal/visp-ws/visp-images', 'LESSOPEN': '| /usr/bin/lesspipe %s', 'USER': 'pal', 'RTT_COMPONENT_PATH': '/opt/pal/gallium/lib/orocos', 'DISPLAY': ':0', 'SHLVL': '1', 'PAL_DISTRO': 'gallium', 'ROS_MASTER_URI': 'http://localhost:11311/', 'LD_LIBRARY_PATH': '/opt/pal/gallium/lib:/opt/pal/gallium/lib/x86_64-linux-gnu:/opt/ros/noetic/lib:/opt/ros/noetic/lib/x86_64-linux-gnu:/usr/local/lib', 'GAZEBO_MODEL_PATH': '/home/pal/ros_ws/src/va50/models:', 'PATH': '/opt/pal/gallium/bin:/opt/ros/noetic/bin:/opt/pal/gallium/lib/pal_debian_utils/:/usr/local/sbin:/usr/local/bin:/usr/sbin:/usr/bin:/sbin:/bin', 'LUA_PATH': ';;/opt/pal/gallium/share/lua/5.1/?.lua;/opt/pal/gallium/share/lua/5.1/?.lua;/opt/pal/gallium/share/lua/5.1/?.lua;/opt/pal/gallium/share/lua/5.1/?.lua;/opt/pal/gallium/share/lua/5.1/?.lua', 'DEBIAN_FRONTEND': 'noninteractive', 'ROS_ROOT': '/opt/ros/noetic/share/ros', 'ROS_DISTRO': 'noetic', 'QT_X11_NO_MITSHM': '1', 'OLDPWD': '/home/pal/ros_ws/src/image_bridge', '_': '/opt/ros/noetic/bin/roslaunch', 'LC_CTYPE': 'C.UTF-8', 'ROS_LOG_FILENAME': '/home/pal/.ros/log/2516c386-d12f-11f0-b32a-9c2f9d99f7eb/roslaunch-epan-tiago-noetic-ssh-2368.log', 'LC_NUMERIC': 'C'}]
[roslaunch][INFO] 2025-12-04 20:12:46,423: process[twist_mux-15]: args[['/opt/ros/noetic/lib/twist_mux/twist_mux', 'cmd_vel_out:=mobile_base_controller/cmd_vel', '__name:=twist_mux']]
[roslaunch][INFO] 2025-12-04 20:12:46,424: ... created process [twist_mux-15]
[roslaunch.pmon][INFO] 2025-12-04 20:12:46,424: ProcessMonitor.register[twist_mux-15]
[roslaunch.pmon][INFO] 2025-12-04 20:12:46,424: ProcessMonitor.register[twist_mux-15] complete
[roslaunch][INFO] 2025-12-04 20:12:46,425: ... registered process [twist_mux-15]
[roslaunch][INFO] 2025-12-04 20:12:46,425: process[twist_mux-15]: starting os process
[roslaunch][INFO] 2025-12-04 20:12:46,425: process[twist_mux-15]: start w/ args [['/opt/ros/noetic/lib/twist_mux/twist_mux', 'cmd_vel_out:=mobile_base_controller/cmd_vel', '__name:=twist_mux', '__log:=/home/pal/.ros/log/2516c386-d12f-11f0-b32a-9c2f9d99f7eb/twist_mux-15.log']]
[roslaunch][INFO] 2025-12-04 20:12:46,428: process[twist_mux-15]: cwd will be [/home/pal/.ros]
[roslaunch][INFO] 2025-12-04 20:12:46,459: process[twist_mux-15]: started with pid [2476]
[roslaunch][INFO] 2025-12-04 20:12:46,460: ... successfully launched [twist_mux-15]
[roslaunch][INFO] 2025-12-04 20:12:46,461: ... preparing to launch node of type [twist_mux/twist_marker]
[roslaunch][INFO] 2025-12-04 20:12:46,462: create_node_process: package[twist_mux] type[twist_marker] machine[Machine(name[] env_loader[None] address[localhost] ssh_port[22] user[None] assignable[True] timeout[10.0])] master_uri[http://localhost:11311/]
[roslaunch][INFO] 2025-12-04 20:12:46,467: process[twist_marker-16]: env[{'ROS_VERSION': '1', 'DISABLE_ROS1_EOL_WARNINGS': '1', 'PKG_CONFIG_PATH': '/opt/pal/gallium/lib/pkgconfig:/opt/pal/gallium/lib/x86_64-linux-gnu/pkgconfig:/opt/ros/noetic/lib/pkgconfig:/opt/ros/noetic/lib/x86_64-linux-gnu/pkgconfig', 'ROS_PYTHON_VERSION': '3', 'HOSTNAME': 'epan-tiago-noetic-ssh', 'VISP_WS': '/home/pal/visp-ws', 'ROS_PACKAGE_PATH': '/opt/pal/gallium/share:/opt/ros/noetic/share', 'ROSLISP_PACKAGE_DIRECTORIES': '', 'PWD': '/home/pal/ros_ws/src', 'XAUTHORITY': '', 'TZ': 'Europe/Paris', 'ROS_IP': '127.0.0.1', 'HOME': '/home/pal', 'ROS_ETC_DIR': '/opt/ros/noetic/etc/ros', 'LS_COLORS': 'rs=0:di=01;34:ln=01;36:mh=00:pi=40;33:so=01;35:do=01;35:bd=40;33;01:cd=40;33;01:or=40;31;01:mi=00:su=37;41:sg=30;43:ca=30;41:tw=30;42:ow=34;42:st=37;44:ex=01;32:*.tar=01;31:*.tgz=01;31:*.arc=01;31:*.arj=01;31:*.taz=01;31:*.lha=01;31:*.lz4=01;31:*.lzh=01;31:*.lzma=01;31:*.tlz=01;31:*.txz=01;31:*.tzo=01;31:*.t7z=01;31:*.zip=01;31:*.z=01;31:*.dz=01;31:*.gz=01;31:*.lrz=01;31:*.lz=01;31:*.lzo=01;31:*.xz=01;31:*.zst=01;31:*.tzst=01;31:*.bz2=01;31:*.bz=01;31:*.tbz=01;31:*.tbz2=01;31:*.tz=01;31:*.deb=01;31:*.rpm=01;31:*.jar=01;31:*.war=01;31:*.ear=01;31:*.sar=01;31:*.rar=01;31:*.alz=01;31:*.ace=01;31:*.zoo=01;31:*.cpio=01;31:*.7z=01;31:*.rz=01;31:*.cab=01;31:*.wim=01;31:*.swm=01;31:*.dwm=01;31:*.esd=01;31:*.jpg=01;35:*.jpeg=01;35:*.mjpg=01;35:*.mjpeg=01;35:*.gif=01;35:*.bmp=01;35:*.pbm=01;35:*.pgm=01;35:*.ppm=01;35:*.tga=01;35:*.xbm=01;35:*.xpm=01;35:*.tif=01;35:*.tiff=01;35:*.png=01;35:*.svg=01;35:*.svgz=01;35:*.mng=01;35:*.pcx=01;35:*.mov=01;35:*.mpg=01;35:*.mpeg=01;35:*.m2v=01;35:*.mkv=01;35:*.webm=01;35:*.ogm=01;35:*.mp4=01;35:*.m4v=01;35:*.mp4v=01;35:*.vob=01;35:*.qt=01;35:*.nuv=01;35:*.wmv=01;35:*.asf=01;35:*.rm=01;35:*.rmvb=01;35:*.flc=01;35:*.avi=01;35:*.fli=01;35:*.flv=01;35:*.gl=01;35:*.dl=01;35:*.xcf=01;35:*.xwd=01;35:*.yuv=01;35:*.cgm=01;35:*.emf=01;35:*.ogv=01;35:*.ogx=01;35:*.aac=00;36:*.au=00;36:*.flac=00;36:*.m4a=00;36:*.mid=00;36:*.midi=00;36:*.mka=00;36:*.mp3=00;36:*.mpc=00;36:*.ogg=00;36:*.ra=00;36:*.wav=00;36:*.oga=00;36:*.opus=00;36:*.spx=00;36:*.xspf=00;36:', 'OROCOS_TARGET': 'gnulinux', 'CMAKE_PREFIX_PATH': '/opt/pal/gallium:/opt/ros/noetic', 'GAZEBO_RESOURCE_PATH': '/home/pal/ros_ws/src/va50:', 'ROS_WORKSPACE': '/home/pal/ros_ws', 'LESSCLOSE': '/usr/bin/lesspipe %s %s', 'PYTHONPATH': '/opt/pal/gallium/lib/python3/dist-packages:/opt/ros/noetic/lib/python3/dist-packages', 'TERM': 'xterm', 'VISP_INPUT_IMAGE_PATH': '/home/pal/visp-ws/visp-images', 'LESSOPEN': '| /usr/bin/lesspipe %s', 'USER': 'pal', 'RTT_COMPONENT_PATH': '/opt/pal/gallium/lib/orocos', 'DISPLAY': ':0', 'SHLVL': '1', 'PAL_DISTRO': 'gallium', 'ROS_MASTER_URI': 'http://localhost:11311/', 'LD_LIBRARY_PATH': '/opt/pal/gallium/lib:/opt/pal/gallium/lib/x86_64-linux-gnu:/opt/ros/noetic/lib:/opt/ros/noetic/lib/x86_64-linux-gnu:/usr/local/lib', 'GAZEBO_MODEL_PATH': '/home/pal/ros_ws/src/va50/models:', 'PATH': '/opt/pal/gallium/bin:/opt/ros/noetic/bin:/opt/pal/gallium/lib/pal_debian_utils/:/usr/local/sbin:/usr/local/bin:/usr/sbin:/usr/bin:/sbin:/bin', 'LUA_PATH': ';;/opt/pal/gallium/share/lua/5.1/?.lua;/opt/pal/gallium/share/lua/5.1/?.lua;/opt/pal/gallium/share/lua/5.1/?.lua;/opt/pal/gallium/share/lua/5.1/?.lua;/opt/pal/gallium/share/lua/5.1/?.lua', 'DEBIAN_FRONTEND': 'noninteractive', 'ROS_ROOT': '/opt/ros/noetic/share/ros', 'ROS_DISTRO': 'noetic', 'QT_X11_NO_MITSHM': '1', 'OLDPWD': '/home/pal/ros_ws/src/image_bridge', '_': '/opt/ros/noetic/bin/roslaunch', 'LC_CTYPE': 'C.UTF-8', 'ROS_LOG_FILENAME': '/home/pal/.ros/log/2516c386-d12f-11f0-b32a-9c2f9d99f7eb/roslaunch-epan-tiago-noetic-ssh-2368.log', 'LC_NUMERIC': 'C'}]
[roslaunch][INFO] 2025-12-04 20:12:46,469: process[twist_marker-16]: args[['/opt/ros/noetic/lib/twist_mux/twist_marker', 'twist:=mobile_base_controller/cmd_vel', 'marker:=twist_marker', '__name:=twist_marker']]
[roslaunch][INFO] 2025-12-04 20:12:46,474: ... created process [twist_marker-16]
[roslaunch.pmon][INFO] 2025-12-04 20:12:46,474: ProcessMonitor.register[twist_marker-16]
[roslaunch.pmon][INFO] 2025-12-04 20:12:46,475: ProcessMonitor.register[twist_marker-16] complete
[roslaunch][INFO] 2025-12-04 20:12:46,475: ... registered process [twist_marker-16]
[roslaunch][INFO] 2025-12-04 20:12:46,477: process[twist_marker-16]: starting os process
[roslaunch][INFO] 2025-12-04 20:12:46,482: process[twist_marker-16]: start w/ args [['/opt/ros/noetic/lib/twist_mux/twist_marker', 'twist:=mobile_base_controller/cmd_vel', 'marker:=twist_marker', '__name:=twist_marker', '__log:=/home/pal/.ros/log/2516c386-d12f-11f0-b32a-9c2f9d99f7eb/twist_marker-16.log']]
[roslaunch][INFO] 2025-12-04 20:12:46,483: process[twist_marker-16]: cwd will be [/home/pal/.ros]
[roslaunch][INFO] 2025-12-04 20:12:46,510: process[twist_marker-16]: started with pid [2482]
[roslaunch][INFO] 2025-12-04 20:12:46,510: ... successfully launched [twist_marker-16]
[roslaunch][INFO] 2025-12-04 20:12:46,512: ... preparing to launch node of type [twist_mux/joystick_relay.py]
[roslaunch][INFO] 2025-12-04 20:12:46,513: create_node_process: package[twist_mux] type[joystick_relay.py] machine[Machine(name[] env_loader[None] address[localhost] ssh_port[22] user[None] assignable[True] timeout[10.0])] master_uri[http://localhost:11311/]
[roslaunch][INFO] 2025-12-04 20:12:46,513: process[joystick_relay-17]: env[{'ROS_VERSION': '1', 'DISABLE_ROS1_EOL_WARNINGS': '1', 'PKG_CONFIG_PATH': '/opt/pal/gallium/lib/pkgconfig:/opt/pal/gallium/lib/x86_64-linux-gnu/pkgconfig:/opt/ros/noetic/lib/pkgconfig:/opt/ros/noetic/lib/x86_64-linux-gnu/pkgconfig', 'ROS_PYTHON_VERSION': '3', 'HOSTNAME': 'epan-tiago-noetic-ssh', 'VISP_WS': '/home/pal/visp-ws', 'ROS_PACKAGE_PATH': '/opt/pal/gallium/share:/opt/ros/noetic/share', 'ROSLISP_PACKAGE_DIRECTORIES': '', 'PWD': '/home/pal/ros_ws/src', 'XAUTHORITY': '', 'TZ': 'Europe/Paris', 'ROS_IP': '127.0.0.1', 'HOME': '/home/pal', 'ROS_ETC_DIR': '/opt/ros/noetic/etc/ros', 'LS_COLORS': 'rs=0:di=01;34:ln=01;36:mh=00:pi=40;33:so=01;35:do=01;35:bd=40;33;01:cd=40;33;01:or=40;31;01:mi=00:su=37;41:sg=30;43:ca=30;41:tw=30;42:ow=34;42:st=37;44:ex=01;32:*.tar=01;31:*.tgz=01;31:*.arc=01;31:*.arj=01;31:*.taz=01;31:*.lha=01;31:*.lz4=01;31:*.lzh=01;31:*.lzma=01;31:*.tlz=01;31:*.txz=01;31:*.tzo=01;31:*.t7z=01;31:*.zip=01;31:*.z=01;31:*.dz=01;31:*.gz=01;31:*.lrz=01;31:*.lz=01;31:*.lzo=01;31:*.xz=01;31:*.zst=01;31:*.tzst=01;31:*.bz2=01;31:*.bz=01;31:*.tbz=01;31:*.tbz2=01;31:*.tz=01;31:*.deb=01;31:*.rpm=01;31:*.jar=01;31:*.war=01;31:*.ear=01;31:*.sar=01;31:*.rar=01;31:*.alz=01;31:*.ace=01;31:*.zoo=01;31:*.cpio=01;31:*.7z=01;31:*.rz=01;31:*.cab=01;31:*.wim=01;31:*.swm=01;31:*.dwm=01;31:*.esd=01;31:*.jpg=01;35:*.jpeg=01;35:*.mjpg=01;35:*.mjpeg=01;35:*.gif=01;35:*.bmp=01;35:*.pbm=01;35:*.pgm=01;35:*.ppm=01;35:*.tga=01;35:*.xbm=01;35:*.xpm=01;35:*.tif=01;35:*.tiff=01;35:*.png=01;35:*.svg=01;35:*.svgz=01;35:*.mng=01;35:*.pcx=01;35:*.mov=01;35:*.mpg=01;35:*.mpeg=01;35:*.m2v=01;35:*.mkv=01;35:*.webm=01;35:*.ogm=01;35:*.mp4=01;35:*.m4v=01;35:*.mp4v=01;35:*.vob=01;35:*.qt=01;35:*.nuv=01;35:*.wmv=01;35:*.asf=01;35:*.rm=01;35:*.rmvb=01;35:*.flc=01;35:*.avi=01;35:*.fli=01;35:*.flv=01;35:*.gl=01;35:*.dl=01;35:*.xcf=01;35:*.xwd=01;35:*.yuv=01;35:*.cgm=01;35:*.emf=01;35:*.ogv=01;35:*.ogx=01;35:*.aac=00;36:*.au=00;36:*.flac=00;36:*.m4a=00;36:*.mid=00;36:*.midi=00;36:*.mka=00;36:*.mp3=00;36:*.mpc=00;36:*.ogg=00;36:*.ra=00;36:*.wav=00;36:*.oga=00;36:*.opus=00;36:*.spx=00;36:*.xspf=00;36:', 'OROCOS_TARGET': 'gnulinux', 'CMAKE_PREFIX_PATH': '/opt/pal/gallium:/opt/ros/noetic', 'GAZEBO_RESOURCE_PATH': '/home/pal/ros_ws/src/va50:', 'ROS_WORKSPACE': '/home/pal/ros_ws', 'LESSCLOSE': '/usr/bin/lesspipe %s %s', 'PYTHONPATH': '/opt/pal/gallium/lib/python3/dist-packages:/opt/ros/noetic/lib/python3/dist-packages', 'TERM': 'xterm', 'VISP_INPUT_IMAGE_PATH': '/home/pal/visp-ws/visp-images', 'LESSOPEN': '| /usr/bin/lesspipe %s', 'USER': 'pal', 'RTT_COMPONENT_PATH': '/opt/pal/gallium/lib/orocos', 'DISPLAY': ':0', 'SHLVL': '1', 'PAL_DISTRO': 'gallium', 'ROS_MASTER_URI': 'http://localhost:11311/', 'LD_LIBRARY_PATH': '/opt/pal/gallium/lib:/opt/pal/gallium/lib/x86_64-linux-gnu:/opt/ros/noetic/lib:/opt/ros/noetic/lib/x86_64-linux-gnu:/usr/local/lib', 'GAZEBO_MODEL_PATH': '/home/pal/ros_ws/src/va50/models:', 'PATH': '/opt/pal/gallium/bin:/opt/ros/noetic/bin:/opt/pal/gallium/lib/pal_debian_utils/:/usr/local/sbin:/usr/local/bin:/usr/sbin:/usr/bin:/sbin:/bin', 'LUA_PATH': ';;/opt/pal/gallium/share/lua/5.1/?.lua;/opt/pal/gallium/share/lua/5.1/?.lua;/opt/pal/gallium/share/lua/5.1/?.lua;/opt/pal/gallium/share/lua/5.1/?.lua;/opt/pal/gallium/share/lua/5.1/?.lua', 'DEBIAN_FRONTEND': 'noninteractive', 'ROS_ROOT': '/opt/ros/noetic/share/ros', 'ROS_DISTRO': 'noetic', 'QT_X11_NO_MITSHM': '1', 'OLDPWD': '/home/pal/ros_ws/src/image_bridge', '_': '/opt/ros/noetic/bin/roslaunch', 'LC_CTYPE': 'C.UTF-8', 'ROS_LOG_FILENAME': '/home/pal/.ros/log/2516c386-d12f-11f0-b32a-9c2f9d99f7eb/roslaunch-epan-tiago-noetic-ssh-2368.log', 'LC_NUMERIC': 'C'}]
[roslaunch][INFO] 2025-12-04 20:12:46,519: process[joystick_relay-17]: args[['/opt/ros/noetic/lib/twist_mux/joystick_relay.py', 'joy_vel_in:=input_joy/cmd_vel', 'joy_vel_out:=joy_vel', '__name:=joystick_relay']]
[roslaunch][INFO] 2025-12-04 20:12:46,523: ... created process [joystick_relay-17]
[roslaunch.pmon][INFO] 2025-12-04 20:12:46,523: ProcessMonitor.register[joystick_relay-17]
[roslaunch.pmon][INFO] 2025-12-04 20:12:46,524: ProcessMonitor.register[joystick_relay-17] complete
[roslaunch][INFO] 2025-12-04 20:12:46,525: ... registered process [joystick_relay-17]
[roslaunch][INFO] 2025-12-04 20:12:46,525: process[joystick_relay-17]: starting os process
[roslaunch][INFO] 2025-12-04 20:12:46,573: process[joystick_relay-17]: start w/ args [['/opt/ros/noetic/lib/twist_mux/joystick_relay.py', 'joy_vel_in:=input_joy/cmd_vel', 'joy_vel_out:=joy_vel', '__name:=joystick_relay', '__log:=/home/pal/.ros/log/2516c386-d12f-11f0-b32a-9c2f9d99f7eb/joystick_relay-17.log']]
[roslaunch][INFO] 2025-12-04 20:12:46,574: process[joystick_relay-17]: cwd will be [/home/pal/.ros]
[roslaunch][INFO] 2025-12-04 20:12:46,586: process[joystick_relay-17]: started with pid [2519]
[roslaunch][INFO] 2025-12-04 20:12:46,587: ... successfully launched [joystick_relay-17]
[roslaunch][INFO] 2025-12-04 20:12:46,587: ... preparing to launch node of type [dynamic_footprint/dynamic_footprint_publisher.py]
[roslaunch][INFO] 2025-12-04 20:12:46,588: create_node_process: package[dynamic_footprint] type[dynamic_footprint_publisher.py] machine[Machine(name[] env_loader[None] address[localhost] ssh_port[22] user[None] assignable[True] timeout[10.0])] master_uri[http://localhost:11311/]
[roslaunch][INFO] 2025-12-04 20:12:46,588: process[dynamic_footprint_publisher-18]: env[{'ROS_VERSION': '1', 'DISABLE_ROS1_EOL_WARNINGS': '1', 'PKG_CONFIG_PATH': '/opt/pal/gallium/lib/pkgconfig:/opt/pal/gallium/lib/x86_64-linux-gnu/pkgconfig:/opt/ros/noetic/lib/pkgconfig:/opt/ros/noetic/lib/x86_64-linux-gnu/pkgconfig', 'ROS_PYTHON_VERSION': '3', 'HOSTNAME': 'epan-tiago-noetic-ssh', 'VISP_WS': '/home/pal/visp-ws', 'ROS_PACKAGE_PATH': '/opt/pal/gallium/share:/opt/ros/noetic/share', 'ROSLISP_PACKAGE_DIRECTORIES': '', 'PWD': '/home/pal/ros_ws/src', 'XAUTHORITY': '', 'TZ': 'Europe/Paris', 'ROS_IP': '127.0.0.1', 'HOME': '/home/pal', 'ROS_ETC_DIR': '/opt/ros/noetic/etc/ros', 'LS_COLORS': 'rs=0:di=01;34:ln=01;36:mh=00:pi=40;33:so=01;35:do=01;35:bd=40;33;01:cd=40;33;01:or=40;31;01:mi=00:su=37;41:sg=30;43:ca=30;41:tw=30;42:ow=34;42:st=37;44:ex=01;32:*.tar=01;31:*.tgz=01;31:*.arc=01;31:*.arj=01;31:*.taz=01;31:*.lha=01;31:*.lz4=01;31:*.lzh=01;31:*.lzma=01;31:*.tlz=01;31:*.txz=01;31:*.tzo=01;31:*.t7z=01;31:*.zip=01;31:*.z=01;31:*.dz=01;31:*.gz=01;31:*.lrz=01;31:*.lz=01;31:*.lzo=01;31:*.xz=01;31:*.zst=01;31:*.tzst=01;31:*.bz2=01;31:*.bz=01;31:*.tbz=01;31:*.tbz2=01;31:*.tz=01;31:*.deb=01;31:*.rpm=01;31:*.jar=01;31:*.war=01;31:*.ear=01;31:*.sar=01;31:*.rar=01;31:*.alz=01;31:*.ace=01;31:*.zoo=01;31:*.cpio=01;31:*.7z=01;31:*.rz=01;31:*.cab=01;31:*.wim=01;31:*.swm=01;31:*.dwm=01;31:*.esd=01;31:*.jpg=01;35:*.jpeg=01;35:*.mjpg=01;35:*.mjpeg=01;35:*.gif=01;35:*.bmp=01;35:*.pbm=01;35:*.pgm=01;35:*.ppm=01;35:*.tga=01;35:*.xbm=01;35:*.xpm=01;35:*.tif=01;35:*.tiff=01;35:*.png=01;35:*.svg=01;35:*.svgz=01;35:*.mng=01;35:*.pcx=01;35:*.mov=01;35:*.mpg=01;35:*.mpeg=01;35:*.m2v=01;35:*.mkv=01;35:*.webm=01;35:*.ogm=01;35:*.mp4=01;35:*.m4v=01;35:*.mp4v=01;35:*.vob=01;35:*.qt=01;35:*.nuv=01;35:*.wmv=01;35:*.asf=01;35:*.rm=01;35:*.rmvb=01;35:*.flc=01;35:*.avi=01;35:*.fli=01;35:*.flv=01;35:*.gl=01;35:*.dl=01;35:*.xcf=01;35:*.xwd=01;35:*.yuv=01;35:*.cgm=01;35:*.emf=01;35:*.ogv=01;35:*.ogx=01;35:*.aac=00;36:*.au=00;36:*.flac=00;36:*.m4a=00;36:*.mid=00;36:*.midi=00;36:*.mka=00;36:*.mp3=00;36:*.mpc=00;36:*.ogg=00;36:*.ra=00;36:*.wav=00;36:*.oga=00;36:*.opus=00;36:*.spx=00;36:*.xspf=00;36:', 'OROCOS_TARGET': 'gnulinux', 'CMAKE_PREFIX_PATH': '/opt/pal/gallium:/opt/ros/noetic', 'GAZEBO_RESOURCE_PATH': '/home/pal/ros_ws/src/va50:', 'ROS_WORKSPACE': '/home/pal/ros_ws', 'LESSCLOSE': '/usr/bin/lesspipe %s %s', 'PYTHONPATH': '/opt/pal/gallium/lib/python3/dist-packages:/opt/ros/noetic/lib/python3/dist-packages', 'TERM': 'xterm', 'VISP_INPUT_IMAGE_PATH': '/home/pal/visp-ws/visp-images', 'LESSOPEN': '| /usr/bin/lesspipe %s', 'USER': 'pal', 'RTT_COMPONENT_PATH': '/opt/pal/gallium/lib/orocos', 'DISPLAY': ':0', 'SHLVL': '1', 'PAL_DISTRO': 'gallium', 'ROS_MASTER_URI': 'http://localhost:11311/', 'LD_LIBRARY_PATH': '/opt/pal/gallium/lib:/opt/pal/gallium/lib/x86_64-linux-gnu:/opt/ros/noetic/lib:/opt/ros/noetic/lib/x86_64-linux-gnu:/usr/local/lib', 'GAZEBO_MODEL_PATH': '/home/pal/ros_ws/src/va50/models:', 'PATH': '/opt/pal/gallium/bin:/opt/ros/noetic/bin:/opt/pal/gallium/lib/pal_debian_utils/:/usr/local/sbin:/usr/local/bin:/usr/sbin:/usr/bin:/sbin:/bin', 'LUA_PATH': ';;/opt/pal/gallium/share/lua/5.1/?.lua;/opt/pal/gallium/share/lua/5.1/?.lua;/opt/pal/gallium/share/lua/5.1/?.lua;/opt/pal/gallium/share/lua/5.1/?.lua;/opt/pal/gallium/share/lua/5.1/?.lua', 'DEBIAN_FRONTEND': 'noninteractive', 'ROS_ROOT': '/opt/ros/noetic/share/ros', 'ROS_DISTRO': 'noetic', 'QT_X11_NO_MITSHM': '1', 'OLDPWD': '/home/pal/ros_ws/src/image_bridge', '_': '/opt/ros/noetic/bin/roslaunch', 'LC_CTYPE': 'C.UTF-8', 'ROS_LOG_FILENAME': '/home/pal/.ros/log/2516c386-d12f-11f0-b32a-9c2f9d99f7eb/roslaunch-epan-tiago-noetic-ssh-2368.log', 'LC_NUMERIC': 'C'}]
[roslaunch][INFO] 2025-12-04 20:12:46,596: process[dynamic_footprint_publisher-18]: args[['/opt/pal/gallium/lib/dynamic_footprint/dynamic_footprint_publisher.py', '__name:=dynamic_footprint_publisher']]
[roslaunch][INFO] 2025-12-04 20:12:46,596: ... created process [dynamic_footprint_publisher-18]
[roslaunch.pmon][INFO] 2025-12-04 20:12:46,596: ProcessMonitor.register[dynamic_footprint_publisher-18]
[roslaunch.pmon][INFO] 2025-12-04 20:12:46,597: ProcessMonitor.register[dynamic_footprint_publisher-18] complete
[roslaunch][INFO] 2025-12-04 20:12:46,597: ... registered process [dynamic_footprint_publisher-18]
[roslaunch][INFO] 2025-12-04 20:12:46,597: process[dynamic_footprint_publisher-18]: starting os process
[roslaunch][INFO] 2025-12-04 20:12:46,598: process[dynamic_footprint_publisher-18]: start w/ args [['/opt/pal/gallium/lib/dynamic_footprint/dynamic_footprint_publisher.py', '__name:=dynamic_footprint_publisher', '__log:=/home/pal/.ros/log/2516c386-d12f-11f0-b32a-9c2f9d99f7eb/dynamic_footprint_publisher-18.log']]
[roslaunch][INFO] 2025-12-04 20:12:46,598: process[dynamic_footprint_publisher-18]: cwd will be [/home/pal/.ros]
[roslaunch][INFO] 2025-12-04 20:12:46,688: process[dynamic_footprint_publisher-18]: started with pid [2523]
[roslaunch][INFO] 2025-12-04 20:12:46,689: ... successfully launched [dynamic_footprint_publisher-18]
[roslaunch][INFO] 2025-12-04 20:12:46,689: ... preparing to launch node of type [topic_tools/relay]
[roslaunch][INFO] 2025-12-04 20:12:46,690: create_node_process: package[topic_tools] type[relay] machine[Machine(name[] env_loader[None] address[localhost] ssh_port[22] user[None] assignable[True] timeout[10.0])] master_uri[http://localhost:11311/]
[roslaunch][INFO] 2025-12-04 20:12:46,692: process[image_raw_to_rect_color_relay-19]: env[{'ROS_VERSION': '1', 'DISABLE_ROS1_EOL_WARNINGS': '1', 'PKG_CONFIG_PATH': '/opt/pal/gallium/lib/pkgconfig:/opt/pal/gallium/lib/x86_64-linux-gnu/pkgconfig:/opt/ros/noetic/lib/pkgconfig:/opt/ros/noetic/lib/x86_64-linux-gnu/pkgconfig', 'ROS_PYTHON_VERSION': '3', 'HOSTNAME': 'epan-tiago-noetic-ssh', 'VISP_WS': '/home/pal/visp-ws', 'ROS_PACKAGE_PATH': '/opt/pal/gallium/share:/opt/ros/noetic/share', 'ROSLISP_PACKAGE_DIRECTORIES': '', 'PWD': '/home/pal/ros_ws/src', 'XAUTHORITY': '', 'TZ': 'Europe/Paris', 'ROS_IP': '127.0.0.1', 'HOME': '/home/pal', 'ROS_ETC_DIR': '/opt/ros/noetic/etc/ros', 'LS_COLORS': 'rs=0:di=01;34:ln=01;36:mh=00:pi=40;33:so=01;35:do=01;35:bd=40;33;01:cd=40;33;01:or=40;31;01:mi=00:su=37;41:sg=30;43:ca=30;41:tw=30;42:ow=34;42:st=37;44:ex=01;32:*.tar=01;31:*.tgz=01;31:*.arc=01;31:*.arj=01;31:*.taz=01;31:*.lha=01;31:*.lz4=01;31:*.lzh=01;31:*.lzma=01;31:*.tlz=01;31:*.txz=01;31:*.tzo=01;31:*.t7z=01;31:*.zip=01;31:*.z=01;31:*.dz=01;31:*.gz=01;31:*.lrz=01;31:*.lz=01;31:*.lzo=01;31:*.xz=01;31:*.zst=01;31:*.tzst=01;31:*.bz2=01;31:*.bz=01;31:*.tbz=01;31:*.tbz2=01;31:*.tz=01;31:*.deb=01;31:*.rpm=01;31:*.jar=01;31:*.war=01;31:*.ear=01;31:*.sar=01;31:*.rar=01;31:*.alz=01;31:*.ace=01;31:*.zoo=01;31:*.cpio=01;31:*.7z=01;31:*.rz=01;31:*.cab=01;31:*.wim=01;31:*.swm=01;31:*.dwm=01;31:*.esd=01;31:*.jpg=01;35:*.jpeg=01;35:*.mjpg=01;35:*.mjpeg=01;35:*.gif=01;35:*.bmp=01;35:*.pbm=01;35:*.pgm=01;35:*.ppm=01;35:*.tga=01;35:*.xbm=01;35:*.xpm=01;35:*.tif=01;35:*.tiff=01;35:*.png=01;35:*.svg=01;35:*.svgz=01;35:*.mng=01;35:*.pcx=01;35:*.mov=01;35:*.mpg=01;35:*.mpeg=01;35:*.m2v=01;35:*.mkv=01;35:*.webm=01;35:*.ogm=01;35:*.mp4=01;35:*.m4v=01;35:*.mp4v=01;35:*.vob=01;35:*.qt=01;35:*.nuv=01;35:*.wmv=01;35:*.asf=01;35:*.rm=01;35:*.rmvb=01;35:*.flc=01;35:*.avi=01;35:*.fli=01;35:*.flv=01;35:*.gl=01;35:*.dl=01;35:*.xcf=01;35:*.xwd=01;35:*.yuv=01;35:*.cgm=01;35:*.emf=01;35:*.ogv=01;35:*.ogx=01;35:*.aac=00;36:*.au=00;36:*.flac=00;36:*.m4a=00;36:*.mid=00;36:*.midi=00;36:*.mka=00;36:*.mp3=00;36:*.mpc=00;36:*.ogg=00;36:*.ra=00;36:*.wav=00;36:*.oga=00;36:*.opus=00;36:*.spx=00;36:*.xspf=00;36:', 'OROCOS_TARGET': 'gnulinux', 'CMAKE_PREFIX_PATH': '/opt/pal/gallium:/opt/ros/noetic', 'GAZEBO_RESOURCE_PATH': '/home/pal/ros_ws/src/va50:', 'ROS_WORKSPACE': '/home/pal/ros_ws', 'LESSCLOSE': '/usr/bin/lesspipe %s %s', 'PYTHONPATH': '/opt/pal/gallium/lib/python3/dist-packages:/opt/ros/noetic/lib/python3/dist-packages', 'TERM': 'xterm', 'VISP_INPUT_IMAGE_PATH': '/home/pal/visp-ws/visp-images', 'LESSOPEN': '| /usr/bin/lesspipe %s', 'USER': 'pal', 'RTT_COMPONENT_PATH': '/opt/pal/gallium/lib/orocos', 'DISPLAY': ':0', 'SHLVL': '1', 'PAL_DISTRO': 'gallium', 'ROS_MASTER_URI': 'http://localhost:11311/', 'LD_LIBRARY_PATH': '/opt/pal/gallium/lib:/opt/pal/gallium/lib/x86_64-linux-gnu:/opt/ros/noetic/lib:/opt/ros/noetic/lib/x86_64-linux-gnu:/usr/local/lib', 'GAZEBO_MODEL_PATH': '/home/pal/ros_ws/src/va50/models:', 'PATH': '/opt/pal/gallium/bin:/opt/ros/noetic/bin:/opt/pal/gallium/lib/pal_debian_utils/:/usr/local/sbin:/usr/local/bin:/usr/sbin:/usr/bin:/sbin:/bin', 'LUA_PATH': ';;/opt/pal/gallium/share/lua/5.1/?.lua;/opt/pal/gallium/share/lua/5.1/?.lua;/opt/pal/gallium/share/lua/5.1/?.lua;/opt/pal/gallium/share/lua/5.1/?.lua;/opt/pal/gallium/share/lua/5.1/?.lua', 'DEBIAN_FRONTEND': 'noninteractive', 'ROS_ROOT': '/opt/ros/noetic/share/ros', 'ROS_DISTRO': 'noetic', 'QT_X11_NO_MITSHM': '1', 'OLDPWD': '/home/pal/ros_ws/src/image_bridge', '_': '/opt/ros/noetic/bin/roslaunch', 'LC_CTYPE': 'C.UTF-8', 'ROS_LOG_FILENAME': '/home/pal/.ros/log/2516c386-d12f-11f0-b32a-9c2f9d99f7eb/roslaunch-epan-tiago-noetic-ssh-2368.log', 'LC_NUMERIC': 'C'}]
[roslaunch][INFO] 2025-12-04 20:12:46,704: process[image_raw_to_rect_color_relay-19]: args[['/opt/ros/noetic/lib/topic_tools/relay', 'xtion/rgb/image_raw', 'xtion/rgb/image_rect_color', '__name:=image_raw_to_rect_color_relay']]
[roslaunch][INFO] 2025-12-04 20:12:46,705: ... created process [image_raw_to_rect_color_relay-19]
[roslaunch.pmon][INFO] 2025-12-04 20:12:46,705: ProcessMonitor.register[image_raw_to_rect_color_relay-19]
[roslaunch.pmon][INFO] 2025-12-04 20:12:46,705: ProcessMonitor.register[image_raw_to_rect_color_relay-19] complete
[roslaunch][INFO] 2025-12-04 20:12:46,706: ... registered process [image_raw_to_rect_color_relay-19]
[roslaunch][INFO] 2025-12-04 20:12:46,706: process[image_raw_to_rect_color_relay-19]: starting os process
[roslaunch][INFO] 2025-12-04 20:12:46,707: process[image_raw_to_rect_color_relay-19]: start w/ args [['/opt/ros/noetic/lib/topic_tools/relay', 'xtion/rgb/image_raw', 'xtion/rgb/image_rect_color', '__name:=image_raw_to_rect_color_relay', '__log:=/home/pal/.ros/log/2516c386-d12f-11f0-b32a-9c2f9d99f7eb/image_raw_to_rect_color_relay-19.log']]
[roslaunch][INFO] 2025-12-04 20:12:46,707: process[image_raw_to_rect_color_relay-19]: cwd will be [/home/pal/.ros]
[roslaunch][INFO] 2025-12-04 20:12:46,758: process[image_raw_to_rect_color_relay-19]: started with pid [2550]
[roslaunch][INFO] 2025-12-04 20:12:46,761: ... successfully launched [image_raw_to_rect_color_relay-19]
[roslaunch][INFO] 2025-12-04 20:12:46,767: ... preparing to launch node of type [pal_pcl_points_throttle_and_filter/throttle_filtering_points]
[roslaunch][INFO] 2025-12-04 20:12:46,770: create_node_process: package[pal_pcl_points_throttle_and_filter] type[throttle_filtering_points] machine[Machine(name[] env_loader[None] address[localhost] ssh_port[22] user[None] assignable[True] timeout[10.0])] master_uri[http://localhost:11311/]
[roslaunch][INFO] 2025-12-04 20:12:46,773: process[throttle_filtering_points-20]: env[{'ROS_VERSION': '1', 'DISABLE_ROS1_EOL_WARNINGS': '1', 'PKG_CONFIG_PATH': '/opt/pal/gallium/lib/pkgconfig:/opt/pal/gallium/lib/x86_64-linux-gnu/pkgconfig:/opt/ros/noetic/lib/pkgconfig:/opt/ros/noetic/lib/x86_64-linux-gnu/pkgconfig', 'ROS_PYTHON_VERSION': '3', 'HOSTNAME': 'epan-tiago-noetic-ssh', 'VISP_WS': '/home/pal/visp-ws', 'ROS_PACKAGE_PATH': '/opt/pal/gallium/share:/opt/ros/noetic/share', 'ROSLISP_PACKAGE_DIRECTORIES': '', 'PWD': '/home/pal/ros_ws/src', 'XAUTHORITY': '', 'TZ': 'Europe/Paris', 'ROS_IP': '127.0.0.1', 'HOME': '/home/pal', 'ROS_ETC_DIR': '/opt/ros/noetic/etc/ros', 'LS_COLORS': 'rs=0:di=01;34:ln=01;36:mh=00:pi=40;33:so=01;35:do=01;35:bd=40;33;01:cd=40;33;01:or=40;31;01:mi=00:su=37;41:sg=30;43:ca=30;41:tw=30;42:ow=34;42:st=37;44:ex=01;32:*.tar=01;31:*.tgz=01;31:*.arc=01;31:*.arj=01;31:*.taz=01;31:*.lha=01;31:*.lz4=01;31:*.lzh=01;31:*.lzma=01;31:*.tlz=01;31:*.txz=01;31:*.tzo=01;31:*.t7z=01;31:*.zip=01;31:*.z=01;31:*.dz=01;31:*.gz=01;31:*.lrz=01;31:*.lz=01;31:*.lzo=01;31:*.xz=01;31:*.zst=01;31:*.tzst=01;31:*.bz2=01;31:*.bz=01;31:*.tbz=01;31:*.tbz2=01;31:*.tz=01;31:*.deb=01;31:*.rpm=01;31:*.jar=01;31:*.war=01;31:*.ear=01;31:*.sar=01;31:*.rar=01;31:*.alz=01;31:*.ace=01;31:*.zoo=01;31:*.cpio=01;31:*.7z=01;31:*.rz=01;31:*.cab=01;31:*.wim=01;31:*.swm=01;31:*.dwm=01;31:*.esd=01;31:*.jpg=01;35:*.jpeg=01;35:*.mjpg=01;35:*.mjpeg=01;35:*.gif=01;35:*.bmp=01;35:*.pbm=01;35:*.pgm=01;35:*.ppm=01;35:*.tga=01;35:*.xbm=01;35:*.xpm=01;35:*.tif=01;35:*.tiff=01;35:*.png=01;35:*.svg=01;35:*.svgz=01;35:*.mng=01;35:*.pcx=01;35:*.mov=01;35:*.mpg=01;35:*.mpeg=01;35:*.m2v=01;35:*.mkv=01;35:*.webm=01;35:*.ogm=01;35:*.mp4=01;35:*.m4v=01;35:*.mp4v=01;35:*.vob=01;35:*.qt=01;35:*.nuv=01;35:*.wmv=01;35:*.asf=01;35:*.rm=01;35:*.rmvb=01;35:*.flc=01;35:*.avi=01;35:*.fli=01;35:*.flv=01;35:*.gl=01;35:*.dl=01;35:*.xcf=01;35:*.xwd=01;35:*.yuv=01;35:*.cgm=01;35:*.emf=01;35:*.ogv=01;35:*.ogx=01;35:*.aac=00;36:*.au=00;36:*.flac=00;36:*.m4a=00;36:*.mid=00;36:*.midi=00;36:*.mka=00;36:*.mp3=00;36:*.mpc=00;36:*.ogg=00;36:*.ra=00;36:*.wav=00;36:*.oga=00;36:*.opus=00;36:*.spx=00;36:*.xspf=00;36:', 'OROCOS_TARGET': 'gnulinux', 'CMAKE_PREFIX_PATH': '/opt/pal/gallium:/opt/ros/noetic', 'GAZEBO_RESOURCE_PATH': '/home/pal/ros_ws/src/va50:', 'ROS_WORKSPACE': '/home/pal/ros_ws', 'LESSCLOSE': '/usr/bin/lesspipe %s %s', 'PYTHONPATH': '/opt/pal/gallium/lib/python3/dist-packages:/opt/ros/noetic/lib/python3/dist-packages', 'TERM': 'xterm', 'VISP_INPUT_IMAGE_PATH': '/home/pal/visp-ws/visp-images', 'LESSOPEN': '| /usr/bin/lesspipe %s', 'USER': 'pal', 'RTT_COMPONENT_PATH': '/opt/pal/gallium/lib/orocos', 'DISPLAY': ':0', 'SHLVL': '1', 'PAL_DISTRO': 'gallium', 'ROS_MASTER_URI': 'http://localhost:11311/', 'LD_LIBRARY_PATH': '/opt/pal/gallium/lib:/opt/pal/gallium/lib/x86_64-linux-gnu:/opt/ros/noetic/lib:/opt/ros/noetic/lib/x86_64-linux-gnu:/usr/local/lib', 'GAZEBO_MODEL_PATH': '/home/pal/ros_ws/src/va50/models:', 'PATH': '/opt/pal/gallium/bin:/opt/ros/noetic/bin:/opt/pal/gallium/lib/pal_debian_utils/:/usr/local/sbin:/usr/local/bin:/usr/sbin:/usr/bin:/sbin:/bin', 'LUA_PATH': ';;/opt/pal/gallium/share/lua/5.1/?.lua;/opt/pal/gallium/share/lua/5.1/?.lua;/opt/pal/gallium/share/lua/5.1/?.lua;/opt/pal/gallium/share/lua/5.1/?.lua;/opt/pal/gallium/share/lua/5.1/?.lua', 'DEBIAN_FRONTEND': 'noninteractive', 'ROS_ROOT': '/opt/ros/noetic/share/ros', 'ROS_DISTRO': 'noetic', 'QT_X11_NO_MITSHM': '1', 'OLDPWD': '/home/pal/ros_ws/src/image_bridge', '_': '/opt/ros/noetic/bin/roslaunch', 'LC_CTYPE': 'C.UTF-8', 'ROS_LOG_FILENAME': '/home/pal/.ros/log/2516c386-d12f-11f0-b32a-9c2f9d99f7eb/roslaunch-epan-tiago-noetic-ssh-2368.log', 'LC_NUMERIC': 'C'}]
[roslaunch][INFO] 2025-12-04 20:12:46,786: process[throttle_filtering_points-20]: args[['/opt/pal/gallium/lib/pal_pcl_points_throttle_and_filter/throttle_filtering_points', 'cloud:=/xtion/depth_registered/points', '__name:=throttle_filtering_points']]
[roslaunch][INFO] 2025-12-04 20:12:46,787: ... created process [throttle_filtering_points-20]
[roslaunch.pmon][INFO] 2025-12-04 20:12:46,789: ProcessMonitor.register[throttle_filtering_points-20]
[roslaunch.pmon][INFO] 2025-12-04 20:12:46,791: ProcessMonitor.register[throttle_filtering_points-20] complete
[roslaunch][INFO] 2025-12-04 20:12:46,793: ... registered process [throttle_filtering_points-20]
[roslaunch][INFO] 2025-12-04 20:12:46,796: process[throttle_filtering_points-20]: starting os process
[roslaunch][INFO] 2025-12-04 20:12:46,801: process[throttle_filtering_points-20]: start w/ args [['/opt/pal/gallium/lib/pal_pcl_points_throttle_and_filter/throttle_filtering_points', 'cloud:=/xtion/depth_registered/points', '__name:=throttle_filtering_points', '__log:=/home/pal/.ros/log/2516c386-d12f-11f0-b32a-9c2f9d99f7eb/throttle_filtering_points-20.log']]
[roslaunch][INFO] 2025-12-04 20:12:46,803: process[throttle_filtering_points-20]: cwd will be [/home/pal/.ros]
[roslaunch][INFO] 2025-12-04 20:12:46,872: process[throttle_filtering_points-20]: started with pid [2585]
[roslaunch][INFO] 2025-12-04 20:12:46,874: ... successfully launched [throttle_filtering_points-20]
[roslaunch][INFO] 2025-12-04 20:12:46,876: ... preparing to launch node of type [tiago_gazebo/tuck_arm.py]
[roslaunch][INFO] 2025-12-04 20:12:46,889: create_node_process: package[tiago_gazebo] type[tuck_arm.py] machine[Machine(name[] env_loader[None] address[localhost] ssh_port[22] user[None] assignable[True] timeout[10.0])] master_uri[http://localhost:11311/]
[roslaunch][INFO] 2025-12-04 20:12:46,892: process[tuck_arm-21]: env[{'ROS_VERSION': '1', 'DISABLE_ROS1_EOL_WARNINGS': '1', 'PKG_CONFIG_PATH': '/opt/pal/gallium/lib/pkgconfig:/opt/pal/gallium/lib/x86_64-linux-gnu/pkgconfig:/opt/ros/noetic/lib/pkgconfig:/opt/ros/noetic/lib/x86_64-linux-gnu/pkgconfig', 'ROS_PYTHON_VERSION': '3', 'HOSTNAME': 'epan-tiago-noetic-ssh', 'VISP_WS': '/home/pal/visp-ws', 'ROS_PACKAGE_PATH': '/opt/pal/gallium/share:/opt/ros/noetic/share', 'ROSLISP_PACKAGE_DIRECTORIES': '', 'PWD': '/home/pal/ros_ws/src', 'XAUTHORITY': '', 'TZ': 'Europe/Paris', 'ROS_IP': '127.0.0.1', 'HOME': '/home/pal', 'ROS_ETC_DIR': '/opt/ros/noetic/etc/ros', 'LS_COLORS': 'rs=0:di=01;34:ln=01;36:mh=00:pi=40;33:so=01;35:do=01;35:bd=40;33;01:cd=40;33;01:or=40;31;01:mi=00:su=37;41:sg=30;43:ca=30;41:tw=30;42:ow=34;42:st=37;44:ex=01;32:*.tar=01;31:*.tgz=01;31:*.arc=01;31:*.arj=01;31:*.taz=01;31:*.lha=01;31:*.lz4=01;31:*.lzh=01;31:*.lzma=01;31:*.tlz=01;31:*.txz=01;31:*.tzo=01;31:*.t7z=01;31:*.zip=01;31:*.z=01;31:*.dz=01;31:*.gz=01;31:*.lrz=01;31:*.lz=01;31:*.lzo=01;31:*.xz=01;31:*.zst=01;31:*.tzst=01;31:*.bz2=01;31:*.bz=01;31:*.tbz=01;31:*.tbz2=01;31:*.tz=01;31:*.deb=01;31:*.rpm=01;31:*.jar=01;31:*.war=01;31:*.ear=01;31:*.sar=01;31:*.rar=01;31:*.alz=01;31:*.ace=01;31:*.zoo=01;31:*.cpio=01;31:*.7z=01;31:*.rz=01;31:*.cab=01;31:*.wim=01;31:*.swm=01;31:*.dwm=01;31:*.esd=01;31:*.jpg=01;35:*.jpeg=01;35:*.mjpg=01;35:*.mjpeg=01;35:*.gif=01;35:*.bmp=01;35:*.pbm=01;35:*.pgm=01;35:*.ppm=01;35:*.tga=01;35:*.xbm=01;35:*.xpm=01;35:*.tif=01;35:*.tiff=01;35:*.png=01;35:*.svg=01;35:*.svgz=01;35:*.mng=01;35:*.pcx=01;35:*.mov=01;35:*.mpg=01;35:*.mpeg=01;35:*.m2v=01;35:*.mkv=01;35:*.webm=01;35:*.ogm=01;35:*.mp4=01;35:*.m4v=01;35:*.mp4v=01;35:*.vob=01;35:*.qt=01;35:*.nuv=01;35:*.wmv=01;35:*.asf=01;35:*.rm=01;35:*.rmvb=01;35:*.flc=01;35:*.avi=01;35:*.fli=01;35:*.flv=01;35:*.gl=01;35:*.dl=01;35:*.xcf=01;35:*.xwd=01;35:*.yuv=01;35:*.cgm=01;35:*.emf=01;35:*.ogv=01;35:*.ogx=01;35:*.aac=00;36:*.au=00;36:*.flac=00;36:*.m4a=00;36:*.mid=00;36:*.midi=00;36:*.mka=00;36:*.mp3=00;36:*.mpc=00;36:*.ogg=00;36:*.ra=00;36:*.wav=00;36:*.oga=00;36:*.opus=00;36:*.spx=00;36:*.xspf=00;36:', 'OROCOS_TARGET': 'gnulinux', 'CMAKE_PREFIX_PATH': '/opt/pal/gallium:/opt/ros/noetic', 'GAZEBO_RESOURCE_PATH': '/home/pal/ros_ws/src/va50:', 'ROS_WORKSPACE': '/home/pal/ros_ws', 'LESSCLOSE': '/usr/bin/lesspipe %s %s', 'PYTHONPATH': '/opt/pal/gallium/lib/python3/dist-packages:/opt/ros/noetic/lib/python3/dist-packages', 'TERM': 'xterm', 'VISP_INPUT_IMAGE_PATH': '/home/pal/visp-ws/visp-images', 'LESSOPEN': '| /usr/bin/lesspipe %s', 'USER': 'pal', 'RTT_COMPONENT_PATH': '/opt/pal/gallium/lib/orocos', 'DISPLAY': ':0', 'SHLVL': '1', 'PAL_DISTRO': 'gallium', 'ROS_MASTER_URI': 'http://localhost:11311/', 'LD_LIBRARY_PATH': '/opt/pal/gallium/lib:/opt/pal/gallium/lib/x86_64-linux-gnu:/opt/ros/noetic/lib:/opt/ros/noetic/lib/x86_64-linux-gnu:/usr/local/lib', 'GAZEBO_MODEL_PATH': '/home/pal/ros_ws/src/va50/models:', 'PATH': '/opt/pal/gallium/bin:/opt/ros/noetic/bin:/opt/pal/gallium/lib/pal_debian_utils/:/usr/local/sbin:/usr/local/bin:/usr/sbin:/usr/bin:/sbin:/bin', 'LUA_PATH': ';;/opt/pal/gallium/share/lua/5.1/?.lua;/opt/pal/gallium/share/lua/5.1/?.lua;/opt/pal/gallium/share/lua/5.1/?.lua;/opt/pal/gallium/share/lua/5.1/?.lua;/opt/pal/gallium/share/lua/5.1/?.lua', 'DEBIAN_FRONTEND': 'noninteractive', 'ROS_ROOT': '/opt/ros/noetic/share/ros', 'ROS_DISTRO': 'noetic', 'QT_X11_NO_MITSHM': '1', 'OLDPWD': '/home/pal/ros_ws/src/image_bridge', '_': '/opt/ros/noetic/bin/roslaunch', 'LC_CTYPE': 'C.UTF-8', 'ROS_LOG_FILENAME': '/home/pal/.ros/log/2516c386-d12f-11f0-b32a-9c2f9d99f7eb/roslaunch-epan-tiago-noetic-ssh-2368.log', 'LC_NUMERIC': 'C'}]
[roslaunch][INFO] 2025-12-04 20:12:46,920: process[tuck_arm-21]: args[['/opt/pal/gallium/lib/tiago_gazebo/tuck_arm.py', '__name:=tuck_arm']]
[roslaunch][INFO] 2025-12-04 20:12:46,930: ... created process [tuck_arm-21]
[roslaunch.pmon][INFO] 2025-12-04 20:12:46,931: ProcessMonitor.register[tuck_arm-21]
[roslaunch.pmon][INFO] 2025-12-04 20:12:46,931: ProcessMonitor.register[tuck_arm-21] complete
[roslaunch][INFO] 2025-12-04 20:12:46,931: ... registered process [tuck_arm-21]
[roslaunch][INFO] 2025-12-04 20:12:46,932: process[tuck_arm-21]: starting os process
[roslaunch][INFO] 2025-12-04 20:12:46,933: process[tuck_arm-21]: start w/ args [['/opt/pal/gallium/lib/tiago_gazebo/tuck_arm.py', '__name:=tuck_arm', '__log:=/home/pal/.ros/log/2516c386-d12f-11f0-b32a-9c2f9d99f7eb/tuck_arm-21.log']]
[roslaunch][INFO] 2025-12-04 20:12:46,934: process[tuck_arm-21]: cwd will be [/home/pal/.ros]
[roslaunch][INFO] 2025-12-04 20:12:46,995: process[tuck_arm-21]: started with pid [2592]
[roslaunch][INFO] 2025-12-04 20:12:46,997: ... successfully launched [tuck_arm-21]
[roslaunch][INFO] 2025-12-04 20:12:47,003: ... preparing to launch node of type [image_proc/image_proc]
[roslaunch][INFO] 2025-12-04 20:12:47,010: create_node_process: package[image_proc] type[image_proc] machine[Machine(name[] env_loader[None] address[localhost] ssh_port[22] user[None] assignable[True] timeout[10.0])] master_uri[http://localhost:11311/]
[roslaunch][INFO] 2025-12-04 20:12:47,012: process[xtion/rgb/image_proc-22]: env[{'ROS_VERSION': '1', 'DISABLE_ROS1_EOL_WARNINGS': '1', 'PKG_CONFIG_PATH': '/opt/pal/gallium/lib/pkgconfig:/opt/pal/gallium/lib/x86_64-linux-gnu/pkgconfig:/opt/ros/noetic/lib/pkgconfig:/opt/ros/noetic/lib/x86_64-linux-gnu/pkgconfig', 'ROS_PYTHON_VERSION': '3', 'HOSTNAME': 'epan-tiago-noetic-ssh', 'VISP_WS': '/home/pal/visp-ws', 'ROS_PACKAGE_PATH': '/opt/pal/gallium/share:/opt/ros/noetic/share', 'ROSLISP_PACKAGE_DIRECTORIES': '', 'PWD': '/home/pal/ros_ws/src', 'XAUTHORITY': '', 'TZ': 'Europe/Paris', 'ROS_IP': '127.0.0.1', 'HOME': '/home/pal', 'ROS_ETC_DIR': '/opt/ros/noetic/etc/ros', 'LS_COLORS': 'rs=0:di=01;34:ln=01;36:mh=00:pi=40;33:so=01;35:do=01;35:bd=40;33;01:cd=40;33;01:or=40;31;01:mi=00:su=37;41:sg=30;43:ca=30;41:tw=30;42:ow=34;42:st=37;44:ex=01;32:*.tar=01;31:*.tgz=01;31:*.arc=01;31:*.arj=01;31:*.taz=01;31:*.lha=01;31:*.lz4=01;31:*.lzh=01;31:*.lzma=01;31:*.tlz=01;31:*.txz=01;31:*.tzo=01;31:*.t7z=01;31:*.zip=01;31:*.z=01;31:*.dz=01;31:*.gz=01;31:*.lrz=01;31:*.lz=01;31:*.lzo=01;31:*.xz=01;31:*.zst=01;31:*.tzst=01;31:*.bz2=01;31:*.bz=01;31:*.tbz=01;31:*.tbz2=01;31:*.tz=01;31:*.deb=01;31:*.rpm=01;31:*.jar=01;31:*.war=01;31:*.ear=01;31:*.sar=01;31:*.rar=01;31:*.alz=01;31:*.ace=01;31:*.zoo=01;31:*.cpio=01;31:*.7z=01;31:*.rz=01;31:*.cab=01;31:*.wim=01;31:*.swm=01;31:*.dwm=01;31:*.esd=01;31:*.jpg=01;35:*.jpeg=01;35:*.mjpg=01;35:*.mjpeg=01;35:*.gif=01;35:*.bmp=01;35:*.pbm=01;35:*.pgm=01;35:*.ppm=01;35:*.tga=01;35:*.xbm=01;35:*.xpm=01;35:*.tif=01;35:*.tiff=01;35:*.png=01;35:*.svg=01;35:*.svgz=01;35:*.mng=01;35:*.pcx=01;35:*.mov=01;35:*.mpg=01;35:*.mpeg=01;35:*.m2v=01;35:*.mkv=01;35:*.webm=01;35:*.ogm=01;35:*.mp4=01;35:*.m4v=01;35:*.mp4v=01;35:*.vob=01;35:*.qt=01;35:*.nuv=01;35:*.wmv=01;35:*.asf=01;35:*.rm=01;35:*.rmvb=01;35:*.flc=01;35:*.avi=01;35:*.fli=01;35:*.flv=01;35:*.gl=01;35:*.dl=01;35:*.xcf=01;35:*.xwd=01;35:*.yuv=01;35:*.cgm=01;35:*.emf=01;35:*.ogv=01;35:*.ogx=01;35:*.aac=00;36:*.au=00;36:*.flac=00;36:*.m4a=00;36:*.mid=00;36:*.midi=00;36:*.mka=00;36:*.mp3=00;36:*.mpc=00;36:*.ogg=00;36:*.ra=00;36:*.wav=00;36:*.oga=00;36:*.opus=00;36:*.spx=00;36:*.xspf=00;36:', 'OROCOS_TARGET': 'gnulinux', 'CMAKE_PREFIX_PATH': '/opt/pal/gallium:/opt/ros/noetic', 'GAZEBO_RESOURCE_PATH': '/home/pal/ros_ws/src/va50:', 'ROS_WORKSPACE': '/home/pal/ros_ws', 'LESSCLOSE': '/usr/bin/lesspipe %s %s', 'PYTHONPATH': '/opt/pal/gallium/lib/python3/dist-packages:/opt/ros/noetic/lib/python3/dist-packages', 'TERM': 'xterm', 'VISP_INPUT_IMAGE_PATH': '/home/pal/visp-ws/visp-images', 'LESSOPEN': '| /usr/bin/lesspipe %s', 'USER': 'pal', 'RTT_COMPONENT_PATH': '/opt/pal/gallium/lib/orocos', 'DISPLAY': ':0', 'SHLVL': '1', 'PAL_DISTRO': 'gallium', 'ROS_MASTER_URI': 'http://localhost:11311/', 'LD_LIBRARY_PATH': '/opt/pal/gallium/lib:/opt/pal/gallium/lib/x86_64-linux-gnu:/opt/ros/noetic/lib:/opt/ros/noetic/lib/x86_64-linux-gnu:/usr/local/lib', 'GAZEBO_MODEL_PATH': '/home/pal/ros_ws/src/va50/models:', 'PATH': '/opt/pal/gallium/bin:/opt/ros/noetic/bin:/opt/pal/gallium/lib/pal_debian_utils/:/usr/local/sbin:/usr/local/bin:/usr/sbin:/usr/bin:/sbin:/bin', 'LUA_PATH': ';;/opt/pal/gallium/share/lua/5.1/?.lua;/opt/pal/gallium/share/lua/5.1/?.lua;/opt/pal/gallium/share/lua/5.1/?.lua;/opt/pal/gallium/share/lua/5.1/?.lua;/opt/pal/gallium/share/lua/5.1/?.lua', 'DEBIAN_FRONTEND': 'noninteractive', 'ROS_ROOT': '/opt/ros/noetic/share/ros', 'ROS_DISTRO': 'noetic', 'QT_X11_NO_MITSHM': '1', 'OLDPWD': '/home/pal/ros_ws/src/image_bridge', '_': '/opt/ros/noetic/bin/roslaunch', 'LC_CTYPE': 'C.UTF-8', 'ROS_LOG_FILENAME': '/home/pal/.ros/log/2516c386-d12f-11f0-b32a-9c2f9d99f7eb/roslaunch-epan-tiago-noetic-ssh-2368.log', 'ROS_NAMESPACE': '/xtion/rgb', 'LC_NUMERIC': 'C'}]
[roslaunch][INFO] 2025-12-04 20:12:47,031: process[xtion/rgb/image_proc-22]: args[['/opt/ros/noetic/lib/image_proc/image_proc', '__name:=image_proc']]
[roslaunch][INFO] 2025-12-04 20:12:47,037: ... created process [xtion/rgb/image_proc-22]
[roslaunch.pmon][INFO] 2025-12-04 20:12:47,044: ProcessMonitor.register[xtion/rgb/image_proc-22]
[roslaunch.pmon][INFO] 2025-12-04 20:12:47,050: ProcessMonitor.register[xtion/rgb/image_proc-22] complete
[roslaunch][INFO] 2025-12-04 20:12:47,052: ... registered process [xtion/rgb/image_proc-22]
[roslaunch][INFO] 2025-12-04 20:12:47,058: process[xtion/rgb/image_proc-22]: starting os process
[roslaunch][INFO] 2025-12-04 20:12:47,067: process[xtion/rgb/image_proc-22]: start w/ args [['/opt/ros/noetic/lib/image_proc/image_proc', '__name:=image_proc', '__log:=/home/pal/.ros/log/2516c386-d12f-11f0-b32a-9c2f9d99f7eb/xtion-rgb-image_proc-22.log']]
[roslaunch][INFO] 2025-12-04 20:12:47,071: process[xtion/rgb/image_proc-22]: cwd will be [/home/pal/.ros]
[roslaunch][INFO] 2025-12-04 20:12:47,149: process[xtion/rgb/image_proc-22]: started with pid [2619]
[roslaunch][INFO] 2025-12-04 20:12:47,150: ... successfully launched [xtion/rgb/image_proc-22]
[roslaunch][INFO] 2025-12-04 20:12:47,151: ... launch_nodes complete
[roslaunch.pmon][INFO] 2025-12-04 20:12:47,151: registrations completed <ProcessMonitor(ProcessMonitor-1, started daemon 137530187970304)>
[roslaunch.parent][INFO] 2025-12-04 20:12:47,152: ... roslaunch parent running, waiting for process exit
[roslaunch][INFO] 2025-12-04 20:12:47,152: spin
[roslaunch][INFO] 2025-12-04 20:12:47,236: [robot_state_publisher-13] process has finished cleanly
log file: /home/pal/.ros/log/2516c386-d12f-11f0-b32a-9c2f9d99f7eb/robot_state_publisher-13*.log
[roslaunch.pmon][INFO] 2025-12-04 20:12:47,236: ProcessMonitor.unregister[robot_state_publisher-13] starting
[roslaunch.pmon][INFO] 2025-12-04 20:12:47,237: ProcessMonitor.unregister[robot_state_publisher-13] complete
[roslaunch][INFO] 2025-12-04 20:12:47,538: [twist_marker-16] process has finished cleanly
log file: /home/pal/.ros/log/2516c386-d12f-11f0-b32a-9c2f9d99f7eb/twist_marker-16*.log
[roslaunch.pmon][INFO] 2025-12-04 20:12:47,538: ProcessMonitor.unregister[twist_marker-16] starting
[roslaunch.pmon][INFO] 2025-12-04 20:12:47,539: ProcessMonitor.unregister[twist_marker-16] complete
[roslaunch][INFO] 2025-12-04 20:12:48,951: [spawn_model-3] process has finished cleanly
log file: /home/pal/.ros/log/2516c386-d12f-11f0-b32a-9c2f9d99f7eb/spawn_model-3*.log
[roslaunch.pmon][INFO] 2025-12-04 20:12:48,953: ProcessMonitor.unregister[spawn_model-3] starting
[roslaunch.pmon][INFO] 2025-12-04 20:12:48,953: ProcessMonitor.unregister[spawn_model-3] complete
[roslaunch][ERROR] 2025-12-04 20:12:49,155: ================================================================================REQUIRED process [gazebo-1] has died!
process has died [pid 2416, exit code 255, cmd /opt/pal/gallium/lib/gazebo_ros/gzserver -e ode worlds/pick_and_place.world __name:=gazebo __log:=/home/pal/.ros/log/2516c386-d12f-11f0-b32a-9c2f9d99f7eb/gazebo-1.log].
log file: /home/pal/.ros/log/2516c386-d12f-11f0-b32a-9c2f9d99f7eb/gazebo-1*.log
Initiating shutdown!
================================================================================
[roslaunch.pmon][INFO] 2025-12-04 20:12:49,256: ProcessMonitor._post_run <ProcessMonitor(ProcessMonitor-1, started daemon 137530187970304)>
[roslaunch.pmon][INFO] 2025-12-04 20:12:49,257: ProcessMonitor._post_run <ProcessMonitor(ProcessMonitor-1, started daemon 137530187970304)>: remaining procs are [<roslaunch.nodeprocess.LocalProcess object at 0x7d1555eb7df0>, <roslaunch.nodeprocess.LocalProcess object at 0x7d1555eb7100>, <roslaunch.nodeprocess.LocalProcess object at 0x7d1555eb73d0>, <roslaunch.nodeprocess.LocalProcess object at 0x7d1555eb7370>, <roslaunch.nodeprocess.LocalProcess object at 0x7d1555eb7670>, <roslaunch.nodeprocess.LocalProcess object at 0x7d1555eb7550>, <roslaunch.nodeprocess.LocalProcess object at 0x7d1555ebbaf0>, <roslaunch.nodeprocess.LocalProcess object at 0x7d1555ebbc10>, <roslaunch.nodeprocess.LocalProcess object at 0x7d1555ebbcd0>, <roslaunch.nodeprocess.LocalProcess object at 0x7d1555ebbf70>, <roslaunch.nodeprocess.LocalProcess object at 0x7d1555ebb040>, <roslaunch.nodeprocess.LocalProcess object at 0x7d1558ee4670>, <roslaunch.nodeprocess.LocalProcess object at 0x7d1555ebb970>, <roslaunch.nodeprocess.LocalProcess object at 0x7d1555fde8b0>, <roslaunch.nodeprocess.LocalProcess object at 0x7d1555fded30>, <roslaunch.nodeprocess.LocalProcess object at 0x7d1555fde6d0>, <roslaunch.nodeprocess.LocalProcess object at 0x7d1555fde550>, <roslaunch.nodeprocess.LocalProcess object at 0x7d1555fdec70>, <roslaunch.nodeprocess.LocalProcess object at 0x7d1555fde1c0>]
[roslaunch.pmon][INFO] 2025-12-04 20:12:49,257: ProcessMonitor exit: killing xtion/rgb/image_proc-22
[roslaunch][INFO] 2025-12-04 20:12:49,259: [xtion/rgb/image_proc-22] killing on exit
[roslaunch][INFO] 2025-12-04 20:12:49,259: process[xtion/rgb/image_proc-22]: killing os process with pid[2619] pgid[2619]
[roslaunch][INFO] 2025-12-04 20:12:49,261: [xtion/rgb/image_proc-22] sending SIGINT to pgid [2619]
[roslaunch][INFO] 2025-12-04 20:12:49,261: [xtion/rgb/image_proc-22] sent SIGINT to pgid [2619]
[roslaunch.pmon][INFO] 2025-12-04 20:12:49,261: ProcessMonitor exit: killing tuck_arm-21
[roslaunch.pmon][INFO] 2025-12-04 20:12:49,263: ProcessMonitor exit: killing throttle_filtering_points-20
[roslaunch][INFO] 2025-12-04 20:12:49,266: [throttle_filtering_points-20] killing on exit
[roslaunch][INFO] 2025-12-04 20:12:49,266: process[throttle_filtering_points-20]: killing os process with pid[2585] pgid[2585]
[roslaunch][INFO] 2025-12-04 20:12:49,266: [throttle_filtering_points-20] sending SIGINT to pgid [2585]
[roslaunch][INFO] 2025-12-04 20:12:49,266: [throttle_filtering_points-20] sent SIGINT to pgid [2585]
[roslaunch.pmon][INFO] 2025-12-04 20:12:49,266: ProcessMonitor exit: killing dynamic_footprint_publisher-18
[roslaunch][INFO] 2025-12-04 20:12:49,266: [dynamic_footprint_publisher-18] killing on exit
[roslaunch][INFO] 2025-12-04 20:12:49,266: process[dynamic_footprint_publisher-18]: killing os process with pid[2523] pgid[2523]
[roslaunch][INFO] 2025-12-04 20:12:49,268: [dynamic_footprint_publisher-18] sending SIGINT to pgid [2523]
[roslaunch][INFO] 2025-12-04 20:12:49,264: [tuck_arm-21] killing on exit
[roslaunch.pmon][INFO] 2025-12-04 20:12:49,264: ProcessMonitor exit: killing image_raw_to_rect_color_relay-19
[roslaunch][INFO] 2025-12-04 20:12:49,269: [image_raw_to_rect_color_relay-19] killing on exit
[roslaunch][INFO] 2025-12-04 20:12:49,270: process[image_raw_to_rect_color_relay-19]: killing os process with pid[2550] pgid[2550]
[roslaunch][INFO] 2025-12-04 20:12:49,270: [image_raw_to_rect_color_relay-19] sending SIGINT to pgid [2550]
[roslaunch][INFO] 2025-12-04 20:12:49,270: [image_raw_to_rect_color_relay-19] sent SIGINT to pgid [2550]
[roslaunch.pmon][INFO] 2025-12-04 20:12:49,267: ProcessMonitor exit: killing joystick_relay-17
[roslaunch][INFO] 2025-12-04 20:12:49,270: [joystick_relay-17] killing on exit
[roslaunch][INFO] 2025-12-04 20:12:49,270: process[joystick_relay-17]: killing os process with pid[2519] pgid[2519]
[roslaunch][INFO] 2025-12-04 20:12:49,270: [joystick_relay-17] sending SIGINT to pgid [2519]
[roslaunch][INFO] 2025-12-04 20:12:49,270: [joystick_relay-17] sent SIGINT to pgid [2519]
[roslaunch][INFO] 2025-12-04 20:12:49,268: [dynamic_footprint_publisher-18] sent SIGINT to pgid [2523]
[roslaunch.pmon][INFO] 2025-12-04 20:12:49,269: ProcessMonitor exit: killing tf_lookup-14
[roslaunch][INFO] 2025-12-04 20:12:49,272: [tf_lookup-14] killing on exit
[roslaunch.pmon][INFO] 2025-12-04 20:12:49,268: ProcessMonitor exit: killing twist_mux-15
[roslaunch][INFO] 2025-12-04 20:12:49,274: [twist_mux-15] killing on exit
[roslaunch.pmon][INFO] 2025-12-04 20:12:49,273: ProcessMonitor exit: killing move_group-12
[roslaunch][INFO] 2025-12-04 20:12:49,274: process[tf_lookup-14]: killing os process with pid[2474] pgid[2474]
[roslaunch][INFO] 2025-12-04 20:12:49,271: process[tuck_arm-21]: killing os process with pid[2592] pgid[2592]
[roslaunch][INFO] 2025-12-04 20:12:49,274: [tf_lookup-14] sending SIGINT to pgid [2474]
[roslaunch][INFO] 2025-12-04 20:12:49,275: [tf_lookup-14] sent SIGINT to pgid [2474]
[roslaunch.pmon][INFO] 2025-12-04 20:12:49,274: ProcessMonitor exit: killing is_already_there-11
[roslaunch][INFO] 2025-12-04 20:12:49,275: [is_already_there-11] killing on exit
[roslaunch][INFO] 2025-12-04 20:12:49,274: [move_group-12] killing on exit
[roslaunch][INFO] 2025-12-04 20:12:49,275: process[twist_mux-15]: killing os process with pid[2476] pgid[2476]
[roslaunch][INFO] 2025-12-04 20:12:49,275: [tuck_arm-21] sending SIGINT to pgid [2592]
[roslaunch][INFO] 2025-12-04 20:12:49,276: process[is_already_there-11]: killing os process with pid[2454] pgid[2454]
[roslaunch][INFO] 2025-12-04 20:12:49,277: [is_already_there-11] sending SIGINT to pgid [2454]
[roslaunch][INFO] 2025-12-04 20:12:49,276: [twist_mux-15] sending SIGINT to pgid [2476]
[roslaunch][INFO] 2025-12-04 20:12:49,278: [twist_mux-15] sent SIGINT to pgid [2476]
[roslaunch][INFO] 2025-12-04 20:12:49,277: [tuck_arm-21] sent SIGINT to pgid [2592]
[roslaunch][INFO] 2025-12-04 20:12:49,276: process[move_group-12]: killing os process with pid[2456] pgid[2456]
[roslaunch][INFO] 2025-12-04 20:12:49,280: [move_group-12] sending SIGINT to pgid [2456]
[roslaunch][INFO] 2025-12-04 20:12:49,280: [move_group-12] sent SIGINT to pgid [2456]
[roslaunch][INFO] 2025-12-04 20:12:49,277: [is_already_there-11] sent SIGINT to pgid [2454]
[roslaunch][INFO] 2025-12-04 20:12:49,567: process[throttle_filtering_points-20]: SIGINT killed with return value 0
[roslaunch.pmon][INFO] 2025-12-04 20:12:49,567: ProcessMonitor exit: killing play_motion-10
[roslaunch][INFO] 2025-12-04 20:12:49,568: [play_motion-10] killing on exit
[roslaunch][INFO] 2025-12-04 20:12:49,568: process[play_motion-10]: killing os process with pid[2452] pgid[2452]
[roslaunch][INFO] 2025-12-04 20:12:49,569: [play_motion-10] sending SIGINT to pgid [2452]
[roslaunch][INFO] 2025-12-04 20:12:49,569: [play_motion-10] sent SIGINT to pgid [2452]
[roslaunch][INFO] 2025-12-04 20:12:49,570: process[image_raw_to_rect_color_relay-19]: SIGINT killed with return value 0
[roslaunch.pmon][INFO] 2025-12-04 20:12:49,571: ProcessMonitor exit: killing hand_grasping_action-9
[roslaunch][INFO] 2025-12-04 20:12:49,572: [hand_grasping_action-9] killing on exit
[roslaunch][INFO] 2025-12-04 20:12:49,572: process[hand_grasping_action-9]: killing os process with pid[2449] pgid[2449]
[roslaunch][INFO] 2025-12-04 20:12:49,572: [hand_grasping_action-9] sending SIGINT to pgid [2449]
[roslaunch][INFO] 2025-12-04 20:12:49,572: [hand_grasping_action-9] sent SIGINT to pgid [2449]
[roslaunch][INFO] 2025-12-04 20:12:49,676: process[tf_lookup-14]: SIGINT killed with return value 0
[roslaunch.pmon][INFO] 2025-12-04 20:12:49,677: ProcessMonitor exit: killing hand_controller_spawner-8
[roslaunch][INFO] 2025-12-04 20:12:49,680: [hand_controller_spawner-8] killing on exit
[roslaunch][INFO] 2025-12-04 20:12:49,681: process[hand_controller_spawner-8]: killing os process with pid[2431] pgid[2431]
[roslaunch][INFO] 2025-12-04 20:12:49,681: [hand_controller_spawner-8] sending SIGINT to pgid [2431]
[roslaunch][INFO] 2025-12-04 20:12:49,681: [hand_controller_spawner-8] sent SIGINT to pgid [2431]
[roslaunch][INFO] 2025-12-04 20:12:49,680: process[twist_mux-15]: SIGINT killed with return value 0
[roslaunch.pmon][INFO] 2025-12-04 20:12:49,682: ProcessMonitor exit: killing bringup_controllers_spawner_ft-7
[roslaunch][INFO] 2025-12-04 20:12:49,682: [bringup_controllers_spawner_ft-7] killing on exit
[roslaunch][INFO] 2025-12-04 20:12:49,683: process[bringup_controllers_spawner_ft-7]: killing os process with pid[2430] pgid[2430]
[roslaunch][INFO] 2025-12-04 20:12:49,683: [bringup_controllers_spawner_ft-7] sending SIGINT to pgid [2430]
[roslaunch][INFO] 2025-12-04 20:12:49,683: [bringup_controllers_spawner_ft-7] sent SIGINT to pgid [2430]
[roslaunch][INFO] 2025-12-04 20:12:49,964: process[xtion/rgb/image_proc-22]: SIGINT killed with return value 0
[roslaunch.pmon][INFO] 2025-12-04 20:12:49,964: ProcessMonitor exit: killing bringup_controllers_spawner_imu-6
[roslaunch][INFO] 2025-12-04 20:12:49,965: [bringup_controllers_spawner_imu-6] killing on exit
[roslaunch.pmon][INFO] 2025-12-04 20:12:49,965: ProcessMonitor exit: killing head_controller/point_head_action-5
[roslaunch][INFO] 2025-12-04 20:12:49,969: [head_controller/point_head_action-5] killing on exit
[roslaunch][INFO] 2025-12-04 20:12:49,969: process[head_controller/point_head_action-5]: killing os process with pid[2428] pgid[2428]
[roslaunch][INFO] 2025-12-04 20:12:49,969: [head_controller/point_head_action-5] sending SIGINT to pgid [2428]
[roslaunch][INFO] 2025-12-04 20:12:49,970: [head_controller/point_head_action-5] sent SIGINT to pgid [2428]
[roslaunch][INFO] 2025-12-04 20:12:50,107: process[is_already_there-11]: SIGINT killed with return value 0
[roslaunch.pmon][INFO] 2025-12-04 20:12:50,108: ProcessMonitor exit: killing default_controllers_spawner-4
[roslaunch][INFO] 2025-12-04 20:12:50,109: [default_controllers_spawner-4] killing on exit
[roslaunch][INFO] 2025-12-04 20:12:50,109: process[default_controllers_spawner-4]: killing os process with pid[2426] pgid[2426]
[roslaunch][INFO] 2025-12-04 20:12:50,110: [default_controllers_spawner-4] sending SIGINT to pgid [2426]
[roslaunch][INFO] 2025-12-04 20:12:50,110: [default_controllers_spawner-4] sent SIGINT to pgid [2426]
[roslaunch][INFO] 2025-12-04 20:12:50,171: process[play_motion-10]: SIGINT killed with return value -6
[roslaunch.pmon][INFO] 2025-12-04 20:12:50,171: ProcessMonitor exit: killing gazebo_gui-2
[roslaunch][INFO] 2025-12-04 20:12:50,171: [gazebo_gui-2] killing on exit
[roslaunch][INFO] 2025-12-04 20:12:50,171: process[head_controller/point_head_action-5]: SIGINT killed with return value 0
[roslaunch.pmon][INFO] 2025-12-04 20:12:50,171: ProcessMonitor exit: killing gazebo-1
[roslaunch][INFO] 2025-12-04 20:12:50,171: [gazebo-1] killing on exit
[roslaunch][INFO] 2025-12-04 20:12:50,172: process[gazebo_gui-2]: killing os process with pid[2419] pgid[2419]
[roslaunch][INFO] 2025-12-04 20:12:50,172: [gazebo_gui-2] sending SIGINT to pgid [2419]
[roslaunch][INFO] 2025-12-04 20:12:50,172: [gazebo_gui-2] sent SIGINT to pgid [2419]
[roslaunch][INFO] 2025-12-04 20:12:50,274: process[gazebo_gui-2]: SIGINT killed with return value -2
[roslaunch][INFO] 2025-12-04 20:12:50,283: process[tuck_arm-21]: SIGINT killed with return value 1
[roslaunch][INFO] 2025-12-04 20:12:50,374: process[hand_grasping_action-9]: SIGINT killed with return value 0
[roslaunch][INFO] 2025-12-04 20:12:50,376: process[dynamic_footprint_publisher-18]: SIGINT killed with return value 1
[roslaunch][INFO] 2025-12-04 20:12:50,384: process[move_group-12]: SIGINT killed with return value 0
[roslaunch][INFO] 2025-12-04 20:12:50,885: process[bringup_controllers_spawner_ft-7]: SIGINT killed with return value 0
[roslaunch][INFO] 2025-12-04 20:12:51,386: process[hand_controller_spawner-8]: SIGINT killed with return value 0
[roslaunch][INFO] 2025-12-04 20:12:51,814: process[default_controllers_spawner-4]: SIGINT killed with return value 0
[roslaunch][ERROR] 2025-12-04 20:13:04,300: [joystick_relay-17] escalating to SIGTERM
[roslaunch][INFO] 2025-12-04 20:13:04,300: [joystick_relay-17] sent SIGTERM to pgid [2519]
[roslaunch][ERROR] 2025-12-04 20:13:06,302: [joystick_relay-17] escalating to SIGKILL
[roslaunch][INFO] 2025-12-04 20:13:06,303: [joystick_relay-17] sent SIGKILL to pgid [2519]
[roslaunch][INFO] 2025-12-04 20:13:06,303: process[joystick_relay-17]: sent SIGKILL
[roslaunch.pmon][INFO] 2025-12-04 20:13:06,303: ProcessMonitor exit: cleaning up data structures and signals
[roslaunch.pmon][INFO] 2025-12-04 20:13:06,303: ProcessMonitor exit: pmon has shutdown
[roslaunch][ERROR] 2025-12-04 20:13:06,303: Shutdown errors:
 * process[joystick_relay-17, pid 2519]: required SIGKILL. May still be running.
[roslaunch][INFO] 2025-12-04 20:13:06,385: process monitor is done spinning, initiating full shutdown
[roslaunch][INFO] 2025-12-04 20:13:06,385: runner.stop()
[roslaunch][INFO] 2025-12-04 20:13:06,385: shutting down processing monitor...
[roslaunch][INFO] 2025-12-04 20:13:06,385: shutting down processing monitor <ProcessMonitor(ProcessMonitor-1, stopped daemon 137530187970304)>
[roslaunch.pmon][INFO] 2025-12-04 20:13:06,385: ProcessMonitor.shutdown <ProcessMonitor(ProcessMonitor-1, stopped daemon 137530187970304)>
[roslaunch][INFO] 2025-12-04 20:13:06,385: ... shutting down processing monitor complete
[roslaunch][INFO] 2025-12-04 20:13:06,385: done
[roslaunch.pmon][INFO] 2025-12-04 20:13:06,385: ProcessMonitor.shutdown <ProcessMonitor(ProcessMonitor-1, stopped daemon 137530187970304)>
[rospy.core][INFO] 2025-12-04 20:13:06,386: signal_shutdown [atexit]
