[rosmaster.main][INFO] 2025-12-04 21:21:28,222: initialization complete, waiting for shutdown
[rosmaster.main][INFO] 2025-12-04 21:21:28,222: Starting ROS Master Node
[xmlrpc][INFO] 2025-12-04 21:21:28,223: XML-RPC server binding to 127.0.0.1:11311
[xmlrpc][INFO] 2025-12-04 21:21:28,223: Started XML-RPC server [http://127.0.0.1:11311/]
[xmlrpc][INFO] 2025-12-04 21:21:28,223: xml rpc node: starting XML-RPC server
[rosmaster.master][INFO] 2025-12-04 21:21:28,223: Master initialized: port[11311], uri[http://127.0.0.1:11311/]
[rosmaster.master][INFO] 2025-12-04 21:21:28,288: +PARAM [/run_id] by /roslaunch
[rosmaster.master][INFO] 2025-12-04 21:21:28,289: +PARAM [/roslaunch/uris/host_127_0_0_1__41167] by /roslaunch
[rosmaster.master][INFO] 2025-12-04 21:21:28,402: +PARAM [/rosversion] by /roslaunch
[rosmaster.master][INFO] 2025-12-04 21:21:28,403: +PARAM [/rosdistro] by /roslaunch
[rosmaster.master][INFO] 2025-12-04 21:21:28,403: +PARAM [/use_sim_time] by /roslaunch
[rosmaster.master][INFO] 2025-12-04 21:21:28,403: +PARAM [/pal_robot_info/type] by /roslaunch
[rosmaster.master][INFO] 2025-12-04 21:21:28,403: +PARAM [/pal_robot_info/end_effector] by /roslaunch
[rosmaster.master][INFO] 2025-12-04 21:21:28,403: +PARAM [/pal_robot_info/ft_sensor] by /roslaunch
[rosmaster.master][INFO] 2025-12-04 21:21:28,403: +PARAM [/pal_robot_info/laser_model] by /roslaunch
[rosmaster.master][INFO] 2025-12-04 21:21:28,403: +PARAM [/pal_robot_info/camera_model] by /roslaunch
[rosmaster.master][INFO] 2025-12-04 21:21:28,403: +PARAM [/pal_robot_info/base_type] by /roslaunch
[rosmaster.master][INFO] 2025-12-04 21:21:28,403: +PARAM [/pal_robot_info/arm] by /roslaunch
[rosmaster.master][INFO] 2025-12-04 21:21:28,403: +PARAM [/gains/suspension_left_joint/p] by /roslaunch
[rosmaster.master][INFO] 2025-12-04 21:21:28,403: +PARAM [/gains/suspension_left_joint/d] by /roslaunch
[rosmaster.master][INFO] 2025-12-04 21:21:28,403: +PARAM [/gains/suspension_left_joint/i] by /roslaunch
[rosmaster.master][INFO] 2025-12-04 21:21:28,403: +PARAM [/gains/suspension_left_joint/i_clamp] by /roslaunch
[rosmaster.master][INFO] 2025-12-04 21:21:28,403: +PARAM [/gains/suspension_right_joint/p] by /roslaunch
[rosmaster.master][INFO] 2025-12-04 21:21:28,403: +PARAM [/gains/suspension_right_joint/d] by /roslaunch
[rosmaster.master][INFO] 2025-12-04 21:21:28,403: +PARAM [/gains/suspension_right_joint/i] by /roslaunch
[rosmaster.master][INFO] 2025-12-04 21:21:28,403: +PARAM [/gains/suspension_right_joint/i_clamp] by /roslaunch
[rosmaster.master][INFO] 2025-12-04 21:21:28,403: +PARAM [/gains/torso_lift_joint/p] by /roslaunch
[rosmaster.master][INFO] 2025-12-04 21:21:28,403: +PARAM [/gains/torso_lift_joint/d] by /roslaunch
[rosmaster.master][INFO] 2025-12-04 21:21:28,403: +PARAM [/gains/torso_lift_joint/i] by /roslaunch
[rosmaster.master][INFO] 2025-12-04 21:21:28,404: +PARAM [/gains/torso_lift_joint/i_clamp] by /roslaunch
[rosmaster.master][INFO] 2025-12-04 21:21:28,404: +PARAM [/gains/head_1_joint/p] by /roslaunch
[rosmaster.master][INFO] 2025-12-04 21:21:28,404: +PARAM [/gains/head_1_joint/d] by /roslaunch
[rosmaster.master][INFO] 2025-12-04 21:21:28,404: +SERVICE [/rosout/get_loggers] /rosout http://127.0.0.1:46717/
[rosmaster.master][INFO] 2025-12-04 21:21:28,404: +PARAM [/gains/head_1_joint/i] by /roslaunch
[rosmaster.master][INFO] 2025-12-04 21:21:28,404: +PARAM [/gains/head_1_joint/i_clamp] by /roslaunch
[rosmaster.master][INFO] 2025-12-04 21:21:28,404: +SERVICE [/rosout/set_logger_level] /rosout http://127.0.0.1:46717/
[rosmaster.master][INFO] 2025-12-04 21:21:28,405: +PARAM [/gains/head_2_joint/p] by /roslaunch
[rosmaster.master][INFO] 2025-12-04 21:21:28,405: +PARAM [/gains/head_2_joint/d] by /roslaunch
[rosmaster.master][INFO] 2025-12-04 21:21:28,405: +PARAM [/gains/head_2_joint/i] by /roslaunch
[rosmaster.master][INFO] 2025-12-04 21:21:28,405: +PARAM [/gains/head_2_joint/i_clamp] by /roslaunch
[rosmaster.master][INFO] 2025-12-04 21:21:28,405: +PARAM [/gains/xtion_frame_joint/p] by /roslaunch
[rosmaster.master][INFO] 2025-12-04 21:21:28,406: +PARAM [/gains/xtion_frame_joint/d] by /roslaunch
[rosmaster.master][INFO] 2025-12-04 21:21:28,406: +PARAM [/gains/xtion_frame_joint/i] by /roslaunch
[rosmaster.master][INFO] 2025-12-04 21:21:28,406: +PARAM [/gains/xtion_frame_joint/i_clamp] by /roslaunch
[rosmaster.master][INFO] 2025-12-04 21:21:28,406: +PARAM [/gains/arm_1_joint/p] by /roslaunch
[rosmaster.master][INFO] 2025-12-04 21:21:28,406: +PARAM [/gains/arm_1_joint/d] by /roslaunch
[rosmaster.master][INFO] 2025-12-04 21:21:28,407: +PARAM [/gains/arm_1_joint/i] by /roslaunch
[rosmaster.master][INFO] 2025-12-04 21:21:28,407: +PARAM [/gains/arm_1_joint/i_clamp] by /roslaunch
[rosmaster.master][INFO] 2025-12-04 21:21:28,407: +PARAM [/gains/arm_1_joint/torque_clamp] by /roslaunch
[rosmaster.master][INFO] 2025-12-04 21:21:28,407: +PARAM [/gains/arm_2_joint/p] by /roslaunch
[rosmaster.master][INFO] 2025-12-04 21:21:28,407: +PARAM [/gains/arm_2_joint/d] by /roslaunch
[rosmaster.master][INFO] 2025-12-04 21:21:28,407: +PARAM [/gains/arm_2_joint/i] by /roslaunch
[rosmaster.master][INFO] 2025-12-04 21:21:28,407: +PARAM [/gains/arm_2_joint/i_clamp] by /roslaunch
[rosmaster.master][INFO] 2025-12-04 21:21:28,407: +SUB [/clock] /rosout http://127.0.0.1:46717/
[rosmaster.master][INFO] 2025-12-04 21:21:28,407: +PARAM [/gains/arm_2_joint/torque_clamp] by /roslaunch
[rosmaster.master][INFO] 2025-12-04 21:21:28,408: +PARAM [/gains/arm_3_joint/p] by /roslaunch
[rosmaster.master][INFO] 2025-12-04 21:21:28,408: +PARAM [/gains/arm_3_joint/d] by /roslaunch
[rosmaster.master][INFO] 2025-12-04 21:21:28,408: +PARAM [/gains/arm_3_joint/i] by /roslaunch
[rosmaster.master][INFO] 2025-12-04 21:21:28,408: +PARAM [/gains/arm_3_joint/i_clamp] by /roslaunch
[rosmaster.master][INFO] 2025-12-04 21:21:28,408: +PARAM [/gains/arm_3_joint/torque_clamp] by /roslaunch
[rosmaster.master][INFO] 2025-12-04 21:21:28,408: +PARAM [/gains/arm_4_joint/p] by /roslaunch
[rosmaster.master][INFO] 2025-12-04 21:21:28,408: +PARAM [/gains/arm_4_joint/d] by /roslaunch
[rosmaster.master][INFO] 2025-12-04 21:21:28,408: +PARAM [/gains/arm_4_joint/i] by /roslaunch
[rosmaster.master][INFO] 2025-12-04 21:21:28,408: +PUB [/rosout_agg] /rosout http://127.0.0.1:46717/
[rosmaster.master][INFO] 2025-12-04 21:21:28,408: +PARAM [/gains/arm_4_joint/i_clamp] by /roslaunch
[rosmaster.master][INFO] 2025-12-04 21:21:28,408: +PARAM [/gains/arm_4_joint/torque_clamp] by /roslaunch
[rosmaster.master][INFO] 2025-12-04 21:21:28,408: +PARAM [/gains/arm_5_joint/p] by /roslaunch
[rosmaster.master][INFO] 2025-12-04 21:21:28,409: +PARAM [/gains/arm_5_joint/d] by /roslaunch
[rosmaster.master][INFO] 2025-12-04 21:21:28,409: +PARAM [/gains/arm_5_joint/i] by /roslaunch
[rosmaster.master][INFO] 2025-12-04 21:21:28,409: +PARAM [/gains/arm_5_joint/i_clamp] by /roslaunch
[rosmaster.master][INFO] 2025-12-04 21:21:28,410: +PARAM [/gains/arm_5_joint/torque_clamp] by /roslaunch
[rosmaster.master][INFO] 2025-12-04 21:21:28,410: +PARAM [/gains/arm_6_joint/p] by /roslaunch
[rosmaster.master][INFO] 2025-12-04 21:21:28,410: +SUB [/rosout] /rosout http://127.0.0.1:46717/
[rosmaster.master][INFO] 2025-12-04 21:21:28,410: +PARAM [/gains/arm_6_joint/d] by /roslaunch
[rosmaster.master][INFO] 2025-12-04 21:21:28,410: +PARAM [/gains/arm_6_joint/i] by /roslaunch
[rosmaster.master][INFO] 2025-12-04 21:21:28,410: +PARAM [/gains/arm_6_joint/i_clamp] by /roslaunch
[rosmaster.master][INFO] 2025-12-04 21:21:28,410: +PARAM [/gains/arm_6_joint/torque_clamp] by /roslaunch
[rosmaster.master][INFO] 2025-12-04 21:21:28,410: +PARAM [/gains/arm_7_joint/p] by /roslaunch
[rosmaster.master][INFO] 2025-12-04 21:21:28,410: +PARAM [/gains/arm_7_joint/d] by /roslaunch
[rosmaster.master][INFO] 2025-12-04 21:21:28,410: +PARAM [/gains/arm_7_joint/i] by /roslaunch
[rosmaster.master][INFO] 2025-12-04 21:21:28,410: +PARAM [/gains/arm_7_joint/i_clamp] by /roslaunch
[rosmaster.master][INFO] 2025-12-04 21:21:28,410: +PARAM [/gains/arm_7_joint/torque_clamp] by /roslaunch
[rosmaster.master][INFO] 2025-12-04 21:21:28,411: +PARAM [/gains/hand_index_joint/p] by /roslaunch
[rosmaster.master][INFO] 2025-12-04 21:21:28,411: +PARAM [/gains/hand_index_joint/d] by /roslaunch
[rosmaster.master][INFO] 2025-12-04 21:21:28,411: +PARAM [/gains/hand_index_joint/i] by /roslaunch
[rosmaster.master][INFO] 2025-12-04 21:21:28,411: +PARAM [/gains/hand_index_joint/i_clamp] by /roslaunch
[rosmaster.master][INFO] 2025-12-04 21:21:28,411: +PARAM [/gains/hand_thumb_joint/p] by /roslaunch
[rosmaster.master][INFO] 2025-12-04 21:21:28,411: +PARAM [/gains/hand_thumb_joint/d] by /roslaunch
[rosmaster.master][INFO] 2025-12-04 21:21:28,411: +PARAM [/gains/hand_thumb_joint/i] by /roslaunch
[rosmaster.master][INFO] 2025-12-04 21:21:28,411: +PARAM [/gains/hand_thumb_joint/i_clamp] by /roslaunch
[rosmaster.master][INFO] 2025-12-04 21:21:28,411: +PARAM [/gains/hand_mrl_joint/p] by /roslaunch
[rosmaster.master][INFO] 2025-12-04 21:21:28,411: +PARAM [/gains/hand_mrl_joint/d] by /roslaunch
[rosmaster.master][INFO] 2025-12-04 21:21:28,411: +PARAM [/gains/hand_mrl_joint/i] by /roslaunch
[rosmaster.master][INFO] 2025-12-04 21:21:28,411: +PARAM [/gains/hand_mrl_joint/i_clamp] by /roslaunch
[rosmaster.master][INFO] 2025-12-04 21:21:28,411: +PARAM [/gains/hand_index_abd_joint/p] by /roslaunch
[rosmaster.master][INFO] 2025-12-04 21:21:28,411: +PARAM [/gains/hand_index_abd_joint/d] by /roslaunch
[rosmaster.master][INFO] 2025-12-04 21:21:28,411: +PARAM [/gains/hand_index_abd_joint/i] by /roslaunch
[rosmaster.master][INFO] 2025-12-04 21:21:28,411: +PARAM [/gains/hand_index_abd_joint/i_clamp] by /roslaunch
[rosmaster.master][INFO] 2025-12-04 21:21:28,411: +PARAM [/gains/hand_index_virtual_1_joint/p] by /roslaunch
[rosmaster.master][INFO] 2025-12-04 21:21:28,411: +PARAM [/gains/hand_index_virtual_1_joint/d] by /roslaunch
[rosmaster.master][INFO] 2025-12-04 21:21:28,411: +PARAM [/gains/hand_index_virtual_1_joint/i] by /roslaunch
[rosmaster.master][INFO] 2025-12-04 21:21:28,411: +PARAM [/gains/hand_index_virtual_1_joint/i_clamp] by /roslaunch
[rosmaster.master][INFO] 2025-12-04 21:21:28,411: +PARAM [/gains/hand_index_virtual_2_joint/p] by /roslaunch
[rosmaster.master][INFO] 2025-12-04 21:21:28,411: +PARAM [/gains/hand_index_virtual_2_joint/d] by /roslaunch
[rosmaster.master][INFO] 2025-12-04 21:21:28,411: +PARAM [/gains/hand_index_virtual_2_joint/i] by /roslaunch
[rosmaster.master][INFO] 2025-12-04 21:21:28,411: +PARAM [/gains/hand_index_virtual_2_joint/i_clamp] by /roslaunch
[rosmaster.master][INFO] 2025-12-04 21:21:28,412: +PARAM [/gains/hand_index_virtual_3_joint/p] by /roslaunch
[rosmaster.master][INFO] 2025-12-04 21:21:28,412: +PARAM [/gains/hand_index_virtual_3_joint/d] by /roslaunch
[rosmaster.master][INFO] 2025-12-04 21:21:28,412: +PARAM [/gains/hand_index_virtual_3_joint/i] by /roslaunch
[rosmaster.master][INFO] 2025-12-04 21:21:28,412: +PARAM [/gains/hand_index_virtual_3_joint/i_clamp] by /roslaunch
[rosmaster.master][INFO] 2025-12-04 21:21:28,412: +PARAM [/gains/hand_index_flex_1_joint/p] by /roslaunch
[rosmaster.master][INFO] 2025-12-04 21:21:28,412: +PARAM [/gains/hand_index_flex_1_joint/d] by /roslaunch
[rosmaster.master][INFO] 2025-12-04 21:21:28,412: +PARAM [/gains/hand_index_flex_1_joint/i] by /roslaunch
[rosmaster.master][INFO] 2025-12-04 21:21:28,412: +PARAM [/gains/hand_index_flex_1_joint/i_clamp] by /roslaunch
[rosmaster.master][INFO] 2025-12-04 21:21:28,412: +PARAM [/gains/hand_index_flex_2_joint/p] by /roslaunch
[rosmaster.master][INFO] 2025-12-04 21:21:28,412: +PARAM [/gains/hand_index_flex_2_joint/d] by /roslaunch
[rosmaster.master][INFO] 2025-12-04 21:21:28,412: +PARAM [/gains/hand_index_flex_2_joint/i] by /roslaunch
[rosmaster.master][INFO] 2025-12-04 21:21:28,412: +PARAM [/gains/hand_index_flex_2_joint/i_clamp] by /roslaunch
[rosmaster.master][INFO] 2025-12-04 21:21:28,412: +PARAM [/gains/hand_index_flex_3_joint/p] by /roslaunch
[rosmaster.master][INFO] 2025-12-04 21:21:28,412: +PARAM [/gains/hand_index_flex_3_joint/d] by /roslaunch
[rosmaster.master][INFO] 2025-12-04 21:21:28,412: +PARAM [/gains/hand_index_flex_3_joint/i] by /roslaunch
[rosmaster.master][INFO] 2025-12-04 21:21:28,412: +PARAM [/gains/hand_index_flex_3_joint/i_clamp] by /roslaunch
[rosmaster.master][INFO] 2025-12-04 21:21:28,412: +PARAM [/gains/hand_little_abd_joint/p] by /roslaunch
[rosmaster.master][INFO] 2025-12-04 21:21:28,412: +PARAM [/gains/hand_little_abd_joint/d] by /roslaunch
[rosmaster.master][INFO] 2025-12-04 21:21:28,412: +PARAM [/gains/hand_little_abd_joint/i] by /roslaunch
[rosmaster.master][INFO] 2025-12-04 21:21:28,412: +PARAM [/gains/hand_little_abd_joint/i_clamp] by /roslaunch
[rosmaster.master][INFO] 2025-12-04 21:21:28,412: +PARAM [/gains/hand_little_virtual_1_joint/p] by /roslaunch
[rosmaster.master][INFO] 2025-12-04 21:21:28,412: +PARAM [/gains/hand_little_virtual_1_joint/d] by /roslaunch
[rosmaster.master][INFO] 2025-12-04 21:21:28,412: +PARAM [/gains/hand_little_virtual_1_joint/i] by /roslaunch
[rosmaster.master][INFO] 2025-12-04 21:21:28,412: +PARAM [/gains/hand_little_virtual_1_joint/i_clamp] by /roslaunch
[rosmaster.master][INFO] 2025-12-04 21:21:28,413: +PARAM [/gains/hand_little_virtual_2_joint/p] by /roslaunch
[rosmaster.master][INFO] 2025-12-04 21:21:28,413: +PARAM [/gains/hand_little_virtual_2_joint/d] by /roslaunch
[rosmaster.master][INFO] 2025-12-04 21:21:28,413: +PARAM [/gains/hand_little_virtual_2_joint/i] by /roslaunch
[rosmaster.master][INFO] 2025-12-04 21:21:28,413: +PARAM [/gains/hand_little_virtual_2_joint/i_clamp] by /roslaunch
[rosmaster.master][INFO] 2025-12-04 21:21:28,413: +PARAM [/gains/hand_little_virtual_3_joint/p] by /roslaunch
[rosmaster.master][INFO] 2025-12-04 21:21:28,413: +PARAM [/gains/hand_little_virtual_3_joint/d] by /roslaunch
[rosmaster.master][INFO] 2025-12-04 21:21:28,413: +PARAM [/gains/hand_little_virtual_3_joint/i] by /roslaunch
[rosmaster.master][INFO] 2025-12-04 21:21:28,413: +PARAM [/gains/hand_little_virtual_3_joint/i_clamp] by /roslaunch
[rosmaster.master][INFO] 2025-12-04 21:21:28,413: +PARAM [/gains/hand_little_flex_1_joint/p] by /roslaunch
[rosmaster.master][INFO] 2025-12-04 21:21:28,413: +PARAM [/gains/hand_little_flex_1_joint/d] by /roslaunch
[rosmaster.master][INFO] 2025-12-04 21:21:28,413: +PARAM [/gains/hand_little_flex_1_joint/i] by /roslaunch
[rosmaster.master][INFO] 2025-12-04 21:21:28,413: +PARAM [/gains/hand_little_flex_1_joint/i_clamp] by /roslaunch
[rosmaster.master][INFO] 2025-12-04 21:21:28,413: +PARAM [/gains/hand_little_flex_2_joint/p] by /roslaunch
[rosmaster.master][INFO] 2025-12-04 21:21:28,413: +PARAM [/gains/hand_little_flex_2_joint/d] by /roslaunch
[rosmaster.master][INFO] 2025-12-04 21:21:28,413: +PARAM [/gains/hand_little_flex_2_joint/i] by /roslaunch
[rosmaster.master][INFO] 2025-12-04 21:21:28,413: +PARAM [/gains/hand_little_flex_2_joint/i_clamp] by /roslaunch
[rosmaster.master][INFO] 2025-12-04 21:21:28,413: +PARAM [/gains/hand_little_flex_3_joint/p] by /roslaunch
[rosmaster.master][INFO] 2025-12-04 21:21:28,413: +PARAM [/gains/hand_little_flex_3_joint/d] by /roslaunch
[rosmaster.master][INFO] 2025-12-04 21:21:28,413: +PARAM [/gains/hand_little_flex_3_joint/i] by /roslaunch
[rosmaster.master][INFO] 2025-12-04 21:21:28,413: +PARAM [/gains/hand_little_flex_3_joint/i_clamp] by /roslaunch
[rosmaster.master][INFO] 2025-12-04 21:21:28,413: +PARAM [/gains/hand_middle_abd_joint/p] by /roslaunch
[rosmaster.master][INFO] 2025-12-04 21:21:28,413: +PARAM [/gains/hand_middle_abd_joint/d] by /roslaunch
[rosmaster.master][INFO] 2025-12-04 21:21:28,413: +PARAM [/gains/hand_middle_abd_joint/i] by /roslaunch
[rosmaster.master][INFO] 2025-12-04 21:21:28,413: +PARAM [/gains/hand_middle_abd_joint/i_clamp] by /roslaunch
[rosmaster.master][INFO] 2025-12-04 21:21:28,414: +PARAM [/gains/hand_middle_virtual_1_joint/p] by /roslaunch
[rosmaster.master][INFO] 2025-12-04 21:21:28,414: +PARAM [/gains/hand_middle_virtual_1_joint/d] by /roslaunch
[rosmaster.master][INFO] 2025-12-04 21:21:28,414: +PARAM [/gains/hand_middle_virtual_1_joint/i] by /roslaunch
[rosmaster.master][INFO] 2025-12-04 21:21:28,414: +PARAM [/gains/hand_middle_virtual_1_joint/i_clamp] by /roslaunch
[rosmaster.master][INFO] 2025-12-04 21:21:28,414: +PARAM [/gains/hand_middle_virtual_2_joint/p] by /roslaunch
[rosmaster.master][INFO] 2025-12-04 21:21:28,414: +PARAM [/gains/hand_middle_virtual_2_joint/d] by /roslaunch
[rosmaster.master][INFO] 2025-12-04 21:21:28,414: +PARAM [/gains/hand_middle_virtual_2_joint/i] by /roslaunch
[rosmaster.master][INFO] 2025-12-04 21:21:28,414: +PARAM [/gains/hand_middle_virtual_2_joint/i_clamp] by /roslaunch
[rosmaster.master][INFO] 2025-12-04 21:21:28,414: +PARAM [/gains/hand_middle_virtual_3_joint/p] by /roslaunch
[rosmaster.master][INFO] 2025-12-04 21:21:28,414: +PARAM [/gains/hand_middle_virtual_3_joint/d] by /roslaunch
[rosmaster.master][INFO] 2025-12-04 21:21:28,414: +PARAM [/gains/hand_middle_virtual_3_joint/i] by /roslaunch
[rosmaster.master][INFO] 2025-12-04 21:21:28,414: +PARAM [/gains/hand_middle_virtual_3_joint/i_clamp] by /roslaunch
[rosmaster.master][INFO] 2025-12-04 21:21:28,414: +PARAM [/gains/hand_middle_flex_1_joint/p] by /roslaunch
[rosmaster.master][INFO] 2025-12-04 21:21:28,414: +PARAM [/gains/hand_middle_flex_1_joint/d] by /roslaunch
[rosmaster.master][INFO] 2025-12-04 21:21:28,414: +PARAM [/gains/hand_middle_flex_1_joint/i] by /roslaunch
[rosmaster.master][INFO] 2025-12-04 21:21:28,414: +PARAM [/gains/hand_middle_flex_1_joint/i_clamp] by /roslaunch
[rosmaster.master][INFO] 2025-12-04 21:21:28,414: +PARAM [/gains/hand_middle_flex_2_joint/p] by /roslaunch
[rosmaster.master][INFO] 2025-12-04 21:21:28,414: +PARAM [/gains/hand_middle_flex_2_joint/d] by /roslaunch
[rosmaster.master][INFO] 2025-12-04 21:21:28,414: +PARAM [/gains/hand_middle_flex_2_joint/i] by /roslaunch
[rosmaster.master][INFO] 2025-12-04 21:21:28,414: +PARAM [/gains/hand_middle_flex_2_joint/i_clamp] by /roslaunch
[rosmaster.master][INFO] 2025-12-04 21:21:28,414: +PARAM [/gains/hand_middle_flex_3_joint/p] by /roslaunch
[rosmaster.master][INFO] 2025-12-04 21:21:28,414: +PARAM [/gains/hand_middle_flex_3_joint/d] by /roslaunch
[rosmaster.master][INFO] 2025-12-04 21:21:28,414: +PARAM [/gains/hand_middle_flex_3_joint/i] by /roslaunch
[rosmaster.master][INFO] 2025-12-04 21:21:28,414: +PARAM [/gains/hand_middle_flex_3_joint/i_clamp] by /roslaunch
[rosmaster.master][INFO] 2025-12-04 21:21:28,415: +PARAM [/gains/hand_ring_abd_joint/p] by /roslaunch
[rosmaster.master][INFO] 2025-12-04 21:21:28,415: +PARAM [/gains/hand_ring_abd_joint/d] by /roslaunch
[rosmaster.master][INFO] 2025-12-04 21:21:28,415: +PARAM [/gains/hand_ring_abd_joint/i] by /roslaunch
[rosmaster.master][INFO] 2025-12-04 21:21:28,415: +PARAM [/gains/hand_ring_abd_joint/i_clamp] by /roslaunch
[rosmaster.master][INFO] 2025-12-04 21:21:28,415: +PARAM [/gains/hand_ring_virtual_1_joint/p] by /roslaunch
[rosmaster.master][INFO] 2025-12-04 21:21:28,415: +PARAM [/gains/hand_ring_virtual_1_joint/d] by /roslaunch
[rosmaster.master][INFO] 2025-12-04 21:21:28,415: +PARAM [/gains/hand_ring_virtual_1_joint/i] by /roslaunch
[rosmaster.master][INFO] 2025-12-04 21:21:28,415: +PARAM [/gains/hand_ring_virtual_1_joint/i_clamp] by /roslaunch
[rosmaster.master][INFO] 2025-12-04 21:21:28,415: +PARAM [/gains/hand_ring_virtual_2_joint/p] by /roslaunch
[rosmaster.master][INFO] 2025-12-04 21:21:28,415: +PARAM [/gains/hand_ring_virtual_2_joint/d] by /roslaunch
[rosmaster.master][INFO] 2025-12-04 21:21:28,415: +PARAM [/gains/hand_ring_virtual_2_joint/i] by /roslaunch
[rosmaster.master][INFO] 2025-12-04 21:21:28,415: +PARAM [/gains/hand_ring_virtual_2_joint/i_clamp] by /roslaunch
[rosmaster.master][INFO] 2025-12-04 21:21:28,415: +PARAM [/gains/hand_ring_virtual_3_joint/p] by /roslaunch
[rosmaster.master][INFO] 2025-12-04 21:21:28,415: +PARAM [/gains/hand_ring_virtual_3_joint/d] by /roslaunch
[rosmaster.master][INFO] 2025-12-04 21:21:28,415: +PARAM [/gains/hand_ring_virtual_3_joint/i] by /roslaunch
[rosmaster.master][INFO] 2025-12-04 21:21:28,415: +PARAM [/gains/hand_ring_virtual_3_joint/i_clamp] by /roslaunch
[rosmaster.master][INFO] 2025-12-04 21:21:28,415: +PARAM [/gains/hand_ring_flex_1_joint/p] by /roslaunch
[rosmaster.master][INFO] 2025-12-04 21:21:28,415: +PARAM [/gains/hand_ring_flex_1_joint/d] by /roslaunch
[rosmaster.master][INFO] 2025-12-04 21:21:28,415: +PARAM [/gains/hand_ring_flex_1_joint/i] by /roslaunch
[rosmaster.master][INFO] 2025-12-04 21:21:28,415: +PARAM [/gains/hand_ring_flex_1_joint/i_clamp] by /roslaunch
[rosmaster.master][INFO] 2025-12-04 21:21:28,415: +PARAM [/gains/hand_ring_flex_2_joint/p] by /roslaunch
[rosmaster.master][INFO] 2025-12-04 21:21:28,415: +PARAM [/gains/hand_ring_flex_2_joint/d] by /roslaunch
[rosmaster.master][INFO] 2025-12-04 21:21:28,415: +PARAM [/gains/hand_ring_flex_2_joint/i] by /roslaunch
[rosmaster.master][INFO] 2025-12-04 21:21:28,416: +PARAM [/gains/hand_ring_flex_2_joint/i_clamp] by /roslaunch
[rosmaster.master][INFO] 2025-12-04 21:21:28,416: +PARAM [/gains/hand_ring_flex_3_joint/p] by /roslaunch
[rosmaster.master][INFO] 2025-12-04 21:21:28,416: +PARAM [/gains/hand_ring_flex_3_joint/d] by /roslaunch
[rosmaster.master][INFO] 2025-12-04 21:21:28,416: +PARAM [/gains/hand_ring_flex_3_joint/i] by /roslaunch
[rosmaster.master][INFO] 2025-12-04 21:21:28,416: +PARAM [/gains/hand_ring_flex_3_joint/i_clamp] by /roslaunch
[rosmaster.master][INFO] 2025-12-04 21:21:28,416: +PARAM [/gains/hand_thumb_abd_joint/p] by /roslaunch
[rosmaster.master][INFO] 2025-12-04 21:21:28,416: +PARAM [/gains/hand_thumb_abd_joint/d] by /roslaunch
[rosmaster.master][INFO] 2025-12-04 21:21:28,416: +PARAM [/gains/hand_thumb_abd_joint/i] by /roslaunch
[rosmaster.master][INFO] 2025-12-04 21:21:28,416: +PARAM [/gains/hand_thumb_abd_joint/i_clamp] by /roslaunch
[rosmaster.master][INFO] 2025-12-04 21:21:28,416: +PARAM [/gains/hand_thumb_virtual_1_joint/p] by /roslaunch
[rosmaster.master][INFO] 2025-12-04 21:21:28,416: +PARAM [/gains/hand_thumb_virtual_1_joint/d] by /roslaunch
[rosmaster.master][INFO] 2025-12-04 21:21:28,416: +PARAM [/gains/hand_thumb_virtual_1_joint/i] by /roslaunch
[rosmaster.master][INFO] 2025-12-04 21:21:28,416: +PARAM [/gains/hand_thumb_virtual_1_joint/i_clamp] by /roslaunch
[rosmaster.master][INFO] 2025-12-04 21:21:28,416: +PARAM [/gains/hand_thumb_virtual_2_joint/p] by /roslaunch
[rosmaster.master][INFO] 2025-12-04 21:21:28,416: +PARAM [/gains/hand_thumb_virtual_2_joint/d] by /roslaunch
[rosmaster.master][INFO] 2025-12-04 21:21:28,416: +PARAM [/gains/hand_thumb_virtual_2_joint/i] by /roslaunch
[rosmaster.master][INFO] 2025-12-04 21:21:28,416: +PARAM [/gains/hand_thumb_virtual_2_joint/i_clamp] by /roslaunch
[rosmaster.master][INFO] 2025-12-04 21:21:28,416: +PARAM [/gains/hand_thumb_virtual_3_joint/p] by /roslaunch
[rosmaster.master][INFO] 2025-12-04 21:21:28,416: +PARAM [/gains/hand_thumb_virtual_3_joint/d] by /roslaunch
[rosmaster.master][INFO] 2025-12-04 21:21:28,416: +PARAM [/gains/hand_thumb_virtual_3_joint/i] by /roslaunch
[rosmaster.master][INFO] 2025-12-04 21:21:28,416: +PARAM [/gains/hand_thumb_virtual_3_joint/i_clamp] by /roslaunch
[rosmaster.master][INFO] 2025-12-04 21:21:28,416: +PARAM [/gains/hand_thumb_flex_1_joint/p] by /roslaunch
[rosmaster.master][INFO] 2025-12-04 21:21:28,416: +PARAM [/gains/hand_thumb_flex_1_joint/d] by /roslaunch
[rosmaster.master][INFO] 2025-12-04 21:21:28,416: +PARAM [/gains/hand_thumb_flex_1_joint/i] by /roslaunch
[rosmaster.master][INFO] 2025-12-04 21:21:28,417: +PARAM [/gains/hand_thumb_flex_1_joint/i_clamp] by /roslaunch
[rosmaster.master][INFO] 2025-12-04 21:21:28,417: +PARAM [/gains/hand_thumb_flex_2_joint/p] by /roslaunch
[rosmaster.master][INFO] 2025-12-04 21:21:28,417: +PARAM [/gains/hand_thumb_flex_2_joint/d] by /roslaunch
[rosmaster.master][INFO] 2025-12-04 21:21:28,417: +PARAM [/gains/hand_thumb_flex_2_joint/i] by /roslaunch
[rosmaster.master][INFO] 2025-12-04 21:21:28,417: +PARAM [/gains/hand_thumb_flex_2_joint/i_clamp] by /roslaunch
[rosmaster.master][INFO] 2025-12-04 21:21:28,417: +PARAM [/gains/hand_thumb_flex_3_joint/p] by /roslaunch
[rosmaster.master][INFO] 2025-12-04 21:21:28,417: +PARAM [/gains/hand_thumb_flex_3_joint/d] by /roslaunch
[rosmaster.master][INFO] 2025-12-04 21:21:28,417: +PARAM [/gains/hand_thumb_flex_3_joint/i] by /roslaunch
[rosmaster.master][INFO] 2025-12-04 21:21:28,417: +PARAM [/gains/hand_thumb_flex_3_joint/i_clamp] by /roslaunch
[rosmaster.master][INFO] 2025-12-04 21:21:28,417: +PARAM [/gains/gripper_left_finger_joint/p] by /roslaunch
[rosmaster.master][INFO] 2025-12-04 21:21:28,417: +PARAM [/gains/gripper_left_finger_joint/d] by /roslaunch
[rosmaster.master][INFO] 2025-12-04 21:21:28,417: +PARAM [/gains/gripper_left_finger_joint/i] by /roslaunch
[rosmaster.master][INFO] 2025-12-04 21:21:28,417: +PARAM [/gains/gripper_left_finger_joint/p_gain] by /roslaunch
[rosmaster.master][INFO] 2025-12-04 21:21:28,417: +PARAM [/gains/gripper_right_finger_joint/p] by /roslaunch
[rosmaster.master][INFO] 2025-12-04 21:21:28,417: +PARAM [/gains/gripper_right_finger_joint/d] by /roslaunch
[rosmaster.master][INFO] 2025-12-04 21:21:28,417: +PARAM [/gains/gripper_right_finger_joint/i] by /roslaunch
[rosmaster.master][INFO] 2025-12-04 21:21:28,417: +PARAM [/gains/gripper_right_finger_joint/p_gain] by /roslaunch
[rosmaster.master][INFO] 2025-12-04 21:21:28,417: +PARAM [/gains/gripper_finger_joint/p] by /roslaunch
[rosmaster.master][INFO] 2025-12-04 21:21:28,417: +PARAM [/gains/gripper_finger_joint/d] by /roslaunch
[rosmaster.master][INFO] 2025-12-04 21:21:28,417: +PARAM [/gains/gripper_finger_joint/i] by /roslaunch
[rosmaster.master][INFO] 2025-12-04 21:21:28,417: +PARAM [/gains/gripper_finger_joint/p_gain] by /roslaunch
[rosmaster.master][INFO] 2025-12-04 21:21:28,417: +PARAM [/gains/FFJ4/p] by /roslaunch
[rosmaster.master][INFO] 2025-12-04 21:21:28,418: +PARAM [/gains/FFJ4/d] by /roslaunch
[rosmaster.master][INFO] 2025-12-04 21:21:28,418: +PARAM [/gains/FFJ4/i] by /roslaunch
[rosmaster.master][INFO] 2025-12-04 21:21:28,418: +PARAM [/gains/FFJ3/p] by /roslaunch
[rosmaster.master][INFO] 2025-12-04 21:21:28,418: +PARAM [/gains/FFJ3/d] by /roslaunch
[rosmaster.master][INFO] 2025-12-04 21:21:28,418: +PARAM [/gains/FFJ3/i] by /roslaunch
[rosmaster.master][INFO] 2025-12-04 21:21:28,418: +PARAM [/gains/FFJ2/p] by /roslaunch
[rosmaster.master][INFO] 2025-12-04 21:21:28,418: +PARAM [/gains/FFJ2/d] by /roslaunch
[rosmaster.master][INFO] 2025-12-04 21:21:28,418: +PARAM [/gains/FFJ2/i] by /roslaunch
[rosmaster.master][INFO] 2025-12-04 21:21:28,418: +PARAM [/gains/FFJ1/p] by /roslaunch
[rosmaster.master][INFO] 2025-12-04 21:21:28,418: +PARAM [/gains/FFJ1/d] by /roslaunch
[rosmaster.master][INFO] 2025-12-04 21:21:28,418: +PARAM [/gains/FFJ1/i] by /roslaunch
[rosmaster.master][INFO] 2025-12-04 21:21:28,418: +PARAM [/gains/MFJ4/p] by /roslaunch
[rosmaster.master][INFO] 2025-12-04 21:21:28,418: +PARAM [/gains/MFJ4/d] by /roslaunch
[rosmaster.master][INFO] 2025-12-04 21:21:28,418: +PARAM [/gains/MFJ4/i] by /roslaunch
[rosmaster.master][INFO] 2025-12-04 21:21:28,418: +PARAM [/gains/MFJ3/p] by /roslaunch
[rosmaster.master][INFO] 2025-12-04 21:21:28,418: +PARAM [/gains/MFJ3/d] by /roslaunch
[rosmaster.master][INFO] 2025-12-04 21:21:28,418: +PARAM [/gains/MFJ3/i] by /roslaunch
[rosmaster.master][INFO] 2025-12-04 21:21:28,418: +PARAM [/gains/MFJ2/p] by /roslaunch
[rosmaster.master][INFO] 2025-12-04 21:21:28,418: +PARAM [/gains/MFJ2/d] by /roslaunch
[rosmaster.master][INFO] 2025-12-04 21:21:28,418: +PARAM [/gains/MFJ2/i] by /roslaunch
[rosmaster.master][INFO] 2025-12-04 21:21:28,418: +PARAM [/gains/MFJ1/p] by /roslaunch
[rosmaster.master][INFO] 2025-12-04 21:21:28,418: +PARAM [/gains/MFJ1/d] by /roslaunch
[rosmaster.master][INFO] 2025-12-04 21:21:28,418: +PARAM [/gains/MFJ1/i] by /roslaunch
[rosmaster.master][INFO] 2025-12-04 21:21:28,418: +PARAM [/gains/RFJ4/p] by /roslaunch
[rosmaster.master][INFO] 2025-12-04 21:21:28,419: +PARAM [/gains/RFJ4/d] by /roslaunch
[rosmaster.master][INFO] 2025-12-04 21:21:28,419: +PARAM [/gains/RFJ4/i] by /roslaunch
[rosmaster.master][INFO] 2025-12-04 21:21:28,419: +PARAM [/gains/RFJ3/p] by /roslaunch
[rosmaster.master][INFO] 2025-12-04 21:21:28,419: +PARAM [/gains/RFJ3/d] by /roslaunch
[rosmaster.master][INFO] 2025-12-04 21:21:28,419: +PARAM [/gains/RFJ3/i] by /roslaunch
[rosmaster.master][INFO] 2025-12-04 21:21:28,419: +PARAM [/gains/RFJ2/p] by /roslaunch
[rosmaster.master][INFO] 2025-12-04 21:21:28,419: +PARAM [/gains/RFJ2/d] by /roslaunch
[rosmaster.master][INFO] 2025-12-04 21:21:28,419: +PARAM [/gains/RFJ2/i] by /roslaunch
[rosmaster.master][INFO] 2025-12-04 21:21:28,419: +PARAM [/gains/RFJ1/p] by /roslaunch
[rosmaster.master][INFO] 2025-12-04 21:21:28,419: +PARAM [/gains/RFJ1/d] by /roslaunch
[rosmaster.master][INFO] 2025-12-04 21:21:28,419: +PARAM [/gains/RFJ1/i] by /roslaunch
[rosmaster.master][INFO] 2025-12-04 21:21:28,419: +PARAM [/gains/THJ5/p] by /roslaunch
[rosmaster.master][INFO] 2025-12-04 21:21:28,419: +PARAM [/gains/THJ5/d] by /roslaunch
[rosmaster.master][INFO] 2025-12-04 21:21:28,419: +PARAM [/gains/THJ5/i] by /roslaunch
[rosmaster.master][INFO] 2025-12-04 21:21:28,419: +PARAM [/gains/THJ4/p] by /roslaunch
[rosmaster.master][INFO] 2025-12-04 21:21:28,419: +PARAM [/gains/THJ4/d] by /roslaunch
[rosmaster.master][INFO] 2025-12-04 21:21:28,419: +PARAM [/gains/THJ4/i] by /roslaunch
[rosmaster.master][INFO] 2025-12-04 21:21:28,419: +PARAM [/gains/THJ2/p] by /roslaunch
[rosmaster.master][INFO] 2025-12-04 21:21:28,419: +PARAM [/gains/THJ2/d] by /roslaunch
[rosmaster.master][INFO] 2025-12-04 21:21:28,419: +PARAM [/gains/THJ2/i] by /roslaunch
[rosmaster.master][INFO] 2025-12-04 21:21:28,419: +PARAM [/gains/THJ1/p] by /roslaunch
[rosmaster.master][INFO] 2025-12-04 21:21:28,419: +PARAM [/gains/THJ1/d] by /roslaunch
[rosmaster.master][INFO] 2025-12-04 21:21:28,419: +PARAM [/gains/THJ1/i] by /roslaunch
[rosmaster.master][INFO] 2025-12-04 21:21:28,419: +PARAM [/velocity/pid_gains/wheel_right_joint/p] by /roslaunch
[rosmaster.master][INFO] 2025-12-04 21:21:28,420: +PARAM [/velocity/pid_gains/wheel_right_joint/d] by /roslaunch
[rosmaster.master][INFO] 2025-12-04 21:21:28,420: +PARAM [/velocity/pid_gains/wheel_right_joint/i] by /roslaunch
[rosmaster.master][INFO] 2025-12-04 21:21:28,420: +PARAM [/velocity/pid_gains/wheel_right_joint/i_clamp] by /roslaunch
[rosmaster.master][INFO] 2025-12-04 21:21:28,420: +PARAM [/velocity/pid_gains/wheel_left_joint/p] by /roslaunch
[rosmaster.master][INFO] 2025-12-04 21:21:28,420: +PARAM [/velocity/pid_gains/wheel_left_joint/d] by /roslaunch
[rosmaster.master][INFO] 2025-12-04 21:21:28,420: +PARAM [/velocity/pid_gains/wheel_left_joint/i] by /roslaunch
[rosmaster.master][INFO] 2025-12-04 21:21:28,420: +PARAM [/velocity/pid_gains/wheel_left_joint/i_clamp] by /roslaunch
[rosmaster.master][INFO] 2025-12-04 21:21:28,420: +PARAM [/velocity/pid_gains/caster_front_right_1_joint/p] by /roslaunch
[rosmaster.master][INFO] 2025-12-04 21:21:28,420: +PARAM [/velocity/pid_gains/caster_front_right_1_joint/d] by /roslaunch
[rosmaster.master][INFO] 2025-12-04 21:21:28,420: +PARAM [/velocity/pid_gains/caster_front_right_1_joint/i] by /roslaunch
[rosmaster.master][INFO] 2025-12-04 21:21:28,420: +PARAM [/velocity/pid_gains/caster_front_right_1_joint/i_clamp] by /roslaunch
[rosmaster.master][INFO] 2025-12-04 21:21:28,420: +PARAM [/velocity/pid_gains/caster_front_right_2_joint/p] by /roslaunch
[rosmaster.master][INFO] 2025-12-04 21:21:28,420: +PARAM [/velocity/pid_gains/caster_front_right_2_joint/d] by /roslaunch
[rosmaster.master][INFO] 2025-12-04 21:21:28,420: +PARAM [/velocity/pid_gains/caster_front_right_2_joint/i] by /roslaunch
[rosmaster.master][INFO] 2025-12-04 21:21:28,420: +PARAM [/velocity/pid_gains/caster_front_right_2_joint/i_clamp] by /roslaunch
[rosmaster.master][INFO] 2025-12-04 21:21:28,420: +PARAM [/velocity/pid_gains/caster_front_left_1_joint/p] by /roslaunch
[rosmaster.master][INFO] 2025-12-04 21:21:28,420: +PARAM [/velocity/pid_gains/caster_front_left_1_joint/d] by /roslaunch
[rosmaster.master][INFO] 2025-12-04 21:21:28,420: +PARAM [/velocity/pid_gains/caster_front_left_1_joint/i] by /roslaunch
[rosmaster.master][INFO] 2025-12-04 21:21:28,420: +PARAM [/velocity/pid_gains/caster_front_left_1_joint/i_clamp] by /roslaunch
[rosmaster.master][INFO] 2025-12-04 21:21:28,420: +PARAM [/velocity/pid_gains/caster_front_left_2_joint/p] by /roslaunch
[rosmaster.master][INFO] 2025-12-04 21:21:28,420: +PARAM [/velocity/pid_gains/caster_front_left_2_joint/d] by /roslaunch
[rosmaster.master][INFO] 2025-12-04 21:21:28,420: +PARAM [/velocity/pid_gains/caster_front_left_2_joint/i] by /roslaunch
[rosmaster.master][INFO] 2025-12-04 21:21:28,420: +PARAM [/velocity/pid_gains/caster_front_left_2_joint/i_clamp] by /roslaunch
[rosmaster.master][INFO] 2025-12-04 21:21:28,420: +PARAM [/velocity/pid_gains/caster_back_right_1_joint/p] by /roslaunch
[rosmaster.master][INFO] 2025-12-04 21:21:28,421: +PARAM [/velocity/pid_gains/caster_back_right_1_joint/d] by /roslaunch
[rosmaster.master][INFO] 2025-12-04 21:21:28,421: +PARAM [/velocity/pid_gains/caster_back_right_1_joint/i] by /roslaunch
[rosmaster.master][INFO] 2025-12-04 21:21:28,421: +PARAM [/velocity/pid_gains/caster_back_right_1_joint/i_clamp] by /roslaunch
[rosmaster.master][INFO] 2025-12-04 21:21:28,421: +PARAM [/velocity/pid_gains/caster_back_right_2_joint/p] by /roslaunch
[rosmaster.master][INFO] 2025-12-04 21:21:28,421: +PARAM [/velocity/pid_gains/caster_back_right_2_joint/d] by /roslaunch
[rosmaster.master][INFO] 2025-12-04 21:21:28,421: +PARAM [/velocity/pid_gains/caster_back_right_2_joint/i] by /roslaunch
[rosmaster.master][INFO] 2025-12-04 21:21:28,421: +PARAM [/velocity/pid_gains/caster_back_right_2_joint/i_clamp] by /roslaunch
[rosmaster.master][INFO] 2025-12-04 21:21:28,421: +PARAM [/velocity/pid_gains/caster_back_left_1_joint/p] by /roslaunch
[rosmaster.master][INFO] 2025-12-04 21:21:28,421: +PARAM [/velocity/pid_gains/caster_back_left_1_joint/d] by /roslaunch
[rosmaster.master][INFO] 2025-12-04 21:21:28,421: +PARAM [/velocity/pid_gains/caster_back_left_1_joint/i] by /roslaunch
[rosmaster.master][INFO] 2025-12-04 21:21:28,421: +PARAM [/velocity/pid_gains/caster_back_left_1_joint/i_clamp] by /roslaunch
[rosmaster.master][INFO] 2025-12-04 21:21:28,421: +PARAM [/velocity/pid_gains/caster_back_left_2_joint/p] by /roslaunch
[rosmaster.master][INFO] 2025-12-04 21:21:28,421: +PARAM [/velocity/pid_gains/caster_back_left_2_joint/d] by /roslaunch
[rosmaster.master][INFO] 2025-12-04 21:21:28,421: +PARAM [/velocity/pid_gains/caster_back_left_2_joint/i] by /roslaunch
[rosmaster.master][INFO] 2025-12-04 21:21:28,421: +PARAM [/velocity/pid_gains/caster_back_left_2_joint/i_clamp] by /roslaunch
[rosmaster.master][INFO] 2025-12-04 21:21:28,421: +PARAM [/force_torque/wrist_ft/sensor_joint] by /roslaunch
[rosmaster.master][INFO] 2025-12-04 21:21:28,421: +PARAM [/force_torque/wrist_ft/frame] by /roslaunch
[rosmaster.master][INFO] 2025-12-04 21:21:28,421: +PARAM [/imu/base_imu/frame] by /roslaunch
[rosmaster.master][INFO] 2025-12-04 21:21:28,421: +PARAM [/imu/base_imu/gazebo_sensor_name] by /roslaunch
[rosmaster.master][INFO] 2025-12-04 21:21:28,421: +PARAM [/robot_description] by /roslaunch
[rosmaster.master][INFO] 2025-12-04 21:21:28,421: +PARAM [/collision_model_parameters/padding] by /roslaunch
[rosmaster.master][INFO] 2025-12-04 21:21:28,421: +PARAM [/collision_model_parameters/links_with_padding] by /roslaunch
[rosmaster.master][INFO] 2025-12-04 21:21:28,421: +PARAM [/collision_model_parameters/blacklist/default] by /roslaunch
[rosmaster.master][INFO] 2025-12-04 21:21:28,421: +PARAM [/mobile_base_controller/type] by /roslaunch
[rosmaster.master][INFO] 2025-12-04 21:21:28,422: +PARAM [/mobile_base_controller/left_wheel] by /roslaunch
[rosmaster.master][INFO] 2025-12-04 21:21:28,422: +PARAM [/mobile_base_controller/right_wheel] by /roslaunch
[rosmaster.master][INFO] 2025-12-04 21:21:28,422: +PARAM [/mobile_base_controller/publish_rate] by /roslaunch
[rosmaster.master][INFO] 2025-12-04 21:21:28,422: +PARAM [/mobile_base_controller/pose_covariance_diagonal] by /roslaunch
[rosmaster.master][INFO] 2025-12-04 21:21:28,422: +PARAM [/mobile_base_controller/twist_covariance_diagonal] by /roslaunch
[rosmaster.master][INFO] 2025-12-04 21:21:28,422: +PARAM [/mobile_base_controller/cmd_vel_timeout] by /roslaunch
[rosmaster.master][INFO] 2025-12-04 21:21:28,422: +PARAM [/mobile_base_controller/base_frame_id] by /roslaunch
[rosmaster.master][INFO] 2025-12-04 21:21:28,422: +PARAM [/mobile_base_controller/preserve_turning_radius] by /roslaunch
[rosmaster.master][INFO] 2025-12-04 21:21:28,422: +PARAM [/mobile_base_controller/publish_wheel_data] by /roslaunch
[rosmaster.master][INFO] 2025-12-04 21:21:28,422: +PARAM [/mobile_base_controller/linear/x/has_velocity_limits] by /roslaunch
[rosmaster.master][INFO] 2025-12-04 21:21:28,422: +PARAM [/mobile_base_controller/linear/x/max_velocity] by /roslaunch
[rosmaster.master][INFO] 2025-12-04 21:21:28,422: +PARAM [/mobile_base_controller/linear/x/min_velocity] by /roslaunch
[rosmaster.master][INFO] 2025-12-04 21:21:28,422: +PARAM [/mobile_base_controller/linear/x/has_acceleration_limits] by /roslaunch
[rosmaster.master][INFO] 2025-12-04 21:21:28,422: +PARAM [/mobile_base_controller/linear/x/max_acceleration] by /roslaunch
[rosmaster.master][INFO] 2025-12-04 21:21:28,422: +PARAM [/mobile_base_controller/angular/z/has_velocity_limits] by /roslaunch
[rosmaster.master][INFO] 2025-12-04 21:21:28,422: +PARAM [/mobile_base_controller/angular/z/max_velocity] by /roslaunch
[rosmaster.master][INFO] 2025-12-04 21:21:28,422: +PARAM [/mobile_base_controller/angular/z/has_acceleration_limits] by /roslaunch
[rosmaster.master][INFO] 2025-12-04 21:21:28,422: +PARAM [/mobile_base_controller/angular/z/max_acceleration] by /roslaunch
[rosmaster.master][INFO] 2025-12-04 21:21:28,422: +PARAM [/torso_controller/type] by /roslaunch
[rosmaster.master][INFO] 2025-12-04 21:21:28,422: +PARAM [/torso_controller/joints] by /roslaunch
[rosmaster.master][INFO] 2025-12-04 21:21:28,422: +PARAM [/torso_controller/constraints/goal_time] by /roslaunch
[rosmaster.master][INFO] 2025-12-04 21:21:28,422: +PARAM [/torso_controller/constraints/stopped_velocity_tolerance] by /roslaunch
[rosmaster.master][INFO] 2025-12-04 21:21:28,422: +PARAM [/torso_controller/constraints/torso_lift_joint/goal] by /roslaunch
[rosmaster.master][INFO] 2025-12-04 21:21:28,423: +PARAM [/head_controller/type] by /roslaunch
[rosmaster.master][INFO] 2025-12-04 21:21:28,423: +PARAM [/head_controller/joints] by /roslaunch
[rosmaster.master][INFO] 2025-12-04 21:21:28,423: +PARAM [/head_controller/constraints/goal_time] by /roslaunch
[rosmaster.master][INFO] 2025-12-04 21:21:28,423: +PARAM [/head_controller/constraints/stopped_velocity_tolerance] by /roslaunch
[rosmaster.master][INFO] 2025-12-04 21:21:28,423: +PARAM [/head_controller/constraints/head_1_joint/goal] by /roslaunch
[rosmaster.master][INFO] 2025-12-04 21:21:28,423: +PARAM [/head_controller/constraints/head_2_joint/goal] by /roslaunch
[rosmaster.master][INFO] 2025-12-04 21:21:28,423: +PARAM [/arm_controller/type] by /roslaunch
[rosmaster.master][INFO] 2025-12-04 21:21:28,423: +PARAM [/arm_controller/joints] by /roslaunch
[rosmaster.master][INFO] 2025-12-04 21:21:28,423: +PARAM [/arm_controller/constraints/goal_time] by /roslaunch
[rosmaster.master][INFO] 2025-12-04 21:21:28,423: +PARAM [/arm_controller/constraints/stopped_velocity_tolerance] by /roslaunch
[rosmaster.master][INFO] 2025-12-04 21:21:28,423: +PARAM [/arm_controller/constraints/arm_1_joint/goal] by /roslaunch
[rosmaster.master][INFO] 2025-12-04 21:21:28,423: +PARAM [/arm_controller/constraints/arm_2_joint/goal] by /roslaunch
[rosmaster.master][INFO] 2025-12-04 21:21:28,423: +PARAM [/arm_controller/constraints/arm_3_joint/goal] by /roslaunch
[rosmaster.master][INFO] 2025-12-04 21:21:28,423: +PARAM [/arm_controller/constraints/arm_4_joint/goal] by /roslaunch
[rosmaster.master][INFO] 2025-12-04 21:21:28,423: +PARAM [/arm_controller/constraints/arm_5_joint/goal] by /roslaunch
[rosmaster.master][INFO] 2025-12-04 21:21:28,423: +PARAM [/arm_controller/constraints/arm_6_joint/goal] by /roslaunch
[rosmaster.master][INFO] 2025-12-04 21:21:28,423: +PARAM [/arm_controller/constraints/arm_7_joint/goal] by /roslaunch
[rosmaster.master][INFO] 2025-12-04 21:21:28,423: +PARAM [/joint_state_controller/extra_joints] by /roslaunch
[rosmaster.master][INFO] 2025-12-04 21:21:28,423: +PARAM [/joint_torque_sensor_state_controller/extra_joints] by /roslaunch
[rosmaster.master][INFO] 2025-12-04 21:21:28,424: +PARAM [/joint_state_controller/type] by /roslaunch
[rosmaster.master][INFO] 2025-12-04 21:21:28,424: +PARAM [/joint_state_controller/publish_rate] by /roslaunch
[rosmaster.master][INFO] 2025-12-04 21:21:28,424: +PARAM [/mobile_base_controller/odom_frame_id] by /roslaunch
[rosmaster.master][INFO] 2025-12-04 21:21:28,424: +PARAM [/head_controller/point_head_action/pan_link] by /roslaunch
[rosmaster.master][INFO] 2025-12-04 21:21:28,424: +PARAM [/head_controller/point_head_action/tilt_link] by /roslaunch
[rosmaster.master][INFO] 2025-12-04 21:21:28,424: +PARAM [/head_controller/point_head_action/success_angle_threshold] by /roslaunch
[rosmaster.master][INFO] 2025-12-04 21:21:28,424: +PARAM [/imu_sensor_controller/type] by /roslaunch
[rosmaster.master][INFO] 2025-12-04 21:21:28,424: +PARAM [/imu_sensor_controller/publish_rate] by /roslaunch
[rosmaster.master][INFO] 2025-12-04 21:21:28,424: +PARAM [/force_torque_sensor_controller/type] by /roslaunch
[rosmaster.master][INFO] 2025-12-04 21:21:28,424: +PARAM [/force_torque_sensor_controller/publish_rate] by /roslaunch
[rosmaster.master][INFO] 2025-12-04 21:21:28,424: +PARAM [/hand_controller/type] by /roslaunch
[rosmaster.master][INFO] 2025-12-04 21:21:28,424: +PARAM [/hand_controller/joints] by /roslaunch
[rosmaster.master][INFO] 2025-12-04 21:21:28,424: +PARAM [/hand_controller/constraints/goal_time] by /roslaunch
[rosmaster.master][INFO] 2025-12-04 21:21:28,424: +PARAM [/hand_controller/constraints/stopped_velocity_tolerance] by /roslaunch
[rosmaster.master][INFO] 2025-12-04 21:21:28,424: +PARAM [/hand_controller/constraints/hand_thumb_joint/goal] by /roslaunch
[rosmaster.master][INFO] 2025-12-04 21:21:28,424: +PARAM [/hand_controller/constraints/hand_index_joint/goal] by /roslaunch
[rosmaster.master][INFO] 2025-12-04 21:21:28,424: +PARAM [/hand_controller/constraints/hand_mrl_joint/goal] by /roslaunch
[rosmaster.master][INFO] 2025-12-04 21:21:28,424: +PARAM [/hand_controller/stop_trajectory_duration] by /roslaunch
[rosmaster.master][INFO] 2025-12-04 21:21:28,424: +PARAM [/hand_grasping_action/target_controller] by /roslaunch
[rosmaster.master][INFO] 2025-12-04 21:21:28,424: +PARAM [/play_motion/controllers] by /roslaunch
[rosmaster.master][INFO] 2025-12-04 21:21:28,424: +PARAM [/play_motion/motions/home/joints] by /roslaunch
[rosmaster.master][INFO] 2025-12-04 21:21:28,424: +PARAM [/play_motion/motions/home/points] by /roslaunch
[rosmaster.master][INFO] 2025-12-04 21:21:28,424: +PARAM [/play_motion/motions/home/meta/name] by /roslaunch
[rosmaster.master][INFO] 2025-12-04 21:21:28,425: +PARAM [/play_motion/motions/home/meta/usage] by /roslaunch
[rosmaster.master][INFO] 2025-12-04 21:21:28,425: +PARAM [/play_motion/motions/home/meta/description] by /roslaunch
[rosmaster.master][INFO] 2025-12-04 21:21:28,425: +PARAM [/play_motion/motions/unfold_arm/joints] by /roslaunch
[rosmaster.master][INFO] 2025-12-04 21:21:28,425: +PARAM [/play_motion/motions/unfold_arm/points] by /roslaunch
[rosmaster.master][INFO] 2025-12-04 21:21:28,425: +PARAM [/play_motion/motions/unfold_arm/meta/name] by /roslaunch
[rosmaster.master][INFO] 2025-12-04 21:21:28,425: +PARAM [/play_motion/motions/unfold_arm/meta/usage] by /roslaunch
[rosmaster.master][INFO] 2025-12-04 21:21:28,425: +PARAM [/play_motion/motions/unfold_arm/meta/description] by /roslaunch
[rosmaster.master][INFO] 2025-12-04 21:21:28,425: +PARAM [/play_motion/motions/reach_floor/joints] by /roslaunch
[rosmaster.master][INFO] 2025-12-04 21:21:28,425: +PARAM [/play_motion/motions/reach_floor/points] by /roslaunch
[rosmaster.master][INFO] 2025-12-04 21:21:28,425: +PARAM [/play_motion/motions/reach_floor/meta/name] by /roslaunch
[rosmaster.master][INFO] 2025-12-04 21:21:28,425: +PARAM [/play_motion/motions/reach_floor/meta/usage] by /roslaunch
[rosmaster.master][INFO] 2025-12-04 21:21:28,425: +PARAM [/play_motion/motions/reach_floor/meta/description] by /roslaunch
[rosmaster.master][INFO] 2025-12-04 21:21:28,425: +PARAM [/play_motion/motions/reach_max/joints] by /roslaunch
[rosmaster.master][INFO] 2025-12-04 21:21:28,425: +PARAM [/play_motion/motions/reach_max/points] by /roslaunch
[rosmaster.master][INFO] 2025-12-04 21:21:28,425: +PARAM [/play_motion/motions/reach_max/meta/name] by /roslaunch
[rosmaster.master][INFO] 2025-12-04 21:21:28,425: +PARAM [/play_motion/motions/reach_max/meta/usage] by /roslaunch
[rosmaster.master][INFO] 2025-12-04 21:21:28,425: +PARAM [/play_motion/motions/reach_max/meta/description] by /roslaunch
[rosmaster.master][INFO] 2025-12-04 21:21:28,425: +PARAM [/play_motion/motions/prepare_grasp/joints] by /roslaunch
[rosmaster.master][INFO] 2025-12-04 21:21:28,425: +PARAM [/play_motion/motions/prepare_grasp/points] by /roslaunch
[rosmaster.master][INFO] 2025-12-04 21:21:28,425: +PARAM [/play_motion/motions/prepare_grasp/meta/name] by /roslaunch
[rosmaster.master][INFO] 2025-12-04 21:21:28,425: +PARAM [/play_motion/motions/prepare_grasp/meta/usage] by /roslaunch
[rosmaster.master][INFO] 2025-12-04 21:21:28,425: +PARAM [/play_motion/motions/prepare_grasp/meta/description] by /roslaunch
[rosmaster.master][INFO] 2025-12-04 21:21:28,425: +PARAM [/play_motion/motions/inspect_surroundings/joints] by /roslaunch
[rosmaster.master][INFO] 2025-12-04 21:21:28,426: +PARAM [/play_motion/motions/inspect_surroundings/points] by /roslaunch
[rosmaster.master][INFO] 2025-12-04 21:21:28,426: +PARAM [/play_motion/motions/inspect_surroundings/meta/name] by /roslaunch
[rosmaster.master][INFO] 2025-12-04 21:21:28,426: +PARAM [/play_motion/motions/inspect_surroundings/meta/usage] by /roslaunch
[rosmaster.master][INFO] 2025-12-04 21:21:28,426: +PARAM [/play_motion/motions/inspect_surroundings/meta/description] by /roslaunch
[rosmaster.master][INFO] 2025-12-04 21:21:28,426: +PARAM [/play_motion/motions/open_hand/joints] by /roslaunch
[rosmaster.master][INFO] 2025-12-04 21:21:28,426: +PARAM [/play_motion/motions/open_hand/points] by /roslaunch
[rosmaster.master][INFO] 2025-12-04 21:21:28,426: +PARAM [/play_motion/motions/open/joints] by /roslaunch
[rosmaster.master][INFO] 2025-12-04 21:21:28,426: +PARAM [/play_motion/motions/open/points] by /roslaunch
[rosmaster.master][INFO] 2025-12-04 21:21:28,426: +PARAM [/play_motion/motions/open/meta/name] by /roslaunch
[rosmaster.master][INFO] 2025-12-04 21:21:28,426: +PARAM [/play_motion/motions/open/meta/usage] by /roslaunch
[rosmaster.master][INFO] 2025-12-04 21:21:28,426: +PARAM [/play_motion/motions/open/meta/description] by /roslaunch
[rosmaster.master][INFO] 2025-12-04 21:21:28,426: +PARAM [/play_motion/motions/close_hand/joints] by /roslaunch
[rosmaster.master][INFO] 2025-12-04 21:21:28,426: +PARAM [/play_motion/motions/close_hand/points] by /roslaunch
[rosmaster.master][INFO] 2025-12-04 21:21:28,426: +PARAM [/play_motion/motions/close/joints] by /roslaunch
[rosmaster.master][INFO] 2025-12-04 21:21:28,426: +PARAM [/play_motion/motions/close/points] by /roslaunch
[rosmaster.master][INFO] 2025-12-04 21:21:28,426: +PARAM [/play_motion/motions/close/meta/name] by /roslaunch
[rosmaster.master][INFO] 2025-12-04 21:21:28,426: +PARAM [/play_motion/motions/close/meta/usage] by /roslaunch
[rosmaster.master][INFO] 2025-12-04 21:21:28,426: +PARAM [/play_motion/motions/close/meta/description] by /roslaunch
[rosmaster.master][INFO] 2025-12-04 21:21:28,426: +PARAM [/play_motion/motions/close_half/joints] by /roslaunch
[rosmaster.master][INFO] 2025-12-04 21:21:28,426: +PARAM [/play_motion/motions/close_half/points] by /roslaunch
[rosmaster.master][INFO] 2025-12-04 21:21:28,426: +PARAM [/play_motion/motions/close_half/meta/name] by /roslaunch
[rosmaster.master][INFO] 2025-12-04 21:21:28,426: +PARAM [/play_motion/motions/close_half/meta/usage] by /roslaunch
[rosmaster.master][INFO] 2025-12-04 21:21:28,426: +PARAM [/play_motion/motions/close_half/meta/description] by /roslaunch
[rosmaster.master][INFO] 2025-12-04 21:21:28,427: +PARAM [/play_motion/motions/pointing_hand/joints] by /roslaunch
[rosmaster.master][INFO] 2025-12-04 21:21:28,427: +PARAM [/play_motion/motions/pointing_hand/points] by /roslaunch
[rosmaster.master][INFO] 2025-12-04 21:21:28,427: +PARAM [/play_motion/motions/point/joints] by /roslaunch
[rosmaster.master][INFO] 2025-12-04 21:21:28,427: +PARAM [/play_motion/motions/point/points] by /roslaunch
[rosmaster.master][INFO] 2025-12-04 21:21:28,427: +PARAM [/play_motion/motions/point/meta/name] by /roslaunch
[rosmaster.master][INFO] 2025-12-04 21:21:28,427: +PARAM [/play_motion/motions/point/meta/usage] by /roslaunch
[rosmaster.master][INFO] 2025-12-04 21:21:28,427: +PARAM [/play_motion/motions/point/meta/description] by /roslaunch
[rosmaster.master][INFO] 2025-12-04 21:21:28,427: +PARAM [/play_motion/motions/gun_hand/joints] by /roslaunch
[rosmaster.master][INFO] 2025-12-04 21:21:28,427: +PARAM [/play_motion/motions/gun_hand/points] by /roslaunch
[rosmaster.master][INFO] 2025-12-04 21:21:28,427: +PARAM [/play_motion/motions/gun_hand/meta/name] by /roslaunch
[rosmaster.master][INFO] 2025-12-04 21:21:28,427: +PARAM [/play_motion/motions/gun_hand/meta/usage] by /roslaunch
[rosmaster.master][INFO] 2025-12-04 21:21:28,427: +PARAM [/play_motion/motions/gun_hand/meta/description] by /roslaunch
[rosmaster.master][INFO] 2025-12-04 21:21:28,427: +PARAM [/play_motion/motions/thumb_up_hand/joints] by /roslaunch
[rosmaster.master][INFO] 2025-12-04 21:21:28,427: +PARAM [/play_motion/motions/thumb_up_hand/points] by /roslaunch
[rosmaster.master][INFO] 2025-12-04 21:21:28,427: +PARAM [/play_motion/motions/thumb_up_hand/meta/name] by /roslaunch
[rosmaster.master][INFO] 2025-12-04 21:21:28,427: +PARAM [/play_motion/motions/thumb_up_hand/meta/usage] by /roslaunch
[rosmaster.master][INFO] 2025-12-04 21:21:28,427: +PARAM [/play_motion/motions/thumb_up_hand/meta/description] by /roslaunch
[rosmaster.master][INFO] 2025-12-04 21:21:28,427: +PARAM [/play_motion/motions/pinch_hand/joints] by /roslaunch
[rosmaster.master][INFO] 2025-12-04 21:21:28,427: +PARAM [/play_motion/motions/pinch_hand/points] by /roslaunch
[rosmaster.master][INFO] 2025-12-04 21:21:28,427: +PARAM [/play_motion/motions/pinch_hand/meta/name] by /roslaunch
[rosmaster.master][INFO] 2025-12-04 21:21:28,427: +PARAM [/play_motion/motions/pinch_hand/meta/usage] by /roslaunch
[rosmaster.master][INFO] 2025-12-04 21:21:28,427: +PARAM [/play_motion/motions/pinch_hand/meta/description] by /roslaunch
[rosmaster.master][INFO] 2025-12-04 21:21:28,427: +PARAM [/play_motion/motions/wave/joints] by /roslaunch
[rosmaster.master][INFO] 2025-12-04 21:21:28,428: +PARAM [/play_motion/motions/wave/points] by /roslaunch
[rosmaster.master][INFO] 2025-12-04 21:21:28,428: +PARAM [/play_motion/motions/wave/meta/name] by /roslaunch
[rosmaster.master][INFO] 2025-12-04 21:21:28,428: +PARAM [/play_motion/motions/wave/meta/usage] by /roslaunch
[rosmaster.master][INFO] 2025-12-04 21:21:28,428: +PARAM [/play_motion/motions/wave/meta/description] by /roslaunch
[rosmaster.master][INFO] 2025-12-04 21:21:28,428: +PARAM [/play_motion/motions/pregrasp_weight/joints] by /roslaunch
[rosmaster.master][INFO] 2025-12-04 21:21:28,428: +PARAM [/play_motion/motions/pregrasp_weight/points] by /roslaunch
[rosmaster.master][INFO] 2025-12-04 21:21:28,428: +PARAM [/play_motion/motions/pregrasp_weight/meta/name] by /roslaunch
[rosmaster.master][INFO] 2025-12-04 21:21:28,428: +PARAM [/play_motion/motions/pregrasp_weight/meta/usage] by /roslaunch
[rosmaster.master][INFO] 2025-12-04 21:21:28,428: +PARAM [/play_motion/motions/pregrasp_weight/meta/description] by /roslaunch
[rosmaster.master][INFO] 2025-12-04 21:21:28,428: +PARAM [/play_motion/motions/do_weights/joints] by /roslaunch
[rosmaster.master][INFO] 2025-12-04 21:21:28,428: +PARAM [/play_motion/motions/do_weights/points] by /roslaunch
[rosmaster.master][INFO] 2025-12-04 21:21:28,428: +PARAM [/play_motion/motions/do_weights/meta/name] by /roslaunch
[rosmaster.master][INFO] 2025-12-04 21:21:28,428: +PARAM [/play_motion/motions/do_weights/meta/usage] by /roslaunch
[rosmaster.master][INFO] 2025-12-04 21:21:28,428: +PARAM [/play_motion/motions/do_weights/meta/description] by /roslaunch
[rosmaster.master][INFO] 2025-12-04 21:21:28,428: +PARAM [/play_motion/motions/offer_hand/joints] by /roslaunch
[rosmaster.master][INFO] 2025-12-04 21:21:28,428: +PARAM [/play_motion/motions/offer_hand/points] by /roslaunch
[rosmaster.master][INFO] 2025-12-04 21:21:28,428: +PARAM [/play_motion/motions/offer/joints] by /roslaunch
[rosmaster.master][INFO] 2025-12-04 21:21:28,428: +PARAM [/play_motion/motions/offer/points] by /roslaunch
[rosmaster.master][INFO] 2025-12-04 21:21:28,428: +PARAM [/play_motion/motions/offer/meta/name] by /roslaunch
[rosmaster.master][INFO] 2025-12-04 21:21:28,428: +PARAM [/play_motion/motions/offer/meta/usage] by /roslaunch
[rosmaster.master][INFO] 2025-12-04 21:21:28,428: +PARAM [/play_motion/motions/offer/meta/description] by /roslaunch
[rosmaster.master][INFO] 2025-12-04 21:21:28,428: +PARAM [/play_motion/motions/shake_hands/joints] by /roslaunch
[rosmaster.master][INFO] 2025-12-04 21:21:28,428: +PARAM [/play_motion/motions/shake_hands/points] by /roslaunch
[rosmaster.master][INFO] 2025-12-04 21:21:28,428: +PARAM [/play_motion/motions/shake_hands/meta/name] by /roslaunch
[rosmaster.master][INFO] 2025-12-04 21:21:28,429: +PARAM [/play_motion/motions/shake_hands/meta/usage] by /roslaunch
[rosmaster.master][INFO] 2025-12-04 21:21:28,429: +PARAM [/play_motion/motions/shake_hands/meta/description] by /roslaunch
[rosmaster.master][INFO] 2025-12-04 21:21:28,429: +PARAM [/play_motion/motions/pick_from_floor/joints] by /roslaunch
[rosmaster.master][INFO] 2025-12-04 21:21:28,429: +PARAM [/play_motion/motions/pick_from_floor/points] by /roslaunch
[rosmaster.master][INFO] 2025-12-04 21:21:28,429: +PARAM [/play_motion/motions/pick_from_floor/meta/name] by /roslaunch
[rosmaster.master][INFO] 2025-12-04 21:21:28,429: +PARAM [/play_motion/motions/pick_from_floor/meta/usage] by /roslaunch
[rosmaster.master][INFO] 2025-12-04 21:21:28,429: +PARAM [/play_motion/motions/pick_from_floor/meta/description] by /roslaunch
[rosmaster.master][INFO] 2025-12-04 21:21:28,429: +PARAM [/play_motion/motions/head_tour/joints] by /roslaunch
[rosmaster.master][INFO] 2025-12-04 21:21:28,429: +PARAM [/play_motion/motions/head_tour/points] by /roslaunch
[rosmaster.master][INFO] 2025-12-04 21:21:28,429: +PARAM [/play_motion/motions/head_tour/meta/name] by /roslaunch
[rosmaster.master][INFO] 2025-12-04 21:21:28,429: +PARAM [/play_motion/motions/head_tour/meta/usage] by /roslaunch
[rosmaster.master][INFO] 2025-12-04 21:21:28,429: +PARAM [/play_motion/motions/head_tour/meta/description] by /roslaunch
[rosmaster.master][INFO] 2025-12-04 21:21:28,429: +PARAM [/play_motion/disable_motion_planning] by /roslaunch
[rosmaster.master][INFO] 2025-12-04 21:21:28,429: +PARAM [/play_motion/approach_planner/planning_groups] by /roslaunch
[rosmaster.master][INFO] 2025-12-04 21:21:28,429: +PARAM [/play_motion/approach_planner/exclude_from_planning_joints] by /roslaunch
[rosmaster.master][INFO] 2025-12-04 21:21:28,429: +PARAM [/play_motion/approach_planner/joint_tolerance] by /roslaunch
[rosmaster.master][INFO] 2025-12-04 21:21:28,429: +PARAM [/play_motion/approach_planner/skip_planning_approach_vel] by /roslaunch
[rosmaster.master][INFO] 2025-12-04 21:21:28,429: +PARAM [/play_motion/approach_planner/skip_planning_approach_min_dur] by /roslaunch
[rosmaster.master][INFO] 2025-12-04 21:21:28,429: +PARAM [/robot_description_semantic] by /roslaunch
[rosmaster.master][INFO] 2025-12-04 21:21:28,429: +PARAM [/move_group/robot_description_planning/default_robot_link_padding/arm_5_link] by /roslaunch
[rosmaster.master][INFO] 2025-12-04 21:21:28,429: +PARAM [/robot_description_planning/default_velocity_scaling_factor] by /roslaunch
[rosmaster.master][INFO] 2025-12-04 21:21:28,429: +PARAM [/robot_description_planning/joint_limits/arm_2_joint/has_velocity_limits] by /roslaunch
[rosmaster.master][INFO] 2025-12-04 21:21:28,429: +PARAM [/robot_description_planning/joint_limits/arm_2_joint/max_velocity] by /roslaunch
[rosmaster.master][INFO] 2025-12-04 21:21:28,430: +PARAM [/robot_description_planning/joint_limits/arm_2_joint/has_acceleration_limits] by /roslaunch
[rosmaster.master][INFO] 2025-12-04 21:21:28,430: +PARAM [/robot_description_planning/joint_limits/arm_2_joint/max_acceleration] by /roslaunch
[rosmaster.master][INFO] 2025-12-04 21:21:28,430: +PARAM [/robot_description_planning/joint_limits/arm_1_joint/has_velocity_limits] by /roslaunch
[rosmaster.master][INFO] 2025-12-04 21:21:28,430: +PARAM [/robot_description_planning/joint_limits/arm_1_joint/max_velocity] by /roslaunch
[rosmaster.master][INFO] 2025-12-04 21:21:28,430: +PARAM [/robot_description_planning/joint_limits/arm_1_joint/has_acceleration_limits] by /roslaunch
[rosmaster.master][INFO] 2025-12-04 21:21:28,430: +PARAM [/robot_description_planning/joint_limits/arm_1_joint/max_acceleration] by /roslaunch
[rosmaster.master][INFO] 2025-12-04 21:21:28,430: +PARAM [/robot_description_planning/joint_limits/arm_6_joint/has_velocity_limits] by /roslaunch
[rosmaster.master][INFO] 2025-12-04 21:21:28,430: +PARAM [/robot_description_planning/joint_limits/arm_6_joint/max_velocity] by /roslaunch
[rosmaster.master][INFO] 2025-12-04 21:21:28,430: +PARAM [/robot_description_planning/joint_limits/arm_6_joint/has_acceleration_limits] by /roslaunch
[rosmaster.master][INFO] 2025-12-04 21:21:28,430: +PARAM [/robot_description_planning/joint_limits/arm_6_joint/max_acceleration] by /roslaunch
[rosmaster.master][INFO] 2025-12-04 21:21:28,430: +PARAM [/robot_description_planning/joint_limits/arm_7_joint/has_velocity_limits] by /roslaunch
[rosmaster.master][INFO] 2025-12-04 21:21:28,430: +PARAM [/robot_description_planning/joint_limits/arm_7_joint/max_velocity] by /roslaunch
[rosmaster.master][INFO] 2025-12-04 21:21:28,430: +PARAM [/robot_description_planning/joint_limits/arm_7_joint/has_acceleration_limits] by /roslaunch
[rosmaster.master][INFO] 2025-12-04 21:21:28,430: +PARAM [/robot_description_planning/joint_limits/arm_7_joint/max_acceleration] by /roslaunch
[rosmaster.master][INFO] 2025-12-04 21:21:28,430: +PARAM [/robot_description_planning/joint_limits/arm_4_joint/has_velocity_limits] by /roslaunch
[rosmaster.master][INFO] 2025-12-04 21:21:28,430: +PARAM [/robot_description_planning/joint_limits/arm_4_joint/max_velocity] by /roslaunch
[rosmaster.master][INFO] 2025-12-04 21:21:28,430: +PARAM [/robot_description_planning/joint_limits/arm_4_joint/has_acceleration_limits] by /roslaunch
[rosmaster.master][INFO] 2025-12-04 21:21:28,430: +PARAM [/robot_description_planning/joint_limits/arm_4_joint/max_acceleration] by /roslaunch
[rosmaster.master][INFO] 2025-12-04 21:21:28,430: +PARAM [/robot_description_planning/joint_limits/arm_5_joint/has_velocity_limits] by /roslaunch
[rosmaster.master][INFO] 2025-12-04 21:21:28,430: +PARAM [/robot_description_planning/joint_limits/arm_5_joint/max_velocity] by /roslaunch
[rosmaster.master][INFO] 2025-12-04 21:21:28,430: +PARAM [/robot_description_planning/joint_limits/arm_5_joint/has_acceleration_limits] by /roslaunch
[rosmaster.master][INFO] 2025-12-04 21:21:28,430: +PARAM [/robot_description_planning/joint_limits/arm_5_joint/max_acceleration] by /roslaunch
[rosmaster.master][INFO] 2025-12-04 21:21:28,430: +PARAM [/robot_description_planning/joint_limits/arm_3_joint/has_velocity_limits] by /roslaunch
[rosmaster.master][INFO] 2025-12-04 21:21:28,431: +PARAM [/robot_description_planning/joint_limits/arm_3_joint/max_velocity] by /roslaunch
[rosmaster.master][INFO] 2025-12-04 21:21:28,431: +PARAM [/robot_description_planning/joint_limits/arm_3_joint/has_acceleration_limits] by /roslaunch
[rosmaster.master][INFO] 2025-12-04 21:21:28,431: +PARAM [/robot_description_planning/joint_limits/arm_3_joint/max_acceleration] by /roslaunch
[rosmaster.master][INFO] 2025-12-04 21:21:28,431: +PARAM [/robot_description_planning/joint_limits/torso_lift_joint/has_velocity_limits] by /roslaunch
[rosmaster.master][INFO] 2025-12-04 21:21:28,431: +PARAM [/robot_description_planning/joint_limits/torso_lift_joint/max_velocity] by /roslaunch
[rosmaster.master][INFO] 2025-12-04 21:21:28,431: +PARAM [/robot_description_planning/joint_limits/torso_lift_joint/has_acceleration_limits] by /roslaunch
[rosmaster.master][INFO] 2025-12-04 21:21:28,431: +PARAM [/robot_description_planning/joint_limits/torso_lift_joint/max_acceleration] by /roslaunch
[rosmaster.master][INFO] 2025-12-04 21:21:28,431: +PARAM [/robot_description_planning/joint_limits/gripper_left_finger_joint/has_velocity_limits] by /roslaunch
[rosmaster.master][INFO] 2025-12-04 21:21:28,431: +PARAM [/robot_description_planning/joint_limits/gripper_left_finger_joint/max_velocity] by /roslaunch
[rosmaster.master][INFO] 2025-12-04 21:21:28,431: +PARAM [/robot_description_planning/joint_limits/gripper_left_finger_joint/has_acceleration_limits] by /roslaunch
[rosmaster.master][INFO] 2025-12-04 21:21:28,431: +PARAM [/robot_description_planning/joint_limits/gripper_left_finger_joint/max_acceleration] by /roslaunch
[rosmaster.master][INFO] 2025-12-04 21:21:28,431: +PARAM [/robot_description_planning/joint_limits/gripper_right_finger_joint/has_velocity_limits] by /roslaunch
[rosmaster.master][INFO] 2025-12-04 21:21:28,431: +PARAM [/robot_description_planning/joint_limits/gripper_right_finger_joint/max_velocity] by /roslaunch
[rosmaster.master][INFO] 2025-12-04 21:21:28,431: +PARAM [/robot_description_planning/joint_limits/gripper_right_finger_joint/has_acceleration_limits] by /roslaunch
[rosmaster.master][INFO] 2025-12-04 21:21:28,431: +PARAM [/robot_description_planning/joint_limits/gripper_right_finger_joint/max_acceleration] by /roslaunch
[rosmaster.master][INFO] 2025-12-04 21:21:28,431: +PARAM [/robot_description_planning/joint_limits/gripper_finger_joint/has_velocity_limits] by /roslaunch
[rosmaster.master][INFO] 2025-12-04 21:21:28,431: +PARAM [/robot_description_planning/joint_limits/gripper_finger_joint/max_velocity] by /roslaunch
[rosmaster.master][INFO] 2025-12-04 21:21:28,431: +PARAM [/robot_description_planning/joint_limits/gripper_finger_joint/has_acceleration_limits] by /roslaunch
[rosmaster.master][INFO] 2025-12-04 21:21:28,431: +PARAM [/robot_description_planning/joint_limits/gripper_finger_joint/max_acceleration] by /roslaunch
[rosmaster.master][INFO] 2025-12-04 21:21:28,431: +PARAM [/robot_description_kinematics/arm_torso/kinematics_solver] by /roslaunch
[rosmaster.master][INFO] 2025-12-04 21:21:28,431: +PARAM [/robot_description_kinematics/arm_torso/kinematics_solver_search_resolution] by /roslaunch
[rosmaster.master][INFO] 2025-12-04 21:21:28,431: +PARAM [/robot_description_kinematics/arm_torso/kinematics_solver_timeout] by /roslaunch
[rosmaster.master][INFO] 2025-12-04 21:21:28,431: +PARAM [/robot_description_kinematics/arm_torso/kinematics_solver_attempts] by /roslaunch
[rosmaster.master][INFO] 2025-12-04 21:21:28,432: +PARAM [/robot_description_kinematics/arm/kinematics_solver] by /roslaunch
[rosmaster.master][INFO] 2025-12-04 21:21:28,432: +PARAM [/robot_description_kinematics/arm/kinematics_solver_search_resolution] by /roslaunch
[rosmaster.master][INFO] 2025-12-04 21:21:28,432: +PARAM [/robot_description_kinematics/arm/kinematics_solver_timeout] by /roslaunch
[rosmaster.master][INFO] 2025-12-04 21:21:28,432: +PARAM [/robot_description_kinematics/arm/kinematics_solver_attempts] by /roslaunch
[rosmaster.master][INFO] 2025-12-04 21:21:28,432: +PARAM [/move_group/planning_plugin] by /roslaunch
[rosmaster.master][INFO] 2025-12-04 21:21:28,432: +PARAM [/move_group/request_adapters] by /roslaunch
[rosmaster.master][INFO] 2025-12-04 21:21:28,432: +PARAM [/move_group/start_state_max_bounds_error] by /roslaunch
[rosmaster.master][INFO] 2025-12-04 21:21:28,432: +PARAM [/move_group/planner_configs/SBLkConfigDefault/type] by /roslaunch
[rosmaster.master][INFO] 2025-12-04 21:21:28,432: +PARAM [/move_group/planner_configs/ESTkConfigDefault/type] by /roslaunch
[rosmaster.master][INFO] 2025-12-04 21:21:28,432: +PARAM [/move_group/planner_configs/LBKPIECEkConfigDefault/type] by /roslaunch
[rosmaster.master][INFO] 2025-12-04 21:21:28,432: +PARAM [/move_group/planner_configs/BKPIECEkConfigDefault/type] by /roslaunch
[rosmaster.master][INFO] 2025-12-04 21:21:28,432: +PARAM [/move_group/planner_configs/KPIECEkConfigDefault/type] by /roslaunch
[rosmaster.master][INFO] 2025-12-04 21:21:28,432: +PARAM [/move_group/planner_configs/RRTkConfigDefault/type] by /roslaunch
[rosmaster.master][INFO] 2025-12-04 21:21:28,432: +PARAM [/move_group/planner_configs/RRTConnectkConfigDefault/type] by /roslaunch
[rosmaster.master][INFO] 2025-12-04 21:21:28,432: +PARAM [/move_group/planner_configs/RRTstarkConfigDefault/type] by /roslaunch
[rosmaster.master][INFO] 2025-12-04 21:21:28,432: +PARAM [/move_group/planner_configs/TRRTkConfigDefault/type] by /roslaunch
[rosmaster.master][INFO] 2025-12-04 21:21:28,432: +PARAM [/move_group/planner_configs/PRMkConfigDefault/type] by /roslaunch
[rosmaster.master][INFO] 2025-12-04 21:21:28,432: +PARAM [/move_group/planner_configs/PRMstarkConfigDefault/type] by /roslaunch
[rosmaster.master][INFO] 2025-12-04 21:21:28,432: +PARAM [/move_group/arm_torso/planner_configs] by /roslaunch
[rosmaster.master][INFO] 2025-12-04 21:21:28,432: +PARAM [/move_group/arm_torso/projection_evaluator] by /roslaunch
[rosmaster.master][INFO] 2025-12-04 21:21:28,432: +PARAM [/move_group/arm_torso/longest_valid_segment_fraction] by /roslaunch
[rosmaster.master][INFO] 2025-12-04 21:21:28,432: +PARAM [/move_group/arm/planner_configs] by /roslaunch
[rosmaster.master][INFO] 2025-12-04 21:21:28,432: +PARAM [/move_group/arm/projection_evaluator] by /roslaunch
[rosmaster.master][INFO] 2025-12-04 21:21:28,433: +PARAM [/move_group/arm/longest_valid_segment_fraction] by /roslaunch
[rosmaster.master][INFO] 2025-12-04 21:21:28,433: +PARAM [/move_group/moveit_manage_controllers] by /roslaunch
[rosmaster.master][INFO] 2025-12-04 21:21:28,433: +PARAM [/move_group/trajectory_execution/allowed_execution_duration_scaling] by /roslaunch
[rosmaster.master][INFO] 2025-12-04 21:21:28,433: +PARAM [/move_group/trajectory_execution/allowed_goal_duration_margin] by /roslaunch
[rosmaster.master][INFO] 2025-12-04 21:21:28,433: +PARAM [/move_group/moveit_controller_manager] by /roslaunch
[rosmaster.master][INFO] 2025-12-04 21:21:28,433: +PARAM [/move_group/controller_manager_name] by /roslaunch
[rosmaster.master][INFO] 2025-12-04 21:21:28,433: +PARAM [/move_group/use_controller_manager] by /roslaunch
[rosmaster.master][INFO] 2025-12-04 21:21:28,433: +PARAM [/move_group/controller_manager_ns] by /roslaunch
[rosmaster.master][INFO] 2025-12-04 21:21:28,433: +PARAM [/move_group/controller_list] by /roslaunch
[rosmaster.master][INFO] 2025-12-04 21:21:28,433: +PARAM [/move_group/allow_trajectory_execution] by /roslaunch
[rosmaster.master][INFO] 2025-12-04 21:21:28,433: +PARAM [/move_group/max_safe_path_cost] by /roslaunch
[rosmaster.master][INFO] 2025-12-04 21:21:28,433: +PARAM [/move_group/jiggle_fraction] by /roslaunch
[rosmaster.master][INFO] 2025-12-04 21:21:28,433: +PARAM [/move_group/capabilities] by /roslaunch
[rosmaster.master][INFO] 2025-12-04 21:21:28,433: +PARAM [/move_group/disable_capabilities] by /roslaunch
[rosmaster.master][INFO] 2025-12-04 21:21:28,433: +PARAM [/move_group/planning_scene_monitor/publish_planning_scene] by /roslaunch
[rosmaster.master][INFO] 2025-12-04 21:21:28,433: +PARAM [/move_group/planning_scene_monitor/publish_geometry_updates] by /roslaunch
[rosmaster.master][INFO] 2025-12-04 21:21:28,433: +PARAM [/move_group/planning_scene_monitor/publish_state_updates] by /roslaunch
[rosmaster.master][INFO] 2025-12-04 21:21:28,433: +PARAM [/move_group/planning_scene_monitor/publish_transforms_updates] by /roslaunch
[rosmaster.master][INFO] 2025-12-04 21:21:28,433: +PARAM [/robot_state_publisher/publish_frequency] by /roslaunch
[rosmaster.master][INFO] 2025-12-04 21:21:28,433: +PARAM [/robot_state_publisher/tf_prefix] by /roslaunch
[rosmaster.master][INFO] 2025-12-04 21:21:28,433: +PARAM [/twist_mux/locks] by /roslaunch
[rosmaster.master][INFO] 2025-12-04 21:21:28,433: +PARAM [/twist_mux/topics] by /roslaunch
[rosmaster.master][INFO] 2025-12-04 21:21:28,433: +PARAM [/joystick_relay/priority] by /roslaunch
[rosmaster.master][INFO] 2025-12-04 21:21:28,433: +PARAM [/joystick_relay/turbo/linear_forward_min] by /roslaunch
[rosmaster.master][INFO] 2025-12-04 21:21:28,434: +PARAM [/joystick_relay/turbo/linear_forward_max] by /roslaunch
[rosmaster.master][INFO] 2025-12-04 21:21:28,434: +PARAM [/joystick_relay/turbo/linear_backward_min] by /roslaunch
[rosmaster.master][INFO] 2025-12-04 21:21:28,434: +PARAM [/joystick_relay/turbo/linear_backward_max] by /roslaunch
[rosmaster.master][INFO] 2025-12-04 21:21:28,434: +PARAM [/joystick_relay/turbo/angular_min] by /roslaunch
[rosmaster.master][INFO] 2025-12-04 21:21:28,434: +PARAM [/joystick_relay/turbo/angular_max] by /roslaunch
[rosmaster.master][INFO] 2025-12-04 21:21:28,434: +PARAM [/joystick_relay/turbo/steps] by /roslaunch
[rosmaster.master][INFO] 2025-12-04 21:21:28,434: +PARAM [/dynamic_footprint_publisher/footprint] by /roslaunch
[rosmaster.master][INFO] 2025-12-04 21:21:28,434: +PARAM [/dynamic_footprint_publisher/link_list] by /roslaunch
[rosmaster.master][INFO] 2025-12-04 21:21:28,434: +PARAM [/dynamic_footprint_publisher/padding] by /roslaunch
[rosmaster.master][INFO] 2025-12-04 21:21:28,568: +PUB [/rosout] /head_controller/point_head_action http://127.0.0.1:34167/
[rosmaster.master][INFO] 2025-12-04 21:21:28,569: +SERVICE [/head_controller/point_head_action/get_loggers] /head_controller/point_head_action http://127.0.0.1:34167/
[rosmaster.master][INFO] 2025-12-04 21:21:28,571: +SERVICE [/head_controller/point_head_action/set_logger_level] /head_controller/point_head_action http://127.0.0.1:34167/
[rosmaster.master][INFO] 2025-12-04 21:21:28,576: +SUB [/clock] /head_controller/point_head_action http://127.0.0.1:34167/
[rosmaster.master][INFO] 2025-12-04 21:21:28,579: +SUB [/tf] /head_controller/point_head_action http://127.0.0.1:34167/
[rosmaster.master][INFO] 2025-12-04 21:21:28,584: +SUB [/tf_static] /head_controller/point_head_action http://127.0.0.1:34167/
[rosmaster.master][INFO] 2025-12-04 21:21:28,587: +PUB [/head_controller/command] /head_controller/point_head_action http://127.0.0.1:34167/
[rosmaster.master][INFO] 2025-12-04 21:21:28,589: +SUB [/head_controller/state] /head_controller/point_head_action http://127.0.0.1:34167/
[rosmaster.master][INFO] 2025-12-04 21:21:28,590: +CACHEDPARAM [/rosout_disable_topics_generation] by /head_controller/point_head_action
[rosmaster.master][INFO] 2025-12-04 21:21:28,619: +PUB [/head_controller/point_head_action/result] /head_controller/point_head_action http://127.0.0.1:34167/
[rosmaster.master][INFO] 2025-12-04 21:21:28,620: +PUB [/head_controller/point_head_action/feedback] /head_controller/point_head_action http://127.0.0.1:34167/
[rosmaster.master][INFO] 2025-12-04 21:21:28,621: +PUB [/head_controller/point_head_action/status] /head_controller/point_head_action http://127.0.0.1:34167/
[rosmaster.master][INFO] 2025-12-04 21:21:28,624: +SUB [/head_controller/point_head_action/goal] /head_controller/point_head_action http://127.0.0.1:34167/
[rosmaster.master][INFO] 2025-12-04 21:21:28,624: publisherUpdate[/rosout] -> http://127.0.0.1:46717/ ['http://127.0.0.1:34167/']
[rosmaster.master][INFO] 2025-12-04 21:21:28,638: +SUB [/head_controller/point_head_action/cancel] /head_controller/point_head_action http://127.0.0.1:34167/
[rosmaster.master][INFO] 2025-12-04 21:21:28,712: publisherUpdate[/rosout] -> http://127.0.0.1:46717/ ['http://127.0.0.1:34167/']: sec=0.09, result=[1, '', 0]
[rosmaster.master][INFO] 2025-12-04 21:21:28,832: +PUB [/rosout] /robot_state_publisher http://127.0.0.1:34439/
[rosmaster.master][INFO] 2025-12-04 21:21:28,835: +SERVICE [/robot_state_publisher/get_loggers] /robot_state_publisher http://127.0.0.1:34439/
[rosmaster.master][INFO] 2025-12-04 21:21:28,838: +SERVICE [/robot_state_publisher/set_logger_level] /robot_state_publisher http://127.0.0.1:34439/
[rosmaster.master][INFO] 2025-12-04 21:21:28,856: +PUB [/rosout] /tf_lookup http://127.0.0.1:35433/
[rosmaster.master][INFO] 2025-12-04 21:21:28,861: +SERVICE [/tf_lookup/get_loggers] /tf_lookup http://127.0.0.1:35433/
[rosmaster.master][INFO] 2025-12-04 21:21:28,864: +SERVICE [/tf_lookup/set_logger_level] /tf_lookup http://127.0.0.1:35433/
[rosmaster.master][INFO] 2025-12-04 21:21:28,866: +SUB [/clock] /robot_state_publisher http://127.0.0.1:34439/
[rosmaster.master][INFO] 2025-12-04 21:21:28,879: publisherUpdate[/rosout] -> http://127.0.0.1:46717/ ['http://127.0.0.1:34167/', 'http://127.0.0.1:34439/']
[rosmaster.master][INFO] 2025-12-04 21:21:28,891: +SUB [/clock] /tf_lookup http://127.0.0.1:35433/
[rosmaster.master][INFO] 2025-12-04 21:21:28,896: +PUB [/rosout] /twist_marker http://127.0.0.1:45743/
[rosmaster.master][INFO] 2025-12-04 21:21:28,913: +SUB [/tf] /tf_lookup http://127.0.0.1:35433/
[rosmaster.master][INFO] 2025-12-04 21:21:28,925: +SUB [/tf_static] /tf_lookup http://127.0.0.1:35433/
[rosmaster.master][INFO] 2025-12-04 21:21:28,933: +SERVICE [/twist_marker/get_loggers] /twist_marker http://127.0.0.1:45743/
[rosmaster.master][INFO] 2025-12-04 21:21:28,934: +PUB [/tf] /robot_state_publisher http://127.0.0.1:34439/
[rosmaster.master][INFO] 2025-12-04 21:21:28,935: +CACHEDPARAM [/rosout_disable_topics_generation] by /tf_lookup
[rosmaster.master][INFO] 2025-12-04 21:21:28,938: +SERVICE [/twist_marker/set_logger_level] /twist_marker http://127.0.0.1:45743/
[rosmaster.master][INFO] 2025-12-04 21:21:28,943: +SERVICE [/lookupTransform] /tf_lookup http://127.0.0.1:35433/
[rosmaster.master][INFO] 2025-12-04 21:21:28,948: +PUB [/rosout] /twist_mux http://127.0.0.1:40039/
[rosmaster.master][INFO] 2025-12-04 21:21:28,950: +PUB [/tf_static] /robot_state_publisher http://127.0.0.1:34439/
[rosmaster.master][INFO] 2025-12-04 21:21:28,957: +PUB [/tf_lookup/result] /tf_lookup http://127.0.0.1:35433/
[rosmaster.master][INFO] 2025-12-04 21:21:28,958: +SERVICE [/twist_mux/get_loggers] /twist_mux http://127.0.0.1:40039/
[rosmaster.master][INFO] 2025-12-04 21:21:28,962: +SUB [/clock] /twist_marker http://127.0.0.1:45743/
[rosmaster.master][INFO] 2025-12-04 21:21:28,963: +PUB [/tf_lookup/feedback] /tf_lookup http://127.0.0.1:35433/
[rosmaster.master][INFO] 2025-12-04 21:21:28,964: +SERVICE [/twist_mux/set_logger_level] /twist_mux http://127.0.0.1:40039/
[rosmaster.master][INFO] 2025-12-04 21:21:28,967: +PUB [/tf_lookup/status] /tf_lookup http://127.0.0.1:35433/
[rosmaster.master][INFO] 2025-12-04 21:21:28,970: +PUB [/twist_marker] /twist_marker http://127.0.0.1:45743/
[rosmaster.master][INFO] 2025-12-04 21:21:28,987: publisherUpdate[/rosout] -> http://127.0.0.1:46717/ ['http://127.0.0.1:34167/', 'http://127.0.0.1:34439/']: sec=0.11, result=[1, '', 0]
[rosmaster.master][INFO] 2025-12-04 21:21:28,987: publisherUpdate[/rosout] -> http://127.0.0.1:46717/ ['http://127.0.0.1:34167/', 'http://127.0.0.1:34439/', 'http://127.0.0.1:35433/']
[rosmaster.master][INFO] 2025-12-04 21:21:28,990: +SUB [/mobile_base_controller/cmd_vel] /twist_marker http://127.0.0.1:45743/
[rosmaster.master][INFO] 2025-12-04 21:21:28,995: publisherUpdate[/rosout] -> http://127.0.0.1:46717/ ['http://127.0.0.1:34167/', 'http://127.0.0.1:34439/', 'http://127.0.0.1:35433/']: sec=0.01, result=[1, '', 0]
[rosmaster.master][INFO] 2025-12-04 21:21:28,997: publisherUpdate[/rosout] -> http://127.0.0.1:46717/ ['http://127.0.0.1:34167/', 'http://127.0.0.1:34439/', 'http://127.0.0.1:35433/', 'http://127.0.0.1:45743/']
[rosmaster.master][INFO] 2025-12-04 21:21:28,997: +SUB [/joint_states] /robot_state_publisher http://127.0.0.1:34439/
[rosmaster.master][INFO] 2025-12-04 21:21:29,002: +SUB [/clock] /twist_mux http://127.0.0.1:40039/
[rosmaster.master][INFO] 2025-12-04 21:21:29,010: +CACHEDPARAM [/twist_mux/topics] by /twist_mux
[rosmaster.master][INFO] 2025-12-04 21:21:29,011: +SUB [/tf_lookup/goal] /tf_lookup http://127.0.0.1:35433/
[rosmaster.master][INFO] 2025-12-04 21:21:29,012: publisherUpdate[/rosout] -> http://127.0.0.1:46717/ ['http://127.0.0.1:34167/', 'http://127.0.0.1:34439/', 'http://127.0.0.1:35433/', 'http://127.0.0.1:45743/']: sec=0.01, result=[1, '', 0]
[rosmaster.master][INFO] 2025-12-04 21:21:29,012: +PUB [/rosout] /play_motion http://127.0.0.1:43633/
[rosmaster.master][INFO] 2025-12-04 21:21:29,012: publisherUpdate[/tf] -> http://127.0.0.1:34167/ ['http://127.0.0.1:34439/']
[rosmaster.master][INFO] 2025-12-04 21:21:29,013: +SERVICE [/play_motion/get_loggers] /play_motion http://127.0.0.1:43633/
[rosmaster.master][INFO] 2025-12-04 21:21:29,015: +SERVICE [/play_motion/set_logger_level] /play_motion http://127.0.0.1:43633/
[rosmaster.master][INFO] 2025-12-04 21:21:29,024: +SUB [/clock] /play_motion http://127.0.0.1:43633/
[rosmaster.master][INFO] 2025-12-04 21:21:29,066: publisherUpdate[/tf] -> http://127.0.0.1:35433/ ['http://127.0.0.1:34439/']
[rosmaster.master][INFO] 2025-12-04 21:21:29,067: publisherUpdate[/rosout] -> http://127.0.0.1:46717/ ['http://127.0.0.1:34167/', 'http://127.0.0.1:34439/', 'http://127.0.0.1:35433/', 'http://127.0.0.1:45743/', 'http://127.0.0.1:40039/']
[rosmaster.master][INFO] 2025-12-04 21:21:29,072: +SUB [/tf_lookup/cancel] /tf_lookup http://127.0.0.1:35433/
[rosmaster.master][INFO] 2025-12-04 21:21:29,073: +PUB [/rosout] /move_group http://127.0.0.1:43579/
[rosmaster.master][INFO] 2025-12-04 21:21:29,078: +SERVICE [/move_group/get_loggers] /move_group http://127.0.0.1:43579/
[rosmaster.master][INFO] 2025-12-04 21:21:29,079: publisherUpdate[/tf] -> http://127.0.0.1:34167/ ['http://127.0.0.1:34439/']: sec=0.07, result=[1, '', 0]
[rosmaster.master][INFO] 2025-12-04 21:21:29,080: publisherUpdate[/tf_static] -> http://127.0.0.1:34167/ ['http://127.0.0.1:34439/']
[rosmaster.master][INFO] 2025-12-04 21:21:29,081: +PUB [/rosout] /image_raw_to_rect_color_relay http://127.0.0.1:46497/
[rosmaster.master][INFO] 2025-12-04 21:21:29,081: +SERVICE [/move_group/set_logger_level] /move_group http://127.0.0.1:43579/
[rosmaster.master][INFO] 2025-12-04 21:21:29,084: +PUB [/tf_stream/result] /tf_lookup http://127.0.0.1:35433/
[rosmaster.master][INFO] 2025-12-04 21:21:29,087: +SERVICE [/image_raw_to_rect_color_relay/get_loggers] /image_raw_to_rect_color_relay http://127.0.0.1:46497/
[rosmaster.master][INFO] 2025-12-04 21:21:29,089: +PUB [/tf_stream/feedback] /tf_lookup http://127.0.0.1:35433/
[rosmaster.master][INFO] 2025-12-04 21:21:29,092: +SERVICE [/image_raw_to_rect_color_relay/set_logger_level] /image_raw_to_rect_color_relay http://127.0.0.1:46497/
[rosmaster.master][INFO] 2025-12-04 21:21:29,093: +PUB [/tf_stream/status] /tf_lookup http://127.0.0.1:35433/
[rosmaster.master][INFO] 2025-12-04 21:21:29,098: publisherUpdate[/tf_static] -> http://127.0.0.1:34167/ ['http://127.0.0.1:34439/']: sec=0.02, result=[1, '', 0]
[rosmaster.master][INFO] 2025-12-04 21:21:29,109: +SUB [/clock] /move_group http://127.0.0.1:43579/
[rosmaster.master][INFO] 2025-12-04 21:21:29,118: +SUB [/clock] /image_raw_to_rect_color_relay http://127.0.0.1:46497/
[rosmaster.master][INFO] 2025-12-04 21:21:29,132: +CACHEDPARAM [/rosout_disable_topics_generation] by /twist_mux
[rosmaster.master][INFO] 2025-12-04 21:21:29,135: publisherUpdate[/rosout] -> http://127.0.0.1:46717/ ['http://127.0.0.1:34167/', 'http://127.0.0.1:34439/', 'http://127.0.0.1:35433/', 'http://127.0.0.1:45743/', 'http://127.0.0.1:40039/']: sec=0.07, result=[1, '', 0]
[rosmaster.master][INFO] 2025-12-04 21:21:29,137: publisherUpdate[/rosout] -> http://127.0.0.1:46717/ ['http://127.0.0.1:34167/', 'http://127.0.0.1:34439/', 'http://127.0.0.1:35433/', 'http://127.0.0.1:45743/', 'http://127.0.0.1:40039/', 'http://127.0.0.1:43633/']
[rosmaster.master][INFO] 2025-12-04 21:21:29,148: +SUB [/tf_stream/goal] /tf_lookup http://127.0.0.1:35433/
[rosmaster.master][INFO] 2025-12-04 21:21:29,152: publisherUpdate[/rosout] -> http://127.0.0.1:46717/ ['http://127.0.0.1:34167/', 'http://127.0.0.1:34439/', 'http://127.0.0.1:35433/', 'http://127.0.0.1:45743/', 'http://127.0.0.1:40039/', 'http://127.0.0.1:43633/']: sec=0.00, result=[1, '', 0]
[rosmaster.master][INFO] 2025-12-04 21:21:29,155: +CACHEDPARAM [/rosout_disable_topics_generation] by /move_group
[rosmaster.master][INFO] 2025-12-04 21:21:29,155: publisherUpdate[/rosout] -> http://127.0.0.1:46717/ ['http://127.0.0.1:34167/', 'http://127.0.0.1:34439/', 'http://127.0.0.1:35433/', 'http://127.0.0.1:45743/', 'http://127.0.0.1:40039/', 'http://127.0.0.1:43633/', 'http://127.0.0.1:43579/']
[rosmaster.master][INFO] 2025-12-04 21:21:29,155: +SUB [/nav_vel] /twist_mux http://127.0.0.1:40039/
[rosmaster.master][INFO] 2025-12-04 21:21:29,160: +PARAM [/move_group/default_planning_pipeline] by /move_group
[rosmaster.master][INFO] 2025-12-04 21:21:29,162: +SUB [/joint_states] /play_motion http://127.0.0.1:43633/
[rosmaster.master][INFO] 2025-12-04 21:21:29,164: +SUB [/xtion/rgb/image_raw] /image_raw_to_rect_color_relay http://127.0.0.1:46497/
[rosmaster.master][INFO] 2025-12-04 21:21:29,169: +SUB [/tf_stream/cancel] /tf_lookup http://127.0.0.1:35433/
[rosmaster.master][INFO] 2025-12-04 21:21:29,171: +SUB [/tf] /move_group http://127.0.0.1:43579/
[rosmaster.master][INFO] 2025-12-04 21:21:29,184: +SUB [/tf] /play_motion http://127.0.0.1:43633/
[rosmaster.master][INFO] 2025-12-04 21:21:29,189: +SUB [/tf_static] /move_group http://127.0.0.1:43579/
[rosmaster.master][INFO] 2025-12-04 21:21:29,190: publisherUpdate[/tf] -> http://127.0.0.1:35433/ ['http://127.0.0.1:34439/']: sec=0.12, result=[1, '', 0]
[rosmaster.master][INFO] 2025-12-04 21:21:29,198: publisherUpdate[/tf_static] -> http://127.0.0.1:35433/ ['http://127.0.0.1:34439/']
[rosmaster.master][INFO] 2025-12-04 21:21:29,204: +PUB [/rosout] /throttle_filtering_points http://127.0.0.1:39723/
[rosmaster.master][INFO] 2025-12-04 21:21:29,213: +SERVICE [/throttle_filtering_points/get_loggers] /throttle_filtering_points http://127.0.0.1:39723/
[rosmaster.master][INFO] 2025-12-04 21:21:29,215: publisherUpdate[/tf_static] -> http://127.0.0.1:35433/ ['http://127.0.0.1:34439/']: sec=0.00, result=[1, '', 0]
[rosmaster.master][INFO] 2025-12-04 21:21:29,217: publisherUpdate[/rosout] -> http://127.0.0.1:46717/ ['http://127.0.0.1:34167/', 'http://127.0.0.1:34439/', 'http://127.0.0.1:35433/', 'http://127.0.0.1:45743/', 'http://127.0.0.1:40039/', 'http://127.0.0.1:43633/', 'http://127.0.0.1:43579/']: sec=0.06, result=[1, '', 0]
[rosmaster.master][INFO] 2025-12-04 21:21:29,237: publisherUpdate[/rosout] -> http://127.0.0.1:46717/ ['http://127.0.0.1:34167/', 'http://127.0.0.1:34439/', 'http://127.0.0.1:35433/', 'http://127.0.0.1:45743/', 'http://127.0.0.1:40039/', 'http://127.0.0.1:43633/', 'http://127.0.0.1:43579/', 'http://127.0.0.1:46497/']
[rosmaster.master][INFO] 2025-12-04 21:21:29,234: +SUB [/tf_static] /play_motion http://127.0.0.1:43633/
[rosmaster.master][INFO] 2025-12-04 21:21:29,242: +SUB [/joy_vel] /twist_mux http://127.0.0.1:40039/
[rosmaster.master][INFO] 2025-12-04 21:21:29,247: +SERVICE [/throttle_filtering_points/set_logger_level] /throttle_filtering_points http://127.0.0.1:39723/
[rosmaster.master][INFO] 2025-12-04 21:21:29,314: publisherUpdate[/rosout] -> http://127.0.0.1:46717/ ['http://127.0.0.1:34167/', 'http://127.0.0.1:34439/', 'http://127.0.0.1:35433/', 'http://127.0.0.1:45743/', 'http://127.0.0.1:40039/', 'http://127.0.0.1:43633/', 'http://127.0.0.1:43579/', 'http://127.0.0.1:46497/']: sec=0.07, result=[1, '', 0]
[rosmaster.master][INFO] 2025-12-04 21:21:29,315: publisherUpdate[/rosout] -> http://127.0.0.1:46717/ ['http://127.0.0.1:34167/', 'http://127.0.0.1:34439/', 'http://127.0.0.1:35433/', 'http://127.0.0.1:45743/', 'http://127.0.0.1:40039/', 'http://127.0.0.1:43633/', 'http://127.0.0.1:43579/', 'http://127.0.0.1:46497/', 'http://127.0.0.1:39723/']
[rosmaster.master][INFO] 2025-12-04 21:21:29,316: publisherUpdate[/rosout] -> http://127.0.0.1:46717/ ['http://127.0.0.1:34167/', 'http://127.0.0.1:34439/', 'http://127.0.0.1:35433/', 'http://127.0.0.1:45743/', 'http://127.0.0.1:40039/', 'http://127.0.0.1:43633/', 'http://127.0.0.1:43579/', 'http://127.0.0.1:46497/', 'http://127.0.0.1:39723/']: sec=0.00, result=[1, '', 0]
[rosmaster.master][INFO] 2025-12-04 21:21:29,321: +SUB [/clock] /throttle_filtering_points http://127.0.0.1:39723/
[rosmaster.master][INFO] 2025-12-04 21:21:29,327: +SUB [/key_vel] /twist_mux http://127.0.0.1:40039/
[rosmaster.master][INFO] 2025-12-04 21:21:29,330: +SUB [/tab_vel] /twist_mux http://127.0.0.1:40039/
[rosmaster.master][INFO] 2025-12-04 21:21:29,340: +SUB [/marker_vel] /twist_mux http://127.0.0.1:40039/
[rosmaster.master][INFO] 2025-12-04 21:21:29,357: +SUB [/phone_vel] /twist_mux http://127.0.0.1:40039/
[rosmaster.master][INFO] 2025-12-04 21:21:29,374: +CACHEDPARAM [/rosout/omit_topics] by /rosout
[rosmaster.master][INFO] 2025-12-04 21:21:29,378: +CACHEDPARAM [/rosout_disable_topics_generation] by /play_motion
[rosmaster.master][INFO] 2025-12-04 21:21:29,386: +SUB [/rviz_joy_vel] /twist_mux http://127.0.0.1:40039/
[rosmaster.master][INFO] 2025-12-04 21:21:29,398: +SUB [/servoing_cmd_vel] /twist_mux http://127.0.0.1:40039/
[rosmaster.master][INFO] 2025-12-04 21:21:29,400: +CACHEDPARAM [/twist_mux/locks] by /twist_mux
[rosmaster.master][INFO] 2025-12-04 21:21:29,419: +SUB [/pause_navigation] /twist_mux http://127.0.0.1:40039/
[rosmaster.master][INFO] 2025-12-04 21:21:29,431: +SUB [/stop_closing_loop] /twist_mux http://127.0.0.1:40039/
[rosmaster.master][INFO] 2025-12-04 21:21:29,446: +SUB [/joy_priority] /twist_mux http://127.0.0.1:40039/
[rosmaster.master][INFO] 2025-12-04 21:21:29,447: +PUB [/mobile_base_controller/cmd_vel] /twist_mux http://127.0.0.1:40039/
[rosmaster.master][INFO] 2025-12-04 21:21:29,451: +PUB [/diagnostics] /twist_mux http://127.0.0.1:40039/
[rosmaster.master][INFO] 2025-12-04 21:21:29,452: +CACHEDPARAM [/twist_mux/diagnostic_period] by /twist_mux
[rosmaster.master][INFO] 2025-12-04 21:21:29,505: +PUB [/rosout] /spawn_model http://127.0.0.1:36943/
[rosmaster.master][INFO] 2025-12-04 21:21:29,518: publisherUpdate[/mobile_base_controller/cmd_vel] -> http://127.0.0.1:45743/ ['http://127.0.0.1:40039/']
[rosmaster.master][INFO] 2025-12-04 21:21:29,523: +SUB [/clock] /spawn_model http://127.0.0.1:36943/
[rosmaster.master][INFO] 2025-12-04 21:21:29,535: +SERVICE [/spawn_model/get_loggers] /spawn_model http://127.0.0.1:36943/
[rosmaster.master][INFO] 2025-12-04 21:21:29,538: publisherUpdate[/rosout] -> http://127.0.0.1:46717/ ['http://127.0.0.1:34167/', 'http://127.0.0.1:34439/', 'http://127.0.0.1:35433/', 'http://127.0.0.1:45743/', 'http://127.0.0.1:40039/', 'http://127.0.0.1:43633/', 'http://127.0.0.1:43579/', 'http://127.0.0.1:46497/', 'http://127.0.0.1:39723/', 'http://127.0.0.1:36943/']
[rosmaster.master][INFO] 2025-12-04 21:21:29,541: publisherUpdate[/rosout] -> http://127.0.0.1:46717/ ['http://127.0.0.1:34167/', 'http://127.0.0.1:34439/', 'http://127.0.0.1:35433/', 'http://127.0.0.1:45743/', 'http://127.0.0.1:40039/', 'http://127.0.0.1:43633/', 'http://127.0.0.1:43579/', 'http://127.0.0.1:46497/', 'http://127.0.0.1:39723/', 'http://127.0.0.1:36943/']: sec=0.00, result=[1, '', 0]
[rosmaster.master][INFO] 2025-12-04 21:21:29,543: +SERVICE [/spawn_model/set_logger_level] /spawn_model http://127.0.0.1:36943/
[rosmaster.master][INFO] 2025-12-04 21:21:29,548: +CACHEDPARAM [/rosout_disable_topics_generation] by /spawn_model
[rosmaster.master][INFO] 2025-12-04 21:21:29,622: +CACHEDPARAM [/rosout_disable_topics_generation] by /spawn_model
[rosmaster.master][INFO] 2025-12-04 21:21:29,637: publisherUpdate[/mobile_base_controller/cmd_vel] -> http://127.0.0.1:45743/ ['http://127.0.0.1:40039/']: sec=0.12, result=[1, '', 0]
[rosmaster.master][INFO] 2025-12-04 21:21:29,678: +PUB [/rosout] /hand_grasping_action http://127.0.0.1:40773/
[rosmaster.master][INFO] 2025-12-04 21:21:29,684: +PUB [/rosout] /xtion/rgb/image_proc http://127.0.0.1:32955/
[rosmaster.master][INFO] 2025-12-04 21:21:29,686: +SERVICE [/xtion/rgb/image_proc/get_loggers] /xtion/rgb/image_proc http://127.0.0.1:32955/
[rosmaster.master][INFO] 2025-12-04 21:21:29,688: +SUB [/clock] /hand_grasping_action http://127.0.0.1:40773/
[rosmaster.master][INFO] 2025-12-04 21:21:29,689: +SERVICE [/xtion/rgb/image_proc/set_logger_level] /xtion/rgb/image_proc http://127.0.0.1:32955/
[rosmaster.master][INFO] 2025-12-04 21:21:29,693: +SERVICE [/hand_grasping_action/get_loggers] /hand_grasping_action http://127.0.0.1:40773/
[rosmaster.master][INFO] 2025-12-04 21:21:29,697: +SERVICE [/hand_grasping_action/set_logger_level] /hand_grasping_action http://127.0.0.1:40773/
[rosmaster.master][INFO] 2025-12-04 21:21:29,702: +SUB [/clock] /xtion/rgb/image_proc http://127.0.0.1:32955/
[rosmaster.master][INFO] 2025-12-04 21:21:29,731: +PUB [/rosout] /is_already_there http://127.0.0.1:34361/
[rosmaster.master][INFO] 2025-12-04 21:21:29,737: publisherUpdate[/rosout] -> http://127.0.0.1:46717/ ['http://127.0.0.1:34167/', 'http://127.0.0.1:34439/', 'http://127.0.0.1:35433/', 'http://127.0.0.1:45743/', 'http://127.0.0.1:40039/', 'http://127.0.0.1:43633/', 'http://127.0.0.1:43579/', 'http://127.0.0.1:46497/', 'http://127.0.0.1:39723/', 'http://127.0.0.1:36943/', 'http://127.0.0.1:40773/']
[rosmaster.master][INFO] 2025-12-04 21:21:29,739: publisherUpdate[/rosout] -> http://127.0.0.1:46717/ ['http://127.0.0.1:34167/', 'http://127.0.0.1:34439/', 'http://127.0.0.1:35433/', 'http://127.0.0.1:45743/', 'http://127.0.0.1:40039/', 'http://127.0.0.1:43633/', 'http://127.0.0.1:43579/', 'http://127.0.0.1:46497/', 'http://127.0.0.1:39723/', 'http://127.0.0.1:36943/', 'http://127.0.0.1:40773/']: sec=0.00, result=[1, '', 0]
[rosmaster.master][INFO] 2025-12-04 21:21:29,740: publisherUpdate[/rosout] -> http://127.0.0.1:46717/ ['http://127.0.0.1:34167/', 'http://127.0.0.1:34439/', 'http://127.0.0.1:35433/', 'http://127.0.0.1:45743/', 'http://127.0.0.1:40039/', 'http://127.0.0.1:43633/', 'http://127.0.0.1:43579/', 'http://127.0.0.1:46497/', 'http://127.0.0.1:39723/', 'http://127.0.0.1:36943/', 'http://127.0.0.1:40773/', 'http://127.0.0.1:32955/']
[rosmaster.master][INFO] 2025-12-04 21:21:29,742: +SUB [/clock] /is_already_there http://127.0.0.1:34361/
[rosmaster.master][INFO] 2025-12-04 21:21:29,743: publisherUpdate[/rosout] -> http://127.0.0.1:46717/ ['http://127.0.0.1:34167/', 'http://127.0.0.1:34439/', 'http://127.0.0.1:35433/', 'http://127.0.0.1:45743/', 'http://127.0.0.1:40039/', 'http://127.0.0.1:43633/', 'http://127.0.0.1:43579/', 'http://127.0.0.1:46497/', 'http://127.0.0.1:39723/', 'http://127.0.0.1:36943/', 'http://127.0.0.1:40773/', 'http://127.0.0.1:32955/']: sec=0.00, result=[1, '', 0]
[rosmaster.master][INFO] 2025-12-04 21:21:29,743: publisherUpdate[/rosout] -> http://127.0.0.1:46717/ ['http://127.0.0.1:34167/', 'http://127.0.0.1:34439/', 'http://127.0.0.1:35433/', 'http://127.0.0.1:45743/', 'http://127.0.0.1:40039/', 'http://127.0.0.1:43633/', 'http://127.0.0.1:43579/', 'http://127.0.0.1:46497/', 'http://127.0.0.1:39723/', 'http://127.0.0.1:36943/', 'http://127.0.0.1:40773/', 'http://127.0.0.1:32955/', 'http://127.0.0.1:34361/']
[rosmaster.master][INFO] 2025-12-04 21:21:29,746: +PUB [/hand_controller/follow_joint_trajectory/goal] /hand_grasping_action http://127.0.0.1:40773/
[rosmaster.master][INFO] 2025-12-04 21:21:29,746: publisherUpdate[/rosout] -> http://127.0.0.1:46717/ ['http://127.0.0.1:34167/', 'http://127.0.0.1:34439/', 'http://127.0.0.1:35433/', 'http://127.0.0.1:45743/', 'http://127.0.0.1:40039/', 'http://127.0.0.1:43633/', 'http://127.0.0.1:43579/', 'http://127.0.0.1:46497/', 'http://127.0.0.1:39723/', 'http://127.0.0.1:36943/', 'http://127.0.0.1:40773/', 'http://127.0.0.1:32955/', 'http://127.0.0.1:34361/']: sec=0.00, result=[1, '', 0]
[rosmaster.master][INFO] 2025-12-04 21:21:29,750: +PUB [/hand_controller/follow_joint_trajectory/cancel] /hand_grasping_action http://127.0.0.1:40773/
[rosmaster.master][INFO] 2025-12-04 21:21:29,752: +SERVICE [/is_already_there/get_loggers] /is_already_there http://127.0.0.1:34361/
[rosmaster.master][INFO] 2025-12-04 21:21:29,753: +SERVICE [/is_already_there/set_logger_level] /is_already_there http://127.0.0.1:34361/
[rosmaster.master][INFO] 2025-12-04 21:21:29,755: +SERVICE [/play_motion/is_already_there] /is_already_there http://127.0.0.1:34361/
[rosmaster.master][INFO] 2025-12-04 21:21:29,757: +SUB [/joint_states] /is_already_there http://127.0.0.1:34361/
[rosmaster.master][INFO] 2025-12-04 21:21:29,761: +SUB [/hand_controller/follow_joint_trajectory/status] /hand_grasping_action http://127.0.0.1:40773/
[rosmaster.master][INFO] 2025-12-04 21:21:29,765: +SUB [/hand_controller/follow_joint_trajectory/result] /hand_grasping_action http://127.0.0.1:40773/
[rosmaster.master][INFO] 2025-12-04 21:21:29,769: +SUB [/hand_controller/follow_joint_trajectory/feedback] /hand_grasping_action http://127.0.0.1:40773/
[rosmaster.master][INFO] 2025-12-04 21:21:29,772: +PUB [/hand_grasping_action/status] /hand_grasping_action http://127.0.0.1:40773/
[rosmaster.master][INFO] 2025-12-04 21:21:29,774: +PUB [/hand_grasping_action/result] /hand_grasping_action http://127.0.0.1:40773/
[rosmaster.master][INFO] 2025-12-04 21:21:29,776: +PUB [/hand_grasping_action/feedback] /hand_grasping_action http://127.0.0.1:40773/
[rosmaster.master][INFO] 2025-12-04 21:21:29,779: +SUB [/hand_grasping_action/goal] /hand_grasping_action http://127.0.0.1:40773/
[rosmaster.master][INFO] 2025-12-04 21:21:29,782: +SUB [/hand_grasping_action/cancel] /hand_grasping_action http://127.0.0.1:40773/
[rosmaster.master][INFO] 2025-12-04 21:21:29,795: +SUB [/joint_states] /hand_grasping_action http://127.0.0.1:40773/
[rosmaster.master][INFO] 2025-12-04 21:21:29,892: +PUB [/rosout] /dynamic_footprint_publisher http://127.0.0.1:46597/
[rosmaster.master][INFO] 2025-12-04 21:21:29,898: +SUB [/clock] /dynamic_footprint_publisher http://127.0.0.1:46597/
[rosmaster.master][INFO] 2025-12-04 21:21:29,903: +SERVICE [/dynamic_footprint_publisher/get_loggers] /dynamic_footprint_publisher http://127.0.0.1:46597/
[rosmaster.master][INFO] 2025-12-04 21:21:29,907: +SERVICE [/dynamic_footprint_publisher/set_logger_level] /dynamic_footprint_publisher http://127.0.0.1:46597/
[rosmaster.master][INFO] 2025-12-04 21:21:29,931: +PUB [/tf_stream/goal] /dynamic_footprint_publisher http://127.0.0.1:46597/
[rosmaster.master][INFO] 2025-12-04 21:21:29,935: +PUB [/tf_stream/cancel] /dynamic_footprint_publisher http://127.0.0.1:46597/
[rosmaster.master][INFO] 2025-12-04 21:21:29,939: +SERVICE [/xtion/rgb/image_proc_debayer/set_parameters] /xtion/rgb/image_proc http://127.0.0.1:32955/
[rosmaster.master][INFO] 2025-12-04 21:21:29,947: publisherUpdate[/rosout] -> http://127.0.0.1:46717/ ['http://127.0.0.1:34167/', 'http://127.0.0.1:34439/', 'http://127.0.0.1:35433/', 'http://127.0.0.1:45743/', 'http://127.0.0.1:40039/', 'http://127.0.0.1:43633/', 'http://127.0.0.1:43579/', 'http://127.0.0.1:46497/', 'http://127.0.0.1:39723/', 'http://127.0.0.1:36943/', 'http://127.0.0.1:40773/', 'http://127.0.0.1:32955/', 'http://127.0.0.1:34361/', 'http://127.0.0.1:46597/']
[rosmaster.master][INFO] 2025-12-04 21:21:29,948: publisherUpdate[/tf_stream/goal] -> http://127.0.0.1:35433/ ['http://127.0.0.1:46597/']
[rosmaster.master][INFO] 2025-12-04 21:21:29,949: +SUB [/tf_stream/status] /dynamic_footprint_publisher http://127.0.0.1:46597/
[rosmaster.master][INFO] 2025-12-04 21:21:29,951: +PUB [/xtion/rgb/image_proc_debayer/parameter_descriptions] /xtion/rgb/image_proc http://127.0.0.1:32955/
[rosmaster.master][INFO] 2025-12-04 21:21:29,956: publisherUpdate[/rosout] -> http://127.0.0.1:46717/ ['http://127.0.0.1:34167/', 'http://127.0.0.1:34439/', 'http://127.0.0.1:35433/', 'http://127.0.0.1:45743/', 'http://127.0.0.1:40039/', 'http://127.0.0.1:43633/', 'http://127.0.0.1:43579/', 'http://127.0.0.1:46497/', 'http://127.0.0.1:39723/', 'http://127.0.0.1:36943/', 'http://127.0.0.1:40773/', 'http://127.0.0.1:32955/', 'http://127.0.0.1:34361/', 'http://127.0.0.1:46597/']: sec=0.01, result=[1, '', 0]
[rosmaster.master][INFO] 2025-12-04 21:21:29,966: +PUB [/xtion/rgb/image_proc_debayer/parameter_updates] /xtion/rgb/image_proc http://127.0.0.1:32955/
[rosmaster.master][INFO] 2025-12-04 21:21:29,971: +SUB [/tf_stream/result] /dynamic_footprint_publisher http://127.0.0.1:46597/
[rosmaster.master][INFO] 2025-12-04 21:21:29,974: +PARAM [/xtion/rgb/image_proc_debayer/debayer] by /xtion/rgb/image_proc
[rosmaster.master][INFO] 2025-12-04 21:21:29,976: +PARAM [/xtion/rgb/image_proc_debayer/debayer] by /xtion/rgb/image_proc
[rosmaster.master][INFO] 2025-12-04 21:21:29,981: +SUB [/tf_stream/feedback] /dynamic_footprint_publisher http://127.0.0.1:46597/
[rosmaster.master][INFO] 2025-12-04 21:21:29,984: +PUB [/dynamic_footprint_publisher/footprint] /dynamic_footprint_publisher http://127.0.0.1:46597/
[rosmaster.master][INFO] 2025-12-04 21:21:29,987: +PUB [/dynamic_footprint_publisher/footprint_stamped] /dynamic_footprint_publisher http://127.0.0.1:46597/
[rosmaster.master][INFO] 2025-12-04 21:21:29,989: +PUB [/xtion/rgb/image_mono/compressedDepth] /xtion/rgb/image_proc http://127.0.0.1:32955/
[rosmaster.master][INFO] 2025-12-04 21:21:29,991: +SERVICE [/xtion/rgb/image_mono/compressedDepth/set_parameters] /xtion/rgb/image_proc http://127.0.0.1:32955/
[rosmaster.master][INFO] 2025-12-04 21:21:29,992: +SERVICE [/dynamic_footprint_publisher/change_params] /dynamic_footprint_publisher http://127.0.0.1:46597/
[rosmaster.master][INFO] 2025-12-04 21:21:29,993: +PUB [/xtion/rgb/image_mono/compressedDepth/parameter_descriptions] /xtion/rgb/image_proc http://127.0.0.1:32955/
[rosmaster.master][INFO] 2025-12-04 21:21:29,995: +CACHEDPARAM [/rosout_disable_topics_generation] by /dynamic_footprint_publisher
[rosmaster.master][INFO] 2025-12-04 21:21:29,997: +PUB [/xtion/rgb/image_mono/compressedDepth/parameter_updates] /xtion/rgb/image_proc http://127.0.0.1:32955/
[rosmaster.master][INFO] 2025-12-04 21:21:30,004: +PARAM [/xtion/rgb/image_mono/compressedDepth/format] by /xtion/rgb/image_proc
[rosmaster.master][INFO] 2025-12-04 21:21:30,007: +PARAM [/xtion/rgb/image_mono/compressedDepth/depth_max] by /xtion/rgb/image_proc
[rosmaster.master][INFO] 2025-12-04 21:21:30,008: +PARAM [/xtion/rgb/image_mono/compressedDepth/depth_quantization] by /xtion/rgb/image_proc
[rosmaster.master][INFO] 2025-12-04 21:21:30,010: +PARAM [/xtion/rgb/image_mono/compressedDepth/png_level] by /xtion/rgb/image_proc
[rosmaster.master][INFO] 2025-12-04 21:21:30,013: +PARAM [/xtion/rgb/image_mono/compressedDepth/format] by /xtion/rgb/image_proc
[rosmaster.master][INFO] 2025-12-04 21:21:30,015: +PARAM [/xtion/rgb/image_mono/compressedDepth/depth_max] by /xtion/rgb/image_proc
[rosmaster.master][INFO] 2025-12-04 21:21:30,019: +PARAM [/xtion/rgb/image_mono/compressedDepth/depth_quantization] by /xtion/rgb/image_proc
[rosmaster.master][INFO] 2025-12-04 21:21:30,021: +PARAM [/xtion/rgb/image_mono/compressedDepth/png_level] by /xtion/rgb/image_proc
[rosmaster.master][INFO] 2025-12-04 21:21:30,026: +PUB [/xtion/rgb/image_mono/compressed] /xtion/rgb/image_proc http://127.0.0.1:32955/
[rosmaster.master][INFO] 2025-12-04 21:21:30,027: +SERVICE [/xtion/rgb/image_mono/compressed/set_parameters] /xtion/rgb/image_proc http://127.0.0.1:32955/
[rosmaster.master][INFO] 2025-12-04 21:21:30,028: +PUB [/xtion/rgb/image_mono/compressed/parameter_descriptions] /xtion/rgb/image_proc http://127.0.0.1:32955/
[rosmaster.master][INFO] 2025-12-04 21:21:30,030: +PUB [/xtion/rgb/image_mono/compressed/parameter_updates] /xtion/rgb/image_proc http://127.0.0.1:32955/
[rosmaster.master][INFO] 2025-12-04 21:21:30,036: +PARAM [/xtion/rgb/image_mono/compressed/format] by /xtion/rgb/image_proc
[rosmaster.master][INFO] 2025-12-04 21:21:30,037: +PARAM [/xtion/rgb/image_mono/compressed/jpeg_quality] by /xtion/rgb/image_proc
[rosmaster.master][INFO] 2025-12-04 21:21:30,039: +PARAM [/xtion/rgb/image_mono/compressed/jpeg_progressive] by /xtion/rgb/image_proc
[rosmaster.master][INFO] 2025-12-04 21:21:30,040: +PARAM [/xtion/rgb/image_mono/compressed/jpeg_optimize] by /xtion/rgb/image_proc
[rosmaster.master][INFO] 2025-12-04 21:21:30,042: +PARAM [/xtion/rgb/image_mono/compressed/jpeg_restart_interval] by /xtion/rgb/image_proc
[rosmaster.master][INFO] 2025-12-04 21:21:30,044: +PARAM [/xtion/rgb/image_mono/compressed/png_level] by /xtion/rgb/image_proc
[rosmaster.master][INFO] 2025-12-04 21:21:30,045: +PARAM [/xtion/rgb/image_mono/compressed/format] by /xtion/rgb/image_proc
[rosmaster.master][INFO] 2025-12-04 21:21:30,047: +PARAM [/xtion/rgb/image_mono/compressed/jpeg_quality] by /xtion/rgb/image_proc
[rosmaster.master][INFO] 2025-12-04 21:21:30,049: +PARAM [/xtion/rgb/image_mono/compressed/jpeg_progressive] by /xtion/rgb/image_proc
[rosmaster.master][INFO] 2025-12-04 21:21:30,051: +PARAM [/xtion/rgb/image_mono/compressed/jpeg_optimize] by /xtion/rgb/image_proc
[rosmaster.master][INFO] 2025-12-04 21:21:30,053: +PARAM [/xtion/rgb/image_mono/compressed/jpeg_restart_interval] by /xtion/rgb/image_proc
[rosmaster.master][INFO] 2025-12-04 21:21:30,055: +PARAM [/xtion/rgb/image_mono/compressed/png_level] by /xtion/rgb/image_proc
[rosmaster.master][INFO] 2025-12-04 21:21:30,059: +PUB [/xtion/rgb/image_mono] /xtion/rgb/image_proc http://127.0.0.1:32955/
[rosmaster.master][INFO] 2025-12-04 21:21:30,076: publisherUpdate[/tf_stream/goal] -> http://127.0.0.1:35433/ ['http://127.0.0.1:46597/']: sec=0.13, result=[1, '', 0]
[rosmaster.master][INFO] 2025-12-04 21:21:30,076: publisherUpdate[/tf_stream/cancel] -> http://127.0.0.1:35433/ ['http://127.0.0.1:46597/']
[rosmaster.master][INFO] 2025-12-04 21:21:30,133: +PUB [/xtion/rgb/image_mono/theora] /xtion/rgb/image_proc http://127.0.0.1:32955/
[rosmaster.master][INFO] 2025-12-04 21:21:30,136: +SERVICE [/xtion/rgb/image_mono/theora/set_parameters] /xtion/rgb/image_proc http://127.0.0.1:32955/
[rosmaster.master][INFO] 2025-12-04 21:21:30,139: +PUB [/rosout] /joystick_relay http://127.0.0.1:33039/
[rosmaster.master][INFO] 2025-12-04 21:21:30,142: +PUB [/xtion/rgb/image_mono/theora/parameter_descriptions] /xtion/rgb/image_proc http://127.0.0.1:32955/
[rosmaster.master][INFO] 2025-12-04 21:21:30,148: +PUB [/xtion/rgb/image_mono/theora/parameter_updates] /xtion/rgb/image_proc http://127.0.0.1:32955/
[rosmaster.master][INFO] 2025-12-04 21:21:30,157: +SUB [/clock] /joystick_relay http://127.0.0.1:33039/
[rosmaster.master][INFO] 2025-12-04 21:21:30,161: publisherUpdate[/rosout] -> http://127.0.0.1:46717/ ['http://127.0.0.1:34167/', 'http://127.0.0.1:34439/', 'http://127.0.0.1:35433/', 'http://127.0.0.1:45743/', 'http://127.0.0.1:40039/', 'http://127.0.0.1:43633/', 'http://127.0.0.1:43579/', 'http://127.0.0.1:46497/', 'http://127.0.0.1:39723/', 'http://127.0.0.1:36943/', 'http://127.0.0.1:40773/', 'http://127.0.0.1:32955/', 'http://127.0.0.1:34361/', 'http://127.0.0.1:46597/', 'http://127.0.0.1:33039/']
[rosmaster.master][INFO] 2025-12-04 21:21:30,169: publisherUpdate[/rosout] -> http://127.0.0.1:46717/ ['http://127.0.0.1:34167/', 'http://127.0.0.1:34439/', 'http://127.0.0.1:35433/', 'http://127.0.0.1:45743/', 'http://127.0.0.1:40039/', 'http://127.0.0.1:43633/', 'http://127.0.0.1:43579/', 'http://127.0.0.1:46497/', 'http://127.0.0.1:39723/', 'http://127.0.0.1:36943/', 'http://127.0.0.1:40773/', 'http://127.0.0.1:32955/', 'http://127.0.0.1:34361/', 'http://127.0.0.1:46597/', 'http://127.0.0.1:33039/']: sec=0.00, result=[1, '', 0]
[rosmaster.master][INFO] 2025-12-04 21:21:30,176: +PARAM [/xtion/rgb/image_mono/theora/optimize_for] by /xtion/rgb/image_proc
[rosmaster.master][INFO] 2025-12-04 21:21:30,178: +SERVICE [/joystick_relay/get_loggers] /joystick_relay http://127.0.0.1:33039/
[rosmaster.master][INFO] 2025-12-04 21:21:30,181: +PARAM [/xtion/rgb/image_mono/theora/target_bitrate] by /xtion/rgb/image_proc
[rosmaster.master][INFO] 2025-12-04 21:21:30,181: +SERVICE [/joystick_relay/set_logger_level] /joystick_relay http://127.0.0.1:33039/
[rosmaster.master][INFO] 2025-12-04 21:21:30,184: +PARAM [/xtion/rgb/image_mono/theora/quality] by /xtion/rgb/image_proc
[rosmaster.master][INFO] 2025-12-04 21:21:30,189: +PARAM [/xtion/rgb/image_mono/theora/keyframe_frequency] by /xtion/rgb/image_proc
[rosmaster.master][INFO] 2025-12-04 21:21:30,193: +PARAM [/xtion/rgb/image_mono/theora/optimize_for] by /xtion/rgb/image_proc
[rosmaster.master][INFO] 2025-12-04 21:21:30,197: +PARAM [/xtion/rgb/image_mono/theora/target_bitrate] by /xtion/rgb/image_proc
[rosmaster.master][INFO] 2025-12-04 21:21:30,200: +PARAM [/xtion/rgb/image_mono/theora/quality] by /xtion/rgb/image_proc
[rosmaster.master][INFO] 2025-12-04 21:21:30,203: +PARAM [/xtion/rgb/image_mono/theora/keyframe_frequency] by /xtion/rgb/image_proc
[rosmaster.master][INFO] 2025-12-04 21:21:30,211: +PUB [/xtion/rgb/image_color/compressedDepth] /xtion/rgb/image_proc http://127.0.0.1:32955/
[rosmaster.master][INFO] 2025-12-04 21:21:30,212: publisherUpdate[/tf_stream/cancel] -> http://127.0.0.1:35433/ ['http://127.0.0.1:46597/']: sec=0.13, result=[1, '', 0]
[rosmaster.master][INFO] 2025-12-04 21:21:30,214: +SERVICE [/xtion/rgb/image_color/compressedDepth/set_parameters] /xtion/rgb/image_proc http://127.0.0.1:32955/
[rosmaster.master][INFO] 2025-12-04 21:21:30,216: +PUB [/xtion/rgb/image_color/compressedDepth/parameter_descriptions] /xtion/rgb/image_proc http://127.0.0.1:32955/
[rosmaster.master][INFO] 2025-12-04 21:21:30,220: +PUB [/xtion/rgb/image_color/compressedDepth/parameter_updates] /xtion/rgb/image_proc http://127.0.0.1:32955/
[rosmaster.master][INFO] 2025-12-04 21:21:30,231: +PUB [/text_marker] /joystick_relay http://127.0.0.1:33039/
[rosmaster.master][INFO] 2025-12-04 21:21:30,241: +PARAM [/xtion/rgb/image_color/compressedDepth/format] by /xtion/rgb/image_proc
[rosmaster.master][INFO] 2025-12-04 21:21:30,242: +PARAM [/xtion/rgb/image_color/compressedDepth/depth_max] by /xtion/rgb/image_proc
[rosmaster.master][INFO] 2025-12-04 21:21:30,242: +PUB [/joy_vel] /joystick_relay http://127.0.0.1:33039/
[rosmaster.master][INFO] 2025-12-04 21:21:30,245: +PARAM [/xtion/rgb/image_color/compressedDepth/depth_quantization] by /xtion/rgb/image_proc
[rosmaster.master][INFO] 2025-12-04 21:21:30,248: +PARAM [/xtion/rgb/image_color/compressedDepth/png_level] by /xtion/rgb/image_proc
[rosmaster.master][INFO] 2025-12-04 21:21:30,250: +PARAM [/xtion/rgb/image_color/compressedDepth/format] by /xtion/rgb/image_proc
[rosmaster.master][INFO] 2025-12-04 21:21:30,288: publisherUpdate[/joy_vel] -> http://127.0.0.1:40039/ ['http://127.0.0.1:33039/']
[rosmaster.master][INFO] 2025-12-04 21:21:30,289: +SUB [/input_joy/cmd_vel] /joystick_relay http://127.0.0.1:33039/
[rosmaster.master][INFO] 2025-12-04 21:21:30,298: +PARAM [/xtion/rgb/image_color/compressedDepth/depth_max] by /xtion/rgb/image_proc
[rosmaster.master][INFO] 2025-12-04 21:21:30,354: +PARAM [/xtion/rgb/image_color/compressedDepth/depth_quantization] by /xtion/rgb/image_proc
[rosmaster.master][INFO] 2025-12-04 21:21:30,356: +PUB [/joy_priority] /joystick_relay http://127.0.0.1:33039/
[rosmaster.master][INFO] 2025-12-04 21:21:30,358: publisherUpdate[/joy_vel] -> http://127.0.0.1:40039/ ['http://127.0.0.1:33039/']: sec=0.07, result=[1, '', 0]
[rosmaster.master][INFO] 2025-12-04 21:21:30,369: publisherUpdate[/joy_priority] -> http://127.0.0.1:40039/ ['http://127.0.0.1:33039/']
[rosmaster.master][INFO] 2025-12-04 21:21:30,369: +PARAM [/xtion/rgb/image_color/compressedDepth/png_level] by /xtion/rgb/image_proc
[rosmaster.master][INFO] 2025-12-04 21:21:30,362: +PUB [/rosout] /tuck_arm http://127.0.0.1:34859/
[rosmaster.master][INFO] 2025-12-04 21:21:30,373: +PUB [/xtion/rgb/image_color/compressed] /xtion/rgb/image_proc http://127.0.0.1:32955/
[rosmaster.master][INFO] 2025-12-04 21:21:30,374: +PUB [/joy_priority_action/status] /joystick_relay http://127.0.0.1:33039/
[rosmaster.master][INFO] 2025-12-04 21:21:30,375: publisherUpdate[/joy_priority] -> http://127.0.0.1:40039/ ['http://127.0.0.1:33039/']: sec=0.01, result=[1, '', 0]
[rosmaster.master][INFO] 2025-12-04 21:21:30,375: publisherUpdate[/rosout] -> http://127.0.0.1:46717/ ['http://127.0.0.1:34167/', 'http://127.0.0.1:34439/', 'http://127.0.0.1:35433/', 'http://127.0.0.1:45743/', 'http://127.0.0.1:40039/', 'http://127.0.0.1:43633/', 'http://127.0.0.1:43579/', 'http://127.0.0.1:46497/', 'http://127.0.0.1:39723/', 'http://127.0.0.1:36943/', 'http://127.0.0.1:40773/', 'http://127.0.0.1:32955/', 'http://127.0.0.1:34361/', 'http://127.0.0.1:46597/', 'http://127.0.0.1:33039/', 'http://127.0.0.1:34859/']
[rosmaster.master][INFO] 2025-12-04 21:21:30,380: +SUB [/clock] /tuck_arm http://127.0.0.1:34859/
[rosmaster.master][INFO] 2025-12-04 21:21:30,385: +PUB [/joy_priority_action/result] /joystick_relay http://127.0.0.1:33039/
[rosmaster.master][INFO] 2025-12-04 21:21:30,385: +SERVICE [/xtion/rgb/image_color/compressed/set_parameters] /xtion/rgb/image_proc http://127.0.0.1:32955/
[rosmaster.master][INFO] 2025-12-04 21:21:30,381: publisherUpdate[/rosout] -> http://127.0.0.1:46717/ ['http://127.0.0.1:34167/', 'http://127.0.0.1:34439/', 'http://127.0.0.1:35433/', 'http://127.0.0.1:45743/', 'http://127.0.0.1:40039/', 'http://127.0.0.1:43633/', 'http://127.0.0.1:43579/', 'http://127.0.0.1:46497/', 'http://127.0.0.1:39723/', 'http://127.0.0.1:36943/', 'http://127.0.0.1:40773/', 'http://127.0.0.1:32955/', 'http://127.0.0.1:34361/', 'http://127.0.0.1:46597/', 'http://127.0.0.1:33039/', 'http://127.0.0.1:34859/']: sec=0.01, result=[1, '', 0]
[rosmaster.master][INFO] 2025-12-04 21:21:30,387: +PUB [/xtion/rgb/image_color/compressed/parameter_descriptions] /xtion/rgb/image_proc http://127.0.0.1:32955/
[rosmaster.master][INFO] 2025-12-04 21:21:30,388: +PUB [/joy_priority_action/feedback] /joystick_relay http://127.0.0.1:33039/
[rosmaster.master][INFO] 2025-12-04 21:21:30,389: +PUB [/xtion/rgb/image_color/compressed/parameter_updates] /xtion/rgb/image_proc http://127.0.0.1:32955/
[rosmaster.master][INFO] 2025-12-04 21:21:30,393: +SERVICE [/tuck_arm/get_loggers] /tuck_arm http://127.0.0.1:34859/
[rosmaster.master][INFO] 2025-12-04 21:21:30,397: +SUB [/joy_priority_action/goal] /joystick_relay http://127.0.0.1:33039/
[rosmaster.master][INFO] 2025-12-04 21:21:30,400: +SERVICE [/tuck_arm/set_logger_level] /tuck_arm http://127.0.0.1:34859/
[rosmaster.master][INFO] 2025-12-04 21:21:30,404: +CACHEDPARAM [/rosout_disable_topics_generation] by /tuck_arm
[rosmaster.master][INFO] 2025-12-04 21:21:30,406: +SUB [/joy_priority_action/cancel] /joystick_relay http://127.0.0.1:33039/
[rosmaster.master][INFO] 2025-12-04 21:21:30,408: +PARAM [/xtion/rgb/image_color/compressed/format] by /xtion/rgb/image_proc
[rosmaster.master][INFO] 2025-12-04 21:21:30,410: +PARAM [/xtion/rgb/image_color/compressed/jpeg_quality] by /xtion/rgb/image_proc
[rosmaster.master][INFO] 2025-12-04 21:21:30,412: +PUB [/play_motion/goal] /tuck_arm http://127.0.0.1:34859/
[rosmaster.master][INFO] 2025-12-04 21:21:30,416: +PARAM [/xtion/rgb/image_color/compressed/jpeg_progressive] by /xtion/rgb/image_proc
[rosmaster.master][INFO] 2025-12-04 21:21:30,419: +PARAM [/xtion/rgb/image_color/compressed/jpeg_optimize] by /xtion/rgb/image_proc
[rosmaster.master][INFO] 2025-12-04 21:21:30,420: +PUB [/joy_turbo_increase/status] /joystick_relay http://127.0.0.1:33039/
[rosmaster.master][INFO] 2025-12-04 21:21:30,424: +PUB [/play_motion/cancel] /tuck_arm http://127.0.0.1:34859/
[rosmaster.master][INFO] 2025-12-04 21:21:30,424: +PARAM [/xtion/rgb/image_color/compressed/jpeg_restart_interval] by /xtion/rgb/image_proc
[rosmaster.master][INFO] 2025-12-04 21:21:30,429: +PUB [/joy_turbo_increase/result] /joystick_relay http://127.0.0.1:33039/
[rosmaster.master][INFO] 2025-12-04 21:21:30,430: +PARAM [/xtion/rgb/image_color/compressed/png_level] by /xtion/rgb/image_proc
[rosmaster.master][INFO] 2025-12-04 21:21:30,437: +PARAM [/xtion/rgb/image_color/compressed/format] by /xtion/rgb/image_proc
[rosmaster.master][INFO] 2025-12-04 21:21:30,435: +PUB [/joy_turbo_increase/feedback] /joystick_relay http://127.0.0.1:33039/
[rosmaster.master][INFO] 2025-12-04 21:21:30,439: +PARAM [/xtion/rgb/image_color/compressed/jpeg_quality] by /xtion/rgb/image_proc
[rosmaster.master][INFO] 2025-12-04 21:21:30,441: +PARAM [/xtion/rgb/image_color/compressed/jpeg_progressive] by /xtion/rgb/image_proc
[rosmaster.master][INFO] 2025-12-04 21:21:30,442: +SUB [/play_motion/status] /tuck_arm http://127.0.0.1:34859/
[rosmaster.master][INFO] 2025-12-04 21:21:30,443: +PARAM [/xtion/rgb/image_color/compressed/jpeg_optimize] by /xtion/rgb/image_proc
[rosmaster.master][INFO] 2025-12-04 21:21:30,448: +PARAM [/xtion/rgb/image_color/compressed/jpeg_restart_interval] by /xtion/rgb/image_proc
[rosmaster.master][INFO] 2025-12-04 21:21:30,449: +PARAM [/xtion/rgb/image_color/compressed/png_level] by /xtion/rgb/image_proc
[rosmaster.master][INFO] 2025-12-04 21:21:30,449: +SUB [/joy_turbo_increase/goal] /joystick_relay http://127.0.0.1:33039/
[rosmaster.master][INFO] 2025-12-04 21:21:30,452: +SUB [/play_motion/result] /tuck_arm http://127.0.0.1:34859/
[rosmaster.master][INFO] 2025-12-04 21:21:30,455: +SUB [/joy_turbo_increase/cancel] /joystick_relay http://127.0.0.1:33039/
[rosmaster.master][INFO] 2025-12-04 21:21:30,456: +PUB [/xtion/rgb/image_color] /xtion/rgb/image_proc http://127.0.0.1:32955/
[rosmaster.master][INFO] 2025-12-04 21:21:30,460: +SUB [/play_motion/feedback] /tuck_arm http://127.0.0.1:34859/
[rosmaster.master][INFO] 2025-12-04 21:21:30,463: +PUB [/xtion/rgb/image_color/theora] /xtion/rgb/image_proc http://127.0.0.1:32955/
[rosmaster.master][INFO] 2025-12-04 21:21:30,465: +SERVICE [/xtion/rgb/image_color/theora/set_parameters] /xtion/rgb/image_proc http://127.0.0.1:32955/
[rosmaster.master][INFO] 2025-12-04 21:21:30,466: +PUB [/xtion/rgb/image_color/theora/parameter_descriptions] /xtion/rgb/image_proc http://127.0.0.1:32955/
[rosmaster.master][INFO] 2025-12-04 21:21:30,470: +PUB [/joy_turbo_decrease/status] /joystick_relay http://127.0.0.1:33039/
[rosmaster.master][INFO] 2025-12-04 21:21:30,474: +PUB [/xtion/rgb/image_color/theora/parameter_updates] /xtion/rgb/image_proc http://127.0.0.1:32955/
[rosmaster.master][INFO] 2025-12-04 21:21:30,475: +PUB [/joy_turbo_decrease/result] /joystick_relay http://127.0.0.1:33039/
[rosmaster.master][INFO] 2025-12-04 21:21:30,478: +PUB [/joy_turbo_decrease/feedback] /joystick_relay http://127.0.0.1:33039/
[rosmaster.master][INFO] 2025-12-04 21:21:30,484: +SUB [/joy_turbo_decrease/goal] /joystick_relay http://127.0.0.1:33039/
[rosmaster.master][INFO] 2025-12-04 21:21:30,491: +SUB [/joy_turbo_decrease/cancel] /joystick_relay http://127.0.0.1:33039/
[rosmaster.master][INFO] 2025-12-04 21:21:30,496: +PARAM [/xtion/rgb/image_color/theora/optimize_for] by /xtion/rgb/image_proc
[rosmaster.master][INFO] 2025-12-04 21:21:30,499: +PARAM [/xtion/rgb/image_color/theora/target_bitrate] by /xtion/rgb/image_proc
[rosmaster.master][INFO] 2025-12-04 21:21:30,504: +PARAM [/xtion/rgb/image_color/theora/quality] by /xtion/rgb/image_proc
[rosmaster.master][INFO] 2025-12-04 21:21:30,506: +PARAM [/xtion/rgb/image_color/theora/keyframe_frequency] by /xtion/rgb/image_proc
[rosmaster.master][INFO] 2025-12-04 21:21:30,508: +PARAM [/xtion/rgb/image_color/theora/optimize_for] by /xtion/rgb/image_proc
[rosmaster.master][INFO] 2025-12-04 21:21:30,510: +PUB [/joy_turbo_angular_increase/status] /joystick_relay http://127.0.0.1:33039/
[rosmaster.master][INFO] 2025-12-04 21:21:30,512: +PARAM [/xtion/rgb/image_color/theora/target_bitrate] by /xtion/rgb/image_proc
[rosmaster.master][INFO] 2025-12-04 21:21:30,513: +PUB [/joy_turbo_angular_increase/result] /joystick_relay http://127.0.0.1:33039/
[rosmaster.master][INFO] 2025-12-04 21:21:30,513: +PARAM [/xtion/rgb/image_color/theora/quality] by /xtion/rgb/image_proc
[rosmaster.master][INFO] 2025-12-04 21:21:30,515: +PUB [/joy_turbo_angular_increase/feedback] /joystick_relay http://127.0.0.1:33039/
[rosmaster.master][INFO] 2025-12-04 21:21:30,517: +PARAM [/xtion/rgb/image_color/theora/keyframe_frequency] by /xtion/rgb/image_proc
[rosmaster.master][INFO] 2025-12-04 21:21:30,523: +SUB [/joy_turbo_angular_increase/goal] /joystick_relay http://127.0.0.1:33039/
[rosmaster.master][INFO] 2025-12-04 21:21:30,524: +SERVICE [/xtion/rgb/image_proc_rectify_mono/set_parameters] /xtion/rgb/image_proc http://127.0.0.1:32955/
[rosmaster.master][INFO] 2025-12-04 21:21:30,526: +PUB [/xtion/rgb/image_proc_rectify_mono/parameter_descriptions] /xtion/rgb/image_proc http://127.0.0.1:32955/
[rosmaster.master][INFO] 2025-12-04 21:21:30,528: +SUB [/joy_turbo_angular_increase/cancel] /joystick_relay http://127.0.0.1:33039/
[rosmaster.master][INFO] 2025-12-04 21:21:30,528: +PUB [/xtion/rgb/image_proc_rectify_mono/parameter_updates] /xtion/rgb/image_proc http://127.0.0.1:32955/
[rosmaster.master][INFO] 2025-12-04 21:21:30,531: +PARAM [/xtion/rgb/image_proc_rectify_mono/interpolation] by /xtion/rgb/image_proc
[rosmaster.master][INFO] 2025-12-04 21:21:30,535: +PARAM [/xtion/rgb/image_proc_rectify_mono/interpolation] by /xtion/rgb/image_proc
[rosmaster.master][INFO] 2025-12-04 21:21:30,538: +PUB [/xtion/rgb/image_rect/compressedDepth] /xtion/rgb/image_proc http://127.0.0.1:32955/
[rosmaster.master][INFO] 2025-12-04 21:21:30,541: +SERVICE [/xtion/rgb/image_rect/compressedDepth/set_parameters] /xtion/rgb/image_proc http://127.0.0.1:32955/
[rosmaster.master][INFO] 2025-12-04 21:21:30,543: +PUB [/joy_turbo_angular_decrease/status] /joystick_relay http://127.0.0.1:33039/
[rosmaster.master][INFO] 2025-12-04 21:21:30,545: +PUB [/joy_turbo_angular_decrease/result] /joystick_relay http://127.0.0.1:33039/
[rosmaster.master][INFO] 2025-12-04 21:21:30,546: +PUB [/xtion/rgb/image_rect/compressedDepth/parameter_descriptions] /xtion/rgb/image_proc http://127.0.0.1:32955/
[rosmaster.master][INFO] 2025-12-04 21:21:30,548: +PUB [/joy_turbo_angular_decrease/feedback] /joystick_relay http://127.0.0.1:33039/
[rosmaster.master][INFO] 2025-12-04 21:21:30,549: +PUB [/xtion/rgb/image_rect/compressedDepth/parameter_updates] /xtion/rgb/image_proc http://127.0.0.1:32955/
[rosmaster.master][INFO] 2025-12-04 21:21:30,554: +SUB [/joy_turbo_angular_decrease/goal] /joystick_relay http://127.0.0.1:33039/
[rosmaster.master][INFO] 2025-12-04 21:21:30,557: +PARAM [/xtion/rgb/image_rect/compressedDepth/format] by /xtion/rgb/image_proc
[rosmaster.master][INFO] 2025-12-04 21:21:30,558: +SUB [/joy_turbo_angular_decrease/cancel] /joystick_relay http://127.0.0.1:33039/
[rosmaster.master][INFO] 2025-12-04 21:21:30,559: +PARAM [/xtion/rgb/image_rect/compressedDepth/depth_max] by /xtion/rgb/image_proc
[rosmaster.master][INFO] 2025-12-04 21:21:30,561: +PARAM [/xtion/rgb/image_rect/compressedDepth/depth_quantization] by /xtion/rgb/image_proc
[rosmaster.master][INFO] 2025-12-04 21:21:30,563: +PARAM [/xtion/rgb/image_rect/compressedDepth/png_level] by /xtion/rgb/image_proc
[rosmaster.master][INFO] 2025-12-04 21:21:30,564: +PARAM [/xtion/rgb/image_rect/compressedDepth/format] by /xtion/rgb/image_proc
[rosmaster.master][INFO] 2025-12-04 21:21:30,566: +PARAM [/xtion/rgb/image_rect/compressedDepth/depth_max] by /xtion/rgb/image_proc
[rosmaster.master][INFO] 2025-12-04 21:21:30,566: +PUB [/joy_turbo_reset/status] /joystick_relay http://127.0.0.1:33039/
[rosmaster.master][INFO] 2025-12-04 21:21:30,567: +PARAM [/xtion/rgb/image_rect/compressedDepth/depth_quantization] by /xtion/rgb/image_proc
[rosmaster.master][INFO] 2025-12-04 21:21:30,568: +PARAM [/xtion/rgb/image_rect/compressedDepth/png_level] by /xtion/rgb/image_proc
[rosmaster.master][INFO] 2025-12-04 21:21:30,569: +PUB [/joy_turbo_reset/result] /joystick_relay http://127.0.0.1:33039/
[rosmaster.master][INFO] 2025-12-04 21:21:30,570: +PUB [/xtion/rgb/image_rect/compressed] /xtion/rgb/image_proc http://127.0.0.1:32955/
[rosmaster.master][INFO] 2025-12-04 21:21:30,571: +SERVICE [/xtion/rgb/image_rect/compressed/set_parameters] /xtion/rgb/image_proc http://127.0.0.1:32955/
[rosmaster.master][INFO] 2025-12-04 21:21:30,572: +PUB [/joy_turbo_reset/feedback] /joystick_relay http://127.0.0.1:33039/
[rosmaster.master][INFO] 2025-12-04 21:21:30,572: +PUB [/xtion/rgb/image_rect/compressed/parameter_descriptions] /xtion/rgb/image_proc http://127.0.0.1:32955/
[rosmaster.master][INFO] 2025-12-04 21:21:30,574: +PUB [/xtion/rgb/image_rect/compressed/parameter_updates] /xtion/rgb/image_proc http://127.0.0.1:32955/
[rosmaster.master][INFO] 2025-12-04 21:21:30,579: +SUB [/joy_turbo_reset/goal] /joystick_relay http://127.0.0.1:33039/
[rosmaster.master][INFO] 2025-12-04 21:21:30,582: +PARAM [/xtion/rgb/image_rect/compressed/format] by /xtion/rgb/image_proc
[rosmaster.master][INFO] 2025-12-04 21:21:30,583: +PARAM [/xtion/rgb/image_rect/compressed/jpeg_quality] by /xtion/rgb/image_proc
[rosmaster.master][INFO] 2025-12-04 21:21:30,585: +PARAM [/xtion/rgb/image_rect/compressed/jpeg_progressive] by /xtion/rgb/image_proc
[rosmaster.master][INFO] 2025-12-04 21:21:30,586: +SUB [/joy_turbo_reset/cancel] /joystick_relay http://127.0.0.1:33039/
[rosmaster.master][INFO] 2025-12-04 21:21:30,587: +PARAM [/xtion/rgb/image_rect/compressed/jpeg_optimize] by /xtion/rgb/image_proc
[rosmaster.master][INFO] 2025-12-04 21:21:30,589: +SERVICE [/move_group/planning_scene_monitor/set_parameters] /move_group http://127.0.0.1:43579/
[rosmaster.master][INFO] 2025-12-04 21:21:30,590: +PARAM [/xtion/rgb/image_rect/compressed/jpeg_restart_interval] by /xtion/rgb/image_proc
[rosmaster.master][INFO] 2025-12-04 21:21:30,596: +PARAM [/xtion/rgb/image_rect/compressed/png_level] by /xtion/rgb/image_proc
[rosmaster.master][INFO] 2025-12-04 21:21:30,597: +PUB [/move_group/planning_scene_monitor/parameter_descriptions] /move_group http://127.0.0.1:43579/
[rosmaster.master][INFO] 2025-12-04 21:21:30,599: +PARAM [/xtion/rgb/image_rect/compressed/format] by /xtion/rgb/image_proc
[rosmaster.master][INFO] 2025-12-04 21:21:30,602: +PARAM [/xtion/rgb/image_rect/compressed/jpeg_quality] by /xtion/rgb/image_proc
[rosmaster.master][INFO] 2025-12-04 21:21:30,603: +PUB [/move_group/planning_scene_monitor/parameter_updates] /move_group http://127.0.0.1:43579/
[rosmaster.master][INFO] 2025-12-04 21:21:30,605: +PARAM [/xtion/rgb/image_rect/compressed/jpeg_progressive] by /xtion/rgb/image_proc
[rosmaster.master][INFO] 2025-12-04 21:21:30,607: +PARAM [/xtion/rgb/image_rect/compressed/jpeg_optimize] by /xtion/rgb/image_proc
[rosmaster.master][INFO] 2025-12-04 21:21:30,609: +PARAM [/xtion/rgb/image_rect/compressed/jpeg_restart_interval] by /xtion/rgb/image_proc
[rosmaster.master][INFO] 2025-12-04 21:21:30,611: +PARAM [/xtion/rgb/image_rect/compressed/png_level] by /xtion/rgb/image_proc
[rosmaster.master][INFO] 2025-12-04 21:21:30,612: +PUB [/rosout] /default_controllers_spawner http://127.0.0.1:42907/
[rosmaster.master][INFO] 2025-12-04 21:21:30,613: +PARAM [/move_group/planning_scene_monitor/publish_planning_scene] by /move_group
[rosmaster.master][INFO] 2025-12-04 21:21:30,615: +PUB [/xtion/rgb/image_rect] /xtion/rgb/image_proc http://127.0.0.1:32955/
[rosmaster.master][INFO] 2025-12-04 21:21:30,617: +PARAM [/move_group/planning_scene_monitor/publish_planning_scene_hz] by /move_group
[rosmaster.master][INFO] 2025-12-04 21:21:30,617: +PUB [/xtion/rgb/image_rect/theora] /xtion/rgb/image_proc http://127.0.0.1:32955/
[rosmaster.master][INFO] 2025-12-04 21:21:30,619: +PARAM [/move_group/planning_scene_monitor/publish_geometry_updates] by /move_group
[rosmaster.master][INFO] 2025-12-04 21:21:30,620: +SERVICE [/xtion/rgb/image_rect/theora/set_parameters] /xtion/rgb/image_proc http://127.0.0.1:32955/
[rosmaster.master][INFO] 2025-12-04 21:21:30,623: +SUB [/clock] /default_controllers_spawner http://127.0.0.1:42907/
[rosmaster.master][INFO] 2025-12-04 21:21:30,625: +PARAM [/move_group/planning_scene_monitor/publish_state_updates] by /move_group
[rosmaster.master][INFO] 2025-12-04 21:21:30,625: +PUB [/xtion/rgb/image_rect/theora/parameter_descriptions] /xtion/rgb/image_proc http://127.0.0.1:32955/
[rosmaster.master][INFO] 2025-12-04 21:21:30,627: +PARAM [/move_group/planning_scene_monitor/publish_transforms_updates] by /move_group
[rosmaster.master][INFO] 2025-12-04 21:21:30,629: +SERVICE [/default_controllers_spawner/get_loggers] /default_controllers_spawner http://127.0.0.1:42907/
[rosmaster.master][INFO] 2025-12-04 21:21:30,630: +PUB [/xtion/rgb/image_rect/theora/parameter_updates] /xtion/rgb/image_proc http://127.0.0.1:32955/
[rosmaster.master][INFO] 2025-12-04 21:21:30,631: +PUB [/move_group/monitored_planning_scene] /move_group http://127.0.0.1:43579/
[rosmaster.master][INFO] 2025-12-04 21:21:30,632: +SERVICE [/default_controllers_spawner/set_logger_level] /default_controllers_spawner http://127.0.0.1:42907/
[rosmaster.master][INFO] 2025-12-04 21:21:30,633: +PARAM [/move_group/planning_scene_monitor/publish_planning_scene] by /move_group
[rosmaster.master][INFO] 2025-12-04 21:21:30,634: +CACHEDPARAM [/rosout_disable_topics_generation] by /default_controllers_spawner
[rosmaster.master][INFO] 2025-12-04 21:21:30,635: +PARAM [/move_group/planning_scene_monitor/publish_planning_scene_hz] by /move_group
[rosmaster.master][INFO] 2025-12-04 21:21:30,638: +PARAM [/xtion/rgb/image_rect/theora/optimize_for] by /xtion/rgb/image_proc
[rosmaster.master][INFO] 2025-12-04 21:21:30,640: +PARAM [/move_group/planning_scene_monitor/publish_geometry_updates] by /move_group
[rosmaster.master][INFO] 2025-12-04 21:21:30,642: +PARAM [/xtion/rgb/image_rect/theora/target_bitrate] by /xtion/rgb/image_proc
[rosmaster.master][INFO] 2025-12-04 21:21:30,643: +PARAM [/move_group/planning_scene_monitor/publish_state_updates] by /move_group
[rosmaster.master][INFO] 2025-12-04 21:21:30,643: +PUB [/rosout] /gazebo http://127.0.0.1:39377/
[rosmaster.master][INFO] 2025-12-04 21:21:30,644: +PARAM [/xtion/rgb/image_rect/theora/quality] by /xtion/rgb/image_proc
[rosmaster.master][INFO] 2025-12-04 21:21:30,645: +PARAM [/move_group/planning_scene_monitor/publish_transforms_updates] by /move_group
[rosmaster.master][INFO] 2025-12-04 21:21:30,645: +SERVICE [/gazebo/get_loggers] /gazebo http://127.0.0.1:39377/
[rosmaster.master][INFO] 2025-12-04 21:21:30,646: +PARAM [/xtion/rgb/image_rect/theora/keyframe_frequency] by /xtion/rgb/image_proc
[rosmaster.master][INFO] 2025-12-04 21:21:30,647: +SERVICE [/gazebo/set_logger_level] /gazebo http://127.0.0.1:39377/
[rosmaster.master][INFO] 2025-12-04 21:21:30,649: +PARAM [/xtion/rgb/image_rect/theora/optimize_for] by /xtion/rgb/image_proc
[rosmaster.master][INFO] 2025-12-04 21:21:30,651: +SUB [/joint_states] /move_group http://127.0.0.1:43579/
[rosmaster.master][INFO] 2025-12-04 21:21:30,652: +PARAM [/xtion/rgb/image_rect/theora/target_bitrate] by /xtion/rgb/image_proc
[rosmaster.master][INFO] 2025-12-04 21:21:30,654: +PARAM [/xtion/rgb/image_rect/theora/quality] by /xtion/rgb/image_proc
[rosmaster.master][INFO] 2025-12-04 21:21:30,654: publisherUpdate[/rosout] -> http://127.0.0.1:46717/ ['http://127.0.0.1:34167/', 'http://127.0.0.1:34439/', 'http://127.0.0.1:35433/', 'http://127.0.0.1:45743/', 'http://127.0.0.1:40039/', 'http://127.0.0.1:43633/', 'http://127.0.0.1:43579/', 'http://127.0.0.1:46497/', 'http://127.0.0.1:39723/', 'http://127.0.0.1:36943/', 'http://127.0.0.1:40773/', 'http://127.0.0.1:32955/', 'http://127.0.0.1:34361/', 'http://127.0.0.1:46597/', 'http://127.0.0.1:33039/', 'http://127.0.0.1:34859/', 'http://127.0.0.1:42907/']
[rosmaster.master][INFO] 2025-12-04 21:21:30,656: +PUB [/rosout] /hand_controller_spawner http://127.0.0.1:43639/
[rosmaster.master][INFO] 2025-12-04 21:21:30,658: +PARAM [/xtion/rgb/image_rect/theora/keyframe_frequency] by /xtion/rgb/image_proc
[rosmaster.master][INFO] 2025-12-04 21:21:30,661: publisherUpdate[/rosout] -> http://127.0.0.1:46717/ ['http://127.0.0.1:34167/', 'http://127.0.0.1:34439/', 'http://127.0.0.1:35433/', 'http://127.0.0.1:45743/', 'http://127.0.0.1:40039/', 'http://127.0.0.1:43633/', 'http://127.0.0.1:43579/', 'http://127.0.0.1:46497/', 'http://127.0.0.1:39723/', 'http://127.0.0.1:36943/', 'http://127.0.0.1:40773/', 'http://127.0.0.1:32955/', 'http://127.0.0.1:34361/', 'http://127.0.0.1:46597/', 'http://127.0.0.1:33039/', 'http://127.0.0.1:34859/', 'http://127.0.0.1:42907/']: sec=0.00, result=[1, '', 0]
[rosmaster.master][INFO] 2025-12-04 21:21:30,663: publisherUpdate[/rosout] -> http://127.0.0.1:46717/ ['http://127.0.0.1:34167/', 'http://127.0.0.1:34439/', 'http://127.0.0.1:35433/', 'http://127.0.0.1:45743/', 'http://127.0.0.1:40039/', 'http://127.0.0.1:43633/', 'http://127.0.0.1:43579/', 'http://127.0.0.1:46497/', 'http://127.0.0.1:39723/', 'http://127.0.0.1:36943/', 'http://127.0.0.1:40773/', 'http://127.0.0.1:32955/', 'http://127.0.0.1:34361/', 'http://127.0.0.1:46597/', 'http://127.0.0.1:33039/', 'http://127.0.0.1:34859/', 'http://127.0.0.1:42907/', 'http://127.0.0.1:39377/']
[rosmaster.master][INFO] 2025-12-04 21:21:30,667: +SUB [/clock] /gazebo http://127.0.0.1:39377/
[rosmaster.master][INFO] 2025-12-04 21:21:30,684: +SUB [/clock] /hand_controller_spawner http://127.0.0.1:43639/
[rosmaster.master][INFO] 2025-12-04 21:21:30,688: publisherUpdate[/rosout] -> http://127.0.0.1:46717/ ['http://127.0.0.1:34167/', 'http://127.0.0.1:34439/', 'http://127.0.0.1:35433/', 'http://127.0.0.1:45743/', 'http://127.0.0.1:40039/', 'http://127.0.0.1:43633/', 'http://127.0.0.1:43579/', 'http://127.0.0.1:46497/', 'http://127.0.0.1:39723/', 'http://127.0.0.1:36943/', 'http://127.0.0.1:40773/', 'http://127.0.0.1:32955/', 'http://127.0.0.1:34361/', 'http://127.0.0.1:46597/', 'http://127.0.0.1:33039/', 'http://127.0.0.1:34859/', 'http://127.0.0.1:42907/', 'http://127.0.0.1:39377/']: sec=0.02, result=[1, '', 0]
[rosmaster.master][INFO] 2025-12-04 21:21:30,688: publisherUpdate[/rosout] -> http://127.0.0.1:46717/ ['http://127.0.0.1:34167/', 'http://127.0.0.1:34439/', 'http://127.0.0.1:35433/', 'http://127.0.0.1:45743/', 'http://127.0.0.1:40039/', 'http://127.0.0.1:43633/', 'http://127.0.0.1:43579/', 'http://127.0.0.1:46497/', 'http://127.0.0.1:39723/', 'http://127.0.0.1:36943/', 'http://127.0.0.1:40773/', 'http://127.0.0.1:32955/', 'http://127.0.0.1:34361/', 'http://127.0.0.1:46597/', 'http://127.0.0.1:33039/', 'http://127.0.0.1:34859/', 'http://127.0.0.1:42907/', 'http://127.0.0.1:39377/', 'http://127.0.0.1:43639/']
[rosmaster.master][INFO] 2025-12-04 21:21:30,690: +SERVICE [/xtion/rgb/image_proc_rectify_color/set_parameters] /xtion/rgb/image_proc http://127.0.0.1:32955/
[rosmaster.master][INFO] 2025-12-04 21:21:30,695: publisherUpdate[/rosout] -> http://127.0.0.1:46717/ ['http://127.0.0.1:34167/', 'http://127.0.0.1:34439/', 'http://127.0.0.1:35433/', 'http://127.0.0.1:45743/', 'http://127.0.0.1:40039/', 'http://127.0.0.1:43633/', 'http://127.0.0.1:43579/', 'http://127.0.0.1:46497/', 'http://127.0.0.1:39723/', 'http://127.0.0.1:36943/', 'http://127.0.0.1:40773/', 'http://127.0.0.1:32955/', 'http://127.0.0.1:34361/', 'http://127.0.0.1:46597/', 'http://127.0.0.1:33039/', 'http://127.0.0.1:34859/', 'http://127.0.0.1:42907/', 'http://127.0.0.1:39377/', 'http://127.0.0.1:43639/']: sec=0.00, result=[1, '', 0]
[rosmaster.master][INFO] 2025-12-04 21:21:30,695: +CACHEDPARAM [/rosout_disable_topics_generation] by /gazebo
[rosmaster.master][INFO] 2025-12-04 21:21:30,695: +SERVICE [/hand_controller_spawner/get_loggers] /hand_controller_spawner http://127.0.0.1:43639/
[rosmaster.master][INFO] 2025-12-04 21:21:30,697: +SUB [/attached_collision_object] /move_group http://127.0.0.1:43579/
[rosmaster.master][INFO] 2025-12-04 21:21:30,697: +PUB [/xtion/rgb/image_proc_rectify_color/parameter_descriptions] /xtion/rgb/image_proc http://127.0.0.1:32955/
[rosmaster.master][INFO] 2025-12-04 21:21:30,698: +SERVICE [/hand_controller_spawner/set_logger_level] /hand_controller_spawner http://127.0.0.1:43639/
[rosmaster.master][INFO] 2025-12-04 21:21:30,700: +PUB [/xtion/rgb/image_proc_rectify_color/parameter_updates] /xtion/rgb/image_proc http://127.0.0.1:32955/
[rosmaster.master][INFO] 2025-12-04 21:21:30,703: +CACHEDPARAM [/rosout_disable_topics_generation] by /hand_controller_spawner
[rosmaster.master][INFO] 2025-12-04 21:21:30,705: +SUB [/planning_scene] /move_group http://127.0.0.1:43579/
[rosmaster.master][INFO] 2025-12-04 21:21:30,705: +PARAM [/xtion/rgb/image_proc_rectify_color/interpolation] by /xtion/rgb/image_proc
[rosmaster.master][INFO] 2025-12-04 21:21:30,708: +PUB [/rosout] /bringup_controllers_spawner_imu http://127.0.0.1:36449/
[rosmaster.master][INFO] 2025-12-04 21:21:30,710: +PARAM [/xtion/rgb/image_proc_rectify_color/interpolation] by /xtion/rgb/image_proc
[rosmaster.master][INFO] 2025-12-04 21:21:30,717: +PUB [/xtion/rgb/image_rect_color/compressedDepth] /xtion/rgb/image_proc http://127.0.0.1:32955/
[rosmaster.master][INFO] 2025-12-04 21:21:30,719: +SERVICE [/xtion/rgb/image_rect_color/compressedDepth/set_parameters] /xtion/rgb/image_proc http://127.0.0.1:32955/
[rosmaster.master][INFO] 2025-12-04 21:21:30,720: +SUB [/collision_object] /move_group http://127.0.0.1:43579/
[rosmaster.master][INFO] 2025-12-04 21:21:30,722: +PUB [/xtion/rgb/image_rect_color/compressedDepth/parameter_descriptions] /xtion/rgb/image_proc http://127.0.0.1:32955/
[rosmaster.master][INFO] 2025-12-04 21:21:30,724: +PUB [/xtion/rgb/image_rect_color/compressedDepth/parameter_updates] /xtion/rgb/image_proc http://127.0.0.1:32955/
[rosmaster.master][INFO] 2025-12-04 21:21:30,726: +SUB [/clock] /bringup_controllers_spawner_imu http://127.0.0.1:36449/
[rosmaster.master][INFO] 2025-12-04 21:21:30,731: +SUB [/planning_scene_world] /move_group http://127.0.0.1:43579/
[rosmaster.master][INFO] 2025-12-04 21:21:30,733: +SERVICE [/bringup_controllers_spawner_imu/get_loggers] /bringup_controllers_spawner_imu http://127.0.0.1:36449/
[rosmaster.master][INFO] 2025-12-04 21:21:30,734: +PARAM [/xtion/rgb/image_rect_color/compressedDepth/format] by /xtion/rgb/image_proc
[rosmaster.master][INFO] 2025-12-04 21:21:30,736: +SERVICE [/bringup_controllers_spawner_imu/set_logger_level] /bringup_controllers_spawner_imu http://127.0.0.1:36449/
[rosmaster.master][INFO] 2025-12-04 21:21:30,737: +PARAM [/xtion/rgb/image_rect_color/compressedDepth/depth_max] by /xtion/rgb/image_proc
[rosmaster.master][INFO] 2025-12-04 21:21:30,739: +SERVICE [/move_group/save_map] /move_group http://127.0.0.1:43579/
[rosmaster.master][INFO] 2025-12-04 21:21:30,739: +PARAM [/xtion/rgb/image_rect_color/compressedDepth/depth_quantization] by /xtion/rgb/image_proc
[rosmaster.master][INFO] 2025-12-04 21:21:30,741: +CACHEDPARAM [/rosout_disable_topics_generation] by /bringup_controllers_spawner_imu
[rosmaster.master][INFO] 2025-12-04 21:21:30,743: +PARAM [/xtion/rgb/image_rect_color/compressedDepth/png_level] by /xtion/rgb/image_proc
[rosmaster.master][INFO] 2025-12-04 21:21:30,743: +SERVICE [/move_group/load_map] /move_group http://127.0.0.1:43579/
[rosmaster.master][INFO] 2025-12-04 21:21:30,745: +PARAM [/xtion/rgb/image_rect_color/compressedDepth/format] by /xtion/rgb/image_proc
[rosmaster.master][INFO] 2025-12-04 21:21:30,747: +PARAM [/xtion/rgb/image_rect_color/compressedDepth/depth_max] by /xtion/rgb/image_proc
[rosmaster.master][INFO] 2025-12-04 21:21:30,750: +PARAM [/xtion/rgb/image_rect_color/compressedDepth/depth_quantization] by /xtion/rgb/image_proc
[rosmaster.master][INFO] 2025-12-04 21:21:30,752: +PARAM [/xtion/rgb/image_rect_color/compressedDepth/png_level] by /xtion/rgb/image_proc
[rosmaster.master][INFO] 2025-12-04 21:21:30,753: +PUB [/xtion/rgb/image_rect_color/compressed] /xtion/rgb/image_proc http://127.0.0.1:32955/
[rosmaster.master][INFO] 2025-12-04 21:21:30,756: +SERVICE [/xtion/rgb/image_rect_color/compressed/set_parameters] /xtion/rgb/image_proc http://127.0.0.1:32955/
[rosmaster.master][INFO] 2025-12-04 21:21:30,759: +PUB [/xtion/rgb/image_rect_color/compressed/parameter_descriptions] /xtion/rgb/image_proc http://127.0.0.1:32955/
[rosmaster.master][INFO] 2025-12-04 21:21:30,760: +PUB [/xtion/rgb/image_rect_color/compressed/parameter_updates] /xtion/rgb/image_proc http://127.0.0.1:32955/
[rosmaster.master][INFO] 2025-12-04 21:21:30,765: +PARAM [/xtion/rgb/image_rect_color/compressed/format] by /xtion/rgb/image_proc
[rosmaster.master][INFO] 2025-12-04 21:21:30,766: +PARAM [/xtion/rgb/image_rect_color/compressed/jpeg_quality] by /xtion/rgb/image_proc
[rosmaster.master][INFO] 2025-12-04 21:21:30,767: +PARAM [/xtion/rgb/image_rect_color/compressed/jpeg_progressive] by /xtion/rgb/image_proc
[rosmaster.master][INFO] 2025-12-04 21:21:30,768: +PARAM [/xtion/rgb/image_rect_color/compressed/jpeg_optimize] by /xtion/rgb/image_proc
[rosmaster.master][INFO] 2025-12-04 21:21:30,769: +PARAM [/xtion/rgb/image_rect_color/compressed/jpeg_restart_interval] by /xtion/rgb/image_proc
[rosmaster.master][INFO] 2025-12-04 21:21:30,770: +PUB [/trajectory_execution_event] /play_motion http://127.0.0.1:43633/
[rosmaster.master][INFO] 2025-12-04 21:21:30,770: +PARAM [/xtion/rgb/image_rect_color/compressed/png_level] by /xtion/rgb/image_proc
[rosmaster.master][INFO] 2025-12-04 21:21:30,771: +PUB [/attached_collision_object] /play_motion http://127.0.0.1:43633/
[rosmaster.master][INFO] 2025-12-04 21:21:30,772: +PARAM [/xtion/rgb/image_rect_color/compressed/format] by /xtion/rgb/image_proc
[rosmaster.master][INFO] 2025-12-04 21:21:30,772: +PARAM [/xtion/rgb/image_rect_color/compressed/jpeg_quality] by /xtion/rgb/image_proc
[rosmaster.master][INFO] 2025-12-04 21:21:30,773: +PARAM [/xtion/rgb/image_rect_color/compressed/jpeg_progressive] by /xtion/rgb/image_proc
[rosmaster.master][INFO] 2025-12-04 21:21:30,774: +PARAM [/xtion/rgb/image_rect_color/compressed/jpeg_optimize] by /xtion/rgb/image_proc
[rosmaster.master][INFO] 2025-12-04 21:21:30,774: +PARAM [/xtion/rgb/image_rect_color/compressed/jpeg_restart_interval] by /xtion/rgb/image_proc
[rosmaster.master][INFO] 2025-12-04 21:21:30,775: +PARAM [/xtion/rgb/image_rect_color/compressed/png_level] by /xtion/rgb/image_proc
[rosmaster.master][INFO] 2025-12-04 21:21:30,776: +PUB [/xtion/rgb/image_rect_color] /xtion/rgb/image_proc http://127.0.0.1:32955/
[rosmaster.master][INFO] 2025-12-04 21:21:30,777: +PUB [/xtion/rgb/image_rect_color/theora] /xtion/rgb/image_proc http://127.0.0.1:32955/
[rosmaster.master][INFO] 2025-12-04 21:21:30,777: +SERVICE [/xtion/rgb/image_rect_color/theora/set_parameters] /xtion/rgb/image_proc http://127.0.0.1:32955/
[rosmaster.master][INFO] 2025-12-04 21:21:30,778: +PUB [/xtion/rgb/image_rect_color/theora/parameter_descriptions] /xtion/rgb/image_proc http://127.0.0.1:32955/
[rosmaster.master][INFO] 2025-12-04 21:21:30,778: +PUB [/xtion/rgb/image_rect_color/theora/parameter_updates] /xtion/rgb/image_proc http://127.0.0.1:32955/
[rosmaster.master][INFO] 2025-12-04 21:21:30,780: +PUB [/rosout] /bringup_controllers_spawner_ft http://127.0.0.1:46157/
[rosmaster.master][INFO] 2025-12-04 21:21:30,781: +PARAM [/xtion/rgb/image_rect_color/theora/optimize_for] by /xtion/rgb/image_proc
[rosmaster.master][INFO] 2025-12-04 21:21:30,782: +PARAM [/xtion/rgb/image_rect_color/theora/target_bitrate] by /xtion/rgb/image_proc
[rosmaster.master][INFO] 2025-12-04 21:21:30,783: +PARAM [/xtion/rgb/image_rect_color/theora/quality] by /xtion/rgb/image_proc
[rosmaster.master][INFO] 2025-12-04 21:21:30,784: +PARAM [/xtion/rgb/image_rect_color/theora/keyframe_frequency] by /xtion/rgb/image_proc
[rosmaster.master][INFO] 2025-12-04 21:21:30,785: +SUB [/clock] /bringup_controllers_spawner_ft http://127.0.0.1:46157/
[rosmaster.master][INFO] 2025-12-04 21:21:30,785: +PARAM [/xtion/rgb/image_rect_color/theora/optimize_for] by /xtion/rgb/image_proc
[rosmaster.master][INFO] 2025-12-04 21:21:30,788: +PARAM [/xtion/rgb/image_rect_color/theora/target_bitrate] by /xtion/rgb/image_proc
[rosmaster.master][INFO] 2025-12-04 21:21:30,789: +PARAM [/xtion/rgb/image_rect_color/theora/quality] by /xtion/rgb/image_proc
[rosmaster.master][INFO] 2025-12-04 21:21:30,789: +SERVICE [/bringup_controllers_spawner_ft/get_loggers] /bringup_controllers_spawner_ft http://127.0.0.1:46157/
[rosmaster.master][INFO] 2025-12-04 21:21:30,790: +PARAM [/xtion/rgb/image_rect_color/theora/keyframe_frequency] by /xtion/rgb/image_proc
[rosmaster.master][INFO] 2025-12-04 21:21:30,791: publisherUpdate[/rosout] -> http://127.0.0.1:46717/ ['http://127.0.0.1:34167/', 'http://127.0.0.1:34439/', 'http://127.0.0.1:35433/', 'http://127.0.0.1:45743/', 'http://127.0.0.1:40039/', 'http://127.0.0.1:43633/', 'http://127.0.0.1:43579/', 'http://127.0.0.1:46497/', 'http://127.0.0.1:39723/', 'http://127.0.0.1:36943/', 'http://127.0.0.1:40773/', 'http://127.0.0.1:32955/', 'http://127.0.0.1:34361/', 'http://127.0.0.1:46597/', 'http://127.0.0.1:33039/', 'http://127.0.0.1:34859/', 'http://127.0.0.1:42907/', 'http://127.0.0.1:39377/', 'http://127.0.0.1:43639/', 'http://127.0.0.1:36449/']
[rosmaster.master][INFO] 2025-12-04 21:21:30,791: +SERVICE [/bringup_controllers_spawner_ft/set_logger_level] /bringup_controllers_spawner_ft http://127.0.0.1:46157/
[rosmaster.master][INFO] 2025-12-04 21:21:30,792: +CACHEDPARAM [/rosout_disable_topics_generation] by /xtion/rgb/image_proc
[rosmaster.master][INFO] 2025-12-04 21:21:30,794: publisherUpdate[/rosout] -> http://127.0.0.1:46717/ ['http://127.0.0.1:34167/', 'http://127.0.0.1:34439/', 'http://127.0.0.1:35433/', 'http://127.0.0.1:45743/', 'http://127.0.0.1:40039/', 'http://127.0.0.1:43633/', 'http://127.0.0.1:43579/', 'http://127.0.0.1:46497/', 'http://127.0.0.1:39723/', 'http://127.0.0.1:36943/', 'http://127.0.0.1:40773/', 'http://127.0.0.1:32955/', 'http://127.0.0.1:34361/', 'http://127.0.0.1:46597/', 'http://127.0.0.1:33039/', 'http://127.0.0.1:34859/', 'http://127.0.0.1:42907/', 'http://127.0.0.1:39377/', 'http://127.0.0.1:43639/', 'http://127.0.0.1:36449/']: sec=0.00, result=[1, '', 0]
[rosmaster.master][INFO] 2025-12-04 21:21:30,795: publisherUpdate[/attached_collision_object] -> http://127.0.0.1:43579/ ['http://127.0.0.1:43633/']
[rosmaster.master][INFO] 2025-12-04 21:21:30,795: +CACHEDPARAM [/rosout_disable_topics_generation] by /bringup_controllers_spawner_ft
[rosmaster.master][INFO] 2025-12-04 21:21:30,795: publisherUpdate[/rosout] -> http://127.0.0.1:46717/ ['http://127.0.0.1:34167/', 'http://127.0.0.1:34439/', 'http://127.0.0.1:35433/', 'http://127.0.0.1:45743/', 'http://127.0.0.1:40039/', 'http://127.0.0.1:43633/', 'http://127.0.0.1:43579/', 'http://127.0.0.1:46497/', 'http://127.0.0.1:39723/', 'http://127.0.0.1:36943/', 'http://127.0.0.1:40773/', 'http://127.0.0.1:32955/', 'http://127.0.0.1:34361/', 'http://127.0.0.1:46597/', 'http://127.0.0.1:33039/', 'http://127.0.0.1:34859/', 'http://127.0.0.1:42907/', 'http://127.0.0.1:39377/', 'http://127.0.0.1:43639/', 'http://127.0.0.1:36449/', 'http://127.0.0.1:46157/']
[rosmaster.master][INFO] 2025-12-04 21:21:30,800: publisherUpdate[/rosout] -> http://127.0.0.1:46717/ ['http://127.0.0.1:34167/', 'http://127.0.0.1:34439/', 'http://127.0.0.1:35433/', 'http://127.0.0.1:45743/', 'http://127.0.0.1:40039/', 'http://127.0.0.1:43633/', 'http://127.0.0.1:43579/', 'http://127.0.0.1:46497/', 'http://127.0.0.1:39723/', 'http://127.0.0.1:36943/', 'http://127.0.0.1:40773/', 'http://127.0.0.1:32955/', 'http://127.0.0.1:34361/', 'http://127.0.0.1:46597/', 'http://127.0.0.1:33039/', 'http://127.0.0.1:34859/', 'http://127.0.0.1:42907/', 'http://127.0.0.1:39377/', 'http://127.0.0.1:43639/', 'http://127.0.0.1:36449/', 'http://127.0.0.1:46157/']: sec=0.00, result=[1, '', 0]
[rosmaster.master][INFO] 2025-12-04 21:21:30,817: +SERVICE [/move_group/ompl/set_parameters] /move_group http://127.0.0.1:43579/
[rosmaster.master][INFO] 2025-12-04 21:21:30,817: +PUB [/move_group/ompl/parameter_descriptions] /move_group http://127.0.0.1:43579/
[rosmaster.master][INFO] 2025-12-04 21:21:30,818: +PUB [/move_group/ompl/parameter_updates] /move_group http://127.0.0.1:43579/
[rosmaster.master][INFO] 2025-12-04 21:21:30,820: +PARAM [/move_group/ompl/simplify_solutions] by /move_group
[rosmaster.master][INFO] 2025-12-04 21:21:30,821: +PARAM [/move_group/ompl/minimum_waypoint_count] by /move_group
[rosmaster.master][INFO] 2025-12-04 21:21:30,821: +PARAM [/move_group/ompl/maximum_waypoint_distance] by /move_group
[rosmaster.master][INFO] 2025-12-04 21:21:30,821: +PARAM [/move_group/ompl/link_for_exploration_tree] by /move_group
[rosmaster.master][INFO] 2025-12-04 21:21:30,822: +PARAM [/move_group/ompl/display_random_valid_states] by /move_group
[rosmaster.master][INFO] 2025-12-04 21:21:30,822: +PARAM [/move_group/ompl/simplify_solutions] by /move_group
[rosmaster.master][INFO] 2025-12-04 21:21:30,823: +PARAM [/move_group/ompl/minimum_waypoint_count] by /move_group
[rosmaster.master][INFO] 2025-12-04 21:21:30,823: +PARAM [/move_group/ompl/maximum_waypoint_distance] by /move_group
[rosmaster.master][INFO] 2025-12-04 21:21:30,823: +PARAM [/move_group/ompl/link_for_exploration_tree] by /move_group
[rosmaster.master][INFO] 2025-12-04 21:21:30,824: +PARAM [/move_group/ompl/display_random_valid_states] by /move_group
[rosmaster.master][INFO] 2025-12-04 21:21:30,832: +PUB [/move_group/display_planned_path] /move_group http://127.0.0.1:43579/
[rosmaster.master][INFO] 2025-12-04 21:21:30,833: +PUB [/move_group/display_contacts] /move_group http://127.0.0.1:43579/
[rosmaster.master][INFO] 2025-12-04 21:21:30,855: publisherUpdate[/attached_collision_object] -> http://127.0.0.1:43579/ ['http://127.0.0.1:43633/']: sec=0.06, result=[1, '', 0]
[rosmaster.master][INFO] 2025-12-04 21:21:31,233: +PUB [/clock] /gazebo http://127.0.0.1:39377/
[rosmaster.master][INFO] 2025-12-04 21:21:31,233: +SERVICE [/gazebo/spawn_sdf_model] /gazebo http://127.0.0.1:39377/
[rosmaster.master][INFO] 2025-12-04 21:21:31,234: +SERVICE [/gazebo/spawn_urdf_model] /gazebo http://127.0.0.1:39377/
[rosmaster.master][INFO] 2025-12-04 21:21:31,234: +SERVICE [/gazebo/delete_model] /gazebo http://127.0.0.1:39377/
[rosmaster.master][INFO] 2025-12-04 21:21:31,234: +SERVICE [/gazebo/delete_light] /gazebo http://127.0.0.1:39377/
[rosmaster.master][INFO] 2025-12-04 21:21:31,235: +SERVICE [/gazebo/get_model_properties] /gazebo http://127.0.0.1:39377/
[rosmaster.master][INFO] 2025-12-04 21:21:31,235: +SERVICE [/gazebo/get_model_state] /gazebo http://127.0.0.1:39377/
[rosmaster.master][INFO] 2025-12-04 21:21:31,236: +SERVICE [/gazebo/get_world_properties] /gazebo http://127.0.0.1:39377/
[rosmaster.master][INFO] 2025-12-04 21:21:31,236: +SERVICE [/gazebo/get_joint_properties] /gazebo http://127.0.0.1:39377/
[rosmaster.master][INFO] 2025-12-04 21:21:31,236: +SERVICE [/gazebo/get_link_properties] /gazebo http://127.0.0.1:39377/
[rosmaster.master][INFO] 2025-12-04 21:21:31,236: +SERVICE [/gazebo/get_link_state] /gazebo http://127.0.0.1:39377/
[rosmaster.master][INFO] 2025-12-04 21:21:31,237: +SERVICE [/gazebo/get_light_properties] /gazebo http://127.0.0.1:39377/
[rosmaster.master][INFO] 2025-12-04 21:21:31,237: +SERVICE [/gazebo/set_light_properties] /gazebo http://127.0.0.1:39377/
[rosmaster.master][INFO] 2025-12-04 21:21:31,237: +SERVICE [/gazebo/get_physics_properties] /gazebo http://127.0.0.1:39377/
[rosmaster.master][INFO] 2025-12-04 21:21:31,238: +PUB [/gazebo/link_states] /gazebo http://127.0.0.1:39377/
[rosmaster.master][INFO] 2025-12-04 21:21:31,238: +PUB [/gazebo/model_states] /gazebo http://127.0.0.1:39377/
[rosmaster.master][INFO] 2025-12-04 21:21:31,238: +SERVICE [/gazebo/set_link_properties] /gazebo http://127.0.0.1:39377/
[rosmaster.master][INFO] 2025-12-04 21:21:31,238: +SERVICE [/gazebo/set_physics_properties] /gazebo http://127.0.0.1:39377/
[rosmaster.master][INFO] 2025-12-04 21:21:31,239: +SERVICE [/gazebo/set_model_state] /gazebo http://127.0.0.1:39377/
[rosmaster.master][INFO] 2025-12-04 21:21:31,239: +SERVICE [/gazebo/set_model_configuration] /gazebo http://127.0.0.1:39377/
[rosmaster.master][INFO] 2025-12-04 21:21:31,239: +SERVICE [/gazebo/set_joint_properties] /gazebo http://127.0.0.1:39377/
[rosmaster.master][INFO] 2025-12-04 21:21:31,240: +SERVICE [/gazebo/set_link_state] /gazebo http://127.0.0.1:39377/
[rosmaster.master][INFO] 2025-12-04 21:21:31,242: +SERVICE [/gazebo/set_parameters] /gazebo http://127.0.0.1:39377/
[rosmaster.master][INFO] 2025-12-04 21:21:31,242: +SUB [/gazebo/set_link_state] /gazebo http://127.0.0.1:39377/
[rosmaster.master][INFO] 2025-12-04 21:21:31,243: +PUB [/gazebo/parameter_descriptions] /gazebo http://127.0.0.1:39377/
[rosmaster.master][INFO] 2025-12-04 21:21:31,244: +SUB [/gazebo/set_model_state] /gazebo http://127.0.0.1:39377/
[rosmaster.master][INFO] 2025-12-04 21:21:31,244: +PUB [/gazebo/parameter_updates] /gazebo http://127.0.0.1:39377/
[rosmaster.master][INFO] 2025-12-04 21:21:31,245: +SERVICE [/gazebo/pause_physics] /gazebo http://127.0.0.1:39377/
[rosmaster.master][INFO] 2025-12-04 21:21:31,245: +SERVICE [/gazebo/unpause_physics] /gazebo http://127.0.0.1:39377/
[rosmaster.master][INFO] 2025-12-04 21:21:31,245: +SERVICE [/gazebo/apply_body_wrench] /gazebo http://127.0.0.1:39377/
[rosmaster.master][INFO] 2025-12-04 21:21:31,246: +SERVICE [/gazebo/apply_joint_effort] /gazebo http://127.0.0.1:39377/
[rosmaster.master][INFO] 2025-12-04 21:21:31,247: +SERVICE [/gazebo/clear_joint_forces] /gazebo http://127.0.0.1:39377/
[rosmaster.master][INFO] 2025-12-04 21:21:31,248: +SERVICE [/gazebo/clear_body_wrenches] /gazebo http://127.0.0.1:39377/
[rosmaster.master][INFO] 2025-12-04 21:21:31,248: +SERVICE [/gazebo/reset_simulation] /gazebo http://127.0.0.1:39377/
[rosmaster.master][INFO] 2025-12-04 21:21:31,249: +SERVICE [/gazebo/reset_world] /gazebo http://127.0.0.1:39377/
[rosmaster.master][INFO] 2025-12-04 21:21:31,251: +PARAM [/gazebo/time_step] by /gazebo
[rosmaster.master][INFO] 2025-12-04 21:21:31,252: +PARAM [/gazebo/max_update_rate] by /gazebo
[rosmaster.master][INFO] 2025-12-04 21:21:31,252: +PARAM [/gazebo/gravity_x] by /gazebo
[rosmaster.master][INFO] 2025-12-04 21:21:31,253: +PARAM [/gazebo/gravity_y] by /gazebo
[rosmaster.master][INFO] 2025-12-04 21:21:31,253: +PARAM [/gazebo/gravity_z] by /gazebo
[rosmaster.master][INFO] 2025-12-04 21:21:31,254: +PARAM [/gazebo/auto_disable_bodies] by /gazebo
[rosmaster.master][INFO] 2025-12-04 21:21:31,255: +PARAM [/gazebo/sor_pgs_precon_iters] by /gazebo
[rosmaster.master][INFO] 2025-12-04 21:21:31,255: +PARAM [/gazebo/sor_pgs_iters] by /gazebo
[rosmaster.master][INFO] 2025-12-04 21:21:31,256: +PARAM [/gazebo/sor_pgs_w] by /gazebo
[rosmaster.master][INFO] 2025-12-04 21:21:31,255: publisherUpdate[/clock] -> http://127.0.0.1:46717/ ['http://127.0.0.1:39377/']
[rosmaster.master][INFO] 2025-12-04 21:21:31,256: +PARAM [/gazebo/sor_pgs_rms_error_tol] by /gazebo
[rosmaster.master][INFO] 2025-12-04 21:21:31,257: +PARAM [/gazebo/cfm] by /gazebo
[rosmaster.master][INFO] 2025-12-04 21:21:31,258: +PARAM [/gazebo/erp] by /gazebo
[rosmaster.master][INFO] 2025-12-04 21:21:31,258: +PARAM [/gazebo/contact_surface_layer] by /gazebo
[rosmaster.master][INFO] 2025-12-04 21:21:31,259: +PARAM [/gazebo/contact_max_correcting_vel] by /gazebo
[rosmaster.master][INFO] 2025-12-04 21:21:31,260: publisherUpdate[/clock] -> http://127.0.0.1:46717/ ['http://127.0.0.1:39377/']: sec=0.00, result=[1, '', 0]
[rosmaster.master][INFO] 2025-12-04 21:21:31,262: publisherUpdate[/clock] -> http://127.0.0.1:34167/ ['http://127.0.0.1:39377/']
[rosmaster.master][INFO] 2025-12-04 21:21:31,262: +PARAM [/gazebo/max_contacts] by /gazebo
[rosmaster.master][INFO] 2025-12-04 21:21:31,266: +PARAM [/gazebo/time_step] by /gazebo
[rosmaster.master][INFO] 2025-12-04 21:21:31,267: +PARAM [/gazebo/max_update_rate] by /gazebo
[rosmaster.master][INFO] 2025-12-04 21:21:31,268: +PARAM [/gazebo/gravity_x] by /gazebo
[rosmaster.master][INFO] 2025-12-04 21:21:31,268: +PARAM [/gazebo/gravity_y] by /gazebo
[rosmaster.master][INFO] 2025-12-04 21:21:31,269: +PARAM [/gazebo/gravity_z] by /gazebo
[rosmaster.master][INFO] 2025-12-04 21:21:31,270: +PARAM [/gazebo/auto_disable_bodies] by /gazebo
[rosmaster.master][INFO] 2025-12-04 21:21:31,270: +PARAM [/gazebo/sor_pgs_precon_iters] by /gazebo
[rosmaster.master][INFO] 2025-12-04 21:21:31,271: +PARAM [/gazebo/sor_pgs_iters] by /gazebo
[rosmaster.master][INFO] 2025-12-04 21:21:31,272: +PARAM [/gazebo/sor_pgs_w] by /gazebo
[rosmaster.master][INFO] 2025-12-04 21:21:31,272: +PARAM [/gazebo/sor_pgs_rms_error_tol] by /gazebo
[rosmaster.master][INFO] 2025-12-04 21:21:31,273: +PARAM [/gazebo/cfm] by /gazebo
[rosmaster.master][INFO] 2025-12-04 21:21:31,274: +PARAM [/gazebo/erp] by /gazebo
[rosmaster.master][INFO] 2025-12-04 21:21:31,275: +PARAM [/gazebo/contact_surface_layer] by /gazebo
[rosmaster.master][INFO] 2025-12-04 21:21:31,275: +PARAM [/gazebo/contact_max_correcting_vel] by /gazebo
[rosmaster.master][INFO] 2025-12-04 21:21:31,276: +PARAM [/gazebo/max_contacts] by /gazebo
[rosmaster.master][INFO] 2025-12-04 21:21:31,296: publisherUpdate[/clock] -> http://127.0.0.1:34439/ ['http://127.0.0.1:39377/']
[rosmaster.master][INFO] 2025-12-04 21:21:31,302: publisherUpdate[/clock] -> http://127.0.0.1:35433/ ['http://127.0.0.1:39377/']
[rosmaster.master][INFO] 2025-12-04 21:21:31,339: publisherUpdate[/clock] -> http://127.0.0.1:34167/ ['http://127.0.0.1:39377/']: sec=0.08, result=[1, '', 0]
[rosmaster.master][INFO] 2025-12-04 21:21:31,339: publisherUpdate[/clock] -> http://127.0.0.1:45743/ ['http://127.0.0.1:39377/']
[rosmaster.master][INFO] 2025-12-04 21:21:31,354: publisherUpdate[/clock] -> http://127.0.0.1:34439/ ['http://127.0.0.1:39377/']: sec=0.06, result=[1, '', 0]
[rosmaster.master][INFO] 2025-12-04 21:21:31,354: publisherUpdate[/clock] -> http://127.0.0.1:40039/ ['http://127.0.0.1:39377/']
[rosmaster.master][INFO] 2025-12-04 21:21:31,364: publisherUpdate[/clock] -> http://127.0.0.1:35433/ ['http://127.0.0.1:39377/']: sec=0.06, result=[1, '', 0]
[rosmaster.master][INFO] 2025-12-04 21:21:31,364: publisherUpdate[/clock] -> http://127.0.0.1:43633/ ['http://127.0.0.1:39377/']
[rosmaster.master][INFO] 2025-12-04 21:21:31,388: publisherUpdate[/clock] -> http://127.0.0.1:45743/ ['http://127.0.0.1:39377/']: sec=0.05, result=[1, '', 0]
[rosmaster.master][INFO] 2025-12-04 21:21:31,389: publisherUpdate[/clock] -> http://127.0.0.1:43579/ ['http://127.0.0.1:39377/']
[rosmaster.master][INFO] 2025-12-04 21:21:31,389: publisherUpdate[/clock] -> http://127.0.0.1:43579/ ['http://127.0.0.1:39377/']: sec=0.00, result=[1, '', 0]
[rosmaster.master][INFO] 2025-12-04 21:21:31,390: publisherUpdate[/clock] -> http://127.0.0.1:46497/ ['http://127.0.0.1:39377/']
[rosmaster.master][INFO] 2025-12-04 21:21:31,406: publisherUpdate[/clock] -> http://127.0.0.1:40039/ ['http://127.0.0.1:39377/']: sec=0.05, result=[1, '', 0]
[rosmaster.master][INFO] 2025-12-04 21:21:31,406: publisherUpdate[/clock] -> http://127.0.0.1:39723/ ['http://127.0.0.1:39377/']
[rosmaster.master][INFO] 2025-12-04 21:21:31,409: publisherUpdate[/clock] -> http://127.0.0.1:43633/ ['http://127.0.0.1:39377/']: sec=0.04, result=[1, '', 0]
[rosmaster.master][INFO] 2025-12-04 21:21:31,409: publisherUpdate[/clock] -> http://127.0.0.1:36943/ ['http://127.0.0.1:39377/']
[rosmaster.master][INFO] 2025-12-04 21:21:31,410: publisherUpdate[/clock] -> http://127.0.0.1:36943/ ['http://127.0.0.1:39377/']: sec=0.00, result=[1, '', 0]
[rosmaster.master][INFO] 2025-12-04 21:21:31,411: publisherUpdate[/clock] -> http://127.0.0.1:40773/ ['http://127.0.0.1:39377/']
[rosmaster.master][INFO] 2025-12-04 21:21:31,412: publisherUpdate[/clock] -> http://127.0.0.1:40773/ ['http://127.0.0.1:39377/']: sec=0.00, result=[1, '', 0]
[rosmaster.master][INFO] 2025-12-04 21:21:31,412: publisherUpdate[/clock] -> http://127.0.0.1:32955/ ['http://127.0.0.1:39377/']
[rosmaster.master][INFO] 2025-12-04 21:21:31,437: publisherUpdate[/clock] -> http://127.0.0.1:46497/ ['http://127.0.0.1:39377/']: sec=0.05, result=[1, '', 0]
[rosmaster.master][INFO] 2025-12-04 21:21:31,437: publisherUpdate[/clock] -> http://127.0.0.1:34361/ ['http://127.0.0.1:39377/']
[rosmaster.master][INFO] 2025-12-04 21:21:31,439: publisherUpdate[/clock] -> http://127.0.0.1:34361/ ['http://127.0.0.1:39377/']: sec=0.00, result=[1, '', 0]
[rosmaster.master][INFO] 2025-12-04 21:21:31,439: publisherUpdate[/clock] -> http://127.0.0.1:46597/ ['http://127.0.0.1:39377/']
[rosmaster.master][INFO] 2025-12-04 21:21:31,450: publisherUpdate[/clock] -> http://127.0.0.1:46597/ ['http://127.0.0.1:39377/']: sec=0.01, result=[1, '', 0]
[rosmaster.master][INFO] 2025-12-04 21:21:31,450: publisherUpdate[/clock] -> http://127.0.0.1:33039/ ['http://127.0.0.1:39377/']
[rosmaster.master][INFO] 2025-12-04 21:21:31,452: publisherUpdate[/clock] -> http://127.0.0.1:33039/ ['http://127.0.0.1:39377/']: sec=0.00, result=[1, '', 0]
[rosmaster.master][INFO] 2025-12-04 21:21:31,452: publisherUpdate[/clock] -> http://127.0.0.1:34859/ ['http://127.0.0.1:39377/']
[rosmaster.master][INFO] 2025-12-04 21:21:31,454: publisherUpdate[/clock] -> http://127.0.0.1:34859/ ['http://127.0.0.1:39377/']: sec=0.00, result=[1, '', 0]
[rosmaster.master][INFO] 2025-12-04 21:21:31,455: publisherUpdate[/clock] -> http://127.0.0.1:39723/ ['http://127.0.0.1:39377/']: sec=0.05, result=[1, '', 0]
[rosmaster.master][INFO] 2025-12-04 21:21:31,455: publisherUpdate[/clock] -> http://127.0.0.1:42907/ ['http://127.0.0.1:39377/']
[rosmaster.master][INFO] 2025-12-04 21:21:31,455: publisherUpdate[/clock] -> http://127.0.0.1:39377/ ['http://127.0.0.1:39377/']
[rosmaster.master][INFO] 2025-12-04 21:21:31,456: publisherUpdate[/clock] -> http://127.0.0.1:32955/ ['http://127.0.0.1:39377/']: sec=0.04, result=[1, '', 0]
[rosmaster.master][INFO] 2025-12-04 21:21:31,456: publisherUpdate[/clock] -> http://127.0.0.1:43639/ ['http://127.0.0.1:39377/']
[rosmaster.master][INFO] 2025-12-04 21:21:31,456: publisherUpdate[/clock] -> http://127.0.0.1:42907/ ['http://127.0.0.1:39377/']: sec=0.00, result=[1, '', 0]
[rosmaster.master][INFO] 2025-12-04 21:21:31,456: publisherUpdate[/clock] -> http://127.0.0.1:36449/ ['http://127.0.0.1:39377/']
[rosmaster.master][INFO] 2025-12-04 21:21:31,457: publisherUpdate[/clock] -> http://127.0.0.1:43639/ ['http://127.0.0.1:39377/']: sec=0.00, result=[1, '', 0]
[rosmaster.master][INFO] 2025-12-04 21:21:31,458: publisherUpdate[/clock] -> http://127.0.0.1:36449/ ['http://127.0.0.1:39377/']: sec=0.00, result=[1, '', 0]
[rosmaster.master][INFO] 2025-12-04 21:21:31,458: publisherUpdate[/clock] -> http://127.0.0.1:46157/ ['http://127.0.0.1:39377/']
[rosmaster.master][INFO] 2025-12-04 21:21:31,459: publisherUpdate[/clock] -> http://127.0.0.1:46157/ ['http://127.0.0.1:39377/']: sec=0.00, result=[1, '', 0]
[rosmaster.master][INFO] 2025-12-04 21:21:31,496: +CACHEDPARAM [/rosout_disable_topics_generation] by /spawn_model
[rosmaster.master][ERROR] 2025-12-04 21:21:32,517: Traceback (most recent call last):
  File "/opt/ros/noetic/lib/python3/dist-packages/rosmaster/master_api.py", line 177, in validated_f
    code, msg, val = f(*newArgs, **kwds)
  File "/opt/ros/noetic/lib/python3/dist-packages/rosmaster/master_api.py", line 435, in searchParam
    search_key = self.param_server.search_param(caller_id, key)
  File "/opt/ros/noetic/lib/python3/dist-packages/rosmaster/paramserver.py", line 116, in search_param
    raise ValueError("namespace must be global")
ValueError: namespace must be global

[rosmaster.master][INFO] 2025-12-04 21:21:32,517: +PUB [/scan_raw] /gazebo http://127.0.0.1:39377/
[rosmaster.master][INFO] 2025-12-04 21:21:32,535: +PUB [/sonar_base] /gazebo http://127.0.0.1:39377/
[rosmaster.master][INFO] 2025-12-04 21:21:32,683: +CACHEDPARAM [/rosout_disable_topics_generation] by /spawn_model
[rosmaster.master][INFO] 2025-12-04 21:21:32,685: -SUB [/clock] /spawn_model http://127.0.0.1:36943/
[rosmaster.master][INFO] 2025-12-04 21:21:32,686: -PUB [/rosout] /spawn_model http://127.0.0.1:36943/
[rosmaster.master][INFO] 2025-12-04 21:21:32,686: -SERVICE [/spawn_model/get_loggers] /spawn_model rosrpc://127.0.0.1:36003
[rosmaster.master][INFO] 2025-12-04 21:21:32,686: -SERVICE [/spawn_model/set_logger_level] /spawn_model rosrpc://127.0.0.1:36003
[rosmaster.master][INFO] 2025-12-04 21:21:32,724: +SERVICE [/xtion/set_camera_info] /gazebo http://127.0.0.1:39377/
[rosmaster.master][INFO] 2025-12-04 21:21:32,728: +SERVICE [/xtion/set_parameters] /gazebo http://127.0.0.1:39377/
[rosmaster.master][INFO] 2025-12-04 21:21:32,729: +PUB [/xtion/parameter_descriptions] /gazebo http://127.0.0.1:39377/
[rosmaster.master][INFO] 2025-12-04 21:21:32,730: +PUB [/xtion/parameter_updates] /gazebo http://127.0.0.1:39377/
[rosmaster.master][INFO] 2025-12-04 21:21:32,731: +PARAM [/xtion/imager_rate] by /gazebo
[rosmaster.master][INFO] 2025-12-04 21:21:32,732: +PARAM [/xtion/imager_rate] by /gazebo
[rosmaster.master][INFO] 2025-12-04 21:21:32,760: publisherUpdate[/rosout] -> http://127.0.0.1:46717/ ['http://127.0.0.1:34167/', 'http://127.0.0.1:34439/', 'http://127.0.0.1:35433/', 'http://127.0.0.1:45743/', 'http://127.0.0.1:40039/', 'http://127.0.0.1:43633/', 'http://127.0.0.1:43579/', 'http://127.0.0.1:46497/', 'http://127.0.0.1:39723/', 'http://127.0.0.1:40773/', 'http://127.0.0.1:32955/', 'http://127.0.0.1:34361/', 'http://127.0.0.1:46597/', 'http://127.0.0.1:33039/', 'http://127.0.0.1:34859/', 'http://127.0.0.1:42907/', 'http://127.0.0.1:39377/', 'http://127.0.0.1:43639/', 'http://127.0.0.1:36449/', 'http://127.0.0.1:46157/']
[rosmaster.master][INFO] 2025-12-04 21:21:32,764: publisherUpdate[/rosout] -> http://127.0.0.1:46717/ ['http://127.0.0.1:34167/', 'http://127.0.0.1:34439/', 'http://127.0.0.1:35433/', 'http://127.0.0.1:45743/', 'http://127.0.0.1:40039/', 'http://127.0.0.1:43633/', 'http://127.0.0.1:43579/', 'http://127.0.0.1:46497/', 'http://127.0.0.1:39723/', 'http://127.0.0.1:40773/', 'http://127.0.0.1:32955/', 'http://127.0.0.1:34361/', 'http://127.0.0.1:46597/', 'http://127.0.0.1:33039/', 'http://127.0.0.1:34859/', 'http://127.0.0.1:42907/', 'http://127.0.0.1:39377/', 'http://127.0.0.1:43639/', 'http://127.0.0.1:36449/', 'http://127.0.0.1:46157/']: sec=0.00, result=[1, '', 0]
[rosmaster.master][INFO] 2025-12-04 21:21:32,780: +PUB [/xtion/rgb/image_raw/compressedDepth] /gazebo http://127.0.0.1:39377/
[rosmaster.master][INFO] 2025-12-04 21:21:32,781: +SERVICE [/xtion/rgb/image_raw/compressedDepth/set_parameters] /gazebo http://127.0.0.1:39377/
[rosmaster.master][INFO] 2025-12-04 21:21:32,782: +PUB [/xtion/rgb/image_raw/compressedDepth/parameter_descriptions] /gazebo http://127.0.0.1:39377/
[rosmaster.master][INFO] 2025-12-04 21:21:32,783: +PUB [/xtion/rgb/image_raw/compressedDepth/parameter_updates] /gazebo http://127.0.0.1:39377/
[rosmaster.master][INFO] 2025-12-04 21:21:32,785: +PARAM [/xtion/rgb/image_raw/compressedDepth/format] by /gazebo
[rosmaster.master][INFO] 2025-12-04 21:21:32,786: +PARAM [/xtion/rgb/image_raw/compressedDepth/depth_max] by /gazebo
[rosmaster.master][INFO] 2025-12-04 21:21:32,787: +PARAM [/xtion/rgb/image_raw/compressedDepth/depth_quantization] by /gazebo
[rosmaster.master][INFO] 2025-12-04 21:21:32,788: +PARAM [/xtion/rgb/image_raw/compressedDepth/png_level] by /gazebo
[rosmaster.master][INFO] 2025-12-04 21:21:32,789: +PARAM [/xtion/rgb/image_raw/compressedDepth/format] by /gazebo
[rosmaster.master][INFO] 2025-12-04 21:21:32,789: +PARAM [/xtion/rgb/image_raw/compressedDepth/depth_max] by /gazebo
[rosmaster.master][INFO] 2025-12-04 21:21:32,790: +PARAM [/xtion/rgb/image_raw/compressedDepth/depth_quantization] by /gazebo
[rosmaster.master][INFO] 2025-12-04 21:21:32,791: +PARAM [/xtion/rgb/image_raw/compressedDepth/png_level] by /gazebo
[rosmaster.master][INFO] 2025-12-04 21:21:32,797: +PUB [/xtion/rgb/image_raw/compressed] /gazebo http://127.0.0.1:39377/
[rosmaster.master][INFO] 2025-12-04 21:21:32,798: +SERVICE [/xtion/rgb/image_raw/compressed/set_parameters] /gazebo http://127.0.0.1:39377/
[rosmaster.master][INFO] 2025-12-04 21:21:32,799: +PUB [/xtion/rgb/image_raw/compressed/parameter_descriptions] /gazebo http://127.0.0.1:39377/
[rosmaster.master][INFO] 2025-12-04 21:21:32,800: +PUB [/xtion/rgb/image_raw/compressed/parameter_updates] /gazebo http://127.0.0.1:39377/
[rosmaster.master][INFO] 2025-12-04 21:21:32,803: +PARAM [/xtion/rgb/image_raw/compressed/format] by /gazebo
[rosmaster.master][INFO] 2025-12-04 21:21:32,803: +PARAM [/xtion/rgb/image_raw/compressed/jpeg_quality] by /gazebo
[rosmaster.master][INFO] 2025-12-04 21:21:32,804: +PARAM [/xtion/rgb/image_raw/compressed/jpeg_progressive] by /gazebo
[rosmaster.master][INFO] 2025-12-04 21:21:32,804: +PARAM [/xtion/rgb/image_raw/compressed/jpeg_optimize] by /gazebo
[rosmaster.master][INFO] 2025-12-04 21:21:32,804: +PARAM [/xtion/rgb/image_raw/compressed/jpeg_restart_interval] by /gazebo
[rosmaster.master][INFO] 2025-12-04 21:21:32,805: +PARAM [/xtion/rgb/image_raw/compressed/png_level] by /gazebo
[rosmaster.master][INFO] 2025-12-04 21:21:32,806: +PARAM [/xtion/rgb/image_raw/compressed/format] by /gazebo
[rosmaster.master][INFO] 2025-12-04 21:21:32,806: +PARAM [/xtion/rgb/image_raw/compressed/jpeg_quality] by /gazebo
[rosmaster.master][INFO] 2025-12-04 21:21:32,807: +PARAM [/xtion/rgb/image_raw/compressed/jpeg_progressive] by /gazebo
[rosmaster.master][INFO] 2025-12-04 21:21:32,808: +PARAM [/xtion/rgb/image_raw/compressed/jpeg_optimize] by /gazebo
[rosmaster.master][INFO] 2025-12-04 21:21:32,809: +PARAM [/xtion/rgb/image_raw/compressed/jpeg_restart_interval] by /gazebo
[rosmaster.master][INFO] 2025-12-04 21:21:32,809: +PARAM [/xtion/rgb/image_raw/compressed/png_level] by /gazebo
[rosmaster.master][INFO] 2025-12-04 21:21:32,814: +PUB [/xtion/rgb/image_raw] /gazebo http://127.0.0.1:39377/
[rosmaster.master][INFO] 2025-12-04 21:21:32,815: publisherUpdate[/clock] -> http://127.0.0.1:39377/ ['http://127.0.0.1:39377/']: sec=1.36, result=[1, '', 0]
[rosmaster.master][INFO] 2025-12-04 21:21:32,815: publisherUpdate[/xtion/rgb/image_raw] -> http://127.0.0.1:46497/ ['http://127.0.0.1:39377/']
[rosmaster.master][INFO] 2025-12-04 21:21:32,834: +PUB [/xtion/rgb/image_raw/theora] /gazebo http://127.0.0.1:39377/
[rosmaster.master][INFO] 2025-12-04 21:21:32,835: +SERVICE [/xtion/rgb/image_raw/theora/set_parameters] /gazebo http://127.0.0.1:39377/
[rosmaster.master][INFO] 2025-12-04 21:21:32,835: +PUB [/xtion/rgb/image_raw/theora/parameter_descriptions] /gazebo http://127.0.0.1:39377/
[rosmaster.master][INFO] 2025-12-04 21:21:32,836: +PUB [/xtion/rgb/image_raw/theora/parameter_updates] /gazebo http://127.0.0.1:39377/
[rosmaster.master][INFO] 2025-12-04 21:21:32,838: +PARAM [/xtion/rgb/image_raw/theora/optimize_for] by /gazebo
[rosmaster.master][INFO] 2025-12-04 21:21:32,839: +PARAM [/xtion/rgb/image_raw/theora/target_bitrate] by /gazebo
[rosmaster.master][INFO] 2025-12-04 21:21:32,839: +PARAM [/xtion/rgb/image_raw/theora/quality] by /gazebo
[rosmaster.master][INFO] 2025-12-04 21:21:32,840: +PARAM [/xtion/rgb/image_raw/theora/keyframe_frequency] by /gazebo
[rosmaster.master][INFO] 2025-12-04 21:21:32,840: +PARAM [/xtion/rgb/image_raw/theora/optimize_for] by /gazebo
[rosmaster.master][INFO] 2025-12-04 21:21:32,841: +PARAM [/xtion/rgb/image_raw/theora/target_bitrate] by /gazebo
[rosmaster.master][INFO] 2025-12-04 21:21:32,841: +PARAM [/xtion/rgb/image_raw/theora/quality] by /gazebo
[rosmaster.master][INFO] 2025-12-04 21:21:32,841: +PARAM [/xtion/rgb/image_raw/theora/keyframe_frequency] by /gazebo
[rosmaster.master][INFO] 2025-12-04 21:21:32,842: +PUB [/xtion/rgb/camera_info] /gazebo http://127.0.0.1:39377/
[rosmaster.master][INFO] 2025-12-04 21:21:32,843: +PUB [/xtion/depth_registered/points] /gazebo http://127.0.0.1:39377/
[rosmaster.master][INFO] 2025-12-04 21:21:32,843: +PUB [/xtion/depth_registered/image_raw] /gazebo http://127.0.0.1:39377/
[rosmaster.master][INFO] 2025-12-04 21:21:32,844: +PUB [/xtion/depth_registered/camera_info] /gazebo http://127.0.0.1:39377/
[rosmaster.master][INFO] 2025-12-04 21:21:32,871: publisherUpdate[/xtion/rgb/image_raw] -> http://127.0.0.1:46497/ ['http://127.0.0.1:39377/']: sec=0.06, result=[1, '', 0]
[rosmaster.master][INFO] 2025-12-04 21:21:32,972: +SERVICE [/velocity/pid_gains/wheel_right_joint/set_parameters] /gazebo http://127.0.0.1:39377/
[rosmaster.master][INFO] 2025-12-04 21:21:32,973: +PUB [/velocity/pid_gains/wheel_right_joint/parameter_descriptions] /gazebo http://127.0.0.1:39377/
[rosmaster.master][INFO] 2025-12-04 21:21:32,975: +PUB [/velocity/pid_gains/wheel_right_joint/parameter_updates] /gazebo http://127.0.0.1:39377/
[rosmaster.master][INFO] 2025-12-04 21:21:32,982: +PARAM [/velocity/pid_gains/wheel_right_joint/p] by /gazebo
[rosmaster.master][INFO] 2025-12-04 21:21:32,984: +PARAM [/velocity/pid_gains/wheel_right_joint/i] by /gazebo
[rosmaster.master][INFO] 2025-12-04 21:21:32,985: +PARAM [/velocity/pid_gains/wheel_right_joint/d] by /gazebo
[rosmaster.master][INFO] 2025-12-04 21:21:32,986: +PARAM [/velocity/pid_gains/wheel_right_joint/i_clamp_min] by /gazebo
[rosmaster.master][INFO] 2025-12-04 21:21:32,988: +PARAM [/velocity/pid_gains/wheel_right_joint/i_clamp_max] by /gazebo
[rosmaster.master][INFO] 2025-12-04 21:21:32,989: +PARAM [/velocity/pid_gains/wheel_right_joint/antiwindup] by /gazebo
[rosmaster.master][INFO] 2025-12-04 21:21:32,990: +PARAM [/velocity/pid_gains/wheel_right_joint/p] by /gazebo
[rosmaster.master][INFO] 2025-12-04 21:21:32,990: +PARAM [/velocity/pid_gains/wheel_right_joint/i] by /gazebo
[rosmaster.master][INFO] 2025-12-04 21:21:32,991: +PARAM [/velocity/pid_gains/wheel_right_joint/d] by /gazebo
[rosmaster.master][INFO] 2025-12-04 21:21:32,992: +PARAM [/velocity/pid_gains/wheel_right_joint/i_clamp_min] by /gazebo
[rosmaster.master][INFO] 2025-12-04 21:21:32,993: +PARAM [/velocity/pid_gains/wheel_right_joint/i_clamp_max] by /gazebo
[rosmaster.master][INFO] 2025-12-04 21:21:32,993: +PARAM [/velocity/pid_gains/wheel_right_joint/antiwindup] by /gazebo
[rosmaster.master][INFO] 2025-12-04 21:21:32,994: +PARAM [/velocity/pid_gains/wheel_right_joint/p] by /gazebo
[rosmaster.master][INFO] 2025-12-04 21:21:32,995: +PARAM [/velocity/pid_gains/wheel_right_joint/i] by /gazebo
[rosmaster.master][INFO] 2025-12-04 21:21:32,995: +PARAM [/velocity/pid_gains/wheel_right_joint/d] by /gazebo
[rosmaster.master][INFO] 2025-12-04 21:21:32,996: +PARAM [/velocity/pid_gains/wheel_right_joint/i_clamp_min] by /gazebo
[rosmaster.master][INFO] 2025-12-04 21:21:32,997: +PARAM [/velocity/pid_gains/wheel_right_joint/i_clamp_max] by /gazebo
[rosmaster.master][INFO] 2025-12-04 21:21:32,997: +PARAM [/velocity/pid_gains/wheel_right_joint/antiwindup] by /gazebo
[rosmaster.master][INFO] 2025-12-04 21:21:32,998: +PARAM [/velocity/pid_gains/wheel_right_joint/p] by /gazebo
[rosmaster.master][INFO] 2025-12-04 21:21:32,999: +PARAM [/velocity/pid_gains/wheel_right_joint/i] by /gazebo
[rosmaster.master][INFO] 2025-12-04 21:21:32,999: +PARAM [/velocity/pid_gains/wheel_right_joint/d] by /gazebo
[rosmaster.master][INFO] 2025-12-04 21:21:33,000: +PARAM [/velocity/pid_gains/wheel_right_joint/i_clamp_min] by /gazebo
[rosmaster.master][INFO] 2025-12-04 21:21:33,001: +PARAM [/velocity/pid_gains/wheel_right_joint/i_clamp_max] by /gazebo
[rosmaster.master][INFO] 2025-12-04 21:21:33,001: +PARAM [/velocity/pid_gains/wheel_right_joint/antiwindup] by /gazebo
[rosmaster.master][INFO] 2025-12-04 21:21:33,007: +SERVICE [/velocity/pid_gains/wheel_left_joint/set_parameters] /gazebo http://127.0.0.1:39377/
[rosmaster.master][INFO] 2025-12-04 21:21:33,008: +PUB [/velocity/pid_gains/wheel_left_joint/parameter_descriptions] /gazebo http://127.0.0.1:39377/
[rosmaster.master][INFO] 2025-12-04 21:21:33,010: +PUB [/velocity/pid_gains/wheel_left_joint/parameter_updates] /gazebo http://127.0.0.1:39377/
[rosmaster.master][INFO] 2025-12-04 21:21:33,013: +PARAM [/velocity/pid_gains/wheel_left_joint/p] by /gazebo
[rosmaster.master][INFO] 2025-12-04 21:21:33,014: +PARAM [/velocity/pid_gains/wheel_left_joint/i] by /gazebo
[rosmaster.master][INFO] 2025-12-04 21:21:33,015: +PARAM [/velocity/pid_gains/wheel_left_joint/d] by /gazebo
[rosmaster.master][INFO] 2025-12-04 21:21:33,016: +PARAM [/velocity/pid_gains/wheel_left_joint/i_clamp_min] by /gazebo
[rosmaster.master][INFO] 2025-12-04 21:21:33,016: +PARAM [/velocity/pid_gains/wheel_left_joint/i_clamp_max] by /gazebo
[rosmaster.master][INFO] 2025-12-04 21:21:33,017: +PARAM [/velocity/pid_gains/wheel_left_joint/antiwindup] by /gazebo
[rosmaster.master][INFO] 2025-12-04 21:21:33,017: +PARAM [/velocity/pid_gains/wheel_left_joint/p] by /gazebo
[rosmaster.master][INFO] 2025-12-04 21:21:33,018: +PARAM [/velocity/pid_gains/wheel_left_joint/i] by /gazebo
[rosmaster.master][INFO] 2025-12-04 21:21:33,019: +PARAM [/velocity/pid_gains/wheel_left_joint/d] by /gazebo
[rosmaster.master][INFO] 2025-12-04 21:21:33,019: +PARAM [/velocity/pid_gains/wheel_left_joint/i_clamp_min] by /gazebo
[rosmaster.master][INFO] 2025-12-04 21:21:33,020: +PARAM [/velocity/pid_gains/wheel_left_joint/i_clamp_max] by /gazebo
[rosmaster.master][INFO] 2025-12-04 21:21:33,021: +PARAM [/velocity/pid_gains/wheel_left_joint/antiwindup] by /gazebo
[rosmaster.master][INFO] 2025-12-04 21:21:33,022: +PARAM [/velocity/pid_gains/wheel_left_joint/p] by /gazebo
[rosmaster.master][INFO] 2025-12-04 21:21:33,023: +PARAM [/velocity/pid_gains/wheel_left_joint/i] by /gazebo
[rosmaster.master][INFO] 2025-12-04 21:21:33,025: +PARAM [/velocity/pid_gains/wheel_left_joint/d] by /gazebo
[rosmaster.master][INFO] 2025-12-04 21:21:33,026: +PARAM [/velocity/pid_gains/wheel_left_joint/i_clamp_min] by /gazebo
[rosmaster.master][INFO] 2025-12-04 21:21:33,027: +PARAM [/velocity/pid_gains/wheel_left_joint/i_clamp_max] by /gazebo
[rosmaster.master][INFO] 2025-12-04 21:21:33,029: +PARAM [/velocity/pid_gains/wheel_left_joint/antiwindup] by /gazebo
[rosmaster.master][INFO] 2025-12-04 21:21:33,030: +PARAM [/velocity/pid_gains/wheel_left_joint/p] by /gazebo
[rosmaster.master][INFO] 2025-12-04 21:21:33,032: +PARAM [/velocity/pid_gains/wheel_left_joint/i] by /gazebo
[rosmaster.master][INFO] 2025-12-04 21:21:33,032: +PARAM [/velocity/pid_gains/wheel_left_joint/d] by /gazebo
[rosmaster.master][INFO] 2025-12-04 21:21:33,033: +PARAM [/velocity/pid_gains/wheel_left_joint/i_clamp_min] by /gazebo
[rosmaster.master][INFO] 2025-12-04 21:21:33,034: +PARAM [/velocity/pid_gains/wheel_left_joint/i_clamp_max] by /gazebo
[rosmaster.master][INFO] 2025-12-04 21:21:33,035: +PARAM [/velocity/pid_gains/wheel_left_joint/antiwindup] by /gazebo
[rosmaster.master][INFO] 2025-12-04 21:21:33,041: +SERVICE [/gains/torso_lift_joint/set_parameters] /gazebo http://127.0.0.1:39377/
[rosmaster.master][INFO] 2025-12-04 21:21:33,042: +PUB [/gains/torso_lift_joint/parameter_descriptions] /gazebo http://127.0.0.1:39377/
[rosmaster.master][INFO] 2025-12-04 21:21:33,042: +PUB [/gains/torso_lift_joint/parameter_updates] /gazebo http://127.0.0.1:39377/
[rosmaster.master][INFO] 2025-12-04 21:21:33,044: +PARAM [/gains/torso_lift_joint/p] by /gazebo
[rosmaster.master][INFO] 2025-12-04 21:21:33,044: +PARAM [/gains/torso_lift_joint/i] by /gazebo
[rosmaster.master][INFO] 2025-12-04 21:21:33,045: +PARAM [/gains/torso_lift_joint/d] by /gazebo
[rosmaster.master][INFO] 2025-12-04 21:21:33,045: +PARAM [/gains/torso_lift_joint/i_clamp_min] by /gazebo
[rosmaster.master][INFO] 2025-12-04 21:21:33,045: +PARAM [/gains/torso_lift_joint/i_clamp_max] by /gazebo
[rosmaster.master][INFO] 2025-12-04 21:21:33,046: +PARAM [/gains/torso_lift_joint/antiwindup] by /gazebo
[rosmaster.master][INFO] 2025-12-04 21:21:33,046: +PARAM [/gains/torso_lift_joint/p] by /gazebo
[rosmaster.master][INFO] 2025-12-04 21:21:33,047: +PARAM [/gains/torso_lift_joint/i] by /gazebo
[rosmaster.master][INFO] 2025-12-04 21:21:33,047: +PARAM [/gains/torso_lift_joint/d] by /gazebo
[rosmaster.master][INFO] 2025-12-04 21:21:33,047: +PARAM [/gains/torso_lift_joint/i_clamp_min] by /gazebo
[rosmaster.master][INFO] 2025-12-04 21:21:33,048: +PARAM [/gains/torso_lift_joint/i_clamp_max] by /gazebo
[rosmaster.master][INFO] 2025-12-04 21:21:33,048: +PARAM [/gains/torso_lift_joint/antiwindup] by /gazebo
[rosmaster.master][INFO] 2025-12-04 21:21:33,049: +PARAM [/gains/torso_lift_joint/p] by /gazebo
[rosmaster.master][INFO] 2025-12-04 21:21:33,049: +PARAM [/gains/torso_lift_joint/i] by /gazebo
[rosmaster.master][INFO] 2025-12-04 21:21:33,049: +PARAM [/gains/torso_lift_joint/d] by /gazebo
[rosmaster.master][INFO] 2025-12-04 21:21:33,050: +PARAM [/gains/torso_lift_joint/i_clamp_min] by /gazebo
[rosmaster.master][INFO] 2025-12-04 21:21:33,050: +PARAM [/gains/torso_lift_joint/i_clamp_max] by /gazebo
[rosmaster.master][INFO] 2025-12-04 21:21:33,050: +PARAM [/gains/torso_lift_joint/antiwindup] by /gazebo
[rosmaster.master][INFO] 2025-12-04 21:21:33,051: +PARAM [/gains/torso_lift_joint/p] by /gazebo
[rosmaster.master][INFO] 2025-12-04 21:21:33,051: +PARAM [/gains/torso_lift_joint/i] by /gazebo
[rosmaster.master][INFO] 2025-12-04 21:21:33,051: +PARAM [/gains/torso_lift_joint/d] by /gazebo
[rosmaster.master][INFO] 2025-12-04 21:21:33,052: +PARAM [/gains/torso_lift_joint/i_clamp_min] by /gazebo
[rosmaster.master][INFO] 2025-12-04 21:21:33,052: +PARAM [/gains/torso_lift_joint/i_clamp_max] by /gazebo
[rosmaster.master][INFO] 2025-12-04 21:21:33,053: +PARAM [/gains/torso_lift_joint/antiwindup] by /gazebo
[rosmaster.master][INFO] 2025-12-04 21:21:33,057: +SERVICE [/gains/head_1_joint/set_parameters] /gazebo http://127.0.0.1:39377/
[rosmaster.master][INFO] 2025-12-04 21:21:33,057: +PUB [/gains/head_1_joint/parameter_descriptions] /gazebo http://127.0.0.1:39377/
[rosmaster.master][INFO] 2025-12-04 21:21:33,058: +PUB [/gains/head_1_joint/parameter_updates] /gazebo http://127.0.0.1:39377/
[rosmaster.master][INFO] 2025-12-04 21:21:33,060: +PARAM [/gains/head_1_joint/p] by /gazebo
[rosmaster.master][INFO] 2025-12-04 21:21:33,060: +PARAM [/gains/head_1_joint/i] by /gazebo
[rosmaster.master][INFO] 2025-12-04 21:21:33,060: +PARAM [/gains/head_1_joint/d] by /gazebo
[rosmaster.master][INFO] 2025-12-04 21:21:33,061: +PARAM [/gains/head_1_joint/i_clamp_min] by /gazebo
[rosmaster.master][INFO] 2025-12-04 21:21:33,061: +PARAM [/gains/head_1_joint/i_clamp_max] by /gazebo
[rosmaster.master][INFO] 2025-12-04 21:21:33,062: +PARAM [/gains/head_1_joint/antiwindup] by /gazebo
[rosmaster.master][INFO] 2025-12-04 21:21:33,062: +PARAM [/gains/head_1_joint/p] by /gazebo
[rosmaster.master][INFO] 2025-12-04 21:21:33,062: +PARAM [/gains/head_1_joint/i] by /gazebo
[rosmaster.master][INFO] 2025-12-04 21:21:33,063: +PARAM [/gains/head_1_joint/d] by /gazebo
[rosmaster.master][INFO] 2025-12-04 21:21:33,063: +PARAM [/gains/head_1_joint/i_clamp_min] by /gazebo
[rosmaster.master][INFO] 2025-12-04 21:21:33,063: +PARAM [/gains/head_1_joint/i_clamp_max] by /gazebo
[rosmaster.master][INFO] 2025-12-04 21:21:33,064: +PARAM [/gains/head_1_joint/antiwindup] by /gazebo
[rosmaster.master][INFO] 2025-12-04 21:21:33,064: +PARAM [/gains/head_1_joint/p] by /gazebo
[rosmaster.master][INFO] 2025-12-04 21:21:33,065: +PARAM [/gains/head_1_joint/i] by /gazebo
[rosmaster.master][INFO] 2025-12-04 21:21:33,065: +PARAM [/gains/head_1_joint/d] by /gazebo
[rosmaster.master][INFO] 2025-12-04 21:21:33,065: +PARAM [/gains/head_1_joint/i_clamp_min] by /gazebo
[rosmaster.master][INFO] 2025-12-04 21:21:33,066: +PARAM [/gains/head_1_joint/i_clamp_max] by /gazebo
[rosmaster.master][INFO] 2025-12-04 21:21:33,066: +PARAM [/gains/head_1_joint/antiwindup] by /gazebo
[rosmaster.master][INFO] 2025-12-04 21:21:33,067: +PARAM [/gains/head_1_joint/p] by /gazebo
[rosmaster.master][INFO] 2025-12-04 21:21:33,067: +PARAM [/gains/head_1_joint/i] by /gazebo
[rosmaster.master][INFO] 2025-12-04 21:21:33,068: +PARAM [/gains/head_1_joint/d] by /gazebo
[rosmaster.master][INFO] 2025-12-04 21:21:33,068: +PARAM [/gains/head_1_joint/i_clamp_min] by /gazebo
[rosmaster.master][INFO] 2025-12-04 21:21:33,068: +PARAM [/gains/head_1_joint/i_clamp_max] by /gazebo
[rosmaster.master][INFO] 2025-12-04 21:21:33,069: +PARAM [/gains/head_1_joint/antiwindup] by /gazebo
[rosmaster.master][INFO] 2025-12-04 21:21:33,073: +SERVICE [/gains/head_2_joint/set_parameters] /gazebo http://127.0.0.1:39377/
[rosmaster.master][INFO] 2025-12-04 21:21:33,074: +PUB [/gains/head_2_joint/parameter_descriptions] /gazebo http://127.0.0.1:39377/
[rosmaster.master][INFO] 2025-12-04 21:21:33,075: +PUB [/gains/head_2_joint/parameter_updates] /gazebo http://127.0.0.1:39377/
[rosmaster.master][INFO] 2025-12-04 21:21:33,077: +PARAM [/gains/head_2_joint/p] by /gazebo
[rosmaster.master][INFO] 2025-12-04 21:21:33,079: +PARAM [/gains/head_2_joint/i] by /gazebo
[rosmaster.master][INFO] 2025-12-04 21:21:33,080: +PARAM [/gains/head_2_joint/d] by /gazebo
[rosmaster.master][INFO] 2025-12-04 21:21:33,080: +PARAM [/gains/head_2_joint/i_clamp_min] by /gazebo
[rosmaster.master][INFO] 2025-12-04 21:21:33,081: +PARAM [/gains/head_2_joint/i_clamp_max] by /gazebo
[rosmaster.master][INFO] 2025-12-04 21:21:33,081: +PARAM [/gains/head_2_joint/antiwindup] by /gazebo
[rosmaster.master][INFO] 2025-12-04 21:21:33,081: +PARAM [/gains/head_2_joint/p] by /gazebo
[rosmaster.master][INFO] 2025-12-04 21:21:33,082: +PARAM [/gains/head_2_joint/i] by /gazebo
[rosmaster.master][INFO] 2025-12-04 21:21:33,082: +PARAM [/gains/head_2_joint/d] by /gazebo
[rosmaster.master][INFO] 2025-12-04 21:21:33,083: +PARAM [/gains/head_2_joint/i_clamp_min] by /gazebo
[rosmaster.master][INFO] 2025-12-04 21:21:33,083: +PARAM [/gains/head_2_joint/i_clamp_max] by /gazebo
[rosmaster.master][INFO] 2025-12-04 21:21:33,084: +PARAM [/gains/head_2_joint/antiwindup] by /gazebo
[rosmaster.master][INFO] 2025-12-04 21:21:33,084: +PARAM [/gains/head_2_joint/p] by /gazebo
[rosmaster.master][INFO] 2025-12-04 21:21:33,085: +PARAM [/gains/head_2_joint/i] by /gazebo
[rosmaster.master][INFO] 2025-12-04 21:21:33,085: +PARAM [/gains/head_2_joint/d] by /gazebo
[rosmaster.master][INFO] 2025-12-04 21:21:33,086: +PARAM [/gains/head_2_joint/i_clamp_min] by /gazebo
[rosmaster.master][INFO] 2025-12-04 21:21:33,086: +PARAM [/gains/head_2_joint/i_clamp_max] by /gazebo
[rosmaster.master][INFO] 2025-12-04 21:21:33,086: +PARAM [/gains/head_2_joint/antiwindup] by /gazebo
[rosmaster.master][INFO] 2025-12-04 21:21:33,087: +PARAM [/gains/head_2_joint/p] by /gazebo
[rosmaster.master][INFO] 2025-12-04 21:21:33,087: +PARAM [/gains/head_2_joint/i] by /gazebo
[rosmaster.master][INFO] 2025-12-04 21:21:33,088: +PARAM [/gains/head_2_joint/d] by /gazebo
[rosmaster.master][INFO] 2025-12-04 21:21:33,088: +PARAM [/gains/head_2_joint/i_clamp_min] by /gazebo
[rosmaster.master][INFO] 2025-12-04 21:21:33,089: +PARAM [/gains/head_2_joint/i_clamp_max] by /gazebo
[rosmaster.master][INFO] 2025-12-04 21:21:33,089: +PARAM [/gains/head_2_joint/antiwindup] by /gazebo
[rosmaster.master][INFO] 2025-12-04 21:21:33,092: +SERVICE [/gains/arm_5_joint/set_parameters] /gazebo http://127.0.0.1:39377/
[rosmaster.master][INFO] 2025-12-04 21:21:33,093: +PUB [/gains/arm_5_joint/parameter_descriptions] /gazebo http://127.0.0.1:39377/
[rosmaster.master][INFO] 2025-12-04 21:21:33,093: +PUB [/gains/arm_5_joint/parameter_updates] /gazebo http://127.0.0.1:39377/
[rosmaster.master][INFO] 2025-12-04 21:21:33,095: +PARAM [/gains/arm_5_joint/p] by /gazebo
[rosmaster.master][INFO] 2025-12-04 21:21:33,095: +PARAM [/gains/arm_5_joint/i] by /gazebo
[rosmaster.master][INFO] 2025-12-04 21:21:33,096: +PARAM [/gains/arm_5_joint/d] by /gazebo
[rosmaster.master][INFO] 2025-12-04 21:21:33,096: +PARAM [/gains/arm_5_joint/i_clamp_min] by /gazebo
[rosmaster.master][INFO] 2025-12-04 21:21:33,097: +PARAM [/gains/arm_5_joint/i_clamp_max] by /gazebo
[rosmaster.master][INFO] 2025-12-04 21:21:33,097: +PARAM [/gains/arm_5_joint/antiwindup] by /gazebo
[rosmaster.master][INFO] 2025-12-04 21:21:33,097: +PARAM [/gains/arm_5_joint/p] by /gazebo
[rosmaster.master][INFO] 2025-12-04 21:21:33,098: +PARAM [/gains/arm_5_joint/i] by /gazebo
[rosmaster.master][INFO] 2025-12-04 21:21:33,098: +PARAM [/gains/arm_5_joint/d] by /gazebo
[rosmaster.master][INFO] 2025-12-04 21:21:33,099: +PARAM [/gains/arm_5_joint/i_clamp_min] by /gazebo
[rosmaster.master][INFO] 2025-12-04 21:21:33,099: +PARAM [/gains/arm_5_joint/i_clamp_max] by /gazebo
[rosmaster.master][INFO] 2025-12-04 21:21:33,099: +PARAM [/gains/arm_5_joint/antiwindup] by /gazebo
[rosmaster.master][INFO] 2025-12-04 21:21:33,100: +PARAM [/gains/arm_5_joint/p] by /gazebo
[rosmaster.master][INFO] 2025-12-04 21:21:33,100: +PARAM [/gains/arm_5_joint/i] by /gazebo
[rosmaster.master][INFO] 2025-12-04 21:21:33,101: +PARAM [/gains/arm_5_joint/d] by /gazebo
[rosmaster.master][INFO] 2025-12-04 21:21:33,101: +PARAM [/gains/arm_5_joint/i_clamp_min] by /gazebo
[rosmaster.master][INFO] 2025-12-04 21:21:33,101: +PARAM [/gains/arm_5_joint/i_clamp_max] by /gazebo
[rosmaster.master][INFO] 2025-12-04 21:21:33,102: +PARAM [/gains/arm_5_joint/antiwindup] by /gazebo
[rosmaster.master][INFO] 2025-12-04 21:21:33,102: +PARAM [/gains/arm_5_joint/p] by /gazebo
[rosmaster.master][INFO] 2025-12-04 21:21:33,103: +PARAM [/gains/arm_5_joint/i] by /gazebo
[rosmaster.master][INFO] 2025-12-04 21:21:33,103: +PARAM [/gains/arm_5_joint/d] by /gazebo
[rosmaster.master][INFO] 2025-12-04 21:21:33,103: +PARAM [/gains/arm_5_joint/i_clamp_min] by /gazebo
[rosmaster.master][INFO] 2025-12-04 21:21:33,104: +PARAM [/gains/arm_5_joint/i_clamp_max] by /gazebo
[rosmaster.master][INFO] 2025-12-04 21:21:33,104: +PARAM [/gains/arm_5_joint/antiwindup] by /gazebo
[rosmaster.master][INFO] 2025-12-04 21:21:33,107: +SERVICE [/gains/arm_6_joint/set_parameters] /gazebo http://127.0.0.1:39377/
[rosmaster.master][INFO] 2025-12-04 21:21:33,108: +PUB [/gains/arm_6_joint/parameter_descriptions] /gazebo http://127.0.0.1:39377/
[rosmaster.master][INFO] 2025-12-04 21:21:33,108: +PUB [/gains/arm_6_joint/parameter_updates] /gazebo http://127.0.0.1:39377/
[rosmaster.master][INFO] 2025-12-04 21:21:33,110: +PARAM [/gains/arm_6_joint/p] by /gazebo
[rosmaster.master][INFO] 2025-12-04 21:21:33,110: +PARAM [/gains/arm_6_joint/i] by /gazebo
[rosmaster.master][INFO] 2025-12-04 21:21:33,111: +PARAM [/gains/arm_6_joint/d] by /gazebo
[rosmaster.master][INFO] 2025-12-04 21:21:33,111: +PARAM [/gains/arm_6_joint/i_clamp_min] by /gazebo
[rosmaster.master][INFO] 2025-12-04 21:21:33,111: +PARAM [/gains/arm_6_joint/i_clamp_max] by /gazebo
[rosmaster.master][INFO] 2025-12-04 21:21:33,112: +PARAM [/gains/arm_6_joint/antiwindup] by /gazebo
[rosmaster.master][INFO] 2025-12-04 21:21:33,112: +PARAM [/gains/arm_6_joint/p] by /gazebo
[rosmaster.master][INFO] 2025-12-04 21:21:33,113: +PARAM [/gains/arm_6_joint/i] by /gazebo
[rosmaster.master][INFO] 2025-12-04 21:21:33,113: +PARAM [/gains/arm_6_joint/d] by /gazebo
[rosmaster.master][INFO] 2025-12-04 21:21:33,114: +PARAM [/gains/arm_6_joint/i_clamp_min] by /gazebo
[rosmaster.master][INFO] 2025-12-04 21:21:33,114: +PARAM [/gains/arm_6_joint/i_clamp_max] by /gazebo
[rosmaster.master][INFO] 2025-12-04 21:21:33,114: +PARAM [/gains/arm_6_joint/antiwindup] by /gazebo
[rosmaster.master][INFO] 2025-12-04 21:21:33,115: +PARAM [/gains/arm_6_joint/p] by /gazebo
[rosmaster.master][INFO] 2025-12-04 21:21:33,115: +PARAM [/gains/arm_6_joint/i] by /gazebo
[rosmaster.master][INFO] 2025-12-04 21:21:33,116: +PARAM [/gains/arm_6_joint/d] by /gazebo
[rosmaster.master][INFO] 2025-12-04 21:21:33,116: +PARAM [/gains/arm_6_joint/i_clamp_min] by /gazebo
[rosmaster.master][INFO] 2025-12-04 21:21:33,117: +PARAM [/gains/arm_6_joint/i_clamp_max] by /gazebo
[rosmaster.master][INFO] 2025-12-04 21:21:33,117: +PARAM [/gains/arm_6_joint/antiwindup] by /gazebo
[rosmaster.master][INFO] 2025-12-04 21:21:33,117: +PARAM [/gains/arm_6_joint/p] by /gazebo
[rosmaster.master][INFO] 2025-12-04 21:21:33,118: +PARAM [/gains/arm_6_joint/i] by /gazebo
[rosmaster.master][INFO] 2025-12-04 21:21:33,118: +PARAM [/gains/arm_6_joint/d] by /gazebo
[rosmaster.master][INFO] 2025-12-04 21:21:33,118: +PARAM [/gains/arm_6_joint/i_clamp_min] by /gazebo
[rosmaster.master][INFO] 2025-12-04 21:21:33,119: +PARAM [/gains/arm_6_joint/i_clamp_max] by /gazebo
[rosmaster.master][INFO] 2025-12-04 21:21:33,119: +PARAM [/gains/arm_6_joint/antiwindup] by /gazebo
[rosmaster.master][INFO] 2025-12-04 21:21:33,123: +SERVICE [/gains/arm_7_joint/set_parameters] /gazebo http://127.0.0.1:39377/
[rosmaster.master][INFO] 2025-12-04 21:21:33,123: +PUB [/gains/arm_7_joint/parameter_descriptions] /gazebo http://127.0.0.1:39377/
[rosmaster.master][INFO] 2025-12-04 21:21:33,124: +PUB [/gains/arm_7_joint/parameter_updates] /gazebo http://127.0.0.1:39377/
[rosmaster.master][INFO] 2025-12-04 21:21:33,126: +PARAM [/gains/arm_7_joint/p] by /gazebo
[rosmaster.master][INFO] 2025-12-04 21:21:33,127: +PARAM [/gains/arm_7_joint/i] by /gazebo
[rosmaster.master][INFO] 2025-12-04 21:21:33,127: +PARAM [/gains/arm_7_joint/d] by /gazebo
[rosmaster.master][INFO] 2025-12-04 21:21:33,127: +PARAM [/gains/arm_7_joint/i_clamp_min] by /gazebo
[rosmaster.master][INFO] 2025-12-04 21:21:33,128: +PARAM [/gains/arm_7_joint/i_clamp_max] by /gazebo
[rosmaster.master][INFO] 2025-12-04 21:21:33,128: +PARAM [/gains/arm_7_joint/antiwindup] by /gazebo
[rosmaster.master][INFO] 2025-12-04 21:21:33,129: +PARAM [/gains/arm_7_joint/p] by /gazebo
[rosmaster.master][INFO] 2025-12-04 21:21:33,129: +PARAM [/gains/arm_7_joint/i] by /gazebo
[rosmaster.master][INFO] 2025-12-04 21:21:33,129: +PARAM [/gains/arm_7_joint/d] by /gazebo
[rosmaster.master][INFO] 2025-12-04 21:21:33,130: +PARAM [/gains/arm_7_joint/i_clamp_min] by /gazebo
[rosmaster.master][INFO] 2025-12-04 21:21:33,130: +PARAM [/gains/arm_7_joint/i_clamp_max] by /gazebo
[rosmaster.master][INFO] 2025-12-04 21:21:33,130: +PARAM [/gains/arm_7_joint/antiwindup] by /gazebo
[rosmaster.master][INFO] 2025-12-04 21:21:33,131: +PARAM [/gains/arm_7_joint/p] by /gazebo
[rosmaster.master][INFO] 2025-12-04 21:21:33,131: +PARAM [/gains/arm_7_joint/i] by /gazebo
[rosmaster.master][INFO] 2025-12-04 21:21:33,132: +PARAM [/gains/arm_7_joint/d] by /gazebo
[rosmaster.master][INFO] 2025-12-04 21:21:33,132: +PARAM [/gains/arm_7_joint/i_clamp_min] by /gazebo
[rosmaster.master][INFO] 2025-12-04 21:21:33,132: +PARAM [/gains/arm_7_joint/i_clamp_max] by /gazebo
[rosmaster.master][INFO] 2025-12-04 21:21:33,133: +PARAM [/gains/arm_7_joint/antiwindup] by /gazebo
[rosmaster.master][INFO] 2025-12-04 21:21:33,133: +PARAM [/gains/arm_7_joint/p] by /gazebo
[rosmaster.master][INFO] 2025-12-04 21:21:33,133: +PARAM [/gains/arm_7_joint/i] by /gazebo
[rosmaster.master][INFO] 2025-12-04 21:21:33,134: +PARAM [/gains/arm_7_joint/d] by /gazebo
[rosmaster.master][INFO] 2025-12-04 21:21:33,134: +PARAM [/gains/arm_7_joint/i_clamp_min] by /gazebo
[rosmaster.master][INFO] 2025-12-04 21:21:33,135: +PARAM [/gains/arm_7_joint/i_clamp_max] by /gazebo
[rosmaster.master][INFO] 2025-12-04 21:21:33,135: +PARAM [/gains/arm_7_joint/antiwindup] by /gazebo
[rosmaster.master][INFO] 2025-12-04 21:21:33,138: +SERVICE [/gains/arm_1_joint/set_parameters] /gazebo http://127.0.0.1:39377/
[rosmaster.master][INFO] 2025-12-04 21:21:33,139: +PUB [/gains/arm_1_joint/parameter_descriptions] /gazebo http://127.0.0.1:39377/
[rosmaster.master][INFO] 2025-12-04 21:21:33,139: +PUB [/gains/arm_1_joint/parameter_updates] /gazebo http://127.0.0.1:39377/
[rosmaster.master][INFO] 2025-12-04 21:21:33,141: +PARAM [/gains/arm_1_joint/p] by /gazebo
[rosmaster.master][INFO] 2025-12-04 21:21:33,141: +PARAM [/gains/arm_1_joint/i] by /gazebo
[rosmaster.master][INFO] 2025-12-04 21:21:33,142: +PARAM [/gains/arm_1_joint/d] by /gazebo
[rosmaster.master][INFO] 2025-12-04 21:21:33,142: +PARAM [/gains/arm_1_joint/i_clamp_min] by /gazebo
[rosmaster.master][INFO] 2025-12-04 21:21:33,143: +PARAM [/gains/arm_1_joint/i_clamp_max] by /gazebo
[rosmaster.master][INFO] 2025-12-04 21:21:33,143: +PARAM [/gains/arm_1_joint/antiwindup] by /gazebo
[rosmaster.master][INFO] 2025-12-04 21:21:33,143: +PARAM [/gains/arm_1_joint/p] by /gazebo
[rosmaster.master][INFO] 2025-12-04 21:21:33,144: +PARAM [/gains/arm_1_joint/i] by /gazebo
[rosmaster.master][INFO] 2025-12-04 21:21:33,144: +PARAM [/gains/arm_1_joint/d] by /gazebo
[rosmaster.master][INFO] 2025-12-04 21:21:33,144: +PARAM [/gains/arm_1_joint/i_clamp_min] by /gazebo
[rosmaster.master][INFO] 2025-12-04 21:21:33,145: +PARAM [/gains/arm_1_joint/i_clamp_max] by /gazebo
[rosmaster.master][INFO] 2025-12-04 21:21:33,145: +PARAM [/gains/arm_1_joint/antiwindup] by /gazebo
[rosmaster.master][INFO] 2025-12-04 21:21:33,146: +PARAM [/gains/arm_1_joint/p] by /gazebo
[rosmaster.master][INFO] 2025-12-04 21:21:33,146: +PARAM [/gains/arm_1_joint/i] by /gazebo
[rosmaster.master][INFO] 2025-12-04 21:21:33,146: +PARAM [/gains/arm_1_joint/d] by /gazebo
[rosmaster.master][INFO] 2025-12-04 21:21:33,147: +PARAM [/gains/arm_1_joint/i_clamp_min] by /gazebo
[rosmaster.master][INFO] 2025-12-04 21:21:33,147: +PARAM [/gains/arm_1_joint/i_clamp_max] by /gazebo
[rosmaster.master][INFO] 2025-12-04 21:21:33,147: +PARAM [/gains/arm_1_joint/antiwindup] by /gazebo
[rosmaster.master][INFO] 2025-12-04 21:21:33,148: +PARAM [/gains/arm_1_joint/p] by /gazebo
[rosmaster.master][INFO] 2025-12-04 21:21:33,148: +PARAM [/gains/arm_1_joint/i] by /gazebo
[rosmaster.master][INFO] 2025-12-04 21:21:33,149: +PARAM [/gains/arm_1_joint/d] by /gazebo
[rosmaster.master][INFO] 2025-12-04 21:21:33,149: +PARAM [/gains/arm_1_joint/i_clamp_min] by /gazebo
[rosmaster.master][INFO] 2025-12-04 21:21:33,150: +PARAM [/gains/arm_1_joint/i_clamp_max] by /gazebo
[rosmaster.master][INFO] 2025-12-04 21:21:33,150: +PARAM [/gains/arm_1_joint/antiwindup] by /gazebo
[rosmaster.master][INFO] 2025-12-04 21:21:33,153: +SERVICE [/gains/arm_2_joint/set_parameters] /gazebo http://127.0.0.1:39377/
[rosmaster.master][INFO] 2025-12-04 21:21:33,154: +PUB [/gains/arm_2_joint/parameter_descriptions] /gazebo http://127.0.0.1:39377/
[rosmaster.master][INFO] 2025-12-04 21:21:33,154: +PUB [/gains/arm_2_joint/parameter_updates] /gazebo http://127.0.0.1:39377/
[rosmaster.master][INFO] 2025-12-04 21:21:33,156: +PARAM [/gains/arm_2_joint/p] by /gazebo
[rosmaster.master][INFO] 2025-12-04 21:21:33,156: +PARAM [/gains/arm_2_joint/i] by /gazebo
[rosmaster.master][INFO] 2025-12-04 21:21:33,157: +PARAM [/gains/arm_2_joint/d] by /gazebo
[rosmaster.master][INFO] 2025-12-04 21:21:33,157: +PARAM [/gains/arm_2_joint/i_clamp_min] by /gazebo
[rosmaster.master][INFO] 2025-12-04 21:21:33,157: +PARAM [/gains/arm_2_joint/i_clamp_max] by /gazebo
[rosmaster.master][INFO] 2025-12-04 21:21:33,158: +PARAM [/gains/arm_2_joint/antiwindup] by /gazebo
[rosmaster.master][INFO] 2025-12-04 21:21:33,158: +PARAM [/gains/arm_2_joint/p] by /gazebo
[rosmaster.master][INFO] 2025-12-04 21:21:33,158: +PARAM [/gains/arm_2_joint/i] by /gazebo
[rosmaster.master][INFO] 2025-12-04 21:21:33,159: +PARAM [/gains/arm_2_joint/d] by /gazebo
[rosmaster.master][INFO] 2025-12-04 21:21:33,159: +PARAM [/gains/arm_2_joint/i_clamp_min] by /gazebo
[rosmaster.master][INFO] 2025-12-04 21:21:33,160: +PARAM [/gains/arm_2_joint/i_clamp_max] by /gazebo
[rosmaster.master][INFO] 2025-12-04 21:21:33,160: +PARAM [/gains/arm_2_joint/antiwindup] by /gazebo
[rosmaster.master][INFO] 2025-12-04 21:21:33,160: +PARAM [/gains/arm_2_joint/p] by /gazebo
[rosmaster.master][INFO] 2025-12-04 21:21:33,161: +PARAM [/gains/arm_2_joint/i] by /gazebo
[rosmaster.master][INFO] 2025-12-04 21:21:33,161: +PARAM [/gains/arm_2_joint/d] by /gazebo
[rosmaster.master][INFO] 2025-12-04 21:21:33,161: +PARAM [/gains/arm_2_joint/i_clamp_min] by /gazebo
[rosmaster.master][INFO] 2025-12-04 21:21:33,162: +PARAM [/gains/arm_2_joint/i_clamp_max] by /gazebo
[rosmaster.master][INFO] 2025-12-04 21:21:33,163: +PARAM [/gains/arm_2_joint/antiwindup] by /gazebo
[rosmaster.master][INFO] 2025-12-04 21:21:33,163: +PARAM [/gains/arm_2_joint/p] by /gazebo
[rosmaster.master][INFO] 2025-12-04 21:21:33,163: +PARAM [/gains/arm_2_joint/i] by /gazebo
[rosmaster.master][INFO] 2025-12-04 21:21:33,164: +PARAM [/gains/arm_2_joint/d] by /gazebo
[rosmaster.master][INFO] 2025-12-04 21:21:33,164: +PARAM [/gains/arm_2_joint/i_clamp_min] by /gazebo
[rosmaster.master][INFO] 2025-12-04 21:21:33,165: +PARAM [/gains/arm_2_joint/i_clamp_max] by /gazebo
[rosmaster.master][INFO] 2025-12-04 21:21:33,165: +PARAM [/gains/arm_2_joint/antiwindup] by /gazebo
[rosmaster.master][INFO] 2025-12-04 21:21:33,168: +SERVICE [/gains/arm_3_joint/set_parameters] /gazebo http://127.0.0.1:39377/
[rosmaster.master][INFO] 2025-12-04 21:21:33,169: +PUB [/gains/arm_3_joint/parameter_descriptions] /gazebo http://127.0.0.1:39377/
[rosmaster.master][INFO] 2025-12-04 21:21:33,169: +PUB [/gains/arm_3_joint/parameter_updates] /gazebo http://127.0.0.1:39377/
[rosmaster.master][INFO] 2025-12-04 21:21:33,171: +PARAM [/gains/arm_3_joint/p] by /gazebo
[rosmaster.master][INFO] 2025-12-04 21:21:33,171: +PARAM [/gains/arm_3_joint/i] by /gazebo
[rosmaster.master][INFO] 2025-12-04 21:21:33,172: +PARAM [/gains/arm_3_joint/d] by /gazebo
[rosmaster.master][INFO] 2025-12-04 21:21:33,172: +PARAM [/gains/arm_3_joint/i_clamp_min] by /gazebo
[rosmaster.master][INFO] 2025-12-04 21:21:33,173: +PARAM [/gains/arm_3_joint/i_clamp_max] by /gazebo
[rosmaster.master][INFO] 2025-12-04 21:21:33,173: +PARAM [/gains/arm_3_joint/antiwindup] by /gazebo
[rosmaster.master][INFO] 2025-12-04 21:21:33,173: +PARAM [/gains/arm_3_joint/p] by /gazebo
[rosmaster.master][INFO] 2025-12-04 21:21:33,174: +PARAM [/gains/arm_3_joint/i] by /gazebo
[rosmaster.master][INFO] 2025-12-04 21:21:33,174: +PARAM [/gains/arm_3_joint/d] by /gazebo
[rosmaster.master][INFO] 2025-12-04 21:21:33,174: +PARAM [/gains/arm_3_joint/i_clamp_min] by /gazebo
[rosmaster.master][INFO] 2025-12-04 21:21:33,174: +PARAM [/gains/arm_3_joint/i_clamp_max] by /gazebo
[rosmaster.master][INFO] 2025-12-04 21:21:33,175: +PARAM [/gains/arm_3_joint/antiwindup] by /gazebo
[rosmaster.master][INFO] 2025-12-04 21:21:33,175: +PARAM [/gains/arm_3_joint/p] by /gazebo
[rosmaster.master][INFO] 2025-12-04 21:21:33,176: +PARAM [/gains/arm_3_joint/i] by /gazebo
[rosmaster.master][INFO] 2025-12-04 21:21:33,176: +PARAM [/gains/arm_3_joint/d] by /gazebo
[rosmaster.master][INFO] 2025-12-04 21:21:33,176: +PARAM [/gains/arm_3_joint/i_clamp_min] by /gazebo
[rosmaster.master][INFO] 2025-12-04 21:21:33,176: +PARAM [/gains/arm_3_joint/i_clamp_max] by /gazebo
[rosmaster.master][INFO] 2025-12-04 21:21:33,177: +PARAM [/gains/arm_3_joint/antiwindup] by /gazebo
[rosmaster.master][INFO] 2025-12-04 21:21:33,177: +PARAM [/gains/arm_3_joint/p] by /gazebo
[rosmaster.master][INFO] 2025-12-04 21:21:33,178: +PARAM [/gains/arm_3_joint/i] by /gazebo
[rosmaster.master][INFO] 2025-12-04 21:21:33,178: +PARAM [/gains/arm_3_joint/d] by /gazebo
[rosmaster.master][INFO] 2025-12-04 21:21:33,178: +PARAM [/gains/arm_3_joint/i_clamp_min] by /gazebo
[rosmaster.master][INFO] 2025-12-04 21:21:33,179: +PARAM [/gains/arm_3_joint/i_clamp_max] by /gazebo
[rosmaster.master][INFO] 2025-12-04 21:21:33,179: +PARAM [/gains/arm_3_joint/antiwindup] by /gazebo
[rosmaster.master][INFO] 2025-12-04 21:21:33,183: +SERVICE [/gains/arm_4_joint/set_parameters] /gazebo http://127.0.0.1:39377/
[rosmaster.master][INFO] 2025-12-04 21:21:33,183: +PUB [/gains/arm_4_joint/parameter_descriptions] /gazebo http://127.0.0.1:39377/
[rosmaster.master][INFO] 2025-12-04 21:21:33,184: +PUB [/gains/arm_4_joint/parameter_updates] /gazebo http://127.0.0.1:39377/
[rosmaster.master][INFO] 2025-12-04 21:21:33,186: +PARAM [/gains/arm_4_joint/p] by /gazebo
[rosmaster.master][INFO] 2025-12-04 21:21:33,186: +PARAM [/gains/arm_4_joint/i] by /gazebo
[rosmaster.master][INFO] 2025-12-04 21:21:33,187: +PARAM [/gains/arm_4_joint/d] by /gazebo
[rosmaster.master][INFO] 2025-12-04 21:21:33,187: +PARAM [/gains/arm_4_joint/i_clamp_min] by /gazebo
[rosmaster.master][INFO] 2025-12-04 21:21:33,188: +PARAM [/gains/arm_4_joint/i_clamp_max] by /gazebo
[rosmaster.master][INFO] 2025-12-04 21:21:33,188: +PARAM [/gains/arm_4_joint/antiwindup] by /gazebo
[rosmaster.master][INFO] 2025-12-04 21:21:33,188: +PARAM [/gains/arm_4_joint/p] by /gazebo
[rosmaster.master][INFO] 2025-12-04 21:21:33,189: +PARAM [/gains/arm_4_joint/i] by /gazebo
[rosmaster.master][INFO] 2025-12-04 21:21:33,189: +PARAM [/gains/arm_4_joint/d] by /gazebo
[rosmaster.master][INFO] 2025-12-04 21:21:33,189: +PARAM [/gains/arm_4_joint/i_clamp_min] by /gazebo
[rosmaster.master][INFO] 2025-12-04 21:21:33,190: +PARAM [/gains/arm_4_joint/i_clamp_max] by /gazebo
[rosmaster.master][INFO] 2025-12-04 21:21:33,190: +PARAM [/gains/arm_4_joint/antiwindup] by /gazebo
[rosmaster.master][INFO] 2025-12-04 21:21:33,191: +PARAM [/gains/arm_4_joint/p] by /gazebo
[rosmaster.master][INFO] 2025-12-04 21:21:33,191: +PARAM [/gains/arm_4_joint/i] by /gazebo
[rosmaster.master][INFO] 2025-12-04 21:21:33,192: +PARAM [/gains/arm_4_joint/d] by /gazebo
[rosmaster.master][INFO] 2025-12-04 21:21:33,192: +PARAM [/gains/arm_4_joint/i_clamp_min] by /gazebo
[rosmaster.master][INFO] 2025-12-04 21:21:33,192: +PARAM [/gains/arm_4_joint/i_clamp_max] by /gazebo
[rosmaster.master][INFO] 2025-12-04 21:21:33,193: +PARAM [/gains/arm_4_joint/antiwindup] by /gazebo
[rosmaster.master][INFO] 2025-12-04 21:21:33,193: +PARAM [/gains/arm_4_joint/p] by /gazebo
[rosmaster.master][INFO] 2025-12-04 21:21:33,193: +PARAM [/gains/arm_4_joint/i] by /gazebo
[rosmaster.master][INFO] 2025-12-04 21:21:33,194: +PARAM [/gains/arm_4_joint/d] by /gazebo
[rosmaster.master][INFO] 2025-12-04 21:21:33,194: +PARAM [/gains/arm_4_joint/i_clamp_min] by /gazebo
[rosmaster.master][INFO] 2025-12-04 21:21:33,194: +PARAM [/gains/arm_4_joint/i_clamp_max] by /gazebo
[rosmaster.master][INFO] 2025-12-04 21:21:33,195: +PARAM [/gains/arm_4_joint/antiwindup] by /gazebo
[rosmaster.master][INFO] 2025-12-04 21:21:33,198: +SERVICE [/gains/hand_thumb_joint/set_parameters] /gazebo http://127.0.0.1:39377/
[rosmaster.master][INFO] 2025-12-04 21:21:33,198: +PUB [/gains/hand_thumb_joint/parameter_descriptions] /gazebo http://127.0.0.1:39377/
[rosmaster.master][INFO] 2025-12-04 21:21:33,199: +PUB [/gains/hand_thumb_joint/parameter_updates] /gazebo http://127.0.0.1:39377/
[rosmaster.master][INFO] 2025-12-04 21:21:33,200: +PARAM [/gains/hand_thumb_joint/p] by /gazebo
[rosmaster.master][INFO] 2025-12-04 21:21:33,201: +PARAM [/gains/hand_thumb_joint/i] by /gazebo
[rosmaster.master][INFO] 2025-12-04 21:21:33,201: +PARAM [/gains/hand_thumb_joint/d] by /gazebo
[rosmaster.master][INFO] 2025-12-04 21:21:33,201: +PARAM [/gains/hand_thumb_joint/i_clamp_min] by /gazebo
[rosmaster.master][INFO] 2025-12-04 21:21:33,202: +PARAM [/gains/hand_thumb_joint/i_clamp_max] by /gazebo
[rosmaster.master][INFO] 2025-12-04 21:21:33,202: +PARAM [/gains/hand_thumb_joint/antiwindup] by /gazebo
[rosmaster.master][INFO] 2025-12-04 21:21:33,202: +PARAM [/gains/hand_thumb_joint/p] by /gazebo
[rosmaster.master][INFO] 2025-12-04 21:21:33,203: +PARAM [/gains/hand_thumb_joint/i] by /gazebo
[rosmaster.master][INFO] 2025-12-04 21:21:33,203: +PARAM [/gains/hand_thumb_joint/d] by /gazebo
[rosmaster.master][INFO] 2025-12-04 21:21:33,203: +PARAM [/gains/hand_thumb_joint/i_clamp_min] by /gazebo
[rosmaster.master][INFO] 2025-12-04 21:21:33,204: +PARAM [/gains/hand_thumb_joint/i_clamp_max] by /gazebo
[rosmaster.master][INFO] 2025-12-04 21:21:33,204: +PARAM [/gains/hand_thumb_joint/antiwindup] by /gazebo
[rosmaster.master][INFO] 2025-12-04 21:21:33,205: +PARAM [/gains/hand_thumb_joint/p] by /gazebo
[rosmaster.master][INFO] 2025-12-04 21:21:33,205: +PARAM [/gains/hand_thumb_joint/i] by /gazebo
[rosmaster.master][INFO] 2025-12-04 21:21:33,205: +PARAM [/gains/hand_thumb_joint/d] by /gazebo
[rosmaster.master][INFO] 2025-12-04 21:21:33,206: +PARAM [/gains/hand_thumb_joint/i_clamp_min] by /gazebo
[rosmaster.master][INFO] 2025-12-04 21:21:33,206: +PARAM [/gains/hand_thumb_joint/i_clamp_max] by /gazebo
[rosmaster.master][INFO] 2025-12-04 21:21:33,207: +PARAM [/gains/hand_thumb_joint/antiwindup] by /gazebo
[rosmaster.master][INFO] 2025-12-04 21:21:33,207: +PARAM [/gains/hand_thumb_joint/p] by /gazebo
[rosmaster.master][INFO] 2025-12-04 21:21:33,207: +PARAM [/gains/hand_thumb_joint/i] by /gazebo
[rosmaster.master][INFO] 2025-12-04 21:21:33,208: +PARAM [/gains/hand_thumb_joint/d] by /gazebo
[rosmaster.master][INFO] 2025-12-04 21:21:33,208: +PARAM [/gains/hand_thumb_joint/i_clamp_min] by /gazebo
[rosmaster.master][INFO] 2025-12-04 21:21:33,208: +PARAM [/gains/hand_thumb_joint/i_clamp_max] by /gazebo
[rosmaster.master][INFO] 2025-12-04 21:21:33,209: +PARAM [/gains/hand_thumb_joint/antiwindup] by /gazebo
[rosmaster.master][INFO] 2025-12-04 21:21:33,212: +SERVICE [/gains/hand_index_joint/set_parameters] /gazebo http://127.0.0.1:39377/
[rosmaster.master][INFO] 2025-12-04 21:21:33,212: +PUB [/gains/hand_index_joint/parameter_descriptions] /gazebo http://127.0.0.1:39377/
[rosmaster.master][INFO] 2025-12-04 21:21:33,213: +PUB [/gains/hand_index_joint/parameter_updates] /gazebo http://127.0.0.1:39377/
[rosmaster.master][INFO] 2025-12-04 21:21:33,215: +PARAM [/gains/hand_index_joint/p] by /gazebo
[rosmaster.master][INFO] 2025-12-04 21:21:33,216: +PARAM [/gains/hand_index_joint/i] by /gazebo
[rosmaster.master][INFO] 2025-12-04 21:21:33,216: +PARAM [/gains/hand_index_joint/d] by /gazebo
[rosmaster.master][INFO] 2025-12-04 21:21:33,216: +PARAM [/gains/hand_index_joint/i_clamp_min] by /gazebo
[rosmaster.master][INFO] 2025-12-04 21:21:33,217: +PARAM [/gains/hand_index_joint/i_clamp_max] by /gazebo
[rosmaster.master][INFO] 2025-12-04 21:21:33,217: +PARAM [/gains/hand_index_joint/antiwindup] by /gazebo
[rosmaster.master][INFO] 2025-12-04 21:21:33,218: +PARAM [/gains/hand_index_joint/p] by /gazebo
[rosmaster.master][INFO] 2025-12-04 21:21:33,218: +PARAM [/gains/hand_index_joint/i] by /gazebo
[rosmaster.master][INFO] 2025-12-04 21:21:33,219: +PARAM [/gains/hand_index_joint/d] by /gazebo
[rosmaster.master][INFO] 2025-12-04 21:21:33,219: +PARAM [/gains/hand_index_joint/i_clamp_min] by /gazebo
[rosmaster.master][INFO] 2025-12-04 21:21:33,219: +PARAM [/gains/hand_index_joint/i_clamp_max] by /gazebo
[rosmaster.master][INFO] 2025-12-04 21:21:33,220: +PARAM [/gains/hand_index_joint/antiwindup] by /gazebo
[rosmaster.master][INFO] 2025-12-04 21:21:33,220: +PARAM [/gains/hand_index_joint/p] by /gazebo
[rosmaster.master][INFO] 2025-12-04 21:21:33,220: +PARAM [/gains/hand_index_joint/i] by /gazebo
[rosmaster.master][INFO] 2025-12-04 21:21:33,221: +PARAM [/gains/hand_index_joint/d] by /gazebo
[rosmaster.master][INFO] 2025-12-04 21:21:33,221: +PARAM [/gains/hand_index_joint/i_clamp_min] by /gazebo
[rosmaster.master][INFO] 2025-12-04 21:21:33,221: +PARAM [/gains/hand_index_joint/i_clamp_max] by /gazebo
[rosmaster.master][INFO] 2025-12-04 21:21:33,222: +PARAM [/gains/hand_index_joint/antiwindup] by /gazebo
[rosmaster.master][INFO] 2025-12-04 21:21:33,222: +PARAM [/gains/hand_index_joint/p] by /gazebo
[rosmaster.master][INFO] 2025-12-04 21:21:33,222: +PARAM [/gains/hand_index_joint/i] by /gazebo
[rosmaster.master][INFO] 2025-12-04 21:21:33,223: +PARAM [/gains/hand_index_joint/d] by /gazebo
[rosmaster.master][INFO] 2025-12-04 21:21:33,223: +PARAM [/gains/hand_index_joint/i_clamp_min] by /gazebo
[rosmaster.master][INFO] 2025-12-04 21:21:33,223: +PARAM [/gains/hand_index_joint/i_clamp_max] by /gazebo
[rosmaster.master][INFO] 2025-12-04 21:21:33,224: +PARAM [/gains/hand_index_joint/antiwindup] by /gazebo
[rosmaster.master][INFO] 2025-12-04 21:21:33,227: +SERVICE [/gains/hand_mrl_joint/set_parameters] /gazebo http://127.0.0.1:39377/
[rosmaster.master][INFO] 2025-12-04 21:21:33,227: +PUB [/gains/hand_mrl_joint/parameter_descriptions] /gazebo http://127.0.0.1:39377/
[rosmaster.master][INFO] 2025-12-04 21:21:33,228: +PUB [/gains/hand_mrl_joint/parameter_updates] /gazebo http://127.0.0.1:39377/
[rosmaster.master][INFO] 2025-12-04 21:21:33,229: +PARAM [/gains/hand_mrl_joint/p] by /gazebo
[rosmaster.master][INFO] 2025-12-04 21:21:33,230: +PARAM [/gains/hand_mrl_joint/i] by /gazebo
[rosmaster.master][INFO] 2025-12-04 21:21:33,230: +PARAM [/gains/hand_mrl_joint/d] by /gazebo
[rosmaster.master][INFO] 2025-12-04 21:21:33,230: +PARAM [/gains/hand_mrl_joint/i_clamp_min] by /gazebo
[rosmaster.master][INFO] 2025-12-04 21:21:33,231: +PARAM [/gains/hand_mrl_joint/i_clamp_max] by /gazebo
[rosmaster.master][INFO] 2025-12-04 21:21:33,231: +PARAM [/gains/hand_mrl_joint/antiwindup] by /gazebo
[rosmaster.master][INFO] 2025-12-04 21:21:33,231: +PARAM [/gains/hand_mrl_joint/p] by /gazebo
[rosmaster.master][INFO] 2025-12-04 21:21:33,232: +PARAM [/gains/hand_mrl_joint/i] by /gazebo
[rosmaster.master][INFO] 2025-12-04 21:21:33,232: +PARAM [/gains/hand_mrl_joint/d] by /gazebo
[rosmaster.master][INFO] 2025-12-04 21:21:33,233: +PARAM [/gains/hand_mrl_joint/i_clamp_min] by /gazebo
[rosmaster.master][INFO] 2025-12-04 21:21:33,233: +PARAM [/gains/hand_mrl_joint/i_clamp_max] by /gazebo
[rosmaster.master][INFO] 2025-12-04 21:21:33,233: +PARAM [/gains/hand_mrl_joint/antiwindup] by /gazebo
[rosmaster.master][INFO] 2025-12-04 21:21:33,234: +PARAM [/gains/hand_mrl_joint/p] by /gazebo
[rosmaster.master][INFO] 2025-12-04 21:21:33,234: +PARAM [/gains/hand_mrl_joint/i] by /gazebo
[rosmaster.master][INFO] 2025-12-04 21:21:33,234: +PARAM [/gains/hand_mrl_joint/d] by /gazebo
[rosmaster.master][INFO] 2025-12-04 21:21:33,235: +PARAM [/gains/hand_mrl_joint/i_clamp_min] by /gazebo
[rosmaster.master][INFO] 2025-12-04 21:21:33,235: +PARAM [/gains/hand_mrl_joint/i_clamp_max] by /gazebo
[rosmaster.master][INFO] 2025-12-04 21:21:33,235: +PARAM [/gains/hand_mrl_joint/antiwindup] by /gazebo
[rosmaster.master][INFO] 2025-12-04 21:21:33,236: +PARAM [/gains/hand_mrl_joint/p] by /gazebo
[rosmaster.master][INFO] 2025-12-04 21:21:33,236: +PARAM [/gains/hand_mrl_joint/i] by /gazebo
[rosmaster.master][INFO] 2025-12-04 21:21:33,236: +PARAM [/gains/hand_mrl_joint/d] by /gazebo
[rosmaster.master][INFO] 2025-12-04 21:21:33,237: +PARAM [/gains/hand_mrl_joint/i_clamp_min] by /gazebo
[rosmaster.master][INFO] 2025-12-04 21:21:33,237: +PARAM [/gains/hand_mrl_joint/i_clamp_max] by /gazebo
[rosmaster.master][INFO] 2025-12-04 21:21:33,237: +PARAM [/gains/hand_mrl_joint/antiwindup] by /gazebo
[rosmaster.master][INFO] 2025-12-04 21:21:33,253: +SERVICE [/controller_manager/list_controllers] /gazebo http://127.0.0.1:39377/
[rosmaster.master][INFO] 2025-12-04 21:21:33,256: +SERVICE [/controller_manager/list_controller_types] /gazebo http://127.0.0.1:39377/
[rosmaster.master][INFO] 2025-12-04 21:21:33,257: +SERVICE [/controller_manager/load_controller] /gazebo http://127.0.0.1:39377/
[rosmaster.master][INFO] 2025-12-04 21:21:33,258: +SERVICE [/controller_manager/unload_controller] /gazebo http://127.0.0.1:39377/
[rosmaster.master][INFO] 2025-12-04 21:21:33,259: +SERVICE [/controller_manager/switch_controller] /gazebo http://127.0.0.1:39377/
[rosmaster.master][INFO] 2025-12-04 21:21:33,259: +SERVICE [/controller_manager/reload_controller_libraries] /gazebo http://127.0.0.1:39377/
[rosmaster.master][INFO] 2025-12-04 21:21:33,276: +PUB [/ground_truth_odom] /gazebo http://127.0.0.1:39377/
[rosmaster.master][INFO] 2025-12-04 21:21:33,298: +PUB [/gazebo/world_odometry/parameter_descriptions] /gazebo http://127.0.0.1:39377/
[rosmaster.master][INFO] 2025-12-04 21:21:33,299: +PUB [/gazebo/world_odometry/parameter_updates] /gazebo http://127.0.0.1:39377/
[rosmaster.master][INFO] 2025-12-04 21:21:33,300: +SERVICE [/gazebo/world_odometry/set_parameters] /gazebo http://127.0.0.1:39377/
[rosmaster.master][INFO] 2025-12-04 21:21:33,302: +PUB [/floating_base_pose_simulated] /gazebo http://127.0.0.1:39377/
[rosmaster.master][INFO] 2025-12-04 21:21:33,318: +SERVICE [/gains/hand_thumb_abd_joint/set_parameters] /gazebo http://127.0.0.1:39377/
[rosmaster.master][INFO] 2025-12-04 21:21:33,319: +PUB [/gains/hand_thumb_abd_joint/parameter_descriptions] /gazebo http://127.0.0.1:39377/
[rosmaster.master][INFO] 2025-12-04 21:21:33,320: +PUB [/gains/hand_thumb_abd_joint/parameter_updates] /gazebo http://127.0.0.1:39377/
[rosmaster.master][INFO] 2025-12-04 21:21:33,323: +PARAM [/gains/hand_thumb_abd_joint/p] by /gazebo
[rosmaster.master][INFO] 2025-12-04 21:21:33,324: +PARAM [/gains/hand_thumb_abd_joint/i] by /gazebo
[rosmaster.master][INFO] 2025-12-04 21:21:33,325: +PARAM [/gains/hand_thumb_abd_joint/d] by /gazebo
[rosmaster.master][INFO] 2025-12-04 21:21:33,325: +PARAM [/gains/hand_thumb_abd_joint/i_clamp_min] by /gazebo
[rosmaster.master][INFO] 2025-12-04 21:21:33,329: +PARAM [/gains/hand_thumb_abd_joint/i_clamp_max] by /gazebo
[rosmaster.master][INFO] 2025-12-04 21:21:33,330: +PARAM [/gains/hand_thumb_abd_joint/antiwindup] by /gazebo
[rosmaster.master][INFO] 2025-12-04 21:21:33,331: +PARAM [/gains/hand_thumb_abd_joint/p] by /gazebo
[rosmaster.master][INFO] 2025-12-04 21:21:33,332: +PARAM [/gains/hand_thumb_abd_joint/i] by /gazebo
[rosmaster.master][INFO] 2025-12-04 21:21:33,332: +PARAM [/gains/hand_thumb_abd_joint/d] by /gazebo
[rosmaster.master][INFO] 2025-12-04 21:21:33,333: +PARAM [/gains/hand_thumb_abd_joint/i_clamp_min] by /gazebo
[rosmaster.master][INFO] 2025-12-04 21:21:33,334: +PARAM [/gains/hand_thumb_abd_joint/i_clamp_max] by /gazebo
[rosmaster.master][INFO] 2025-12-04 21:21:33,335: +PARAM [/gains/hand_thumb_abd_joint/antiwindup] by /gazebo
[rosmaster.master][INFO] 2025-12-04 21:21:33,336: +PARAM [/gains/hand_thumb_abd_joint/p] by /gazebo
[rosmaster.master][INFO] 2025-12-04 21:21:33,337: +PARAM [/gains/hand_thumb_abd_joint/i] by /gazebo
[rosmaster.master][INFO] 2025-12-04 21:21:33,338: +PARAM [/gains/hand_thumb_abd_joint/d] by /gazebo
[rosmaster.master][INFO] 2025-12-04 21:21:33,339: +PARAM [/gains/hand_thumb_abd_joint/i_clamp_min] by /gazebo
[rosmaster.master][INFO] 2025-12-04 21:21:33,339: +PARAM [/gains/hand_thumb_abd_joint/i_clamp_max] by /gazebo
[rosmaster.master][INFO] 2025-12-04 21:21:33,340: +PARAM [/gains/hand_thumb_abd_joint/antiwindup] by /gazebo
[rosmaster.master][INFO] 2025-12-04 21:21:33,341: +PARAM [/gains/hand_thumb_abd_joint/p] by /gazebo
[rosmaster.master][INFO] 2025-12-04 21:21:33,343: +PARAM [/gains/hand_thumb_abd_joint/i] by /gazebo
[rosmaster.master][INFO] 2025-12-04 21:21:33,344: +PARAM [/gains/hand_thumb_abd_joint/d] by /gazebo
[rosmaster.master][INFO] 2025-12-04 21:21:33,345: +PARAM [/gains/hand_thumb_abd_joint/i_clamp_min] by /gazebo
[rosmaster.master][INFO] 2025-12-04 21:21:33,346: +PARAM [/gains/hand_thumb_abd_joint/i_clamp_max] by /gazebo
[rosmaster.master][INFO] 2025-12-04 21:21:33,347: +PARAM [/gains/hand_thumb_abd_joint/antiwindup] by /gazebo
[rosmaster.master][INFO] 2025-12-04 21:21:33,351: +SERVICE [/gains/hand_thumb_flex_1_joint/set_parameters] /gazebo http://127.0.0.1:39377/
[rosmaster.master][INFO] 2025-12-04 21:21:33,352: +PUB [/gains/hand_thumb_flex_1_joint/parameter_descriptions] /gazebo http://127.0.0.1:39377/
[rosmaster.master][INFO] 2025-12-04 21:21:33,353: +PUB [/gains/hand_thumb_flex_1_joint/parameter_updates] /gazebo http://127.0.0.1:39377/
[rosmaster.master][INFO] 2025-12-04 21:21:33,357: +PARAM [/gains/hand_thumb_flex_1_joint/p] by /gazebo
[rosmaster.master][INFO] 2025-12-04 21:21:33,357: +CACHEDPARAM [/rosout_disable_topics_generation] by /default_controllers_spawner
[rosmaster.master][INFO] 2025-12-04 21:21:33,358: +PARAM [/gains/hand_thumb_flex_1_joint/i] by /gazebo
[rosmaster.master][INFO] 2025-12-04 21:21:33,359: +PARAM [/gains/hand_thumb_flex_1_joint/d] by /gazebo
[rosmaster.master][INFO] 2025-12-04 21:21:33,360: +PARAM [/gains/hand_thumb_flex_1_joint/i_clamp_min] by /gazebo
[rosmaster.master][INFO] 2025-12-04 21:21:33,361: +PARAM [/gains/hand_thumb_flex_1_joint/i_clamp_max] by /gazebo
[rosmaster.master][INFO] 2025-12-04 21:21:33,362: +CACHEDPARAM [/rosout_disable_topics_generation] by /default_controllers_spawner
[rosmaster.master][INFO] 2025-12-04 21:21:33,362: +PARAM [/gains/hand_thumb_flex_1_joint/antiwindup] by /gazebo
[rosmaster.master][INFO] 2025-12-04 21:21:33,363: +PARAM [/gains/hand_thumb_flex_1_joint/p] by /gazebo
[rosmaster.master][INFO] 2025-12-04 21:21:33,363: +PARAM [/gains/hand_thumb_flex_1_joint/i] by /gazebo
[rosmaster.master][INFO] 2025-12-04 21:21:33,364: +PARAM [/gains/hand_thumb_flex_1_joint/d] by /gazebo
[rosmaster.master][INFO] 2025-12-04 21:21:33,365: +PARAM [/gains/hand_thumb_flex_1_joint/i_clamp_min] by /gazebo
[rosmaster.master][INFO] 2025-12-04 21:21:33,365: +PARAM [/gains/hand_thumb_flex_1_joint/i_clamp_max] by /gazebo
[rosmaster.master][INFO] 2025-12-04 21:21:33,366: +CACHEDPARAM [/rosout_disable_topics_generation] by /default_controllers_spawner
[rosmaster.master][INFO] 2025-12-04 21:21:33,366: +PARAM [/gains/hand_thumb_flex_1_joint/antiwindup] by /gazebo
[rosmaster.master][INFO] 2025-12-04 21:21:33,367: +PARAM [/gains/hand_thumb_flex_1_joint/p] by /gazebo
[rosmaster.master][INFO] 2025-12-04 21:21:33,368: +PARAM [/gains/hand_thumb_flex_1_joint/i] by /gazebo
[rosmaster.master][INFO] 2025-12-04 21:21:33,369: +PARAM [/gains/hand_thumb_flex_1_joint/d] by /gazebo
[rosmaster.master][INFO] 2025-12-04 21:21:33,369: +PARAM [/gains/hand_thumb_flex_1_joint/i_clamp_min] by /gazebo
[rosmaster.master][INFO] 2025-12-04 21:21:33,370: +PARAM [/gains/hand_thumb_flex_1_joint/i_clamp_max] by /gazebo
[rosmaster.master][INFO] 2025-12-04 21:21:33,371: +PARAM [/gains/hand_thumb_flex_1_joint/antiwindup] by /gazebo
[rosmaster.master][INFO] 2025-12-04 21:21:33,372: +PARAM [/gains/hand_thumb_flex_1_joint/p] by /gazebo
[rosmaster.master][INFO] 2025-12-04 21:21:33,373: +PARAM [/gains/hand_thumb_flex_1_joint/i] by /gazebo
[rosmaster.master][INFO] 2025-12-04 21:21:33,374: +PARAM [/gains/hand_thumb_flex_1_joint/d] by /gazebo
[rosmaster.master][INFO] 2025-12-04 21:21:33,374: +PARAM [/gains/hand_thumb_flex_1_joint/i_clamp_min] by /gazebo
[rosmaster.master][INFO] 2025-12-04 21:21:33,375: +PARAM [/gains/hand_thumb_flex_1_joint/i_clamp_max] by /gazebo
[rosmaster.master][INFO] 2025-12-04 21:21:33,376: +PARAM [/gains/hand_thumb_flex_1_joint/antiwindup] by /gazebo
[rosmaster.master][INFO] 2025-12-04 21:21:33,378: +PUB [/joint_states] /gazebo http://127.0.0.1:39377/
[rosmaster.master][INFO] 2025-12-04 21:21:33,382: +CACHEDPARAM [/rosout_disable_topics_generation] by /default_controllers_spawner
[rosmaster.master][INFO] 2025-12-04 21:21:33,385: +SERVICE [/gains/hand_thumb_virtual_1_joint/set_parameters] /gazebo http://127.0.0.1:39377/
[rosmaster.master][INFO] 2025-12-04 21:21:33,387: +PUB [/gains/hand_thumb_virtual_1_joint/parameter_descriptions] /gazebo http://127.0.0.1:39377/
[rosmaster.master][INFO] 2025-12-04 21:21:33,388: +PUB [/gains/hand_thumb_virtual_1_joint/parameter_updates] /gazebo http://127.0.0.1:39377/
[rosmaster.master][INFO] 2025-12-04 21:21:33,390: publisherUpdate[/joint_states] -> http://127.0.0.1:34439/ ['http://127.0.0.1:39377/']
[rosmaster.master][INFO] 2025-12-04 21:21:33,395: +PARAM [/gains/hand_thumb_virtual_1_joint/p] by /gazebo
[rosmaster.master][INFO] 2025-12-04 21:21:33,396: +PARAM [/gains/hand_thumb_virtual_1_joint/i] by /gazebo
[rosmaster.master][INFO] 2025-12-04 21:21:33,396: +PARAM [/gains/hand_thumb_virtual_1_joint/d] by /gazebo
[rosmaster.master][INFO] 2025-12-04 21:21:33,397: +PARAM [/gains/hand_thumb_virtual_1_joint/i_clamp_min] by /gazebo
[rosmaster.master][INFO] 2025-12-04 21:21:33,398: +PARAM [/gains/hand_thumb_virtual_1_joint/i_clamp_max] by /gazebo
[rosmaster.master][INFO] 2025-12-04 21:21:33,399: +PARAM [/gains/hand_thumb_virtual_1_joint/antiwindup] by /gazebo
[rosmaster.master][INFO] 2025-12-04 21:21:33,399: +PARAM [/gains/hand_thumb_virtual_1_joint/p] by /gazebo
[rosmaster.master][INFO] 2025-12-04 21:21:33,400: +PARAM [/gains/hand_thumb_virtual_1_joint/i] by /gazebo
[rosmaster.master][INFO] 2025-12-04 21:21:33,400: +PARAM [/gains/hand_thumb_virtual_1_joint/d] by /gazebo
[rosmaster.master][INFO] 2025-12-04 21:21:33,401: +PARAM [/gains/hand_thumb_virtual_1_joint/i_clamp_min] by /gazebo
[rosmaster.master][INFO] 2025-12-04 21:21:33,401: +PARAM [/gains/hand_thumb_virtual_1_joint/i_clamp_max] by /gazebo
[rosmaster.master][INFO] 2025-12-04 21:21:33,402: +PARAM [/gains/hand_thumb_virtual_1_joint/antiwindup] by /gazebo
[rosmaster.master][INFO] 2025-12-04 21:21:33,403: +PARAM [/gains/hand_thumb_virtual_1_joint/p] by /gazebo
[rosmaster.master][INFO] 2025-12-04 21:21:33,403: +PARAM [/gains/hand_thumb_virtual_1_joint/i] by /gazebo
[rosmaster.master][INFO] 2025-12-04 21:21:33,404: +PARAM [/gains/hand_thumb_virtual_1_joint/d] by /gazebo
[rosmaster.master][INFO] 2025-12-04 21:21:33,404: +PARAM [/gains/hand_thumb_virtual_1_joint/i_clamp_min] by /gazebo
[rosmaster.master][INFO] 2025-12-04 21:21:33,405: +PARAM [/gains/hand_thumb_virtual_1_joint/i_clamp_max] by /gazebo
[rosmaster.master][INFO] 2025-12-04 21:21:33,405: +PARAM [/gains/hand_thumb_virtual_1_joint/antiwindup] by /gazebo
[rosmaster.master][INFO] 2025-12-04 21:21:33,406: +PARAM [/gains/hand_thumb_virtual_1_joint/p] by /gazebo
[rosmaster.master][INFO] 2025-12-04 21:21:33,407: +PARAM [/gains/hand_thumb_virtual_1_joint/i] by /gazebo
[rosmaster.master][INFO] 2025-12-04 21:21:33,408: +PARAM [/gains/hand_thumb_virtual_1_joint/d] by /gazebo
[rosmaster.master][INFO] 2025-12-04 21:21:33,409: +PARAM [/gains/hand_thumb_virtual_1_joint/i_clamp_min] by /gazebo
[rosmaster.master][INFO] 2025-12-04 21:21:33,410: +PARAM [/gains/hand_thumb_virtual_1_joint/i_clamp_max] by /gazebo
[rosmaster.master][INFO] 2025-12-04 21:21:33,412: +PARAM [/gains/hand_thumb_virtual_1_joint/antiwindup] by /gazebo
[rosmaster.master][INFO] 2025-12-04 21:21:33,421: +SERVICE [/gains/hand_thumb_flex_2_joint/set_parameters] /gazebo http://127.0.0.1:39377/
[rosmaster.master][INFO] 2025-12-04 21:21:33,421: +PUB [/gains/hand_thumb_flex_2_joint/parameter_descriptions] /gazebo http://127.0.0.1:39377/
[rosmaster.master][INFO] 2025-12-04 21:21:33,422: +PUB [/gains/hand_thumb_flex_2_joint/parameter_updates] /gazebo http://127.0.0.1:39377/
[rosmaster.master][INFO] 2025-12-04 21:21:33,427: +PARAM [/gains/hand_thumb_flex_2_joint/p] by /gazebo
[rosmaster.master][INFO] 2025-12-04 21:21:33,428: +CACHEDPARAM [/rosout_disable_topics_generation] by /hand_controller_spawner
[rosmaster.master][INFO] 2025-12-04 21:21:33,430: +PARAM [/gains/hand_thumb_flex_2_joint/i] by /gazebo
[rosmaster.master][INFO] 2025-12-04 21:21:33,432: +PARAM [/gains/hand_thumb_flex_2_joint/d] by /gazebo
[rosmaster.master][INFO] 2025-12-04 21:21:33,434: +PARAM [/gains/hand_thumb_flex_2_joint/i_clamp_min] by /gazebo
[rosmaster.master][INFO] 2025-12-04 21:21:33,439: +CACHEDPARAM [/rosout_disable_topics_generation] by /hand_controller_spawner
[rosmaster.master][INFO] 2025-12-04 21:21:33,439: +PARAM [/gains/hand_thumb_flex_2_joint/i_clamp_max] by /gazebo
[rosmaster.master][INFO] 2025-12-04 21:21:33,442: +PARAM [/gains/hand_thumb_flex_2_joint/antiwindup] by /gazebo
[rosmaster.master][INFO] 2025-12-04 21:21:33,444: +PARAM [/gains/hand_thumb_flex_2_joint/p] by /gazebo
[rosmaster.master][INFO] 2025-12-04 21:21:33,445: +SUB [/torso_controller/command] /gazebo http://127.0.0.1:39377/
[rosmaster.master][INFO] 2025-12-04 21:21:33,447: +PUB [/torso_controller/state] /gazebo http://127.0.0.1:39377/
[rosmaster.master][INFO] 2025-12-04 21:21:33,448: +PARAM [/gains/hand_thumb_flex_2_joint/i] by /gazebo
[rosmaster.master][INFO] 2025-12-04 21:21:33,450: +PARAM [/gains/hand_thumb_flex_2_joint/d] by /gazebo
[rosmaster.master][INFO] 2025-12-04 21:21:33,451: +CACHEDPARAM [/rosout_disable_topics_generation] by /hand_controller_spawner
[rosmaster.master][INFO] 2025-12-04 21:21:33,452: +PARAM [/gains/hand_thumb_flex_2_joint/i_clamp_min] by /gazebo
[rosmaster.master][INFO] 2025-12-04 21:21:33,453: +PARAM [/gains/hand_thumb_flex_2_joint/i_clamp_max] by /gazebo
[rosmaster.master][INFO] 2025-12-04 21:21:33,454: +PUB [/torso_controller/follow_joint_trajectory/result] /gazebo http://127.0.0.1:39377/
[rosmaster.master][INFO] 2025-12-04 21:21:33,455: +PARAM [/gains/hand_thumb_flex_2_joint/antiwindup] by /gazebo
[rosmaster.master][INFO] 2025-12-04 21:21:33,457: +PUB [/torso_controller/follow_joint_trajectory/feedback] /gazebo http://127.0.0.1:39377/
[rosmaster.master][INFO] 2025-12-04 21:21:33,458: +PARAM [/gains/hand_thumb_flex_2_joint/p] by /gazebo
[rosmaster.master][INFO] 2025-12-04 21:21:33,459: +PUB [/torso_controller/follow_joint_trajectory/status] /gazebo http://127.0.0.1:39377/
[rosmaster.master][INFO] 2025-12-04 21:21:33,460: +PARAM [/gains/hand_thumb_flex_2_joint/i] by /gazebo
[rosmaster.master][INFO] 2025-12-04 21:21:33,463: +PARAM [/gains/hand_thumb_flex_2_joint/d] by /gazebo
[rosmaster.master][INFO] 2025-12-04 21:21:33,465: +PARAM [/gains/hand_thumb_flex_2_joint/i_clamp_min] by /gazebo
[rosmaster.master][INFO] 2025-12-04 21:21:33,467: publisherUpdate[/joint_states] -> http://127.0.0.1:43633/ ['http://127.0.0.1:39377/']
[rosmaster.master][INFO] 2025-12-04 21:21:33,470: +CACHEDPARAM [/rosout_disable_topics_generation] by /bringup_controllers_spawner_imu
[rosmaster.master][INFO] 2025-12-04 21:21:33,468: +PARAM [/gains/hand_thumb_flex_2_joint/i_clamp_max] by /gazebo
[rosmaster.master][INFO] 2025-12-04 21:21:33,461: publisherUpdate[/joint_states] -> http://127.0.0.1:34439/ ['http://127.0.0.1:39377/']: sec=0.07, result=[1, '', 0]
[rosmaster.master][INFO] 2025-12-04 21:21:33,471: +PARAM [/gains/hand_thumb_flex_2_joint/antiwindup] by /gazebo
[rosmaster.master][INFO] 2025-12-04 21:21:33,473: +PARAM [/gains/hand_thumb_flex_2_joint/p] by /gazebo
[rosmaster.master][INFO] 2025-12-04 21:21:33,472: publisherUpdate[/joint_states] -> http://127.0.0.1:34361/ ['http://127.0.0.1:39377/']
[rosmaster.master][INFO] 2025-12-04 21:21:33,474: publisherUpdate[/joint_states] -> http://127.0.0.1:40773/ ['http://127.0.0.1:39377/']
[rosmaster.master][INFO] 2025-12-04 21:21:33,475: +SUB [/torso_controller/follow_joint_trajectory/goal] /gazebo http://127.0.0.1:39377/
[rosmaster.master][INFO] 2025-12-04 21:21:33,477: +PARAM [/gains/hand_thumb_flex_2_joint/i] by /gazebo
[rosmaster.master][INFO] 2025-12-04 21:21:33,478: publisherUpdate[/joint_states] -> http://127.0.0.1:34361/ ['http://127.0.0.1:39377/']: sec=0.00, result=[1, '', 0]
[rosmaster.master][INFO] 2025-12-04 21:21:33,479: publisherUpdate[/joint_states] -> http://127.0.0.1:43579/ ['http://127.0.0.1:39377/']
[rosmaster.master][INFO] 2025-12-04 21:21:33,480: +PARAM [/gains/hand_thumb_flex_2_joint/d] by /gazebo
[rosmaster.master][INFO] 2025-12-04 21:21:33,481: publisherUpdate[/joint_states] -> http://127.0.0.1:40773/ ['http://127.0.0.1:39377/']: sec=0.00, result=[1, '', 0]
[rosmaster.master][INFO] 2025-12-04 21:21:33,482: +CACHEDPARAM [/rosout_disable_topics_generation] by /bringup_controllers_spawner_imu
[rosmaster.master][INFO] 2025-12-04 21:21:33,485: +SUB [/torso_controller/follow_joint_trajectory/cancel] /gazebo http://127.0.0.1:39377/
[rosmaster.master][INFO] 2025-12-04 21:21:33,486: +PARAM [/gains/hand_thumb_flex_2_joint/i_clamp_min] by /gazebo
[rosmaster.master][INFO] 2025-12-04 21:21:33,487: +PARAM [/gains/hand_thumb_flex_2_joint/i_clamp_max] by /gazebo
[rosmaster.master][INFO] 2025-12-04 21:21:33,487: +SERVICE [/torso_controller/query_state] /gazebo http://127.0.0.1:39377/
[rosmaster.master][INFO] 2025-12-04 21:21:33,490: +PARAM [/gains/hand_thumb_flex_2_joint/antiwindup] by /gazebo
[rosmaster.master][INFO] 2025-12-04 21:21:33,495: +CACHEDPARAM [/rosout_disable_topics_generation] by /default_controllers_spawner
[rosmaster.master][INFO] 2025-12-04 21:21:33,496: +CACHEDPARAM [/rosout_disable_topics_generation] by /bringup_controllers_spawner_imu
[rosmaster.master][INFO] 2025-12-04 21:21:33,510: +SERVICE [/gains/hand_thumb_virtual_2_joint/set_parameters] /gazebo http://127.0.0.1:39377/
[rosmaster.master][INFO] 2025-12-04 21:21:33,511: +PUB [/gains/hand_thumb_virtual_2_joint/parameter_descriptions] /gazebo http://127.0.0.1:39377/
[rosmaster.master][INFO] 2025-12-04 21:21:33,512: +PUB [/gains/hand_thumb_virtual_2_joint/parameter_updates] /gazebo http://127.0.0.1:39377/
[rosmaster.master][INFO] 2025-12-04 21:21:33,516: +PARAM [/gains/hand_thumb_virtual_2_joint/p] by /gazebo
[rosmaster.master][INFO] 2025-12-04 21:21:33,517: +PARAM [/gains/hand_thumb_virtual_2_joint/i] by /gazebo
[rosmaster.master][INFO] 2025-12-04 21:21:33,517: +PARAM [/gains/hand_thumb_virtual_2_joint/d] by /gazebo
[rosmaster.master][INFO] 2025-12-04 21:21:33,518: +PARAM [/gains/hand_thumb_virtual_2_joint/i_clamp_min] by /gazebo
[rosmaster.master][INFO] 2025-12-04 21:21:33,519: +CACHEDPARAM [/rosout_disable_topics_generation] by /bringup_controllers_spawner_ft
[rosmaster.master][INFO] 2025-12-04 21:21:33,523: +PARAM [/gains/hand_thumb_virtual_2_joint/i_clamp_max] by /gazebo
[rosmaster.master][INFO] 2025-12-04 21:21:33,546: +PARAM [/gains/hand_thumb_virtual_2_joint/antiwindup] by /gazebo
[rosmaster.master][INFO] 2025-12-04 21:21:33,553: +PARAM [/gains/hand_thumb_virtual_2_joint/p] by /gazebo
[rosmaster.master][INFO] 2025-12-04 21:21:33,555: +CACHEDPARAM [/rosout_disable_topics_generation] by /bringup_controllers_spawner_ft
[rosmaster.master][INFO] 2025-12-04 21:21:33,556: +PARAM [/gains/hand_thumb_virtual_2_joint/i] by /gazebo
[rosmaster.master][INFO] 2025-12-04 21:21:33,557: +PARAM [/gains/hand_thumb_virtual_2_joint/d] by /gazebo
[rosmaster.master][INFO] 2025-12-04 21:21:33,549: publisherUpdate[/joint_states] -> http://127.0.0.1:43579/ ['http://127.0.0.1:39377/']: sec=0.07, result=[1, '', 0]
[rosmaster.master][INFO] 2025-12-04 21:21:33,560: +PARAM [/gains/hand_thumb_virtual_2_joint/i_clamp_min] by /gazebo
[rosmaster.master][INFO] 2025-12-04 21:21:33,560: publisherUpdate[/joint_states] -> http://127.0.0.1:43633/ ['http://127.0.0.1:39377/']: sec=0.09, result=[1, '', 0]
[rosmaster.master][INFO] 2025-12-04 21:21:33,561: +PARAM [/gains/hand_thumb_virtual_2_joint/i_clamp_max] by /gazebo
[rosmaster.master][INFO] 2025-12-04 21:21:33,559: +SUB [/hand_controller/command] /gazebo http://127.0.0.1:39377/
[rosmaster.master][INFO] 2025-12-04 21:21:33,562: +PUB [/hand_controller/state] /gazebo http://127.0.0.1:39377/
[rosmaster.master][INFO] 2025-12-04 21:21:33,564: +PARAM [/gains/hand_thumb_virtual_2_joint/antiwindup] by /gazebo
[rosmaster.master][INFO] 2025-12-04 21:21:33,566: +PARAM [/gains/hand_thumb_virtual_2_joint/p] by /gazebo
[rosmaster.master][INFO] 2025-12-04 21:21:33,568: +PARAM [/gains/hand_thumb_virtual_2_joint/i] by /gazebo
[rosmaster.master][INFO] 2025-12-04 21:21:33,570: +PUB [/hand_controller/follow_joint_trajectory/result] /gazebo http://127.0.0.1:39377/
[rosmaster.master][INFO] 2025-12-04 21:21:33,569: +CACHEDPARAM [/rosout_disable_topics_generation] by /bringup_controllers_spawner_ft
[rosmaster.master][INFO] 2025-12-04 21:21:33,571: +PARAM [/gains/hand_thumb_virtual_2_joint/d] by /gazebo
[rosmaster.master][INFO] 2025-12-04 21:21:33,573: +PUB [/hand_controller/follow_joint_trajectory/feedback] /gazebo http://127.0.0.1:39377/
[rosmaster.master][INFO] 2025-12-04 21:21:33,574: +PARAM [/gains/hand_thumb_virtual_2_joint/i_clamp_min] by /gazebo
[rosmaster.master][INFO] 2025-12-04 21:21:33,575: +PUB [/hand_controller/follow_joint_trajectory/status] /gazebo http://127.0.0.1:39377/
[rosmaster.master][INFO] 2025-12-04 21:21:33,576: +PARAM [/gains/hand_thumb_virtual_2_joint/i_clamp_max] by /gazebo
[rosmaster.master][INFO] 2025-12-04 21:21:33,578: +PARAM [/gains/hand_thumb_virtual_2_joint/antiwindup] by /gazebo
[rosmaster.master][INFO] 2025-12-04 21:21:33,580: +PARAM [/gains/hand_thumb_virtual_2_joint/p] by /gazebo
[rosmaster.master][INFO] 2025-12-04 21:21:33,582: +PARAM [/gains/hand_thumb_virtual_2_joint/i] by /gazebo
[rosmaster.master][INFO] 2025-12-04 21:21:33,583: +PARAM [/gains/hand_thumb_virtual_2_joint/d] by /gazebo
[rosmaster.master][INFO] 2025-12-04 21:21:33,584: publisherUpdate[/hand_controller/follow_joint_trajectory/result] -> http://127.0.0.1:40773/ ['http://127.0.0.1:39377/']
[rosmaster.master][INFO] 2025-12-04 21:21:33,585: +PARAM [/gains/hand_thumb_virtual_2_joint/i_clamp_min] by /gazebo
[rosmaster.master][INFO] 2025-12-04 21:21:33,585: +SUB [/hand_controller/follow_joint_trajectory/goal] /gazebo http://127.0.0.1:39377/
[rosmaster.master][INFO] 2025-12-04 21:21:33,586: +PARAM [/gains/hand_thumb_virtual_2_joint/i_clamp_max] by /gazebo
[rosmaster.master][INFO] 2025-12-04 21:21:33,587: publisherUpdate[/hand_controller/follow_joint_trajectory/result] -> http://127.0.0.1:40773/ ['http://127.0.0.1:39377/']: sec=0.00, result=[1, '', 0]
[rosmaster.master][INFO] 2025-12-04 21:21:33,589: publisherUpdate[/hand_controller/follow_joint_trajectory/feedback] -> http://127.0.0.1:40773/ ['http://127.0.0.1:39377/']
[rosmaster.master][INFO] 2025-12-04 21:21:33,591: +PARAM [/gains/hand_thumb_virtual_2_joint/antiwindup] by /gazebo
[rosmaster.master][INFO] 2025-12-04 21:21:33,593: publisherUpdate[/hand_controller/follow_joint_trajectory/feedback] -> http://127.0.0.1:40773/ ['http://127.0.0.1:39377/']: sec=0.00, result=[1, '', 0]
[rosmaster.master][INFO] 2025-12-04 21:21:33,593: publisherUpdate[/hand_controller/follow_joint_trajectory/status] -> http://127.0.0.1:40773/ ['http://127.0.0.1:39377/']
[rosmaster.master][INFO] 2025-12-04 21:21:33,597: publisherUpdate[/hand_controller/follow_joint_trajectory/status] -> http://127.0.0.1:40773/ ['http://127.0.0.1:39377/']: sec=0.00, result=[1, '', 0]
[rosmaster.master][INFO] 2025-12-04 21:21:33,599: +SUB [/hand_controller/follow_joint_trajectory/cancel] /gazebo http://127.0.0.1:39377/
[rosmaster.master][INFO] 2025-12-04 21:21:33,602: +SERVICE [/hand_controller/query_state] /gazebo http://127.0.0.1:39377/
[rosmaster.master][INFO] 2025-12-04 21:21:33,605: +CACHEDPARAM [/rosout_disable_topics_generation] by /hand_controller_spawner
[rosmaster.master][INFO] 2025-12-04 21:21:33,608: +SERVICE [/gains/hand_index_abd_joint/set_parameters] /gazebo http://127.0.0.1:39377/
[rosmaster.master][INFO] 2025-12-04 21:21:33,609: +PUB [/gains/hand_index_abd_joint/parameter_descriptions] /gazebo http://127.0.0.1:39377/
[rosmaster.master][INFO] 2025-12-04 21:21:33,611: +PUB [/gains/hand_index_abd_joint/parameter_updates] /gazebo http://127.0.0.1:39377/
[rosmaster.master][INFO] 2025-12-04 21:21:33,615: +PARAM [/gains/hand_index_abd_joint/p] by /gazebo
[rosmaster.master][INFO] 2025-12-04 21:21:33,616: +PARAM [/gains/hand_index_abd_joint/i] by /gazebo
[rosmaster.master][INFO] 2025-12-04 21:21:33,616: +PARAM [/gains/hand_index_abd_joint/d] by /gazebo
[rosmaster.master][INFO] 2025-12-04 21:21:33,617: +PARAM [/gains/hand_index_abd_joint/i_clamp_min] by /gazebo
[rosmaster.master][INFO] 2025-12-04 21:21:33,617: +PARAM [/gains/hand_index_abd_joint/i_clamp_max] by /gazebo
[rosmaster.master][INFO] 2025-12-04 21:21:33,618: +PARAM [/gains/hand_index_abd_joint/antiwindup] by /gazebo
[rosmaster.master][INFO] 2025-12-04 21:21:33,618: +PARAM [/gains/hand_index_abd_joint/p] by /gazebo
[rosmaster.master][INFO] 2025-12-04 21:21:33,619: +PARAM [/gains/hand_index_abd_joint/i] by /gazebo
[rosmaster.master][INFO] 2025-12-04 21:21:33,619: +PARAM [/gains/hand_index_abd_joint/d] by /gazebo
[rosmaster.master][INFO] 2025-12-04 21:21:33,619: +PARAM [/gains/hand_index_abd_joint/i_clamp_min] by /gazebo
[rosmaster.master][INFO] 2025-12-04 21:21:33,620: +PARAM [/gains/hand_index_abd_joint/i_clamp_max] by /gazebo
[rosmaster.master][INFO] 2025-12-04 21:21:33,620: +PARAM [/gains/hand_index_abd_joint/antiwindup] by /gazebo
[rosmaster.master][INFO] 2025-12-04 21:21:33,621: +PARAM [/gains/hand_index_abd_joint/p] by /gazebo
[rosmaster.master][INFO] 2025-12-04 21:21:33,621: +PARAM [/gains/hand_index_abd_joint/i] by /gazebo
[rosmaster.master][INFO] 2025-12-04 21:21:33,622: +PARAM [/gains/hand_index_abd_joint/d] by /gazebo
[rosmaster.master][INFO] 2025-12-04 21:21:33,622: +PARAM [/gains/hand_index_abd_joint/i_clamp_min] by /gazebo
[rosmaster.master][INFO] 2025-12-04 21:21:33,623: +PARAM [/gains/hand_index_abd_joint/i_clamp_max] by /gazebo
[rosmaster.master][INFO] 2025-12-04 21:21:33,623: +PARAM [/gains/hand_index_abd_joint/antiwindup] by /gazebo
[rosmaster.master][INFO] 2025-12-04 21:21:33,623: +PARAM [/gains/hand_index_abd_joint/p] by /gazebo
[rosmaster.master][INFO] 2025-12-04 21:21:33,624: +PARAM [/gains/hand_index_abd_joint/i] by /gazebo
[rosmaster.master][INFO] 2025-12-04 21:21:33,625: +PARAM [/gains/hand_index_abd_joint/d] by /gazebo
[rosmaster.master][INFO] 2025-12-04 21:21:33,625: +PARAM [/gains/hand_index_abd_joint/i_clamp_min] by /gazebo
[rosmaster.master][INFO] 2025-12-04 21:21:33,626: +PARAM [/gains/hand_index_abd_joint/i_clamp_max] by /gazebo
[rosmaster.master][INFO] 2025-12-04 21:21:33,627: +PARAM [/gains/hand_index_abd_joint/antiwindup] by /gazebo
[rosmaster.master][INFO] 2025-12-04 21:21:33,635: +SERVICE [/gains/hand_index_flex_1_joint/set_parameters] /gazebo http://127.0.0.1:39377/
[rosmaster.master][INFO] 2025-12-04 21:21:33,636: +SUB [/head_controller/command] /gazebo http://127.0.0.1:39377/
[rosmaster.master][INFO] 2025-12-04 21:21:33,638: +PUB [/gains/hand_index_flex_1_joint/parameter_descriptions] /gazebo http://127.0.0.1:39377/
[rosmaster.master][INFO] 2025-12-04 21:21:33,639: +PUB [/head_controller/state] /gazebo http://127.0.0.1:39377/
[rosmaster.master][INFO] 2025-12-04 21:21:33,640: +PUB [/gains/hand_index_flex_1_joint/parameter_updates] /gazebo http://127.0.0.1:39377/
[rosmaster.master][INFO] 2025-12-04 21:21:33,643: +PUB [/head_controller/follow_joint_trajectory/result] /gazebo http://127.0.0.1:39377/
[rosmaster.master][INFO] 2025-12-04 21:21:33,645: +PUB [/head_controller/follow_joint_trajectory/feedback] /gazebo http://127.0.0.1:39377/
[rosmaster.master][INFO] 2025-12-04 21:21:33,646: +PUB [/head_controller/follow_joint_trajectory/status] /gazebo http://127.0.0.1:39377/
[rosmaster.master][INFO] 2025-12-04 21:21:33,647: +PARAM [/gains/hand_index_flex_1_joint/p] by /gazebo
[rosmaster.master][INFO] 2025-12-04 21:21:33,648: +PARAM [/gains/hand_index_flex_1_joint/i] by /gazebo
[rosmaster.master][INFO] 2025-12-04 21:21:33,649: +PARAM [/gains/hand_index_flex_1_joint/d] by /gazebo
[rosmaster.master][INFO] 2025-12-04 21:21:33,651: +PARAM [/gains/hand_index_flex_1_joint/i_clamp_min] by /gazebo
[rosmaster.master][INFO] 2025-12-04 21:21:33,652: +PARAM [/gains/hand_index_flex_1_joint/i_clamp_max] by /gazebo
[rosmaster.master][INFO] 2025-12-04 21:21:33,653: +SUB [/head_controller/follow_joint_trajectory/goal] /gazebo http://127.0.0.1:39377/
[rosmaster.master][INFO] 2025-12-04 21:21:33,653: +PARAM [/gains/hand_index_flex_1_joint/antiwindup] by /gazebo
[rosmaster.master][INFO] 2025-12-04 21:21:33,654: +PARAM [/gains/hand_index_flex_1_joint/p] by /gazebo
[rosmaster.master][INFO] 2025-12-04 21:21:33,655: +PARAM [/gains/hand_index_flex_1_joint/i] by /gazebo
[rosmaster.master][INFO] 2025-12-04 21:21:33,659: +PARAM [/gains/hand_index_flex_1_joint/d] by /gazebo
[rosmaster.master][INFO] 2025-12-04 21:21:33,660: +SUB [/head_controller/follow_joint_trajectory/cancel] /gazebo http://127.0.0.1:39377/
[rosmaster.master][INFO] 2025-12-04 21:21:33,661: +PARAM [/gains/hand_index_flex_1_joint/i_clamp_min] by /gazebo
[rosmaster.master][INFO] 2025-12-04 21:21:33,661: publisherUpdate[/head_controller/state] -> http://127.0.0.1:34167/ ['http://127.0.0.1:39377/']
[rosmaster.master][INFO] 2025-12-04 21:21:33,662: +SERVICE [/head_controller/query_state] /gazebo http://127.0.0.1:39377/
[rosmaster.master][INFO] 2025-12-04 21:21:33,664: +PARAM [/gains/hand_index_flex_1_joint/i_clamp_max] by /gazebo
[rosmaster.master][INFO] 2025-12-04 21:21:33,665: +PARAM [/gains/hand_index_flex_1_joint/antiwindup] by /gazebo
[rosmaster.master][INFO] 2025-12-04 21:21:33,666: +CACHEDPARAM [/rosout_disable_topics_generation] by /default_controllers_spawner
[rosmaster.master][INFO] 2025-12-04 21:21:33,667: +PARAM [/gains/hand_index_flex_1_joint/p] by /gazebo
[rosmaster.master][INFO] 2025-12-04 21:21:33,668: +PARAM [/gains/hand_index_flex_1_joint/i] by /gazebo
[rosmaster.master][INFO] 2025-12-04 21:21:33,669: +PARAM [/gains/hand_index_flex_1_joint/d] by /gazebo
[rosmaster.master][INFO] 2025-12-04 21:21:33,669: +PARAM [/gains/hand_index_flex_1_joint/i_clamp_min] by /gazebo
[rosmaster.master][INFO] 2025-12-04 21:21:33,670: +PARAM [/gains/hand_index_flex_1_joint/i_clamp_max] by /gazebo
[rosmaster.master][INFO] 2025-12-04 21:21:33,671: +PARAM [/gains/hand_index_flex_1_joint/antiwindup] by /gazebo
[rosmaster.master][INFO] 2025-12-04 21:21:33,671: +PARAM [/gains/hand_index_flex_1_joint/p] by /gazebo
[rosmaster.master][INFO] 2025-12-04 21:21:33,672: +PARAM [/gains/hand_index_flex_1_joint/i] by /gazebo
[rosmaster.master][INFO] 2025-12-04 21:21:33,672: +PARAM [/gains/hand_index_flex_1_joint/d] by /gazebo
[rosmaster.master][INFO] 2025-12-04 21:21:33,673: +PARAM [/gains/hand_index_flex_1_joint/i_clamp_min] by /gazebo
[rosmaster.master][INFO] 2025-12-04 21:21:33,673: +PARAM [/gains/hand_index_flex_1_joint/i_clamp_max] by /gazebo
[rosmaster.master][INFO] 2025-12-04 21:21:33,674: +PARAM [/gains/hand_index_flex_1_joint/antiwindup] by /gazebo
[rosmaster.master][INFO] 2025-12-04 21:21:33,678: +PUB [/base_imu] /gazebo http://127.0.0.1:39377/
[rosmaster.master][INFO] 2025-12-04 21:21:33,680: +SERVICE [/gains/hand_index_virtual_1_joint/set_parameters] /gazebo http://127.0.0.1:39377/
[rosmaster.master][INFO] 2025-12-04 21:21:33,681: +CACHEDPARAM [/rosout_disable_topics_generation] by /bringup_controllers_spawner_imu
[rosmaster.master][INFO] 2025-12-04 21:21:33,682: +PUB [/gains/hand_index_virtual_1_joint/parameter_descriptions] /gazebo http://127.0.0.1:39377/
[rosmaster.master][INFO] 2025-12-04 21:21:33,683: +PUB [/gains/hand_index_virtual_1_joint/parameter_updates] /gazebo http://127.0.0.1:39377/
[rosmaster.master][INFO] 2025-12-04 21:21:33,686: +PUB [/wrist_ft] /gazebo http://127.0.0.1:39377/
[rosmaster.master][INFO] 2025-12-04 21:21:33,688: +PUB [/wrist_ft_temperature] /gazebo http://127.0.0.1:39377/
[rosmaster.master][INFO] 2025-12-04 21:21:33,688: +PARAM [/gains/hand_index_virtual_1_joint/p] by /gazebo
[rosmaster.master][INFO] 2025-12-04 21:21:33,689: +PARAM [/gains/hand_index_virtual_1_joint/i] by /gazebo
[rosmaster.master][INFO] 2025-12-04 21:21:33,690: +PARAM [/gains/hand_index_virtual_1_joint/d] by /gazebo
[rosmaster.master][INFO] 2025-12-04 21:21:33,691: +PARAM [/gains/hand_index_virtual_1_joint/i_clamp_min] by /gazebo
[rosmaster.master][INFO] 2025-12-04 21:21:33,692: +PARAM [/gains/hand_index_virtual_1_joint/i_clamp_max] by /gazebo
[rosmaster.master][INFO] 2025-12-04 21:21:33,693: +PARAM [/gains/hand_index_virtual_1_joint/antiwindup] by /gazebo
[rosmaster.master][INFO] 2025-12-04 21:21:33,694: +PARAM [/gains/hand_index_virtual_1_joint/p] by /gazebo
[rosmaster.master][INFO] 2025-12-04 21:21:33,695: +PARAM [/gains/hand_index_virtual_1_joint/i] by /gazebo
[rosmaster.master][INFO] 2025-12-04 21:21:33,696: +CACHEDPARAM [/rosout_disable_topics_generation] by /bringup_controllers_spawner_ft
[rosmaster.master][INFO] 2025-12-04 21:21:33,697: +PARAM [/gains/hand_index_virtual_1_joint/d] by /gazebo
[rosmaster.master][INFO] 2025-12-04 21:21:33,699: +PARAM [/gains/hand_index_virtual_1_joint/i_clamp_min] by /gazebo
[rosmaster.master][INFO] 2025-12-04 21:21:33,701: +PARAM [/gains/hand_index_virtual_1_joint/i_clamp_max] by /gazebo
[rosmaster.master][INFO] 2025-12-04 21:21:33,702: +PARAM [/gains/hand_index_virtual_1_joint/antiwindup] by /gazebo
[rosmaster.master][INFO] 2025-12-04 21:21:33,704: +PARAM [/gains/hand_index_virtual_1_joint/p] by /gazebo
[rosmaster.master][INFO] 2025-12-04 21:21:33,705: +PARAM [/gains/hand_index_virtual_1_joint/i] by /gazebo
[rosmaster.master][INFO] 2025-12-04 21:21:33,706: +PARAM [/gains/hand_index_virtual_1_joint/d] by /gazebo
[rosmaster.master][INFO] 2025-12-04 21:21:33,706: +PARAM [/gains/hand_index_virtual_1_joint/i_clamp_min] by /gazebo
[rosmaster.master][INFO] 2025-12-04 21:21:33,707: +PARAM [/gains/hand_index_virtual_1_joint/i_clamp_max] by /gazebo
[rosmaster.master][INFO] 2025-12-04 21:21:33,708: +PARAM [/gains/hand_index_virtual_1_joint/antiwindup] by /gazebo
[rosmaster.master][INFO] 2025-12-04 21:21:33,709: +PARAM [/gains/hand_index_virtual_1_joint/p] by /gazebo
[rosmaster.master][INFO] 2025-12-04 21:21:33,710: +PARAM [/gains/hand_index_virtual_1_joint/i] by /gazebo
[rosmaster.master][INFO] 2025-12-04 21:21:33,710: +PARAM [/gains/hand_index_virtual_1_joint/d] by /gazebo
[rosmaster.master][INFO] 2025-12-04 21:21:33,711: +PARAM [/gains/hand_index_virtual_1_joint/i_clamp_min] by /gazebo
[rosmaster.master][INFO] 2025-12-04 21:21:33,711: +PARAM [/gains/hand_index_virtual_1_joint/i_clamp_max] by /gazebo
[rosmaster.master][INFO] 2025-12-04 21:21:33,712: +PARAM [/gains/hand_index_virtual_1_joint/antiwindup] by /gazebo
[rosmaster.master][INFO] 2025-12-04 21:21:33,716: +SERVICE [/gains/hand_index_flex_2_joint/set_parameters] /gazebo http://127.0.0.1:39377/
[rosmaster.master][INFO] 2025-12-04 21:21:33,716: +PUB [/gains/hand_index_flex_2_joint/parameter_descriptions] /gazebo http://127.0.0.1:39377/
[rosmaster.master][INFO] 2025-12-04 21:21:33,717: +PUB [/gains/hand_index_flex_2_joint/parameter_updates] /gazebo http://127.0.0.1:39377/
[rosmaster.master][INFO] 2025-12-04 21:21:33,719: +PARAM [/gains/hand_index_flex_2_joint/p] by /gazebo
[rosmaster.master][INFO] 2025-12-04 21:21:33,720: +PARAM [/gains/hand_index_flex_2_joint/i] by /gazebo
[rosmaster.master][INFO] 2025-12-04 21:21:33,721: +PARAM [/gains/hand_index_flex_2_joint/d] by /gazebo
[rosmaster.master][INFO] 2025-12-04 21:21:33,722: +PARAM [/gains/hand_index_flex_2_joint/i_clamp_min] by /gazebo
[rosmaster.master][INFO] 2025-12-04 21:21:33,722: +PARAM [/gains/hand_index_flex_2_joint/i_clamp_max] by /gazebo
[rosmaster.master][INFO] 2025-12-04 21:21:33,723: +PARAM [/gains/hand_index_flex_2_joint/antiwindup] by /gazebo
[rosmaster.master][INFO] 2025-12-04 21:21:33,724: +PARAM [/gains/hand_index_flex_2_joint/p] by /gazebo
[rosmaster.master][INFO] 2025-12-04 21:21:33,725: +PARAM [/gains/hand_index_flex_2_joint/i] by /gazebo
[rosmaster.master][INFO] 2025-12-04 21:21:33,726: +PARAM [/gains/hand_index_flex_2_joint/d] by /gazebo
[rosmaster.master][INFO] 2025-12-04 21:21:33,727: +PARAM [/gains/hand_index_flex_2_joint/i_clamp_min] by /gazebo
[rosmaster.master][INFO] 2025-12-04 21:21:33,728: +PARAM [/gains/hand_index_flex_2_joint/i_clamp_max] by /gazebo
[rosmaster.master][INFO] 2025-12-04 21:21:33,729: +PARAM [/gains/hand_index_flex_2_joint/antiwindup] by /gazebo
[rosmaster.master][INFO] 2025-12-04 21:21:33,730: +PARAM [/gains/hand_index_flex_2_joint/p] by /gazebo
[rosmaster.master][INFO] 2025-12-04 21:21:33,731: +PARAM [/gains/hand_index_flex_2_joint/i] by /gazebo
[rosmaster.master][INFO] 2025-12-04 21:21:33,732: +PARAM [/gains/hand_index_flex_2_joint/d] by /gazebo
[rosmaster.master][INFO] 2025-12-04 21:21:33,732: +PARAM [/gains/hand_index_flex_2_joint/i_clamp_min] by /gazebo
[rosmaster.master][INFO] 2025-12-04 21:21:33,733: +PARAM [/gains/hand_index_flex_2_joint/i_clamp_max] by /gazebo
[rosmaster.master][INFO] 2025-12-04 21:21:33,733: +PARAM [/gains/hand_index_flex_2_joint/antiwindup] by /gazebo
[rosmaster.master][INFO] 2025-12-04 21:21:33,734: +PARAM [/gains/hand_index_flex_2_joint/p] by /gazebo
[rosmaster.master][INFO] 2025-12-04 21:21:33,734: +PARAM [/gains/hand_index_flex_2_joint/i] by /gazebo
[rosmaster.master][INFO] 2025-12-04 21:21:33,735: +PARAM [/gains/hand_index_flex_2_joint/d] by /gazebo
[rosmaster.master][INFO] 2025-12-04 21:21:33,735: +PARAM [/gains/hand_index_flex_2_joint/i_clamp_min] by /gazebo
[rosmaster.master][INFO] 2025-12-04 21:21:33,736: +PARAM [/gains/hand_index_flex_2_joint/i_clamp_max] by /gazebo
[rosmaster.master][INFO] 2025-12-04 21:21:33,737: +PARAM [/gains/hand_index_flex_2_joint/antiwindup] by /gazebo
[rosmaster.master][INFO] 2025-12-04 21:21:33,741: +SERVICE [/gains/hand_index_virtual_2_joint/set_parameters] /gazebo http://127.0.0.1:39377/
[rosmaster.master][INFO] 2025-12-04 21:21:33,742: +PUB [/gains/hand_index_virtual_2_joint/parameter_descriptions] /gazebo http://127.0.0.1:39377/
[rosmaster.master][INFO] 2025-12-04 21:21:33,743: +PUB [/gains/hand_index_virtual_2_joint/parameter_updates] /gazebo http://127.0.0.1:39377/
[rosmaster.master][INFO] 2025-12-04 21:21:33,745: +PARAM [/gains/hand_index_virtual_2_joint/p] by /gazebo
[rosmaster.master][INFO] 2025-12-04 21:21:33,746: +PARAM [/gains/hand_index_virtual_2_joint/i] by /gazebo
[rosmaster.master][INFO] 2025-12-04 21:21:33,746: +PARAM [/gains/hand_index_virtual_2_joint/d] by /gazebo
[rosmaster.master][INFO] 2025-12-04 21:21:33,747: +PARAM [/gains/hand_index_virtual_2_joint/i_clamp_min] by /gazebo
[rosmaster.master][INFO] 2025-12-04 21:21:33,747: +PARAM [/gains/hand_index_virtual_2_joint/i_clamp_max] by /gazebo
[rosmaster.master][INFO] 2025-12-04 21:21:33,748: +PARAM [/gains/hand_index_virtual_2_joint/antiwindup] by /gazebo
[rosmaster.master][INFO] 2025-12-04 21:21:33,748: +PARAM [/gains/hand_index_virtual_2_joint/p] by /gazebo
[rosmaster.master][INFO] 2025-12-04 21:21:33,749: +PARAM [/gains/hand_index_virtual_2_joint/i] by /gazebo
[rosmaster.master][INFO] 2025-12-04 21:21:33,749: +PARAM [/gains/hand_index_virtual_2_joint/d] by /gazebo
[rosmaster.master][INFO] 2025-12-04 21:21:33,750: +PARAM [/gains/hand_index_virtual_2_joint/i_clamp_min] by /gazebo
[rosmaster.master][INFO] 2025-12-04 21:21:33,750: +PARAM [/gains/hand_index_virtual_2_joint/i_clamp_max] by /gazebo
[rosmaster.master][INFO] 2025-12-04 21:21:33,750: +PARAM [/gains/hand_index_virtual_2_joint/antiwindup] by /gazebo
[rosmaster.master][INFO] 2025-12-04 21:21:33,751: +PARAM [/gains/hand_index_virtual_2_joint/p] by /gazebo
[rosmaster.master][INFO] 2025-12-04 21:21:33,751: +PARAM [/gains/hand_index_virtual_2_joint/i] by /gazebo
[rosmaster.master][INFO] 2025-12-04 21:21:33,752: +PARAM [/gains/hand_index_virtual_2_joint/d] by /gazebo
[rosmaster.master][INFO] 2025-12-04 21:21:33,752: +PARAM [/gains/hand_index_virtual_2_joint/i_clamp_min] by /gazebo
[rosmaster.master][INFO] 2025-12-04 21:21:33,753: +PARAM [/gains/hand_index_virtual_2_joint/i_clamp_max] by /gazebo
[rosmaster.master][INFO] 2025-12-04 21:21:33,753: +PARAM [/gains/hand_index_virtual_2_joint/antiwindup] by /gazebo
[rosmaster.master][INFO] 2025-12-04 21:21:33,754: +PARAM [/gains/hand_index_virtual_2_joint/p] by /gazebo
[rosmaster.master][INFO] 2025-12-04 21:21:33,754: +PARAM [/gains/hand_index_virtual_2_joint/i] by /gazebo
[rosmaster.master][INFO] 2025-12-04 21:21:33,755: +PARAM [/gains/hand_index_virtual_2_joint/d] by /gazebo
[rosmaster.master][INFO] 2025-12-04 21:21:33,755: +PARAM [/gains/hand_index_virtual_2_joint/i_clamp_min] by /gazebo
[rosmaster.master][INFO] 2025-12-04 21:21:33,755: +PARAM [/gains/hand_index_virtual_2_joint/i_clamp_max] by /gazebo
[rosmaster.master][INFO] 2025-12-04 21:21:33,756: +PARAM [/gains/hand_index_virtual_2_joint/antiwindup] by /gazebo
[rosmaster.master][INFO] 2025-12-04 21:21:33,760: +SERVICE [/gains/hand_index_flex_3_joint/set_parameters] /gazebo http://127.0.0.1:39377/
[rosmaster.master][INFO] 2025-12-04 21:21:33,761: +PUB [/gains/hand_index_flex_3_joint/parameter_descriptions] /gazebo http://127.0.0.1:39377/
[rosmaster.master][INFO] 2025-12-04 21:21:33,761: +PUB [/gains/hand_index_flex_3_joint/parameter_updates] /gazebo http://127.0.0.1:39377/
[rosmaster.master][INFO] 2025-12-04 21:21:33,764: +PARAM [/gains/hand_index_flex_3_joint/p] by /gazebo
[rosmaster.master][INFO] 2025-12-04 21:21:33,765: +PARAM [/gains/hand_index_flex_3_joint/i] by /gazebo
[rosmaster.master][INFO] 2025-12-04 21:21:33,765: +PARAM [/gains/hand_index_flex_3_joint/d] by /gazebo
[rosmaster.master][INFO] 2025-12-04 21:21:33,766: publisherUpdate[/head_controller/state] -> http://127.0.0.1:34167/ ['http://127.0.0.1:39377/']: sec=0.10, result=[1, '', 0]
[rosmaster.master][INFO] 2025-12-04 21:21:33,767: +PARAM [/gains/hand_index_flex_3_joint/i_clamp_min] by /gazebo
[rosmaster.master][INFO] 2025-12-04 21:21:33,768: +PARAM [/gains/hand_index_flex_3_joint/i_clamp_max] by /gazebo
[rosmaster.master][INFO] 2025-12-04 21:21:33,769: +PARAM [/gains/hand_index_flex_3_joint/antiwindup] by /gazebo
[rosmaster.master][INFO] 2025-12-04 21:21:33,769: +PARAM [/gains/hand_index_flex_3_joint/p] by /gazebo
[rosmaster.master][INFO] 2025-12-04 21:21:33,770: +PARAM [/gains/hand_index_flex_3_joint/i] by /gazebo
[rosmaster.master][INFO] 2025-12-04 21:21:33,771: +PARAM [/gains/hand_index_flex_3_joint/d] by /gazebo
[rosmaster.master][INFO] 2025-12-04 21:21:33,771: +PARAM [/gains/hand_index_flex_3_joint/i_clamp_min] by /gazebo
[rosmaster.master][INFO] 2025-12-04 21:21:33,772: +PARAM [/gains/hand_index_flex_3_joint/i_clamp_max] by /gazebo
[rosmaster.master][INFO] 2025-12-04 21:21:33,772: +PARAM [/gains/hand_index_flex_3_joint/antiwindup] by /gazebo
[rosmaster.master][INFO] 2025-12-04 21:21:33,773: +PARAM [/gains/hand_index_flex_3_joint/p] by /gazebo
[rosmaster.master][INFO] 2025-12-04 21:21:33,773: +PARAM [/gains/hand_index_flex_3_joint/i] by /gazebo
[rosmaster.master][INFO] 2025-12-04 21:21:33,774: +PARAM [/gains/hand_index_flex_3_joint/d] by /gazebo
[rosmaster.master][INFO] 2025-12-04 21:21:33,774: +PARAM [/gains/hand_index_flex_3_joint/i_clamp_min] by /gazebo
[rosmaster.master][INFO] 2025-12-04 21:21:33,775: +PARAM [/gains/hand_index_flex_3_joint/i_clamp_max] by /gazebo
[rosmaster.master][INFO] 2025-12-04 21:21:33,775: +PARAM [/gains/hand_index_flex_3_joint/antiwindup] by /gazebo
[rosmaster.master][INFO] 2025-12-04 21:21:33,776: +PARAM [/gains/hand_index_flex_3_joint/p] by /gazebo
[rosmaster.master][INFO] 2025-12-04 21:21:33,777: +PARAM [/gains/hand_index_flex_3_joint/i] by /gazebo
[rosmaster.master][INFO] 2025-12-04 21:21:33,777: +PARAM [/gains/hand_index_flex_3_joint/d] by /gazebo
[rosmaster.master][INFO] 2025-12-04 21:21:33,778: +PARAM [/gains/hand_index_flex_3_joint/i_clamp_min] by /gazebo
[rosmaster.master][INFO] 2025-12-04 21:21:33,778: +PARAM [/gains/hand_index_flex_3_joint/i_clamp_max] by /gazebo
[rosmaster.master][INFO] 2025-12-04 21:21:33,779: +PARAM [/gains/hand_index_flex_3_joint/antiwindup] by /gazebo
[rosmaster.master][INFO] 2025-12-04 21:21:33,784: +SERVICE [/gains/hand_middle_flex_1_joint/set_parameters] /gazebo http://127.0.0.1:39377/
[rosmaster.master][INFO] 2025-12-04 21:21:33,785: +PUB [/gains/hand_middle_flex_1_joint/parameter_descriptions] /gazebo http://127.0.0.1:39377/
[rosmaster.master][INFO] 2025-12-04 21:21:33,785: +PUB [/gains/hand_middle_flex_1_joint/parameter_updates] /gazebo http://127.0.0.1:39377/
[rosmaster.master][INFO] 2025-12-04 21:21:33,788: +PARAM [/gains/hand_middle_flex_1_joint/p] by /gazebo
[rosmaster.master][INFO] 2025-12-04 21:21:33,788: +PARAM [/gains/hand_middle_flex_1_joint/i] by /gazebo
[rosmaster.master][INFO] 2025-12-04 21:21:33,789: +PARAM [/gains/hand_middle_flex_1_joint/d] by /gazebo
[rosmaster.master][INFO] 2025-12-04 21:21:33,789: +PARAM [/gains/hand_middle_flex_1_joint/i_clamp_min] by /gazebo
[rosmaster.master][INFO] 2025-12-04 21:21:33,790: +PARAM [/gains/hand_middle_flex_1_joint/i_clamp_max] by /gazebo
[rosmaster.master][INFO] 2025-12-04 21:21:33,790: +PARAM [/gains/hand_middle_flex_1_joint/antiwindup] by /gazebo
[rosmaster.master][INFO] 2025-12-04 21:21:33,791: +PARAM [/gains/hand_middle_flex_1_joint/p] by /gazebo
[rosmaster.master][INFO] 2025-12-04 21:21:33,792: +PARAM [/gains/hand_middle_flex_1_joint/i] by /gazebo
[rosmaster.master][INFO] 2025-12-04 21:21:33,792: +PARAM [/gains/hand_middle_flex_1_joint/d] by /gazebo
[rosmaster.master][INFO] 2025-12-04 21:21:33,793: +PARAM [/gains/hand_middle_flex_1_joint/i_clamp_min] by /gazebo
[rosmaster.master][INFO] 2025-12-04 21:21:33,793: +PARAM [/gains/hand_middle_flex_1_joint/i_clamp_max] by /gazebo
[rosmaster.master][INFO] 2025-12-04 21:21:33,794: +PARAM [/gains/hand_middle_flex_1_joint/antiwindup] by /gazebo
[rosmaster.master][INFO] 2025-12-04 21:21:33,794: +PARAM [/gains/hand_middle_flex_1_joint/p] by /gazebo
[rosmaster.master][INFO] 2025-12-04 21:21:33,795: +PARAM [/gains/hand_middle_flex_1_joint/i] by /gazebo
[rosmaster.master][INFO] 2025-12-04 21:21:33,795: +PARAM [/gains/hand_middle_flex_1_joint/d] by /gazebo
[rosmaster.master][INFO] 2025-12-04 21:21:33,796: +PARAM [/gains/hand_middle_flex_1_joint/i_clamp_min] by /gazebo
[rosmaster.master][INFO] 2025-12-04 21:21:33,796: +PARAM [/gains/hand_middle_flex_1_joint/i_clamp_max] by /gazebo
[rosmaster.master][INFO] 2025-12-04 21:21:33,796: +PARAM [/gains/hand_middle_flex_1_joint/antiwindup] by /gazebo
[rosmaster.master][INFO] 2025-12-04 21:21:33,797: +PARAM [/gains/hand_middle_flex_1_joint/p] by /gazebo
[rosmaster.master][INFO] 2025-12-04 21:21:33,797: +PARAM [/gains/hand_middle_flex_1_joint/i] by /gazebo
[rosmaster.master][INFO] 2025-12-04 21:21:33,798: +PARAM [/gains/hand_middle_flex_1_joint/d] by /gazebo
[rosmaster.master][INFO] 2025-12-04 21:21:33,798: +PARAM [/gains/hand_middle_flex_1_joint/i_clamp_min] by /gazebo
[rosmaster.master][INFO] 2025-12-04 21:21:33,799: +PARAM [/gains/hand_middle_flex_1_joint/i_clamp_max] by /gazebo
[rosmaster.master][INFO] 2025-12-04 21:21:33,800: +PARAM [/gains/hand_middle_flex_1_joint/antiwindup] by /gazebo
[rosmaster.master][INFO] 2025-12-04 21:21:33,805: +SERVICE [/gains/hand_middle_virtual_1_joint/set_parameters] /gazebo http://127.0.0.1:39377/
[rosmaster.master][INFO] 2025-12-04 21:21:33,807: +PUB [/gains/hand_middle_virtual_1_joint/parameter_descriptions] /gazebo http://127.0.0.1:39377/
[rosmaster.master][INFO] 2025-12-04 21:21:33,808: +PUB [/gains/hand_middle_virtual_1_joint/parameter_updates] /gazebo http://127.0.0.1:39377/
[rosmaster.master][INFO] 2025-12-04 21:21:33,811: +PARAM [/gains/hand_middle_virtual_1_joint/p] by /gazebo
[rosmaster.master][INFO] 2025-12-04 21:21:33,812: +PARAM [/gains/hand_middle_virtual_1_joint/i] by /gazebo
[rosmaster.master][INFO] 2025-12-04 21:21:33,813: +PARAM [/gains/hand_middle_virtual_1_joint/d] by /gazebo
[rosmaster.master][INFO] 2025-12-04 21:21:33,814: +PARAM [/gains/hand_middle_virtual_1_joint/i_clamp_min] by /gazebo
[rosmaster.master][INFO] 2025-12-04 21:21:33,814: +PARAM [/gains/hand_middle_virtual_1_joint/i_clamp_max] by /gazebo
[rosmaster.master][INFO] 2025-12-04 21:21:33,815: +PARAM [/gains/hand_middle_virtual_1_joint/antiwindup] by /gazebo
[rosmaster.master][INFO] 2025-12-04 21:21:33,815: +PARAM [/gains/hand_middle_virtual_1_joint/p] by /gazebo
[rosmaster.master][INFO] 2025-12-04 21:21:33,816: +PARAM [/gains/hand_middle_virtual_1_joint/i] by /gazebo
[rosmaster.master][INFO] 2025-12-04 21:21:33,816: +PARAM [/gains/hand_middle_virtual_1_joint/d] by /gazebo
[rosmaster.master][INFO] 2025-12-04 21:21:33,816: +PARAM [/gains/hand_middle_virtual_1_joint/i_clamp_min] by /gazebo
[rosmaster.master][INFO] 2025-12-04 21:21:33,817: +PARAM [/gains/hand_middle_virtual_1_joint/i_clamp_max] by /gazebo
[rosmaster.master][INFO] 2025-12-04 21:21:33,817: +PARAM [/gains/hand_middle_virtual_1_joint/antiwindup] by /gazebo
[rosmaster.master][INFO] 2025-12-04 21:21:33,818: +PARAM [/gains/hand_middle_virtual_1_joint/p] by /gazebo
[rosmaster.master][INFO] 2025-12-04 21:21:33,818: +PARAM [/gains/hand_middle_virtual_1_joint/i] by /gazebo
[rosmaster.master][INFO] 2025-12-04 21:21:33,819: +PARAM [/gains/hand_middle_virtual_1_joint/d] by /gazebo
[rosmaster.master][INFO] 2025-12-04 21:21:33,819: +PARAM [/gains/hand_middle_virtual_1_joint/i_clamp_min] by /gazebo
[rosmaster.master][INFO] 2025-12-04 21:21:33,820: +PARAM [/gains/hand_middle_virtual_1_joint/i_clamp_max] by /gazebo
[rosmaster.master][INFO] 2025-12-04 21:21:33,821: +PARAM [/gains/hand_middle_virtual_1_joint/antiwindup] by /gazebo
[rosmaster.master][INFO] 2025-12-04 21:21:33,821: +PARAM [/gains/hand_middle_virtual_1_joint/p] by /gazebo
[rosmaster.master][INFO] 2025-12-04 21:21:33,822: +PARAM [/gains/hand_middle_virtual_1_joint/i] by /gazebo
[rosmaster.master][INFO] 2025-12-04 21:21:33,822: +PARAM [/gains/hand_middle_virtual_1_joint/d] by /gazebo
[rosmaster.master][INFO] 2025-12-04 21:21:33,823: +PARAM [/gains/hand_middle_virtual_1_joint/i_clamp_min] by /gazebo
[rosmaster.master][INFO] 2025-12-04 21:21:33,824: +PARAM [/gains/hand_middle_virtual_1_joint/i_clamp_max] by /gazebo
[rosmaster.master][INFO] 2025-12-04 21:21:33,824: +PARAM [/gains/hand_middle_virtual_1_joint/antiwindup] by /gazebo
[rosmaster.master][INFO] 2025-12-04 21:21:33,828: +SERVICE [/gains/hand_middle_flex_2_joint/set_parameters] /gazebo http://127.0.0.1:39377/
[rosmaster.master][INFO] 2025-12-04 21:21:33,829: +PUB [/gains/hand_middle_flex_2_joint/parameter_descriptions] /gazebo http://127.0.0.1:39377/
[rosmaster.master][INFO] 2025-12-04 21:21:33,829: +PUB [/gains/hand_middle_flex_2_joint/parameter_updates] /gazebo http://127.0.0.1:39377/
[rosmaster.master][INFO] 2025-12-04 21:21:33,832: +PARAM [/gains/hand_middle_flex_2_joint/p] by /gazebo
[rosmaster.master][INFO] 2025-12-04 21:21:33,833: +PARAM [/gains/hand_middle_flex_2_joint/i] by /gazebo
[rosmaster.master][INFO] 2025-12-04 21:21:33,833: +PARAM [/gains/hand_middle_flex_2_joint/d] by /gazebo
[rosmaster.master][INFO] 2025-12-04 21:21:33,833: +PARAM [/gains/hand_middle_flex_2_joint/i_clamp_min] by /gazebo
[rosmaster.master][INFO] 2025-12-04 21:21:33,834: +PARAM [/gains/hand_middle_flex_2_joint/i_clamp_max] by /gazebo
[rosmaster.master][INFO] 2025-12-04 21:21:33,834: +PARAM [/gains/hand_middle_flex_2_joint/antiwindup] by /gazebo
[rosmaster.master][INFO] 2025-12-04 21:21:33,835: +PARAM [/gains/hand_middle_flex_2_joint/p] by /gazebo
[rosmaster.master][INFO] 2025-12-04 21:21:33,835: +PARAM [/gains/hand_middle_flex_2_joint/i] by /gazebo
[rosmaster.master][INFO] 2025-12-04 21:21:33,836: +PARAM [/gains/hand_middle_flex_2_joint/d] by /gazebo
[rosmaster.master][INFO] 2025-12-04 21:21:33,836: +PARAM [/gains/hand_middle_flex_2_joint/i_clamp_min] by /gazebo
[rosmaster.master][INFO] 2025-12-04 21:21:33,837: +PARAM [/gains/hand_middle_flex_2_joint/i_clamp_max] by /gazebo
[rosmaster.master][INFO] 2025-12-04 21:21:33,837: +PARAM [/gains/hand_middle_flex_2_joint/antiwindup] by /gazebo
[rosmaster.master][INFO] 2025-12-04 21:21:33,838: +PARAM [/gains/hand_middle_flex_2_joint/p] by /gazebo
[rosmaster.master][INFO] 2025-12-04 21:21:33,838: +PARAM [/gains/hand_middle_flex_2_joint/i] by /gazebo
[rosmaster.master][INFO] 2025-12-04 21:21:33,839: +PARAM [/gains/hand_middle_flex_2_joint/d] by /gazebo
[rosmaster.master][INFO] 2025-12-04 21:21:33,839: +PARAM [/gains/hand_middle_flex_2_joint/i_clamp_min] by /gazebo
[rosmaster.master][INFO] 2025-12-04 21:21:33,840: +PARAM [/gains/hand_middle_flex_2_joint/i_clamp_max] by /gazebo
[rosmaster.master][INFO] 2025-12-04 21:21:33,841: +PARAM [/gains/hand_middle_flex_2_joint/antiwindup] by /gazebo
[rosmaster.master][INFO] 2025-12-04 21:21:33,842: +PARAM [/gains/hand_middle_flex_2_joint/p] by /gazebo
[rosmaster.master][INFO] 2025-12-04 21:21:33,842: +PARAM [/gains/hand_middle_flex_2_joint/i] by /gazebo
[rosmaster.master][INFO] 2025-12-04 21:21:33,843: +PARAM [/gains/hand_middle_flex_2_joint/d] by /gazebo
[rosmaster.master][INFO] 2025-12-04 21:21:33,843: +PARAM [/gains/hand_middle_flex_2_joint/i_clamp_min] by /gazebo
[rosmaster.master][INFO] 2025-12-04 21:21:33,844: +PARAM [/gains/hand_middle_flex_2_joint/i_clamp_max] by /gazebo
[rosmaster.master][INFO] 2025-12-04 21:21:33,844: +PARAM [/gains/hand_middle_flex_2_joint/antiwindup] by /gazebo
[rosmaster.master][INFO] 2025-12-04 21:21:33,848: +SERVICE [/gains/hand_middle_virtual_2_joint/set_parameters] /gazebo http://127.0.0.1:39377/
[rosmaster.master][INFO] 2025-12-04 21:21:33,849: +PUB [/gains/hand_middle_virtual_2_joint/parameter_descriptions] /gazebo http://127.0.0.1:39377/
[rosmaster.master][INFO] 2025-12-04 21:21:33,849: +PUB [/gains/hand_middle_virtual_2_joint/parameter_updates] /gazebo http://127.0.0.1:39377/
[rosmaster.master][INFO] 2025-12-04 21:21:33,852: +PARAM [/gains/hand_middle_virtual_2_joint/p] by /gazebo
[rosmaster.master][INFO] 2025-12-04 21:21:33,852: +PARAM [/gains/hand_middle_virtual_2_joint/i] by /gazebo
[rosmaster.master][INFO] 2025-12-04 21:21:33,853: +PARAM [/gains/hand_middle_virtual_2_joint/d] by /gazebo
[rosmaster.master][INFO] 2025-12-04 21:21:33,853: +PARAM [/gains/hand_middle_virtual_2_joint/i_clamp_min] by /gazebo
[rosmaster.master][INFO] 2025-12-04 21:21:33,855: +PARAM [/gains/hand_middle_virtual_2_joint/i_clamp_max] by /gazebo
[rosmaster.master][INFO] 2025-12-04 21:21:33,856: +PARAM [/gains/hand_middle_virtual_2_joint/antiwindup] by /gazebo
[rosmaster.master][INFO] 2025-12-04 21:21:33,857: +PARAM [/gains/hand_middle_virtual_2_joint/p] by /gazebo
[rosmaster.master][INFO] 2025-12-04 21:21:33,857: +PARAM [/gains/hand_middle_virtual_2_joint/i] by /gazebo
[rosmaster.master][INFO] 2025-12-04 21:21:33,858: +PARAM [/gains/hand_middle_virtual_2_joint/d] by /gazebo
[rosmaster.master][INFO] 2025-12-04 21:21:33,859: +PARAM [/gains/hand_middle_virtual_2_joint/i_clamp_min] by /gazebo
[rosmaster.master][INFO] 2025-12-04 21:21:33,860: +PARAM [/gains/hand_middle_virtual_2_joint/i_clamp_max] by /gazebo
[rosmaster.master][INFO] 2025-12-04 21:21:33,860: +PARAM [/gains/hand_middle_virtual_2_joint/antiwindup] by /gazebo
[rosmaster.master][INFO] 2025-12-04 21:21:33,861: +PARAM [/gains/hand_middle_virtual_2_joint/p] by /gazebo
[rosmaster.master][INFO] 2025-12-04 21:21:33,862: +PARAM [/gains/hand_middle_virtual_2_joint/i] by /gazebo
[rosmaster.master][INFO] 2025-12-04 21:21:33,863: +PARAM [/gains/hand_middle_virtual_2_joint/d] by /gazebo
[rosmaster.master][INFO] 2025-12-04 21:21:33,863: +PARAM [/gains/hand_middle_virtual_2_joint/i_clamp_min] by /gazebo
[rosmaster.master][INFO] 2025-12-04 21:21:33,864: +PARAM [/gains/hand_middle_virtual_2_joint/i_clamp_max] by /gazebo
[rosmaster.master][INFO] 2025-12-04 21:21:33,865: +PARAM [/gains/hand_middle_virtual_2_joint/antiwindup] by /gazebo
[rosmaster.master][INFO] 2025-12-04 21:21:33,865: +PARAM [/gains/hand_middle_virtual_2_joint/p] by /gazebo
[rosmaster.master][INFO] 2025-12-04 21:21:33,866: +PARAM [/gains/hand_middle_virtual_2_joint/i] by /gazebo
[rosmaster.master][INFO] 2025-12-04 21:21:33,867: +PARAM [/gains/hand_middle_virtual_2_joint/d] by /gazebo
[rosmaster.master][INFO] 2025-12-04 21:21:33,867: +PARAM [/gains/hand_middle_virtual_2_joint/i_clamp_min] by /gazebo
[rosmaster.master][INFO] 2025-12-04 21:21:33,868: +PARAM [/gains/hand_middle_virtual_2_joint/i_clamp_max] by /gazebo
[rosmaster.master][INFO] 2025-12-04 21:21:33,868: +PARAM [/gains/hand_middle_virtual_2_joint/antiwindup] by /gazebo
[rosmaster.master][INFO] 2025-12-04 21:21:33,872: +SERVICE [/gains/hand_middle_flex_3_joint/set_parameters] /gazebo http://127.0.0.1:39377/
[rosmaster.master][INFO] 2025-12-04 21:21:33,873: +PUB [/gains/hand_middle_flex_3_joint/parameter_descriptions] /gazebo http://127.0.0.1:39377/
[rosmaster.master][INFO] 2025-12-04 21:21:33,874: +PUB [/gains/hand_middle_flex_3_joint/parameter_updates] /gazebo http://127.0.0.1:39377/
[rosmaster.master][INFO] 2025-12-04 21:21:33,877: +PARAM [/gains/hand_middle_flex_3_joint/p] by /gazebo
[rosmaster.master][INFO] 2025-12-04 21:21:33,878: +PARAM [/gains/hand_middle_flex_3_joint/i] by /gazebo
[rosmaster.master][INFO] 2025-12-04 21:21:33,879: +PARAM [/gains/hand_middle_flex_3_joint/d] by /gazebo
[rosmaster.master][INFO] 2025-12-04 21:21:33,880: +PARAM [/gains/hand_middle_flex_3_joint/i_clamp_min] by /gazebo
[rosmaster.master][INFO] 2025-12-04 21:21:33,881: +PARAM [/gains/hand_middle_flex_3_joint/i_clamp_max] by /gazebo
[rosmaster.master][INFO] 2025-12-04 21:21:33,881: +PARAM [/gains/hand_middle_flex_3_joint/antiwindup] by /gazebo
[rosmaster.master][INFO] 2025-12-04 21:21:33,882: +PARAM [/gains/hand_middle_flex_3_joint/p] by /gazebo
[rosmaster.master][INFO] 2025-12-04 21:21:33,883: +PARAM [/gains/hand_middle_flex_3_joint/i] by /gazebo
[rosmaster.master][INFO] 2025-12-04 21:21:33,883: +PARAM [/gains/hand_middle_flex_3_joint/d] by /gazebo
[rosmaster.master][INFO] 2025-12-04 21:21:33,884: +PARAM [/gains/hand_middle_flex_3_joint/i_clamp_min] by /gazebo
[rosmaster.master][INFO] 2025-12-04 21:21:33,884: +PARAM [/gains/hand_middle_flex_3_joint/i_clamp_max] by /gazebo
[rosmaster.master][INFO] 2025-12-04 21:21:33,885: +PARAM [/gains/hand_middle_flex_3_joint/antiwindup] by /gazebo
[rosmaster.master][INFO] 2025-12-04 21:21:33,886: +PARAM [/gains/hand_middle_flex_3_joint/p] by /gazebo
[rosmaster.master][INFO] 2025-12-04 21:21:33,887: +PARAM [/gains/hand_middle_flex_3_joint/i] by /gazebo
[rosmaster.master][INFO] 2025-12-04 21:21:33,887: +PARAM [/gains/hand_middle_flex_3_joint/d] by /gazebo
[rosmaster.master][INFO] 2025-12-04 21:21:33,888: +PARAM [/gains/hand_middle_flex_3_joint/i_clamp_min] by /gazebo
[rosmaster.master][INFO] 2025-12-04 21:21:33,889: +PARAM [/gains/hand_middle_flex_3_joint/i_clamp_max] by /gazebo
[rosmaster.master][INFO] 2025-12-04 21:21:33,890: +PARAM [/gains/hand_middle_flex_3_joint/antiwindup] by /gazebo
[rosmaster.master][INFO] 2025-12-04 21:21:33,891: +PARAM [/gains/hand_middle_flex_3_joint/p] by /gazebo
[rosmaster.master][INFO] 2025-12-04 21:21:33,892: +PARAM [/gains/hand_middle_flex_3_joint/i] by /gazebo
[rosmaster.master][INFO] 2025-12-04 21:21:33,892: +PARAM [/gains/hand_middle_flex_3_joint/d] by /gazebo
[rosmaster.master][INFO] 2025-12-04 21:21:33,893: +PARAM [/gains/hand_middle_flex_3_joint/i_clamp_min] by /gazebo
[rosmaster.master][INFO] 2025-12-04 21:21:33,894: +PARAM [/gains/hand_middle_flex_3_joint/i_clamp_max] by /gazebo
[rosmaster.master][INFO] 2025-12-04 21:21:33,894: +PARAM [/gains/hand_middle_flex_3_joint/antiwindup] by /gazebo
[rosmaster.master][INFO] 2025-12-04 21:21:33,900: +SERVICE [/gains/hand_ring_flex_1_joint/set_parameters] /gazebo http://127.0.0.1:39377/
[rosmaster.master][INFO] 2025-12-04 21:21:33,900: +PUB [/gains/hand_ring_flex_1_joint/parameter_descriptions] /gazebo http://127.0.0.1:39377/
[rosmaster.master][INFO] 2025-12-04 21:21:33,901: +PUB [/gains/hand_ring_flex_1_joint/parameter_updates] /gazebo http://127.0.0.1:39377/
[rosmaster.master][INFO] 2025-12-04 21:21:33,904: +PARAM [/gains/hand_ring_flex_1_joint/p] by /gazebo
[rosmaster.master][INFO] 2025-12-04 21:21:33,904: +PARAM [/gains/hand_ring_flex_1_joint/i] by /gazebo
[rosmaster.master][INFO] 2025-12-04 21:21:33,905: +PARAM [/gains/hand_ring_flex_1_joint/d] by /gazebo
[rosmaster.master][INFO] 2025-12-04 21:21:33,906: +PARAM [/gains/hand_ring_flex_1_joint/i_clamp_min] by /gazebo
[rosmaster.master][INFO] 2025-12-04 21:21:33,906: +PARAM [/gains/hand_ring_flex_1_joint/i_clamp_max] by /gazebo
[rosmaster.master][INFO] 2025-12-04 21:21:33,907: +PARAM [/gains/hand_ring_flex_1_joint/antiwindup] by /gazebo
[rosmaster.master][INFO] 2025-12-04 21:21:33,907: +PARAM [/gains/hand_ring_flex_1_joint/p] by /gazebo
[rosmaster.master][INFO] 2025-12-04 21:21:33,908: +PARAM [/gains/hand_ring_flex_1_joint/i] by /gazebo
[rosmaster.master][INFO] 2025-12-04 21:21:33,909: +PARAM [/gains/hand_ring_flex_1_joint/d] by /gazebo
[rosmaster.master][INFO] 2025-12-04 21:21:33,910: +PARAM [/gains/hand_ring_flex_1_joint/i_clamp_min] by /gazebo
[rosmaster.master][INFO] 2025-12-04 21:21:33,911: +PARAM [/gains/hand_ring_flex_1_joint/i_clamp_max] by /gazebo
[rosmaster.master][INFO] 2025-12-04 21:21:33,912: +PARAM [/gains/hand_ring_flex_1_joint/antiwindup] by /gazebo
[rosmaster.master][INFO] 2025-12-04 21:21:33,912: +PARAM [/gains/hand_ring_flex_1_joint/p] by /gazebo
[rosmaster.master][INFO] 2025-12-04 21:21:33,913: +PARAM [/gains/hand_ring_flex_1_joint/i] by /gazebo
[rosmaster.master][INFO] 2025-12-04 21:21:33,913: +PARAM [/gains/hand_ring_flex_1_joint/d] by /gazebo
[rosmaster.master][INFO] 2025-12-04 21:21:33,914: +PARAM [/gains/hand_ring_flex_1_joint/i_clamp_min] by /gazebo
[rosmaster.master][INFO] 2025-12-04 21:21:33,915: +PARAM [/gains/hand_ring_flex_1_joint/i_clamp_max] by /gazebo
[rosmaster.master][INFO] 2025-12-04 21:21:33,915: +PARAM [/gains/hand_ring_flex_1_joint/antiwindup] by /gazebo
[rosmaster.master][INFO] 2025-12-04 21:21:33,916: +PARAM [/gains/hand_ring_flex_1_joint/p] by /gazebo
[rosmaster.master][INFO] 2025-12-04 21:21:33,916: +PARAM [/gains/hand_ring_flex_1_joint/i] by /gazebo
[rosmaster.master][INFO] 2025-12-04 21:21:33,917: +PARAM [/gains/hand_ring_flex_1_joint/d] by /gazebo
[rosmaster.master][INFO] 2025-12-04 21:21:33,917: +PARAM [/gains/hand_ring_flex_1_joint/i_clamp_min] by /gazebo
[rosmaster.master][INFO] 2025-12-04 21:21:33,918: +PARAM [/gains/hand_ring_flex_1_joint/i_clamp_max] by /gazebo
[rosmaster.master][INFO] 2025-12-04 21:21:33,918: +PARAM [/gains/hand_ring_flex_1_joint/antiwindup] by /gazebo
[rosmaster.master][INFO] 2025-12-04 21:21:33,923: +SERVICE [/gains/hand_ring_virtual_1_joint/set_parameters] /gazebo http://127.0.0.1:39377/
[rosmaster.master][INFO] 2025-12-04 21:21:33,924: +PUB [/gains/hand_ring_virtual_1_joint/parameter_descriptions] /gazebo http://127.0.0.1:39377/
[rosmaster.master][INFO] 2025-12-04 21:21:33,925: +PUB [/gains/hand_ring_virtual_1_joint/parameter_updates] /gazebo http://127.0.0.1:39377/
[rosmaster.master][INFO] 2025-12-04 21:21:33,928: +PARAM [/gains/hand_ring_virtual_1_joint/p] by /gazebo
[rosmaster.master][INFO] 2025-12-04 21:21:33,928: +PARAM [/gains/hand_ring_virtual_1_joint/i] by /gazebo
[rosmaster.master][INFO] 2025-12-04 21:21:33,929: +PARAM [/gains/hand_ring_virtual_1_joint/d] by /gazebo
[rosmaster.master][INFO] 2025-12-04 21:21:33,929: +PARAM [/gains/hand_ring_virtual_1_joint/i_clamp_min] by /gazebo
[rosmaster.master][INFO] 2025-12-04 21:21:33,930: +PARAM [/gains/hand_ring_virtual_1_joint/i_clamp_max] by /gazebo
[rosmaster.master][INFO] 2025-12-04 21:21:33,930: +PARAM [/gains/hand_ring_virtual_1_joint/antiwindup] by /gazebo
[rosmaster.master][INFO] 2025-12-04 21:21:33,931: +PARAM [/gains/hand_ring_virtual_1_joint/p] by /gazebo
[rosmaster.master][INFO] 2025-12-04 21:21:33,932: +PARAM [/gains/hand_ring_virtual_1_joint/i] by /gazebo
[rosmaster.master][INFO] 2025-12-04 21:21:33,933: +PARAM [/gains/hand_ring_virtual_1_joint/d] by /gazebo
[rosmaster.master][INFO] 2025-12-04 21:21:33,933: +PARAM [/gains/hand_ring_virtual_1_joint/i_clamp_min] by /gazebo
[rosmaster.master][INFO] 2025-12-04 21:21:33,934: +PARAM [/gains/hand_ring_virtual_1_joint/i_clamp_max] by /gazebo
[rosmaster.master][INFO] 2025-12-04 21:21:33,934: +PARAM [/gains/hand_ring_virtual_1_joint/antiwindup] by /gazebo
[rosmaster.master][INFO] 2025-12-04 21:21:33,934: +PARAM [/gains/hand_ring_virtual_1_joint/p] by /gazebo
[rosmaster.master][INFO] 2025-12-04 21:21:33,935: +PARAM [/gains/hand_ring_virtual_1_joint/i] by /gazebo
[rosmaster.master][INFO] 2025-12-04 21:21:33,936: +PARAM [/gains/hand_ring_virtual_1_joint/d] by /gazebo
[rosmaster.master][INFO] 2025-12-04 21:21:33,936: +PARAM [/gains/hand_ring_virtual_1_joint/i_clamp_min] by /gazebo
[rosmaster.master][INFO] 2025-12-04 21:21:33,937: +PARAM [/gains/hand_ring_virtual_1_joint/i_clamp_max] by /gazebo
[rosmaster.master][INFO] 2025-12-04 21:21:33,937: +PARAM [/gains/hand_ring_virtual_1_joint/antiwindup] by /gazebo
[rosmaster.master][INFO] 2025-12-04 21:21:33,938: +PARAM [/gains/hand_ring_virtual_1_joint/p] by /gazebo
[rosmaster.master][INFO] 2025-12-04 21:21:33,939: +PARAM [/gains/hand_ring_virtual_1_joint/i] by /gazebo
[rosmaster.master][INFO] 2025-12-04 21:21:33,940: +PARAM [/gains/hand_ring_virtual_1_joint/d] by /gazebo
[rosmaster.master][INFO] 2025-12-04 21:21:33,940: +PARAM [/gains/hand_ring_virtual_1_joint/i_clamp_min] by /gazebo
[rosmaster.master][INFO] 2025-12-04 21:21:33,941: +PARAM [/gains/hand_ring_virtual_1_joint/i_clamp_max] by /gazebo
[rosmaster.master][INFO] 2025-12-04 21:21:33,941: +PARAM [/gains/hand_ring_virtual_1_joint/antiwindup] by /gazebo
[rosmaster.master][INFO] 2025-12-04 21:21:33,946: +SERVICE [/gains/hand_ring_flex_2_joint/set_parameters] /gazebo http://127.0.0.1:39377/
[rosmaster.master][INFO] 2025-12-04 21:21:33,947: +PUB [/gains/hand_ring_flex_2_joint/parameter_descriptions] /gazebo http://127.0.0.1:39377/
[rosmaster.master][INFO] 2025-12-04 21:21:33,947: +PUB [/gains/hand_ring_flex_2_joint/parameter_updates] /gazebo http://127.0.0.1:39377/
[rosmaster.master][INFO] 2025-12-04 21:21:33,950: +PARAM [/gains/hand_ring_flex_2_joint/p] by /gazebo
[rosmaster.master][INFO] 2025-12-04 21:21:33,950: +PARAM [/gains/hand_ring_flex_2_joint/i] by /gazebo
[rosmaster.master][INFO] 2025-12-04 21:21:33,951: +PARAM [/gains/hand_ring_flex_2_joint/d] by /gazebo
[rosmaster.master][INFO] 2025-12-04 21:21:33,951: +PARAM [/gains/hand_ring_flex_2_joint/i_clamp_min] by /gazebo
[rosmaster.master][INFO] 2025-12-04 21:21:33,952: +PARAM [/gains/hand_ring_flex_2_joint/i_clamp_max] by /gazebo
[rosmaster.master][INFO] 2025-12-04 21:21:33,952: +PARAM [/gains/hand_ring_flex_2_joint/antiwindup] by /gazebo
[rosmaster.master][INFO] 2025-12-04 21:21:33,953: +PARAM [/gains/hand_ring_flex_2_joint/p] by /gazebo
[rosmaster.master][INFO] 2025-12-04 21:21:33,954: +PARAM [/gains/hand_ring_flex_2_joint/i] by /gazebo
[rosmaster.master][INFO] 2025-12-04 21:21:33,954: +PARAM [/gains/hand_ring_flex_2_joint/d] by /gazebo
[rosmaster.master][INFO] 2025-12-04 21:21:33,955: +PARAM [/gains/hand_ring_flex_2_joint/i_clamp_min] by /gazebo
[rosmaster.master][INFO] 2025-12-04 21:21:33,955: +PARAM [/gains/hand_ring_flex_2_joint/i_clamp_max] by /gazebo
[rosmaster.master][INFO] 2025-12-04 21:21:33,956: +PARAM [/gains/hand_ring_flex_2_joint/antiwindup] by /gazebo
[rosmaster.master][INFO] 2025-12-04 21:21:33,957: +PARAM [/gains/hand_ring_flex_2_joint/p] by /gazebo
[rosmaster.master][INFO] 2025-12-04 21:21:33,957: +PARAM [/gains/hand_ring_flex_2_joint/i] by /gazebo
[rosmaster.master][INFO] 2025-12-04 21:21:33,958: +PARAM [/gains/hand_ring_flex_2_joint/d] by /gazebo
[rosmaster.master][INFO] 2025-12-04 21:21:33,959: +PARAM [/gains/hand_ring_flex_2_joint/i_clamp_min] by /gazebo
[rosmaster.master][INFO] 2025-12-04 21:21:33,960: +PARAM [/gains/hand_ring_flex_2_joint/i_clamp_max] by /gazebo
[rosmaster.master][INFO] 2025-12-04 21:21:33,961: +PARAM [/gains/hand_ring_flex_2_joint/antiwindup] by /gazebo
[rosmaster.master][INFO] 2025-12-04 21:21:33,961: +PARAM [/gains/hand_ring_flex_2_joint/p] by /gazebo
[rosmaster.master][INFO] 2025-12-04 21:21:33,962: +PARAM [/gains/hand_ring_flex_2_joint/i] by /gazebo
[rosmaster.master][INFO] 2025-12-04 21:21:33,963: +PARAM [/gains/hand_ring_flex_2_joint/d] by /gazebo
[rosmaster.master][INFO] 2025-12-04 21:21:33,963: +PARAM [/gains/hand_ring_flex_2_joint/i_clamp_min] by /gazebo
[rosmaster.master][INFO] 2025-12-04 21:21:33,964: +PARAM [/gains/hand_ring_flex_2_joint/i_clamp_max] by /gazebo
[rosmaster.master][INFO] 2025-12-04 21:21:33,964: +PARAM [/gains/hand_ring_flex_2_joint/antiwindup] by /gazebo
[rosmaster.master][INFO] 2025-12-04 21:21:33,968: +SERVICE [/gains/hand_ring_virtual_2_joint/set_parameters] /gazebo http://127.0.0.1:39377/
[rosmaster.master][INFO] 2025-12-04 21:21:33,969: +PUB [/gains/hand_ring_virtual_2_joint/parameter_descriptions] /gazebo http://127.0.0.1:39377/
[rosmaster.master][INFO] 2025-12-04 21:21:33,970: +PUB [/gains/hand_ring_virtual_2_joint/parameter_updates] /gazebo http://127.0.0.1:39377/
[rosmaster.master][INFO] 2025-12-04 21:21:33,972: +PARAM [/gains/hand_ring_virtual_2_joint/p] by /gazebo
[rosmaster.master][INFO] 2025-12-04 21:21:33,973: +PARAM [/gains/hand_ring_virtual_2_joint/i] by /gazebo
[rosmaster.master][INFO] 2025-12-04 21:21:33,973: +PARAM [/gains/hand_ring_virtual_2_joint/d] by /gazebo
[rosmaster.master][INFO] 2025-12-04 21:21:33,974: +PARAM [/gains/hand_ring_virtual_2_joint/i_clamp_min] by /gazebo
[rosmaster.master][INFO] 2025-12-04 21:21:33,975: +PARAM [/gains/hand_ring_virtual_2_joint/i_clamp_max] by /gazebo
[rosmaster.master][INFO] 2025-12-04 21:21:33,976: +PARAM [/gains/hand_ring_virtual_2_joint/antiwindup] by /gazebo
[rosmaster.master][INFO] 2025-12-04 21:21:33,977: +PARAM [/gains/hand_ring_virtual_2_joint/p] by /gazebo
[rosmaster.master][INFO] 2025-12-04 21:21:33,977: +PARAM [/gains/hand_ring_virtual_2_joint/i] by /gazebo
[rosmaster.master][INFO] 2025-12-04 21:21:33,978: +PARAM [/gains/hand_ring_virtual_2_joint/d] by /gazebo
[rosmaster.master][INFO] 2025-12-04 21:21:33,979: +PARAM [/gains/hand_ring_virtual_2_joint/i_clamp_min] by /gazebo
[rosmaster.master][INFO] 2025-12-04 21:21:33,979: +PARAM [/gains/hand_ring_virtual_2_joint/i_clamp_max] by /gazebo
[rosmaster.master][INFO] 2025-12-04 21:21:33,980: +PARAM [/gains/hand_ring_virtual_2_joint/antiwindup] by /gazebo
[rosmaster.master][INFO] 2025-12-04 21:21:33,980: +PARAM [/gains/hand_ring_virtual_2_joint/p] by /gazebo
[rosmaster.master][INFO] 2025-12-04 21:21:33,981: +PARAM [/gains/hand_ring_virtual_2_joint/i] by /gazebo
[rosmaster.master][INFO] 2025-12-04 21:21:33,981: +PARAM [/gains/hand_ring_virtual_2_joint/d] by /gazebo
[rosmaster.master][INFO] 2025-12-04 21:21:33,982: +PARAM [/gains/hand_ring_virtual_2_joint/i_clamp_min] by /gazebo
[rosmaster.master][INFO] 2025-12-04 21:21:33,982: +PARAM [/gains/hand_ring_virtual_2_joint/i_clamp_max] by /gazebo
[rosmaster.master][INFO] 2025-12-04 21:21:33,983: +PARAM [/gains/hand_ring_virtual_2_joint/antiwindup] by /gazebo
[rosmaster.master][INFO] 2025-12-04 21:21:33,983: +PARAM [/gains/hand_ring_virtual_2_joint/p] by /gazebo
[rosmaster.master][INFO] 2025-12-04 21:21:33,984: +PARAM [/gains/hand_ring_virtual_2_joint/i] by /gazebo
[rosmaster.master][INFO] 2025-12-04 21:21:33,984: +PARAM [/gains/hand_ring_virtual_2_joint/d] by /gazebo
[rosmaster.master][INFO] 2025-12-04 21:21:33,985: +PARAM [/gains/hand_ring_virtual_2_joint/i_clamp_min] by /gazebo
[rosmaster.master][INFO] 2025-12-04 21:21:33,985: +PARAM [/gains/hand_ring_virtual_2_joint/i_clamp_max] by /gazebo
[rosmaster.master][INFO] 2025-12-04 21:21:33,986: +PARAM [/gains/hand_ring_virtual_2_joint/antiwindup] by /gazebo
[rosmaster.master][INFO] 2025-12-04 21:21:33,992: +SERVICE [/gains/hand_ring_flex_3_joint/set_parameters] /gazebo http://127.0.0.1:39377/
[rosmaster.master][INFO] 2025-12-04 21:21:33,993: +PUB [/gains/hand_ring_flex_3_joint/parameter_descriptions] /gazebo http://127.0.0.1:39377/
[rosmaster.master][INFO] 2025-12-04 21:21:33,993: +PUB [/gains/hand_ring_flex_3_joint/parameter_updates] /gazebo http://127.0.0.1:39377/
[rosmaster.master][INFO] 2025-12-04 21:21:33,996: +PARAM [/gains/hand_ring_flex_3_joint/p] by /gazebo
[rosmaster.master][INFO] 2025-12-04 21:21:33,996: +PARAM [/gains/hand_ring_flex_3_joint/i] by /gazebo
[rosmaster.master][INFO] 2025-12-04 21:21:33,997: +PARAM [/gains/hand_ring_flex_3_joint/d] by /gazebo
[rosmaster.master][INFO] 2025-12-04 21:21:33,997: +PARAM [/gains/hand_ring_flex_3_joint/i_clamp_min] by /gazebo
[rosmaster.master][INFO] 2025-12-04 21:21:33,998: +PARAM [/gains/hand_ring_flex_3_joint/i_clamp_max] by /gazebo
[rosmaster.master][INFO] 2025-12-04 21:21:33,998: +PARAM [/gains/hand_ring_flex_3_joint/antiwindup] by /gazebo
[rosmaster.master][INFO] 2025-12-04 21:21:33,999: +PARAM [/gains/hand_ring_flex_3_joint/p] by /gazebo
[rosmaster.master][INFO] 2025-12-04 21:21:34,000: +PARAM [/gains/hand_ring_flex_3_joint/i] by /gazebo
[rosmaster.master][INFO] 2025-12-04 21:21:34,000: +PARAM [/gains/hand_ring_flex_3_joint/d] by /gazebo
[rosmaster.master][INFO] 2025-12-04 21:21:34,001: +PARAM [/gains/hand_ring_flex_3_joint/i_clamp_min] by /gazebo
[rosmaster.master][INFO] 2025-12-04 21:21:34,002: +PARAM [/gains/hand_ring_flex_3_joint/i_clamp_max] by /gazebo
[rosmaster.master][INFO] 2025-12-04 21:21:34,002: +PARAM [/gains/hand_ring_flex_3_joint/antiwindup] by /gazebo
[rosmaster.master][INFO] 2025-12-04 21:21:34,003: +PARAM [/gains/hand_ring_flex_3_joint/p] by /gazebo
[rosmaster.master][INFO] 2025-12-04 21:21:34,004: +PARAM [/gains/hand_ring_flex_3_joint/i] by /gazebo
[rosmaster.master][INFO] 2025-12-04 21:21:34,005: +PARAM [/gains/hand_ring_flex_3_joint/d] by /gazebo
[rosmaster.master][INFO] 2025-12-04 21:21:34,005: +PARAM [/gains/hand_ring_flex_3_joint/i_clamp_min] by /gazebo
[rosmaster.master][INFO] 2025-12-04 21:21:34,005: +PARAM [/gains/hand_ring_flex_3_joint/i_clamp_max] by /gazebo
[rosmaster.master][INFO] 2025-12-04 21:21:34,006: +PARAM [/gains/hand_ring_flex_3_joint/antiwindup] by /gazebo
[rosmaster.master][INFO] 2025-12-04 21:21:34,007: +PARAM [/gains/hand_ring_flex_3_joint/p] by /gazebo
[rosmaster.master][INFO] 2025-12-04 21:21:34,007: +PARAM [/gains/hand_ring_flex_3_joint/i] by /gazebo
[rosmaster.master][INFO] 2025-12-04 21:21:34,008: +PARAM [/gains/hand_ring_flex_3_joint/d] by /gazebo
[rosmaster.master][INFO] 2025-12-04 21:21:34,009: +PARAM [/gains/hand_ring_flex_3_joint/i_clamp_min] by /gazebo
[rosmaster.master][INFO] 2025-12-04 21:21:34,009: +PARAM [/gains/hand_ring_flex_3_joint/i_clamp_max] by /gazebo
[rosmaster.master][INFO] 2025-12-04 21:21:34,010: +PARAM [/gains/hand_ring_flex_3_joint/antiwindup] by /gazebo
[rosmaster.master][INFO] 2025-12-04 21:21:34,015: +SERVICE [/gains/hand_little_flex_1_joint/set_parameters] /gazebo http://127.0.0.1:39377/
[rosmaster.master][INFO] 2025-12-04 21:21:34,015: +PUB [/gains/hand_little_flex_1_joint/parameter_descriptions] /gazebo http://127.0.0.1:39377/
[rosmaster.master][INFO] 2025-12-04 21:21:34,016: +PUB [/gains/hand_little_flex_1_joint/parameter_updates] /gazebo http://127.0.0.1:39377/
[rosmaster.master][INFO] 2025-12-04 21:21:34,019: +PARAM [/gains/hand_little_flex_1_joint/p] by /gazebo
[rosmaster.master][INFO] 2025-12-04 21:21:34,019: +PARAM [/gains/hand_little_flex_1_joint/i] by /gazebo
[rosmaster.master][INFO] 2025-12-04 21:21:34,020: +PARAM [/gains/hand_little_flex_1_joint/d] by /gazebo
[rosmaster.master][INFO] 2025-12-04 21:21:34,020: +PARAM [/gains/hand_little_flex_1_joint/i_clamp_min] by /gazebo
[rosmaster.master][INFO] 2025-12-04 21:21:34,021: +PARAM [/gains/hand_little_flex_1_joint/i_clamp_max] by /gazebo
[rosmaster.master][INFO] 2025-12-04 21:21:34,022: +PARAM [/gains/hand_little_flex_1_joint/antiwindup] by /gazebo
[rosmaster.master][INFO] 2025-12-04 21:21:34,023: +PARAM [/gains/hand_little_flex_1_joint/p] by /gazebo
[rosmaster.master][INFO] 2025-12-04 21:21:34,023: +PARAM [/gains/hand_little_flex_1_joint/i] by /gazebo
[rosmaster.master][INFO] 2025-12-04 21:21:34,024: +PARAM [/gains/hand_little_flex_1_joint/d] by /gazebo
[rosmaster.master][INFO] 2025-12-04 21:21:34,025: +PARAM [/gains/hand_little_flex_1_joint/i_clamp_min] by /gazebo
[rosmaster.master][INFO] 2025-12-04 21:21:34,025: +PARAM [/gains/hand_little_flex_1_joint/i_clamp_max] by /gazebo
[rosmaster.master][INFO] 2025-12-04 21:21:34,026: +PARAM [/gains/hand_little_flex_1_joint/antiwindup] by /gazebo
[rosmaster.master][INFO] 2025-12-04 21:21:34,027: +PARAM [/gains/hand_little_flex_1_joint/p] by /gazebo
[rosmaster.master][INFO] 2025-12-04 21:21:34,027: +PARAM [/gains/hand_little_flex_1_joint/i] by /gazebo
[rosmaster.master][INFO] 2025-12-04 21:21:34,028: +PARAM [/gains/hand_little_flex_1_joint/d] by /gazebo
[rosmaster.master][INFO] 2025-12-04 21:21:34,029: +PARAM [/gains/hand_little_flex_1_joint/i_clamp_min] by /gazebo
[rosmaster.master][INFO] 2025-12-04 21:21:34,029: +PARAM [/gains/hand_little_flex_1_joint/i_clamp_max] by /gazebo
[rosmaster.master][INFO] 2025-12-04 21:21:34,029: +PARAM [/gains/hand_little_flex_1_joint/antiwindup] by /gazebo
[rosmaster.master][INFO] 2025-12-04 21:21:34,030: +PARAM [/gains/hand_little_flex_1_joint/p] by /gazebo
[rosmaster.master][INFO] 2025-12-04 21:21:34,030: +PARAM [/gains/hand_little_flex_1_joint/i] by /gazebo
[rosmaster.master][INFO] 2025-12-04 21:21:34,031: +PARAM [/gains/hand_little_flex_1_joint/d] by /gazebo
[rosmaster.master][INFO] 2025-12-04 21:21:34,031: +PARAM [/gains/hand_little_flex_1_joint/i_clamp_min] by /gazebo
[rosmaster.master][INFO] 2025-12-04 21:21:34,032: +PARAM [/gains/hand_little_flex_1_joint/i_clamp_max] by /gazebo
[rosmaster.master][INFO] 2025-12-04 21:21:34,032: +PARAM [/gains/hand_little_flex_1_joint/antiwindup] by /gazebo
[rosmaster.master][INFO] 2025-12-04 21:21:34,036: +SERVICE [/gains/hand_little_virtual_1_joint/set_parameters] /gazebo http://127.0.0.1:39377/
[rosmaster.master][INFO] 2025-12-04 21:21:34,036: +PUB [/gains/hand_little_virtual_1_joint/parameter_descriptions] /gazebo http://127.0.0.1:39377/
[rosmaster.master][INFO] 2025-12-04 21:21:34,037: +PUB [/gains/hand_little_virtual_1_joint/parameter_updates] /gazebo http://127.0.0.1:39377/
[rosmaster.master][INFO] 2025-12-04 21:21:34,040: +PARAM [/gains/hand_little_virtual_1_joint/p] by /gazebo
[rosmaster.master][INFO] 2025-12-04 21:21:34,040: +PARAM [/gains/hand_little_virtual_1_joint/i] by /gazebo
[rosmaster.master][INFO] 2025-12-04 21:21:34,041: +PARAM [/gains/hand_little_virtual_1_joint/d] by /gazebo
[rosmaster.master][INFO] 2025-12-04 21:21:34,041: +PARAM [/gains/hand_little_virtual_1_joint/i_clamp_min] by /gazebo
[rosmaster.master][INFO] 2025-12-04 21:21:34,042: +PARAM [/gains/hand_little_virtual_1_joint/i_clamp_max] by /gazebo
[rosmaster.master][INFO] 2025-12-04 21:21:34,042: +PARAM [/gains/hand_little_virtual_1_joint/antiwindup] by /gazebo
[rosmaster.master][INFO] 2025-12-04 21:21:34,043: +PARAM [/gains/hand_little_virtual_1_joint/p] by /gazebo
[rosmaster.master][INFO] 2025-12-04 21:21:34,044: +PARAM [/gains/hand_little_virtual_1_joint/i] by /gazebo
[rosmaster.master][INFO] 2025-12-04 21:21:34,044: +PARAM [/gains/hand_little_virtual_1_joint/d] by /gazebo
[rosmaster.master][INFO] 2025-12-04 21:21:34,045: +PARAM [/gains/hand_little_virtual_1_joint/i_clamp_min] by /gazebo
[rosmaster.master][INFO] 2025-12-04 21:21:34,045: +PARAM [/gains/hand_little_virtual_1_joint/i_clamp_max] by /gazebo
[rosmaster.master][INFO] 2025-12-04 21:21:34,046: +PARAM [/gains/hand_little_virtual_1_joint/antiwindup] by /gazebo
[rosmaster.master][INFO] 2025-12-04 21:21:34,046: +PARAM [/gains/hand_little_virtual_1_joint/p] by /gazebo
[rosmaster.master][INFO] 2025-12-04 21:21:34,047: +PARAM [/gains/hand_little_virtual_1_joint/i] by /gazebo
[rosmaster.master][INFO] 2025-12-04 21:21:34,047: +PARAM [/gains/hand_little_virtual_1_joint/d] by /gazebo
[rosmaster.master][INFO] 2025-12-04 21:21:34,048: +PARAM [/gains/hand_little_virtual_1_joint/i_clamp_min] by /gazebo
[rosmaster.master][INFO] 2025-12-04 21:21:34,048: +PARAM [/gains/hand_little_virtual_1_joint/i_clamp_max] by /gazebo
[rosmaster.master][INFO] 2025-12-04 21:21:34,049: +PARAM [/gains/hand_little_virtual_1_joint/antiwindup] by /gazebo
[rosmaster.master][INFO] 2025-12-04 21:21:34,049: +PARAM [/gains/hand_little_virtual_1_joint/p] by /gazebo
[rosmaster.master][INFO] 2025-12-04 21:21:34,050: +PARAM [/gains/hand_little_virtual_1_joint/i] by /gazebo
[rosmaster.master][INFO] 2025-12-04 21:21:34,050: +PARAM [/gains/hand_little_virtual_1_joint/d] by /gazebo
[rosmaster.master][INFO] 2025-12-04 21:21:34,050: +PARAM [/gains/hand_little_virtual_1_joint/i_clamp_min] by /gazebo
[rosmaster.master][INFO] 2025-12-04 21:21:34,051: +PARAM [/gains/hand_little_virtual_1_joint/i_clamp_max] by /gazebo
[rosmaster.master][INFO] 2025-12-04 21:21:34,051: +PARAM [/gains/hand_little_virtual_1_joint/antiwindup] by /gazebo
[rosmaster.master][INFO] 2025-12-04 21:21:34,057: +SERVICE [/gains/hand_little_flex_2_joint/set_parameters] /gazebo http://127.0.0.1:39377/
[rosmaster.master][INFO] 2025-12-04 21:21:34,057: +PUB [/gains/hand_little_flex_2_joint/parameter_descriptions] /gazebo http://127.0.0.1:39377/
[rosmaster.master][INFO] 2025-12-04 21:21:34,058: +PUB [/gains/hand_little_flex_2_joint/parameter_updates] /gazebo http://127.0.0.1:39377/
[rosmaster.master][INFO] 2025-12-04 21:21:34,061: +PARAM [/gains/hand_little_flex_2_joint/p] by /gazebo
[rosmaster.master][INFO] 2025-12-04 21:21:34,061: +PARAM [/gains/hand_little_flex_2_joint/i] by /gazebo
[rosmaster.master][INFO] 2025-12-04 21:21:34,062: +PARAM [/gains/hand_little_flex_2_joint/d] by /gazebo
[rosmaster.master][INFO] 2025-12-04 21:21:34,062: +PARAM [/gains/hand_little_flex_2_joint/i_clamp_min] by /gazebo
[rosmaster.master][INFO] 2025-12-04 21:21:34,063: +PARAM [/gains/hand_little_flex_2_joint/i_clamp_max] by /gazebo
[rosmaster.master][INFO] 2025-12-04 21:21:34,063: +PARAM [/gains/hand_little_flex_2_joint/antiwindup] by /gazebo
[rosmaster.master][INFO] 2025-12-04 21:21:34,064: +PARAM [/gains/hand_little_flex_2_joint/p] by /gazebo
[rosmaster.master][INFO] 2025-12-04 21:21:34,064: +PARAM [/gains/hand_little_flex_2_joint/i] by /gazebo
[rosmaster.master][INFO] 2025-12-04 21:21:34,065: +PARAM [/gains/hand_little_flex_2_joint/d] by /gazebo
[rosmaster.master][INFO] 2025-12-04 21:21:34,065: +PARAM [/gains/hand_little_flex_2_joint/i_clamp_min] by /gazebo
[rosmaster.master][INFO] 2025-12-04 21:21:34,065: +PARAM [/gains/hand_little_flex_2_joint/i_clamp_max] by /gazebo
[rosmaster.master][INFO] 2025-12-04 21:21:34,066: +PARAM [/gains/hand_little_flex_2_joint/antiwindup] by /gazebo
[rosmaster.master][INFO] 2025-12-04 21:21:34,066: +PARAM [/gains/hand_little_flex_2_joint/p] by /gazebo
[rosmaster.master][INFO] 2025-12-04 21:21:34,067: +PARAM [/gains/hand_little_flex_2_joint/i] by /gazebo
[rosmaster.master][INFO] 2025-12-04 21:21:34,068: +PARAM [/gains/hand_little_flex_2_joint/d] by /gazebo
[rosmaster.master][INFO] 2025-12-04 21:21:34,068: +PARAM [/gains/hand_little_flex_2_joint/i_clamp_min] by /gazebo
[rosmaster.master][INFO] 2025-12-04 21:21:34,069: +PARAM [/gains/hand_little_flex_2_joint/i_clamp_max] by /gazebo
[rosmaster.master][INFO] 2025-12-04 21:21:34,070: +PARAM [/gains/hand_little_flex_2_joint/antiwindup] by /gazebo
[rosmaster.master][INFO] 2025-12-04 21:21:34,071: +PARAM [/gains/hand_little_flex_2_joint/p] by /gazebo
[rosmaster.master][INFO] 2025-12-04 21:21:34,072: +PARAM [/gains/hand_little_flex_2_joint/i] by /gazebo
[rosmaster.master][INFO] 2025-12-04 21:21:34,073: +PARAM [/gains/hand_little_flex_2_joint/d] by /gazebo
[rosmaster.master][INFO] 2025-12-04 21:21:34,074: +PARAM [/gains/hand_little_flex_2_joint/i_clamp_min] by /gazebo
[rosmaster.master][INFO] 2025-12-04 21:21:34,075: +PARAM [/gains/hand_little_flex_2_joint/i_clamp_max] by /gazebo
[rosmaster.master][INFO] 2025-12-04 21:21:34,076: +PARAM [/gains/hand_little_flex_2_joint/antiwindup] by /gazebo
[rosmaster.master][INFO] 2025-12-04 21:21:34,079: +SERVICE [/gains/hand_little_virtual_2_joint/set_parameters] /gazebo http://127.0.0.1:39377/
[rosmaster.master][INFO] 2025-12-04 21:21:34,080: +PUB [/gains/hand_little_virtual_2_joint/parameter_descriptions] /gazebo http://127.0.0.1:39377/
[rosmaster.master][INFO] 2025-12-04 21:21:34,080: +PUB [/gains/hand_little_virtual_2_joint/parameter_updates] /gazebo http://127.0.0.1:39377/
[rosmaster.master][INFO] 2025-12-04 21:21:34,082: +PARAM [/gains/hand_little_virtual_2_joint/p] by /gazebo
[rosmaster.master][INFO] 2025-12-04 21:21:34,083: +PARAM [/gains/hand_little_virtual_2_joint/i] by /gazebo
[rosmaster.master][INFO] 2025-12-04 21:21:34,083: +PARAM [/gains/hand_little_virtual_2_joint/d] by /gazebo
[rosmaster.master][INFO] 2025-12-04 21:21:34,084: +PARAM [/gains/hand_little_virtual_2_joint/i_clamp_min] by /gazebo
[rosmaster.master][INFO] 2025-12-04 21:21:34,084: +PARAM [/gains/hand_little_virtual_2_joint/i_clamp_max] by /gazebo
[rosmaster.master][INFO] 2025-12-04 21:21:34,085: +PARAM [/gains/hand_little_virtual_2_joint/antiwindup] by /gazebo
[rosmaster.master][INFO] 2025-12-04 21:21:34,085: +PARAM [/gains/hand_little_virtual_2_joint/p] by /gazebo
[rosmaster.master][INFO] 2025-12-04 21:21:34,086: +PARAM [/gains/hand_little_virtual_2_joint/i] by /gazebo
[rosmaster.master][INFO] 2025-12-04 21:21:34,086: +PARAM [/gains/hand_little_virtual_2_joint/d] by /gazebo
[rosmaster.master][INFO] 2025-12-04 21:21:34,087: +PARAM [/gains/hand_little_virtual_2_joint/i_clamp_min] by /gazebo
[rosmaster.master][INFO] 2025-12-04 21:21:34,087: +PARAM [/gains/hand_little_virtual_2_joint/i_clamp_max] by /gazebo
[rosmaster.master][INFO] 2025-12-04 21:21:34,088: +PARAM [/gains/hand_little_virtual_2_joint/antiwindup] by /gazebo
[rosmaster.master][INFO] 2025-12-04 21:21:34,088: +PARAM [/gains/hand_little_virtual_2_joint/p] by /gazebo
[rosmaster.master][INFO] 2025-12-04 21:21:34,089: +PARAM [/gains/hand_little_virtual_2_joint/i] by /gazebo
[rosmaster.master][INFO] 2025-12-04 21:21:34,089: +PARAM [/gains/hand_little_virtual_2_joint/d] by /gazebo
[rosmaster.master][INFO] 2025-12-04 21:21:34,090: +PARAM [/gains/hand_little_virtual_2_joint/i_clamp_min] by /gazebo
[rosmaster.master][INFO] 2025-12-04 21:21:34,090: +PARAM [/gains/hand_little_virtual_2_joint/i_clamp_max] by /gazebo
[rosmaster.master][INFO] 2025-12-04 21:21:34,090: +PARAM [/gains/hand_little_virtual_2_joint/antiwindup] by /gazebo
[rosmaster.master][INFO] 2025-12-04 21:21:34,092: +PARAM [/gains/hand_little_virtual_2_joint/p] by /gazebo
[rosmaster.master][INFO] 2025-12-04 21:21:34,092: +PARAM [/gains/hand_little_virtual_2_joint/i] by /gazebo
[rosmaster.master][INFO] 2025-12-04 21:21:34,093: +PARAM [/gains/hand_little_virtual_2_joint/d] by /gazebo
[rosmaster.master][INFO] 2025-12-04 21:21:34,094: +PARAM [/gains/hand_little_virtual_2_joint/i_clamp_min] by /gazebo
[rosmaster.master][INFO] 2025-12-04 21:21:34,095: +PARAM [/gains/hand_little_virtual_2_joint/i_clamp_max] by /gazebo
[rosmaster.master][INFO] 2025-12-04 21:21:34,095: +PARAM [/gains/hand_little_virtual_2_joint/antiwindup] by /gazebo
[rosmaster.master][INFO] 2025-12-04 21:21:34,099: +SERVICE [/gains/hand_little_flex_3_joint/set_parameters] /gazebo http://127.0.0.1:39377/
[rosmaster.master][INFO] 2025-12-04 21:21:34,100: +PUB [/gains/hand_little_flex_3_joint/parameter_descriptions] /gazebo http://127.0.0.1:39377/
[rosmaster.master][INFO] 2025-12-04 21:21:34,100: +PUB [/gains/hand_little_flex_3_joint/parameter_updates] /gazebo http://127.0.0.1:39377/
[rosmaster.master][INFO] 2025-12-04 21:21:34,103: +PARAM [/gains/hand_little_flex_3_joint/p] by /gazebo
[rosmaster.master][INFO] 2025-12-04 21:21:34,103: +PARAM [/gains/hand_little_flex_3_joint/i] by /gazebo
[rosmaster.master][INFO] 2025-12-04 21:21:34,104: +PARAM [/gains/hand_little_flex_3_joint/d] by /gazebo
[rosmaster.master][INFO] 2025-12-04 21:21:34,104: +PARAM [/gains/hand_little_flex_3_joint/i_clamp_min] by /gazebo
[rosmaster.master][INFO] 2025-12-04 21:21:34,105: +PARAM [/gains/hand_little_flex_3_joint/i_clamp_max] by /gazebo
[rosmaster.master][INFO] 2025-12-04 21:21:34,106: +PARAM [/gains/hand_little_flex_3_joint/antiwindup] by /gazebo
[rosmaster.master][INFO] 2025-12-04 21:21:34,106: +PARAM [/gains/hand_little_flex_3_joint/p] by /gazebo
[rosmaster.master][INFO] 2025-12-04 21:21:34,107: +PARAM [/gains/hand_little_flex_3_joint/i] by /gazebo
[rosmaster.master][INFO] 2025-12-04 21:21:34,108: +PARAM [/gains/hand_little_flex_3_joint/d] by /gazebo
[rosmaster.master][INFO] 2025-12-04 21:21:34,108: +PARAM [/gains/hand_little_flex_3_joint/i_clamp_min] by /gazebo
[rosmaster.master][INFO] 2025-12-04 21:21:34,109: +PARAM [/gains/hand_little_flex_3_joint/i_clamp_max] by /gazebo
[rosmaster.master][INFO] 2025-12-04 21:21:34,110: +PARAM [/gains/hand_little_flex_3_joint/antiwindup] by /gazebo
[rosmaster.master][INFO] 2025-12-04 21:21:34,110: +PARAM [/gains/hand_little_flex_3_joint/p] by /gazebo
[rosmaster.master][INFO] 2025-12-04 21:21:34,111: +PARAM [/gains/hand_little_flex_3_joint/i] by /gazebo
[rosmaster.master][INFO] 2025-12-04 21:21:34,112: +PARAM [/gains/hand_little_flex_3_joint/d] by /gazebo
[rosmaster.master][INFO] 2025-12-04 21:21:34,112: +PARAM [/gains/hand_little_flex_3_joint/i_clamp_min] by /gazebo
[rosmaster.master][INFO] 2025-12-04 21:21:34,113: +PARAM [/gains/hand_little_flex_3_joint/i_clamp_max] by /gazebo
[rosmaster.master][INFO] 2025-12-04 21:21:34,113: +PARAM [/gains/hand_little_flex_3_joint/antiwindup] by /gazebo
[rosmaster.master][INFO] 2025-12-04 21:21:34,114: +PARAM [/gains/hand_little_flex_3_joint/p] by /gazebo
[rosmaster.master][INFO] 2025-12-04 21:21:34,114: +PARAM [/gains/hand_little_flex_3_joint/i] by /gazebo
[rosmaster.master][INFO] 2025-12-04 21:21:34,115: +PARAM [/gains/hand_little_flex_3_joint/d] by /gazebo
[rosmaster.master][INFO] 2025-12-04 21:21:34,115: +PARAM [/gains/hand_little_flex_3_joint/i_clamp_min] by /gazebo
[rosmaster.master][INFO] 2025-12-04 21:21:34,116: +PARAM [/gains/hand_little_flex_3_joint/i_clamp_max] by /gazebo
[rosmaster.master][INFO] 2025-12-04 21:21:34,117: +PARAM [/gains/hand_little_flex_3_joint/antiwindup] by /gazebo
[rosmaster.master][INFO] 2025-12-04 21:21:34,120: +PUB [/introspection_data/full] /gazebo http://127.0.0.1:39377/
[rosmaster.master][INFO] 2025-12-04 21:21:34,122: +PUB [/introspection_data/names] /gazebo http://127.0.0.1:39377/
[rosmaster.master][INFO] 2025-12-04 21:21:34,123: +CACHEDPARAM [/rosout_disable_topics_generation] by /hand_controller_spawner
[rosmaster.master][INFO] 2025-12-04 21:21:34,123: +SERVICE [/throttle_filtering_points/set_parameters] /throttle_filtering_points http://127.0.0.1:39723/
[rosmaster.master][INFO] 2025-12-04 21:21:34,125: +PUB [/introspection_data/values] /gazebo http://127.0.0.1:39377/
[rosmaster.master][INFO] 2025-12-04 21:21:34,126: +PUB [/throttle_filtering_points/parameter_descriptions] /throttle_filtering_points http://127.0.0.1:39723/
[rosmaster.master][INFO] 2025-12-04 21:21:34,128: +PUB [/throttle_filtering_points/parameter_updates] /throttle_filtering_points http://127.0.0.1:39723/
[rosmaster.master][INFO] 2025-12-04 21:21:34,140: +SUB [/arm_controller/follow_joint_trajectory/status] /move_group http://127.0.0.1:43579/
[rosmaster.master][INFO] 2025-12-04 21:21:34,142: +PARAM [/throttle_filtering_points/throttle_node_rate] by /throttle_filtering_points
[rosmaster.master][INFO] 2025-12-04 21:21:34,145: +PARAM [/throttle_filtering_points/downsampling_size] by /throttle_filtering_points
[rosmaster.master][INFO] 2025-12-04 21:21:34,148: +CACHEDPARAM [/rosout_disable_topics_generation] by /throttle_filtering_points
[rosmaster.master][INFO] 2025-12-04 21:21:34,149: +SUB [/move_group/status] /play_motion http://127.0.0.1:43633/
[rosmaster.master][INFO] 2025-12-04 21:21:34,153: +SUB [/arm_controller/follow_joint_trajectory/feedback] /move_group http://127.0.0.1:43579/
[rosmaster.master][INFO] 2025-12-04 21:21:34,155: +PUB [/throttle_filtering_points/filtered_points] /throttle_filtering_points http://127.0.0.1:39723/
[rosmaster.master][INFO] 2025-12-04 21:21:34,160: +PARAM [/throttle_filtering_points/throttle_node_rate] by /throttle_filtering_points
[rosmaster.master][INFO] 2025-12-04 21:21:34,164: +PARAM [/throttle_filtering_points/downsampling_size] by /throttle_filtering_points
[rosmaster.master][INFO] 2025-12-04 21:21:34,164: +SUB [/move_group/feedback] /play_motion http://127.0.0.1:43633/
[rosmaster.master][INFO] 2025-12-04 21:21:34,166: +SUB [/arm_controller/follow_joint_trajectory/result] /move_group http://127.0.0.1:43579/
[rosmaster.master][INFO] 2025-12-04 21:21:34,168: +PUB [/arm_controller/follow_joint_trajectory/goal] /move_group http://127.0.0.1:43579/
[rosmaster.master][INFO] 2025-12-04 21:21:34,170: +PUB [/arm_controller/follow_joint_trajectory/cancel] /move_group http://127.0.0.1:43579/
[rosmaster.master][INFO] 2025-12-04 21:21:34,174: +SUB [/move_group/result] /play_motion http://127.0.0.1:43633/
[rosmaster.master][INFO] 2025-12-04 21:21:34,177: +PUB [/move_group/goal] /play_motion http://127.0.0.1:43633/
[rosmaster.master][INFO] 2025-12-04 21:21:34,178: +PUB [/move_group/cancel] /play_motion http://127.0.0.1:43633/
[rosmaster.master][INFO] 2025-12-04 21:21:34,185: +SUB [/arm_controller/command] /gazebo http://127.0.0.1:39377/
[rosmaster.master][INFO] 2025-12-04 21:21:34,186: +PUB [/arm_controller/state] /gazebo http://127.0.0.1:39377/
[rosmaster.master][INFO] 2025-12-04 21:21:34,189: +PUB [/arm_controller/follow_joint_trajectory/result] /gazebo http://127.0.0.1:39377/
[rosmaster.master][INFO] 2025-12-04 21:21:34,190: +PUB [/arm_controller/follow_joint_trajectory/feedback] /gazebo http://127.0.0.1:39377/
[rosmaster.master][INFO] 2025-12-04 21:21:34,192: +PUB [/arm_controller/follow_joint_trajectory/status] /gazebo http://127.0.0.1:39377/
[rosmaster.master][INFO] 2025-12-04 21:21:34,197: +SUB [/arm_controller/follow_joint_trajectory/goal] /gazebo http://127.0.0.1:39377/
[rosmaster.master][INFO] 2025-12-04 21:21:34,200: publisherUpdate[/arm_controller/follow_joint_trajectory/result] -> http://127.0.0.1:43579/ ['http://127.0.0.1:39377/']
[rosmaster.master][INFO] 2025-12-04 21:21:34,202: +SUB [/arm_controller/follow_joint_trajectory/cancel] /gazebo http://127.0.0.1:39377/
[rosmaster.master][INFO] 2025-12-04 21:21:34,205: +SERVICE [/arm_controller/query_state] /gazebo http://127.0.0.1:39377/
[rosmaster.master][INFO] 2025-12-04 21:21:34,213: +CACHEDPARAM [/rosout_disable_topics_generation] by /bringup_controllers_spawner_imu
[rosmaster.master][INFO] 2025-12-04 21:21:34,214: +CACHEDPARAM [/rosout_disable_topics_generation] by /default_controllers_spawner
[rosmaster.master][INFO] 2025-12-04 21:21:34,216: +CACHEDPARAM [/rosout_disable_topics_generation] by /bringup_controllers_spawner_ft
[rosmaster.master][INFO] 2025-12-04 21:21:34,290: +PUB [/xtion/rgb/image_rect_color] /image_raw_to_rect_color_relay http://127.0.0.1:46497/
[rosmaster.master][INFO] 2025-12-04 21:21:34,292: +CACHEDPARAM [/rosout_disable_topics_generation] by /image_raw_to_rect_color_relay
[rosmaster.master][INFO] 2025-12-04 21:21:34,302: +PUB [/mobile_base_controller/odom] /gazebo http://127.0.0.1:39377/
[rosmaster.master][INFO] 2025-12-04 21:21:34,304: +PUB [/tf] /gazebo http://127.0.0.1:39377/
[rosmaster.master][INFO] 2025-12-04 21:21:34,320: +SUB [/mobile_base_controller/cmd_vel] /gazebo http://127.0.0.1:39377/
[rosmaster.master][INFO] 2025-12-04 21:21:34,322: +SERVICE [/mobile_base_controller/set_parameters] /gazebo http://127.0.0.1:39377/
[rosmaster.master][INFO] 2025-12-04 21:21:34,325: +PUB [/mobile_base_controller/parameter_descriptions] /gazebo http://127.0.0.1:39377/
[rosmaster.master][INFO] 2025-12-04 21:21:34,327: +PUB [/mobile_base_controller/parameter_updates] /gazebo http://127.0.0.1:39377/
[rosmaster.master][INFO] 2025-12-04 21:21:34,339: +PARAM [/mobile_base_controller/left_wheel_radius_multiplier] by /gazebo
[rosmaster.master][INFO] 2025-12-04 21:21:34,341: +PARAM [/mobile_base_controller/right_wheel_radius_multiplier] by /gazebo
[rosmaster.master][INFO] 2025-12-04 21:21:34,343: +PARAM [/mobile_base_controller/wheel_separation_multiplier] by /gazebo
[rosmaster.master][INFO] 2025-12-04 21:21:34,344: +PARAM [/mobile_base_controller/publish_rate] by /gazebo
[rosmaster.master][INFO] 2025-12-04 21:21:34,346: +PARAM [/mobile_base_controller/enable_odom_tf] by /gazebo
[rosmaster.master][INFO] 2025-12-04 21:21:34,347: +PARAM [/mobile_base_controller/left_wheel_radius_multiplier] by /gazebo
[rosmaster.master][INFO] 2025-12-04 21:21:34,349: +PARAM [/mobile_base_controller/right_wheel_radius_multiplier] by /gazebo
[rosmaster.master][INFO] 2025-12-04 21:21:34,350: +PARAM [/mobile_base_controller/wheel_separation_multiplier] by /gazebo
[rosmaster.master][INFO] 2025-12-04 21:21:34,351: +PARAM [/mobile_base_controller/publish_rate] by /gazebo
[rosmaster.master][INFO] 2025-12-04 21:21:34,353: +PARAM [/mobile_base_controller/enable_odom_tf] by /gazebo
[rosmaster.master][INFO] 2025-12-04 21:21:34,356: +PARAM [/mobile_base_controller/left_wheel_radius_multiplier] by /gazebo
[rosmaster.master][INFO] 2025-12-04 21:21:34,359: +PARAM [/mobile_base_controller/right_wheel_radius_multiplier] by /gazebo
[rosmaster.master][INFO] 2025-12-04 21:21:34,360: +PARAM [/mobile_base_controller/wheel_separation_multiplier] by /gazebo
[rosmaster.master][INFO] 2025-12-04 21:21:34,362: +PARAM [/mobile_base_controller/publish_rate] by /gazebo
[rosmaster.master][INFO] 2025-12-04 21:21:34,363: +PARAM [/mobile_base_controller/enable_odom_tf] by /gazebo
[rosmaster.master][INFO] 2025-12-04 21:21:34,363: publisherUpdate[/tf] -> http://127.0.0.1:34167/ ['http://127.0.0.1:34439/', 'http://127.0.0.1:39377/']
[rosmaster.master][INFO] 2025-12-04 21:21:34,367: publisherUpdate[/tf] -> http://127.0.0.1:34167/ ['http://127.0.0.1:34439/', 'http://127.0.0.1:39377/']: sec=0.00, result=[1, '', 0]
[rosmaster.master][INFO] 2025-12-04 21:21:34,367: publisherUpdate[/tf] -> http://127.0.0.1:35433/ ['http://127.0.0.1:34439/', 'http://127.0.0.1:39377/']
[rosmaster.master][INFO] 2025-12-04 21:21:34,368: +CACHEDPARAM [/rosout_disable_topics_generation] by /default_controllers_spawner
[rosmaster.master][INFO] 2025-12-04 21:21:34,370: publisherUpdate[/tf] -> http://127.0.0.1:35433/ ['http://127.0.0.1:34439/', 'http://127.0.0.1:39377/']: sec=0.00, result=[1, '', 0]
[rosmaster.master][INFO] 2025-12-04 21:21:34,371: publisherUpdate[/tf] -> http://127.0.0.1:43633/ ['http://127.0.0.1:34439/', 'http://127.0.0.1:39377/']
[rosmaster.master][INFO] 2025-12-04 21:21:34,371: publisherUpdate[/arm_controller/follow_joint_trajectory/result] -> http://127.0.0.1:43579/ ['http://127.0.0.1:39377/']: sec=0.17, result=[1, '', 0]
[rosmaster.master][INFO] 2025-12-04 21:21:34,372: publisherUpdate[/arm_controller/follow_joint_trajectory/feedback] -> http://127.0.0.1:43579/ ['http://127.0.0.1:39377/']
[rosmaster.master][INFO] 2025-12-04 21:21:34,372: publisherUpdate[/tf] -> http://127.0.0.1:43633/ ['http://127.0.0.1:34439/', 'http://127.0.0.1:39377/']: sec=0.00, result=[1, '', 0]
[rosmaster.master][INFO] 2025-12-04 21:21:34,373: publisherUpdate[/arm_controller/follow_joint_trajectory/feedback] -> http://127.0.0.1:43579/ ['http://127.0.0.1:39377/']: sec=0.00, result=[1, '', 0]
[rosmaster.master][INFO] 2025-12-04 21:21:34,373: publisherUpdate[/arm_controller/follow_joint_trajectory/status] -> http://127.0.0.1:43579/ ['http://127.0.0.1:39377/']
[rosmaster.master][INFO] 2025-12-04 21:21:34,374: publisherUpdate[/arm_controller/follow_joint_trajectory/status] -> http://127.0.0.1:43579/ ['http://127.0.0.1:39377/']: sec=0.00, result=[1, '', 0]
[rosmaster.master][INFO] 2025-12-04 21:21:34,375: publisherUpdate[/tf] -> http://127.0.0.1:43579/ ['http://127.0.0.1:34439/', 'http://127.0.0.1:39377/']
[rosmaster.master][INFO] 2025-12-04 21:21:34,376: publisherUpdate[/tf] -> http://127.0.0.1:43579/ ['http://127.0.0.1:34439/', 'http://127.0.0.1:39377/']: sec=0.00, result=[1, '', 0]
[rosmaster.master][INFO] 2025-12-04 21:21:34,392: +CACHEDPARAM [/rosout_disable_topics_generation] by /default_controllers_spawner
[rosmaster.master][INFO] 2025-12-04 21:21:34,861: +SUB [/torso_controller/follow_joint_trajectory/status] /move_group http://127.0.0.1:43579/
[rosmaster.master][INFO] 2025-12-04 21:21:34,865: +SUB [/torso_controller/follow_joint_trajectory/feedback] /move_group http://127.0.0.1:43579/
[rosmaster.master][INFO] 2025-12-04 21:21:34,871: +SUB [/torso_controller/follow_joint_trajectory/result] /move_group http://127.0.0.1:43579/
[rosmaster.master][INFO] 2025-12-04 21:21:34,872: +PUB [/torso_controller/follow_joint_trajectory/goal] /move_group http://127.0.0.1:43579/
[rosmaster.master][INFO] 2025-12-04 21:21:34,873: publisherUpdate[/torso_controller/follow_joint_trajectory/goal] -> http://127.0.0.1:39377/ ['http://127.0.0.1:43579/']
[rosmaster.master][INFO] 2025-12-04 21:21:34,874: +PUB [/torso_controller/follow_joint_trajectory/cancel] /move_group http://127.0.0.1:43579/
[rosmaster.master][INFO] 2025-12-04 21:21:35,071: publisherUpdate[/torso_controller/follow_joint_trajectory/goal] -> http://127.0.0.1:39377/ ['http://127.0.0.1:43579/']: sec=0.20, result=[1, '', 0]
[rosmaster.master][INFO] 2025-12-04 21:21:35,072: publisherUpdate[/torso_controller/follow_joint_trajectory/cancel] -> http://127.0.0.1:39377/ ['http://127.0.0.1:43579/']
[rosmaster.master][INFO] 2025-12-04 21:21:35,072: publisherUpdate[/torso_controller/follow_joint_trajectory/cancel] -> http://127.0.0.1:39377/ ['http://127.0.0.1:43579/']: sec=0.00, result=[1, '', 0]
[rosmaster.master][INFO] 2025-12-04 21:21:35,108: +PUB [/tfs_1061000000] /tf_lookup http://127.0.0.1:35433/
[rosmaster.master][INFO] 2025-12-04 21:21:35,113: +SUB [/tfs_1061000000] /dynamic_footprint_publisher http://127.0.0.1:46597/
[rosmaster.master][INFO] 2025-12-04 21:21:35,289: +SUB [/head_controller/follow_joint_trajectory/status] /move_group http://127.0.0.1:43579/
[rosmaster.master][INFO] 2025-12-04 21:21:35,296: +SUB [/head_controller/follow_joint_trajectory/feedback] /move_group http://127.0.0.1:43579/
[rosmaster.master][INFO] 2025-12-04 21:21:35,300: +SUB [/head_controller/follow_joint_trajectory/result] /move_group http://127.0.0.1:43579/
[rosmaster.master][INFO] 2025-12-04 21:21:35,301: +PUB [/head_controller/follow_joint_trajectory/goal] /move_group http://127.0.0.1:43579/
[rosmaster.master][INFO] 2025-12-04 21:21:35,302: +PUB [/head_controller/follow_joint_trajectory/cancel] /move_group http://127.0.0.1:43579/
[rosmaster.master][INFO] 2025-12-04 21:21:35,374: publisherUpdate[/head_controller/follow_joint_trajectory/goal] -> http://127.0.0.1:39377/ ['http://127.0.0.1:43579/']
[rosmaster.master][INFO] 2025-12-04 21:21:35,454: publisherUpdate[/head_controller/follow_joint_trajectory/goal] -> http://127.0.0.1:39377/ ['http://127.0.0.1:43579/']: sec=0.08, result=[1, '', 0]
[rosmaster.master][INFO] 2025-12-04 21:21:35,454: publisherUpdate[/head_controller/follow_joint_trajectory/cancel] -> http://127.0.0.1:39377/ ['http://127.0.0.1:43579/']
[rosmaster.master][INFO] 2025-12-04 21:21:35,456: publisherUpdate[/head_controller/follow_joint_trajectory/cancel] -> http://127.0.0.1:39377/ ['http://127.0.0.1:43579/']: sec=0.00, result=[1, '', 0]
[rosmaster.master][INFO] 2025-12-04 21:21:35,759: +SUB [/hand_controller/follow_joint_trajectory/status] /move_group http://127.0.0.1:43579/
[rosmaster.master][INFO] 2025-12-04 21:21:35,763: +SUB [/hand_controller/follow_joint_trajectory/feedback] /move_group http://127.0.0.1:43579/
[rosmaster.master][INFO] 2025-12-04 21:21:35,768: +SUB [/hand_controller/follow_joint_trajectory/result] /move_group http://127.0.0.1:43579/
[rosmaster.master][INFO] 2025-12-04 21:21:35,772: +PUB [/hand_controller/follow_joint_trajectory/goal] /move_group http://127.0.0.1:43579/
[rosmaster.master][INFO] 2025-12-04 21:21:35,775: +PUB [/hand_controller/follow_joint_trajectory/cancel] /move_group http://127.0.0.1:43579/
[rosmaster.master][INFO] 2025-12-04 21:21:35,781: publisherUpdate[/hand_controller/follow_joint_trajectory/goal] -> http://127.0.0.1:39377/ ['http://127.0.0.1:40773/', 'http://127.0.0.1:43579/']
[rosmaster.master][INFO] 2025-12-04 21:21:35,872: publisherUpdate[/hand_controller/follow_joint_trajectory/goal] -> http://127.0.0.1:39377/ ['http://127.0.0.1:40773/', 'http://127.0.0.1:43579/']: sec=0.09, result=[1, '', 0]
[rosmaster.master][INFO] 2025-12-04 21:21:35,872: publisherUpdate[/hand_controller/follow_joint_trajectory/cancel] -> http://127.0.0.1:39377/ ['http://127.0.0.1:40773/', 'http://127.0.0.1:43579/']
[rosmaster.master][INFO] 2025-12-04 21:21:35,930: publisherUpdate[/hand_controller/follow_joint_trajectory/cancel] -> http://127.0.0.1:39377/ ['http://127.0.0.1:40773/', 'http://127.0.0.1:43579/']: sec=0.06, result=[1, '', 0]
[rosmaster.master][INFO] 2025-12-04 21:21:36,190: +SUB [/trajectory_execution_event] /move_group http://127.0.0.1:43579/
[rosmaster.master][INFO] 2025-12-04 21:21:36,192: +SERVICE [/move_group/trajectory_execution/set_parameters] /move_group http://127.0.0.1:43579/
[rosmaster.master][INFO] 2025-12-04 21:21:36,193: +PUB [/move_group/trajectory_execution/parameter_descriptions] /move_group http://127.0.0.1:43579/
[rosmaster.master][INFO] 2025-12-04 21:21:36,194: +PUB [/move_group/trajectory_execution/parameter_updates] /move_group http://127.0.0.1:43579/
[rosmaster.master][INFO] 2025-12-04 21:21:36,198: +PARAM [/move_group/trajectory_execution/execution_duration_monitoring] by /move_group
[rosmaster.master][INFO] 2025-12-04 21:21:36,198: +PARAM [/move_group/trajectory_execution/allowed_execution_duration_scaling] by /move_group
[rosmaster.master][INFO] 2025-12-04 21:21:36,199: +PARAM [/move_group/trajectory_execution/allowed_goal_duration_margin] by /move_group
[rosmaster.master][INFO] 2025-12-04 21:21:36,200: +PARAM [/move_group/trajectory_execution/execution_velocity_scaling] by /move_group
[rosmaster.master][INFO] 2025-12-04 21:21:36,200: +PARAM [/move_group/trajectory_execution/allowed_start_tolerance] by /move_group
[rosmaster.master][INFO] 2025-12-04 21:21:36,201: +PARAM [/move_group/trajectory_execution/wait_for_trajectory_completion] by /move_group
[rosmaster.master][INFO] 2025-12-04 21:21:36,202: +PARAM [/move_group/trajectory_execution/execution_duration_monitoring] by /move_group
[rosmaster.master][INFO] 2025-12-04 21:21:36,203: +PARAM [/move_group/trajectory_execution/allowed_execution_duration_scaling] by /move_group
[rosmaster.master][INFO] 2025-12-04 21:21:36,204: +PARAM [/move_group/trajectory_execution/allowed_goal_duration_margin] by /move_group
[rosmaster.master][INFO] 2025-12-04 21:21:36,205: +PARAM [/move_group/trajectory_execution/execution_velocity_scaling] by /move_group
[rosmaster.master][INFO] 2025-12-04 21:21:36,206: +PARAM [/move_group/trajectory_execution/allowed_start_tolerance] by /move_group
[rosmaster.master][INFO] 2025-12-04 21:21:36,207: +PARAM [/move_group/trajectory_execution/wait_for_trajectory_completion] by /move_group
[rosmaster.master][INFO] 2025-12-04 21:21:36,210: +SERVICE [/move_group/plan_execution/set_parameters] /move_group http://127.0.0.1:43579/
[rosmaster.master][INFO] 2025-12-04 21:21:36,211: +PUB [/move_group/plan_execution/parameter_descriptions] /move_group http://127.0.0.1:43579/
[rosmaster.master][INFO] 2025-12-04 21:21:36,211: +PUB [/move_group/plan_execution/parameter_updates] /move_group http://127.0.0.1:43579/
[rosmaster.master][INFO] 2025-12-04 21:21:36,216: +PARAM [/move_group/plan_execution/max_replan_attempts] by /move_group
[rosmaster.master][INFO] 2025-12-04 21:21:36,217: +PARAM [/move_group/plan_execution/record_trajectory_state_frequency] by /move_group
[rosmaster.master][INFO] 2025-12-04 21:21:36,219: +PARAM [/move_group/plan_execution/max_replan_attempts] by /move_group
[rosmaster.master][INFO] 2025-12-04 21:21:36,221: +PARAM [/move_group/plan_execution/record_trajectory_state_frequency] by /move_group
[rosmaster.master][INFO] 2025-12-04 21:21:36,223: +SERVICE [/move_group/sense_for_plan/set_parameters] /move_group http://127.0.0.1:43579/
[rosmaster.master][INFO] 2025-12-04 21:21:36,224: +PUB [/move_group/sense_for_plan/parameter_descriptions] /move_group http://127.0.0.1:43579/
[rosmaster.master][INFO] 2025-12-04 21:21:36,226: +PUB [/move_group/sense_for_plan/parameter_updates] /move_group http://127.0.0.1:43579/
[rosmaster.master][INFO] 2025-12-04 21:21:36,230: +PARAM [/move_group/sense_for_plan/max_safe_path_cost] by /move_group
[rosmaster.master][INFO] 2025-12-04 21:21:36,231: +PARAM [/move_group/sense_for_plan/max_look_attempts] by /move_group
[rosmaster.master][INFO] 2025-12-04 21:21:36,233: +PARAM [/move_group/sense_for_plan/max_cost_sources] by /move_group
[rosmaster.master][INFO] 2025-12-04 21:21:36,235: +PARAM [/move_group/sense_for_plan/discard_overlapping_cost_sources] by /move_group
[rosmaster.master][INFO] 2025-12-04 21:21:36,237: +PARAM [/move_group/sense_for_plan/max_safe_path_cost] by /move_group
[rosmaster.master][INFO] 2025-12-04 21:21:36,239: +PARAM [/move_group/sense_for_plan/max_look_attempts] by /move_group
[rosmaster.master][INFO] 2025-12-04 21:21:36,241: +PARAM [/move_group/sense_for_plan/max_cost_sources] by /move_group
[rosmaster.master][INFO] 2025-12-04 21:21:36,247: +PARAM [/move_group/sense_for_plan/discard_overlapping_cost_sources] by /move_group
[rosmaster.master][INFO] 2025-12-04 21:21:36,276: +SERVICE [/apply_planning_scene] /move_group http://127.0.0.1:43579/
[rosmaster.master][INFO] 2025-12-04 21:21:36,282: +SERVICE [/load_move_group_capabilities] /move_group http://127.0.0.1:43579/
[rosmaster.master][INFO] 2025-12-04 21:21:36,284: +SERVICE [/clear_octomap] /move_group http://127.0.0.1:43579/
[rosmaster.master][INFO] 2025-12-04 21:21:36,287: +SERVICE [/compute_cartesian_path] /move_group http://127.0.0.1:43579/
[rosmaster.master][INFO] 2025-12-04 21:21:36,289: +PUB [/execute_trajectory/result] /move_group http://127.0.0.1:43579/
[rosmaster.master][INFO] 2025-12-04 21:21:36,291: +PUB [/execute_trajectory/feedback] /move_group http://127.0.0.1:43579/
[rosmaster.master][INFO] 2025-12-04 21:21:36,292: +PUB [/execute_trajectory/status] /move_group http://127.0.0.1:43579/
[rosmaster.master][INFO] 2025-12-04 21:21:36,302: +SUB [/execute_trajectory/goal] /move_group http://127.0.0.1:43579/
[rosmaster.master][INFO] 2025-12-04 21:21:36,306: +SUB [/execute_trajectory/cancel] /move_group http://127.0.0.1:43579/
[rosmaster.master][INFO] 2025-12-04 21:21:36,307: +SERVICE [/get_planning_scene] /move_group http://127.0.0.1:43579/
[rosmaster.master][INFO] 2025-12-04 21:21:36,309: +SERVICE [/compute_fk] /move_group http://127.0.0.1:43579/
[rosmaster.master][INFO] 2025-12-04 21:21:36,310: +SERVICE [/compute_ik] /move_group http://127.0.0.1:43579/
[rosmaster.master][INFO] 2025-12-04 21:21:36,314: +PUB [/move_group/result] /move_group http://127.0.0.1:43579/
[rosmaster.master][INFO] 2025-12-04 21:21:36,314: +PUB [/move_group/feedback] /move_group http://127.0.0.1:43579/
[rosmaster.master][INFO] 2025-12-04 21:21:36,315: +PUB [/move_group/status] /move_group http://127.0.0.1:43579/
[rosmaster.master][INFO] 2025-12-04 21:21:36,322: +SUB [/move_group/goal] /move_group http://127.0.0.1:43579/
[rosmaster.master][INFO] 2025-12-04 21:21:36,327: +SUB [/move_group/cancel] /move_group http://127.0.0.1:43579/
[rosmaster.master][INFO] 2025-12-04 21:21:36,336: publisherUpdate[/move_group/result] -> http://127.0.0.1:43633/ ['http://127.0.0.1:43579/']
[rosmaster.master][INFO] 2025-12-04 21:21:36,343: +PUB [/pickup/result] /move_group http://127.0.0.1:43579/
[rosmaster.master][INFO] 2025-12-04 21:21:36,344: +PUB [/pickup/feedback] /move_group http://127.0.0.1:43579/
[rosmaster.master][INFO] 2025-12-04 21:21:36,345: +PUB [/pickup/status] /move_group http://127.0.0.1:43579/
[rosmaster.master][INFO] 2025-12-04 21:21:36,352: +SUB [/pickup/goal] /move_group http://127.0.0.1:43579/
[rosmaster.master][INFO] 2025-12-04 21:21:36,356: +SUB [/pickup/cancel] /move_group http://127.0.0.1:43579/
[rosmaster.master][INFO] 2025-12-04 21:21:36,358: +PUB [/place/result] /move_group http://127.0.0.1:43579/
[rosmaster.master][INFO] 2025-12-04 21:21:36,359: +PUB [/place/feedback] /move_group http://127.0.0.1:43579/
[rosmaster.master][INFO] 2025-12-04 21:21:36,361: +PUB [/place/status] /move_group http://127.0.0.1:43579/
[rosmaster.master][INFO] 2025-12-04 21:21:36,368: +SUB [/place/goal] /move_group http://127.0.0.1:43579/
[rosmaster.master][INFO] 2025-12-04 21:21:36,371: +SUB [/place/cancel] /move_group http://127.0.0.1:43579/
[rosmaster.master][INFO] 2025-12-04 21:21:36,372: +SERVICE [/plan_kinematic_path] /move_group http://127.0.0.1:43579/
[rosmaster.master][INFO] 2025-12-04 21:21:36,374: +SERVICE [/query_planner_interface] /move_group http://127.0.0.1:43579/
[rosmaster.master][INFO] 2025-12-04 21:21:36,375: +SERVICE [/get_planner_params] /move_group http://127.0.0.1:43579/
[rosmaster.master][INFO] 2025-12-04 21:21:36,376: +SERVICE [/set_planner_params] /move_group http://127.0.0.1:43579/
[rosmaster.master][INFO] 2025-12-04 21:21:36,377: +SERVICE [/check_state_validity] /move_group http://127.0.0.1:43579/
[rosmaster.master][INFO] 2025-12-04 21:21:36,504: publisherUpdate[/move_group/result] -> http://127.0.0.1:43633/ ['http://127.0.0.1:43579/']: sec=0.17, result=[1, '', 0]
[rosmaster.master][INFO] 2025-12-04 21:21:36,504: publisherUpdate[/move_group/feedback] -> http://127.0.0.1:43633/ ['http://127.0.0.1:43579/']
[rosmaster.master][INFO] 2025-12-04 21:21:36,512: publisherUpdate[/move_group/feedback] -> http://127.0.0.1:43633/ ['http://127.0.0.1:43579/']: sec=0.01, result=[1, '', 0]
[rosmaster.master][INFO] 2025-12-04 21:21:36,513: publisherUpdate[/move_group/status] -> http://127.0.0.1:43633/ ['http://127.0.0.1:43579/']
[rosmaster.master][INFO] 2025-12-04 21:21:36,514: publisherUpdate[/move_group/status] -> http://127.0.0.1:43633/ ['http://127.0.0.1:43579/']: sec=0.00, result=[1, '', 0]
[rosmaster.master][INFO] 2025-12-04 21:21:36,786: +SUB [/pickup/status] /play_motion http://127.0.0.1:43633/
[rosmaster.master][INFO] 2025-12-04 21:21:36,791: +SUB [/pickup/feedback] /play_motion http://127.0.0.1:43633/
[rosmaster.master][INFO] 2025-12-04 21:21:36,796: +SUB [/pickup/result] /play_motion http://127.0.0.1:43633/
[rosmaster.master][INFO] 2025-12-04 21:21:36,798: +PUB [/pickup/goal] /play_motion http://127.0.0.1:43633/
[rosmaster.master][INFO] 2025-12-04 21:21:36,799: +PUB [/pickup/cancel] /play_motion http://127.0.0.1:43633/
[rosmaster.master][INFO] 2025-12-04 21:21:36,815: publisherUpdate[/pickup/goal] -> http://127.0.0.1:43579/ ['http://127.0.0.1:43633/']
[rosmaster.master][INFO] 2025-12-04 21:21:36,898: publisherUpdate[/pickup/goal] -> http://127.0.0.1:43579/ ['http://127.0.0.1:43633/']: sec=0.08, result=[1, '', 0]
[rosmaster.master][INFO] 2025-12-04 21:21:36,898: publisherUpdate[/pickup/cancel] -> http://127.0.0.1:43579/ ['http://127.0.0.1:43633/']
[rosmaster.master][INFO] 2025-12-04 21:21:36,958: publisherUpdate[/pickup/cancel] -> http://127.0.0.1:43579/ ['http://127.0.0.1:43633/']: sec=0.06, result=[1, '', 0]
[rosmaster.master][INFO] 2025-12-04 21:21:37,123: +SUB [/place/status] /play_motion http://127.0.0.1:43633/
[rosmaster.master][INFO] 2025-12-04 21:21:37,128: +SUB [/place/feedback] /play_motion http://127.0.0.1:43633/
[rosmaster.master][INFO] 2025-12-04 21:21:37,130: +SUB [/place/result] /play_motion http://127.0.0.1:43633/
[rosmaster.master][INFO] 2025-12-04 21:21:37,132: +PUB [/place/goal] /play_motion http://127.0.0.1:43633/
[rosmaster.master][INFO] 2025-12-04 21:21:37,133: +PUB [/place/cancel] /play_motion http://127.0.0.1:43633/
[rosmaster.master][INFO] 2025-12-04 21:21:37,158: publisherUpdate[/place/goal] -> http://127.0.0.1:43579/ ['http://127.0.0.1:43633/']
[rosmaster.master][INFO] 2025-12-04 21:21:37,234: publisherUpdate[/place/goal] -> http://127.0.0.1:43579/ ['http://127.0.0.1:43633/']: sec=0.08, result=[1, '', 0]
[rosmaster.master][INFO] 2025-12-04 21:21:37,235: publisherUpdate[/place/cancel] -> http://127.0.0.1:43579/ ['http://127.0.0.1:43633/']
[rosmaster.master][INFO] 2025-12-04 21:21:37,291: publisherUpdate[/place/cancel] -> http://127.0.0.1:43579/ ['http://127.0.0.1:43633/']: sec=0.06, result=[1, '', 0]
[rosmaster.master][INFO] 2025-12-04 21:21:37,455: +SUB [/execute_trajectory/status] /play_motion http://127.0.0.1:43633/
[rosmaster.master][INFO] 2025-12-04 21:21:37,460: +SUB [/execute_trajectory/feedback] /play_motion http://127.0.0.1:43633/
[rosmaster.master][INFO] 2025-12-04 21:21:37,463: +SUB [/execute_trajectory/result] /play_motion http://127.0.0.1:43633/
[rosmaster.master][INFO] 2025-12-04 21:21:37,464: +PUB [/execute_trajectory/goal] /play_motion http://127.0.0.1:43633/
[rosmaster.master][INFO] 2025-12-04 21:21:37,466: +PUB [/execute_trajectory/cancel] /play_motion http://127.0.0.1:43633/
[rosmaster.master][INFO] 2025-12-04 21:21:37,490: publisherUpdate[/execute_trajectory/goal] -> http://127.0.0.1:43579/ ['http://127.0.0.1:43633/']
[rosmaster.master][INFO] 2025-12-04 21:21:37,565: publisherUpdate[/execute_trajectory/goal] -> http://127.0.0.1:43579/ ['http://127.0.0.1:43633/']: sec=0.07, result=[1, '', 0]
[rosmaster.master][INFO] 2025-12-04 21:21:37,565: publisherUpdate[/execute_trajectory/cancel] -> http://127.0.0.1:43579/ ['http://127.0.0.1:43633/']
[rosmaster.master][INFO] 2025-12-04 21:21:37,619: publisherUpdate[/execute_trajectory/cancel] -> http://127.0.0.1:43579/ ['http://127.0.0.1:43633/']: sec=0.05, result=[1, '', 0]
[rosmaster.master][INFO] 2025-12-04 21:21:38,170: +PUB [/play_motion/result] /play_motion http://127.0.0.1:43633/
[rosmaster.master][INFO] 2025-12-04 21:21:38,171: +PUB [/play_motion/feedback] /play_motion http://127.0.0.1:43633/
[rosmaster.master][INFO] 2025-12-04 21:21:38,172: +PUB [/play_motion/status] /play_motion http://127.0.0.1:43633/
[rosmaster.master][INFO] 2025-12-04 21:21:38,177: +SUB [/play_motion/goal] /play_motion http://127.0.0.1:43633/
[rosmaster.master][INFO] 2025-12-04 21:21:38,180: +SUB [/play_motion/cancel] /play_motion http://127.0.0.1:43633/
[rosmaster.master][INFO] 2025-12-04 21:21:38,181: +SERVICE [/play_motion/list_motions] /play_motion http://127.0.0.1:43633/
[rosmaster.master][INFO] 2025-12-04 21:21:38,181: +PUB [/diagnostics] /play_motion http://127.0.0.1:43633/
[rosmaster.master][INFO] 2025-12-04 21:21:38,187: +SUB [/arm_controller/follow_joint_trajectory/status] /play_motion http://127.0.0.1:43633/
[rosmaster.master][INFO] 2025-12-04 21:21:38,190: +SUB [/arm_controller/follow_joint_trajectory/feedback] /play_motion http://127.0.0.1:43633/
[rosmaster.master][INFO] 2025-12-04 21:21:38,193: +SUB [/arm_controller/follow_joint_trajectory/result] /play_motion http://127.0.0.1:43633/
[rosmaster.master][INFO] 2025-12-04 21:21:38,194: +PUB [/arm_controller/follow_joint_trajectory/goal] /play_motion http://127.0.0.1:43633/
[rosmaster.master][INFO] 2025-12-04 21:21:38,194: publisherUpdate[/play_motion/result] -> http://127.0.0.1:34859/ ['http://127.0.0.1:43633/']
[rosmaster.master][INFO] 2025-12-04 21:21:38,196: +PUB [/arm_controller/follow_joint_trajectory/cancel] /play_motion http://127.0.0.1:43633/
[rosmaster.master][INFO] 2025-12-04 21:21:38,198: publisherUpdate[/play_motion/result] -> http://127.0.0.1:34859/ ['http://127.0.0.1:43633/']: sec=0.00, result=[1, '', 0]
[rosmaster.master][INFO] 2025-12-04 21:21:38,198: publisherUpdate[/play_motion/feedback] -> http://127.0.0.1:34859/ ['http://127.0.0.1:43633/']
[rosmaster.master][INFO] 2025-12-04 21:21:38,201: publisherUpdate[/play_motion/feedback] -> http://127.0.0.1:34859/ ['http://127.0.0.1:43633/']: sec=0.00, result=[1, '', 0]
[rosmaster.master][INFO] 2025-12-04 21:21:38,201: publisherUpdate[/play_motion/status] -> http://127.0.0.1:34859/ ['http://127.0.0.1:43633/']
[rosmaster.master][INFO] 2025-12-04 21:21:38,203: +SUB [/hand_controller/follow_joint_trajectory/status] /play_motion http://127.0.0.1:43633/
[rosmaster.master][INFO] 2025-12-04 21:21:38,204: publisherUpdate[/play_motion/status] -> http://127.0.0.1:34859/ ['http://127.0.0.1:43633/']: sec=0.00, result=[1, '', 0]
[rosmaster.master][INFO] 2025-12-04 21:21:38,204: publisherUpdate[/arm_controller/follow_joint_trajectory/goal] -> http://127.0.0.1:39377/ ['http://127.0.0.1:43579/', 'http://127.0.0.1:43633/']
[rosmaster.master][INFO] 2025-12-04 21:21:38,207: +SUB [/hand_controller/follow_joint_trajectory/feedback] /play_motion http://127.0.0.1:43633/
[rosmaster.master][INFO] 2025-12-04 21:21:38,210: +SUB [/hand_controller/follow_joint_trajectory/result] /play_motion http://127.0.0.1:43633/
[rosmaster.master][INFO] 2025-12-04 21:21:38,211: +PUB [/hand_controller/follow_joint_trajectory/goal] /play_motion http://127.0.0.1:43633/
[rosmaster.master][INFO] 2025-12-04 21:21:38,213: +PUB [/hand_controller/follow_joint_trajectory/cancel] /play_motion http://127.0.0.1:43633/
[rosmaster.master][INFO] 2025-12-04 21:21:38,218: +SUB [/head_controller/follow_joint_trajectory/status] /play_motion http://127.0.0.1:43633/
[rosmaster.master][INFO] 2025-12-04 21:21:38,222: +SUB [/head_controller/follow_joint_trajectory/feedback] /play_motion http://127.0.0.1:43633/
[rosmaster.master][INFO] 2025-12-04 21:21:38,224: +SUB [/head_controller/follow_joint_trajectory/result] /play_motion http://127.0.0.1:43633/
[rosmaster.master][INFO] 2025-12-04 21:21:38,225: +PUB [/head_controller/follow_joint_trajectory/goal] /play_motion http://127.0.0.1:43633/
[rosmaster.master][INFO] 2025-12-04 21:21:38,226: +PUB [/head_controller/follow_joint_trajectory/cancel] /play_motion http://127.0.0.1:43633/
[rosmaster.master][INFO] 2025-12-04 21:21:38,229: +SUB [/torso_controller/follow_joint_trajectory/status] /play_motion http://127.0.0.1:43633/
[rosmaster.master][INFO] 2025-12-04 21:21:38,231: +SUB [/torso_controller/follow_joint_trajectory/feedback] /play_motion http://127.0.0.1:43633/
[rosmaster.master][INFO] 2025-12-04 21:21:38,234: +SUB [/torso_controller/follow_joint_trajectory/result] /play_motion http://127.0.0.1:43633/
[rosmaster.master][INFO] 2025-12-04 21:21:38,235: +PUB [/torso_controller/follow_joint_trajectory/goal] /play_motion http://127.0.0.1:43633/
[rosmaster.master][INFO] 2025-12-04 21:21:38,236: +PUB [/torso_controller/follow_joint_trajectory/cancel] /play_motion http://127.0.0.1:43633/
[rosmaster.master][INFO] 2025-12-04 21:21:38,301: publisherUpdate[/arm_controller/follow_joint_trajectory/goal] -> http://127.0.0.1:39377/ ['http://127.0.0.1:43579/', 'http://127.0.0.1:43633/']: sec=0.10, result=[1, '', 0]
[rosmaster.master][INFO] 2025-12-04 21:21:38,302: publisherUpdate[/arm_controller/follow_joint_trajectory/cancel] -> http://127.0.0.1:39377/ ['http://127.0.0.1:43579/', 'http://127.0.0.1:43633/']
[rosmaster.master][INFO] 2025-12-04 21:21:38,413: publisherUpdate[/arm_controller/follow_joint_trajectory/cancel] -> http://127.0.0.1:39377/ ['http://127.0.0.1:43579/', 'http://127.0.0.1:43633/']: sec=0.11, result=[1, '', 0]
[rosmaster.master][INFO] 2025-12-04 21:21:38,413: publisherUpdate[/hand_controller/follow_joint_trajectory/goal] -> http://127.0.0.1:39377/ ['http://127.0.0.1:40773/', 'http://127.0.0.1:43579/', 'http://127.0.0.1:43633/']
[rosmaster.master][INFO] 2025-12-04 21:21:38,442: +CACHEDPARAM [/rosout_disable_topics_generation] by /tuck_arm
[rosmaster.master][INFO] 2025-12-04 21:21:38,446: +SUB [/joint_states] /tuck_arm http://127.0.0.1:34859/
[rosmaster.master][INFO] 2025-12-04 21:21:38,528: publisherUpdate[/hand_controller/follow_joint_trajectory/goal] -> http://127.0.0.1:39377/ ['http://127.0.0.1:40773/', 'http://127.0.0.1:43579/', 'http://127.0.0.1:43633/']: sec=0.11, result=[1, '', 0]
[rosmaster.master][INFO] 2025-12-04 21:21:38,528: publisherUpdate[/hand_controller/follow_joint_trajectory/cancel] -> http://127.0.0.1:39377/ ['http://127.0.0.1:40773/', 'http://127.0.0.1:43579/', 'http://127.0.0.1:43633/']
[rosmaster.master][INFO] 2025-12-04 21:21:38,638: publisherUpdate[/hand_controller/follow_joint_trajectory/cancel] -> http://127.0.0.1:39377/ ['http://127.0.0.1:40773/', 'http://127.0.0.1:43579/', 'http://127.0.0.1:43633/']: sec=0.11, result=[1, '', 0]
[rosmaster.master][INFO] 2025-12-04 21:21:38,639: publisherUpdate[/head_controller/follow_joint_trajectory/goal] -> http://127.0.0.1:39377/ ['http://127.0.0.1:43579/', 'http://127.0.0.1:43633/']
[rosmaster.master][INFO] 2025-12-04 21:21:38,640: publisherUpdate[/head_controller/follow_joint_trajectory/goal] -> http://127.0.0.1:39377/ ['http://127.0.0.1:43579/', 'http://127.0.0.1:43633/']: sec=0.00, result=[1, '', 0]
[rosmaster.master][INFO] 2025-12-04 21:21:38,641: publisherUpdate[/head_controller/follow_joint_trajectory/cancel] -> http://127.0.0.1:39377/ ['http://127.0.0.1:43579/', 'http://127.0.0.1:43633/']
[rosmaster.master][INFO] 2025-12-04 21:21:38,642: publisherUpdate[/head_controller/follow_joint_trajectory/cancel] -> http://127.0.0.1:39377/ ['http://127.0.0.1:43579/', 'http://127.0.0.1:43633/']: sec=0.00, result=[1, '', 0]
[rosmaster.master][INFO] 2025-12-04 21:21:38,642: publisherUpdate[/torso_controller/follow_joint_trajectory/goal] -> http://127.0.0.1:39377/ ['http://127.0.0.1:43579/', 'http://127.0.0.1:43633/']
[rosmaster.master][INFO] 2025-12-04 21:21:38,643: publisherUpdate[/torso_controller/follow_joint_trajectory/goal] -> http://127.0.0.1:39377/ ['http://127.0.0.1:43579/', 'http://127.0.0.1:43633/']: sec=0.00, result=[1, '', 0]
[rosmaster.master][INFO] 2025-12-04 21:21:38,644: publisherUpdate[/torso_controller/follow_joint_trajectory/cancel] -> http://127.0.0.1:39377/ ['http://127.0.0.1:43579/', 'http://127.0.0.1:43633/']
[rosmaster.master][INFO] 2025-12-04 21:21:38,645: publisherUpdate[/torso_controller/follow_joint_trajectory/cancel] -> http://127.0.0.1:39377/ ['http://127.0.0.1:43579/', 'http://127.0.0.1:43633/']: sec=0.00, result=[1, '', 0]
[rosmaster.master][INFO] 2025-12-04 21:21:38,671: -SUB [/joint_states] /tuck_arm http://127.0.0.1:34859/
[rosmaster.master][INFO] 2025-12-04 21:21:42,181: +CACHEDPARAM [/rosout_disable_topics_generation] by /tuck_arm
[rosmaster.master][INFO] 2025-12-04 21:21:42,185: +CACHEDPARAM [/play_motion/motions/home] by /play_motion
[rosmaster.master][INFO] 2025-12-04 21:21:53,960: +CACHEDPARAM [/rosout_disable_topics_generation] by /tuck_arm
[rosmaster.master][INFO] 2025-12-04 21:21:53,963: -SUB [/clock] /tuck_arm http://127.0.0.1:34859/
[rosmaster.master][INFO] 2025-12-04 21:21:53,963: -SUB [/play_motion/status] /tuck_arm http://127.0.0.1:34859/
[rosmaster.master][INFO] 2025-12-04 21:21:53,963: -SUB [/play_motion/result] /tuck_arm http://127.0.0.1:34859/
[rosmaster.master][INFO] 2025-12-04 21:21:53,963: -SUB [/play_motion/feedback] /tuck_arm http://127.0.0.1:34859/
[rosmaster.master][INFO] 2025-12-04 21:21:53,963: -PUB [/rosout] /tuck_arm http://127.0.0.1:34859/
[rosmaster.master][INFO] 2025-12-04 21:21:53,963: -PUB [/play_motion/goal] /tuck_arm http://127.0.0.1:34859/
[rosmaster.master][INFO] 2025-12-04 21:21:53,964: -PUB [/play_motion/cancel] /tuck_arm http://127.0.0.1:34859/
[rosmaster.master][INFO] 2025-12-04 21:21:53,964: -SERVICE [/tuck_arm/get_loggers] /tuck_arm rosrpc://127.0.0.1:40093
[rosmaster.master][INFO] 2025-12-04 21:21:53,964: -SERVICE [/tuck_arm/set_logger_level] /tuck_arm rosrpc://127.0.0.1:40093
[rosmaster.master][INFO] 2025-12-04 21:21:53,971: publisherUpdate[/rosout] -> http://127.0.0.1:46717/ ['http://127.0.0.1:34167/', 'http://127.0.0.1:34439/', 'http://127.0.0.1:35433/', 'http://127.0.0.1:45743/', 'http://127.0.0.1:40039/', 'http://127.0.0.1:43633/', 'http://127.0.0.1:43579/', 'http://127.0.0.1:46497/', 'http://127.0.0.1:39723/', 'http://127.0.0.1:40773/', 'http://127.0.0.1:32955/', 'http://127.0.0.1:34361/', 'http://127.0.0.1:46597/', 'http://127.0.0.1:33039/', 'http://127.0.0.1:42907/', 'http://127.0.0.1:39377/', 'http://127.0.0.1:43639/', 'http://127.0.0.1:36449/', 'http://127.0.0.1:46157/']
[rosmaster.master][INFO] 2025-12-04 21:21:53,972: publisherUpdate[/rosout] -> http://127.0.0.1:46717/ ['http://127.0.0.1:34167/', 'http://127.0.0.1:34439/', 'http://127.0.0.1:35433/', 'http://127.0.0.1:45743/', 'http://127.0.0.1:40039/', 'http://127.0.0.1:43633/', 'http://127.0.0.1:43579/', 'http://127.0.0.1:46497/', 'http://127.0.0.1:39723/', 'http://127.0.0.1:40773/', 'http://127.0.0.1:32955/', 'http://127.0.0.1:34361/', 'http://127.0.0.1:46597/', 'http://127.0.0.1:33039/', 'http://127.0.0.1:42907/', 'http://127.0.0.1:39377/', 'http://127.0.0.1:43639/', 'http://127.0.0.1:36449/', 'http://127.0.0.1:46157/']: sec=0.00, result=[1, '', 0]
[rosmaster.master][INFO] 2025-12-04 21:21:53,972: publisherUpdate[/play_motion/goal] -> http://127.0.0.1:43633/ []
[rosmaster.master][INFO] 2025-12-04 21:21:53,973: publisherUpdate[/play_motion/goal] -> http://127.0.0.1:43633/ []: sec=0.00, result=[1, '', 0]
[rosmaster.master][INFO] 2025-12-04 21:21:53,973: publisherUpdate[/play_motion/cancel] -> http://127.0.0.1:43633/ []
[rosmaster.master][INFO] 2025-12-04 21:21:53,975: publisherUpdate[/play_motion/cancel] -> http://127.0.0.1:43633/ []: sec=0.00, result=[1, '', 0]
[rosmaster.master][INFO] 2025-12-04 21:49:59,651: +PARAM [/roslaunch/uris/host_127_0_0_1__43217] by /roslaunch
[rosmaster.master][INFO] 2025-12-04 21:49:59,748: +PARAM [/rosversion] by /roslaunch
[rosmaster.master][INFO] 2025-12-04 21:49:59,749: +PARAM [/rosdistro] by /roslaunch
[rosmaster.master][INFO] 2025-12-04 21:49:59,749: +PARAM [/use_sim_time] by /roslaunch
[rosmaster.master][INFO] 2025-12-04 21:49:59,750: +PARAM [/pal_robot_info/type] by /roslaunch
[rosmaster.master][INFO] 2025-12-04 21:49:59,750: +PARAM [/pal_robot_info/end_effector] by /roslaunch
[rosmaster.master][INFO] 2025-12-04 21:49:59,750: +PARAM [/pal_robot_info/ft_sensor] by /roslaunch
[rosmaster.master][INFO] 2025-12-04 21:49:59,750: +PARAM [/pal_robot_info/laser_model] by /roslaunch
[rosmaster.master][INFO] 2025-12-04 21:49:59,750: +PARAM [/pal_robot_info/camera_model] by /roslaunch
[rosmaster.master][INFO] 2025-12-04 21:49:59,750: +PARAM [/pal_robot_info/base_type] by /roslaunch
[rosmaster.master][INFO] 2025-12-04 21:49:59,751: +PARAM [/pal_robot_info/arm] by /roslaunch
[rosmaster.master][INFO] 2025-12-04 21:49:59,751: +PARAM [/gains/suspension_left_joint/p] by /roslaunch
[rosmaster.master][INFO] 2025-12-04 21:49:59,751: +PARAM [/gains/suspension_left_joint/d] by /roslaunch
[rosmaster.master][INFO] 2025-12-04 21:49:59,751: +PARAM [/gains/suspension_left_joint/i] by /roslaunch
[rosmaster.master][INFO] 2025-12-04 21:49:59,751: +PARAM [/gains/suspension_left_joint/i_clamp] by /roslaunch
[rosmaster.master][INFO] 2025-12-04 21:49:59,751: +PARAM [/gains/suspension_right_joint/p] by /roslaunch
[rosmaster.master][INFO] 2025-12-04 21:49:59,751: +PARAM [/gains/suspension_right_joint/d] by /roslaunch
[rosmaster.master][INFO] 2025-12-04 21:49:59,751: +PARAM [/gains/suspension_right_joint/i] by /roslaunch
[rosmaster.master][INFO] 2025-12-04 21:49:59,751: +PARAM [/gains/suspension_right_joint/i_clamp] by /roslaunch
[rosmaster.master][INFO] 2025-12-04 21:49:59,751: +PARAM [/gains/torso_lift_joint/p] by /roslaunch
[rosmaster.master][INFO] 2025-12-04 21:49:59,752: +PARAM [/gains/torso_lift_joint/d] by /roslaunch
[rosmaster.master][INFO] 2025-12-04 21:49:59,752: +PARAM [/gains/torso_lift_joint/i] by /roslaunch
[rosmaster.master][INFO] 2025-12-04 21:49:59,752: +PARAM [/gains/torso_lift_joint/i_clamp] by /roslaunch
[rosmaster.master][INFO] 2025-12-04 21:49:59,752: +PARAM [/gains/head_1_joint/p] by /roslaunch
[rosmaster.master][INFO] 2025-12-04 21:49:59,752: +PARAM [/gains/head_1_joint/d] by /roslaunch
[rosmaster.master][INFO] 2025-12-04 21:49:59,752: +PARAM [/gains/head_1_joint/i] by /roslaunch
[rosmaster.master][INFO] 2025-12-04 21:49:59,752: +PARAM [/gains/head_1_joint/i_clamp] by /roslaunch
[rosmaster.master][INFO] 2025-12-04 21:49:59,752: +PARAM [/gains/head_2_joint/p] by /roslaunch
[rosmaster.master][INFO] 2025-12-04 21:49:59,752: +PARAM [/gains/head_2_joint/d] by /roslaunch
[rosmaster.master][INFO] 2025-12-04 21:49:59,753: +PARAM [/gains/head_2_joint/i] by /roslaunch
[rosmaster.master][INFO] 2025-12-04 21:49:59,753: +PARAM [/gains/head_2_joint/i_clamp] by /roslaunch
[rosmaster.master][INFO] 2025-12-04 21:49:59,753: +PARAM [/gains/xtion_frame_joint/p] by /roslaunch
[rosmaster.master][INFO] 2025-12-04 21:49:59,753: +PARAM [/gains/xtion_frame_joint/d] by /roslaunch
[rosmaster.master][INFO] 2025-12-04 21:49:59,753: +PARAM [/gains/xtion_frame_joint/i] by /roslaunch
[rosmaster.master][INFO] 2025-12-04 21:49:59,753: +PARAM [/gains/xtion_frame_joint/i_clamp] by /roslaunch
[rosmaster.master][INFO] 2025-12-04 21:49:59,753: +PARAM [/gains/arm_1_joint/p] by /roslaunch
[rosmaster.master][INFO] 2025-12-04 21:49:59,753: +PARAM [/gains/arm_1_joint/d] by /roslaunch
[rosmaster.master][INFO] 2025-12-04 21:49:59,753: +PARAM [/gains/arm_1_joint/i] by /roslaunch
[rosmaster.master][INFO] 2025-12-04 21:49:59,753: +PARAM [/gains/arm_1_joint/i_clamp] by /roslaunch
[rosmaster.master][INFO] 2025-12-04 21:49:59,753: +PARAM [/gains/arm_1_joint/torque_clamp] by /roslaunch
[rosmaster.master][INFO] 2025-12-04 21:49:59,754: +PARAM [/gains/arm_2_joint/p] by /roslaunch
[rosmaster.master][INFO] 2025-12-04 21:49:59,754: +PARAM [/gains/arm_2_joint/d] by /roslaunch
[rosmaster.master][INFO] 2025-12-04 21:49:59,754: +PARAM [/gains/arm_2_joint/i] by /roslaunch
[rosmaster.master][INFO] 2025-12-04 21:49:59,754: +PARAM [/gains/arm_2_joint/i_clamp] by /roslaunch
[rosmaster.master][INFO] 2025-12-04 21:49:59,754: +PARAM [/gains/arm_2_joint/torque_clamp] by /roslaunch
[rosmaster.master][INFO] 2025-12-04 21:49:59,754: +PARAM [/gains/arm_3_joint/p] by /roslaunch
[rosmaster.master][INFO] 2025-12-04 21:49:59,754: +PARAM [/gains/arm_3_joint/d] by /roslaunch
[rosmaster.master][INFO] 2025-12-04 21:49:59,754: +PARAM [/gains/arm_3_joint/i] by /roslaunch
[rosmaster.master][INFO] 2025-12-04 21:49:59,754: +PARAM [/gains/arm_3_joint/i_clamp] by /roslaunch
[rosmaster.master][INFO] 2025-12-04 21:49:59,754: +PARAM [/gains/arm_3_joint/torque_clamp] by /roslaunch
[rosmaster.master][INFO] 2025-12-04 21:49:59,754: +PARAM [/gains/arm_4_joint/p] by /roslaunch
[rosmaster.master][INFO] 2025-12-04 21:49:59,755: +PARAM [/gains/arm_4_joint/d] by /roslaunch
[rosmaster.master][INFO] 2025-12-04 21:49:59,755: +PARAM [/gains/arm_4_joint/i] by /roslaunch
[rosmaster.master][INFO] 2025-12-04 21:49:59,755: +PARAM [/gains/arm_4_joint/i_clamp] by /roslaunch
[rosmaster.master][INFO] 2025-12-04 21:49:59,755: +PARAM [/gains/arm_4_joint/torque_clamp] by /roslaunch
[rosmaster.master][INFO] 2025-12-04 21:49:59,755: +PARAM [/gains/arm_5_joint/p] by /roslaunch
[rosmaster.master][INFO] 2025-12-04 21:49:59,755: +PARAM [/gains/arm_5_joint/d] by /roslaunch
[rosmaster.master][INFO] 2025-12-04 21:49:59,755: +PARAM [/gains/arm_5_joint/i] by /roslaunch
[rosmaster.master][INFO] 2025-12-04 21:49:59,755: +PARAM [/gains/arm_5_joint/i_clamp] by /roslaunch
[rosmaster.master][INFO] 2025-12-04 21:49:59,755: +PARAM [/gains/arm_5_joint/torque_clamp] by /roslaunch
[rosmaster.master][INFO] 2025-12-04 21:49:59,755: +PARAM [/gains/arm_6_joint/p] by /roslaunch
[rosmaster.master][INFO] 2025-12-04 21:49:59,755: +PARAM [/gains/arm_6_joint/d] by /roslaunch
[rosmaster.master][INFO] 2025-12-04 21:49:59,756: +PARAM [/gains/arm_6_joint/i] by /roslaunch
[rosmaster.master][INFO] 2025-12-04 21:49:59,756: +PARAM [/gains/arm_6_joint/i_clamp] by /roslaunch
[rosmaster.master][INFO] 2025-12-04 21:49:59,756: +PARAM [/gains/arm_6_joint/torque_clamp] by /roslaunch
[rosmaster.master][INFO] 2025-12-04 21:49:59,756: +PARAM [/gains/arm_7_joint/p] by /roslaunch
[rosmaster.master][INFO] 2025-12-04 21:49:59,756: +PARAM [/gains/arm_7_joint/d] by /roslaunch
[rosmaster.master][INFO] 2025-12-04 21:49:59,756: +PARAM [/gains/arm_7_joint/i] by /roslaunch
[rosmaster.master][INFO] 2025-12-04 21:49:59,756: +PARAM [/gains/arm_7_joint/i_clamp] by /roslaunch
[rosmaster.master][INFO] 2025-12-04 21:49:59,756: +PARAM [/gains/arm_7_joint/torque_clamp] by /roslaunch
[rosmaster.master][INFO] 2025-12-04 21:49:59,756: +PARAM [/gains/hand_index_joint/p] by /roslaunch
[rosmaster.master][INFO] 2025-12-04 21:49:59,756: +PARAM [/gains/hand_index_joint/d] by /roslaunch
[rosmaster.master][INFO] 2025-12-04 21:49:59,756: +PARAM [/gains/hand_index_joint/i] by /roslaunch
[rosmaster.master][INFO] 2025-12-04 21:49:59,757: +PARAM [/gains/hand_index_joint/i_clamp] by /roslaunch
[rosmaster.master][INFO] 2025-12-04 21:49:59,757: +PARAM [/gains/hand_thumb_joint/p] by /roslaunch
[rosmaster.master][INFO] 2025-12-04 21:49:59,757: +PARAM [/gains/hand_thumb_joint/d] by /roslaunch
[rosmaster.master][INFO] 2025-12-04 21:49:59,757: +PARAM [/gains/hand_thumb_joint/i] by /roslaunch
[rosmaster.master][INFO] 2025-12-04 21:49:59,757: +PARAM [/gains/hand_thumb_joint/i_clamp] by /roslaunch
[rosmaster.master][INFO] 2025-12-04 21:49:59,757: +PARAM [/gains/hand_mrl_joint/p] by /roslaunch
[rosmaster.master][INFO] 2025-12-04 21:49:59,757: +PARAM [/gains/hand_mrl_joint/d] by /roslaunch
[rosmaster.master][INFO] 2025-12-04 21:49:59,757: +PARAM [/gains/hand_mrl_joint/i] by /roslaunch
[rosmaster.master][INFO] 2025-12-04 21:49:59,757: +PARAM [/gains/hand_mrl_joint/i_clamp] by /roslaunch
[rosmaster.master][INFO] 2025-12-04 21:49:59,757: +PARAM [/gains/hand_index_abd_joint/p] by /roslaunch
[rosmaster.master][INFO] 2025-12-04 21:49:59,757: +PARAM [/gains/hand_index_abd_joint/d] by /roslaunch
[rosmaster.master][INFO] 2025-12-04 21:49:59,758: +PARAM [/gains/hand_index_abd_joint/i] by /roslaunch
[rosmaster.master][INFO] 2025-12-04 21:49:59,758: +PARAM [/gains/hand_index_abd_joint/i_clamp] by /roslaunch
[rosmaster.master][INFO] 2025-12-04 21:49:59,758: +PARAM [/gains/hand_index_virtual_1_joint/p] by /roslaunch
[rosmaster.master][INFO] 2025-12-04 21:49:59,758: +PARAM [/gains/hand_index_virtual_1_joint/d] by /roslaunch
[rosmaster.master][INFO] 2025-12-04 21:49:59,758: +PARAM [/gains/hand_index_virtual_1_joint/i] by /roslaunch
[rosmaster.master][INFO] 2025-12-04 21:49:59,758: +PARAM [/gains/hand_index_virtual_1_joint/i_clamp] by /roslaunch
[rosmaster.master][INFO] 2025-12-04 21:49:59,758: +PARAM [/gains/hand_index_virtual_2_joint/p] by /roslaunch
[rosmaster.master][INFO] 2025-12-04 21:49:59,758: +PARAM [/gains/hand_index_virtual_2_joint/d] by /roslaunch
[rosmaster.master][INFO] 2025-12-04 21:49:59,758: +PARAM [/gains/hand_index_virtual_2_joint/i] by /roslaunch
[rosmaster.master][INFO] 2025-12-04 21:49:59,758: +PARAM [/gains/hand_index_virtual_2_joint/i_clamp] by /roslaunch
[rosmaster.master][INFO] 2025-12-04 21:49:59,758: +PARAM [/gains/hand_index_virtual_3_joint/p] by /roslaunch
[rosmaster.master][INFO] 2025-12-04 21:49:59,759: +PARAM [/gains/hand_index_virtual_3_joint/d] by /roslaunch
[rosmaster.master][INFO] 2025-12-04 21:49:59,759: +PARAM [/gains/hand_index_virtual_3_joint/i] by /roslaunch
[rosmaster.master][INFO] 2025-12-04 21:49:59,759: +PARAM [/gains/hand_index_virtual_3_joint/i_clamp] by /roslaunch
[rosmaster.master][INFO] 2025-12-04 21:49:59,759: +PARAM [/gains/hand_index_flex_1_joint/p] by /roslaunch
[rosmaster.master][INFO] 2025-12-04 21:49:59,759: +PARAM [/gains/hand_index_flex_1_joint/d] by /roslaunch
[rosmaster.master][INFO] 2025-12-04 21:49:59,759: +PARAM [/gains/hand_index_flex_1_joint/i] by /roslaunch
[rosmaster.master][INFO] 2025-12-04 21:49:59,759: +PARAM [/gains/hand_index_flex_1_joint/i_clamp] by /roslaunch
[rosmaster.master][INFO] 2025-12-04 21:49:59,759: +PARAM [/gains/hand_index_flex_2_joint/p] by /roslaunch
[rosmaster.master][INFO] 2025-12-04 21:49:59,759: +PARAM [/gains/hand_index_flex_2_joint/d] by /roslaunch
[rosmaster.master][INFO] 2025-12-04 21:49:59,759: +PARAM [/gains/hand_index_flex_2_joint/i] by /roslaunch
[rosmaster.master][INFO] 2025-12-04 21:49:59,759: +PARAM [/gains/hand_index_flex_2_joint/i_clamp] by /roslaunch
[rosmaster.master][INFO] 2025-12-04 21:49:59,760: +PARAM [/gains/hand_index_flex_3_joint/p] by /roslaunch
[rosmaster.master][INFO] 2025-12-04 21:49:59,760: +PARAM [/gains/hand_index_flex_3_joint/d] by /roslaunch
[rosmaster.master][INFO] 2025-12-04 21:49:59,760: +PARAM [/gains/hand_index_flex_3_joint/i] by /roslaunch
[rosmaster.master][INFO] 2025-12-04 21:49:59,760: +PARAM [/gains/hand_index_flex_3_joint/i_clamp] by /roslaunch
[rosmaster.master][INFO] 2025-12-04 21:49:59,760: +PARAM [/gains/hand_little_abd_joint/p] by /roslaunch
[rosmaster.master][INFO] 2025-12-04 21:49:59,760: +PARAM [/gains/hand_little_abd_joint/d] by /roslaunch
[rosmaster.master][INFO] 2025-12-04 21:49:59,760: +PARAM [/gains/hand_little_abd_joint/i] by /roslaunch
[rosmaster.master][INFO] 2025-12-04 21:49:59,760: +PARAM [/gains/hand_little_abd_joint/i_clamp] by /roslaunch
[rosmaster.master][INFO] 2025-12-04 21:49:59,761: +PARAM [/gains/hand_little_virtual_1_joint/p] by /roslaunch
[rosmaster.master][INFO] 2025-12-04 21:49:59,761: +PARAM [/gains/hand_little_virtual_1_joint/d] by /roslaunch
[rosmaster.master][INFO] 2025-12-04 21:49:59,761: +PARAM [/gains/hand_little_virtual_1_joint/i] by /roslaunch
[rosmaster.master][INFO] 2025-12-04 21:49:59,761: +PARAM [/gains/hand_little_virtual_1_joint/i_clamp] by /roslaunch
[rosmaster.master][INFO] 2025-12-04 21:49:59,761: +PARAM [/gains/hand_little_virtual_2_joint/p] by /roslaunch
[rosmaster.master][INFO] 2025-12-04 21:49:59,761: +PARAM [/gains/hand_little_virtual_2_joint/d] by /roslaunch
[rosmaster.master][INFO] 2025-12-04 21:49:59,761: +PARAM [/gains/hand_little_virtual_2_joint/i] by /roslaunch
[rosmaster.master][INFO] 2025-12-04 21:49:59,761: +PARAM [/gains/hand_little_virtual_2_joint/i_clamp] by /roslaunch
[rosmaster.master][INFO] 2025-12-04 21:49:59,761: +PARAM [/gains/hand_little_virtual_3_joint/p] by /roslaunch
[rosmaster.master][INFO] 2025-12-04 21:49:59,761: +PARAM [/gains/hand_little_virtual_3_joint/d] by /roslaunch
[rosmaster.master][INFO] 2025-12-04 21:49:59,761: +PARAM [/gains/hand_little_virtual_3_joint/i] by /roslaunch
[rosmaster.master][INFO] 2025-12-04 21:49:59,761: +PARAM [/gains/hand_little_virtual_3_joint/i_clamp] by /roslaunch
[rosmaster.master][INFO] 2025-12-04 21:49:59,761: +PARAM [/gains/hand_little_flex_1_joint/p] by /roslaunch
[rosmaster.master][INFO] 2025-12-04 21:49:59,762: +PARAM [/gains/hand_little_flex_1_joint/d] by /roslaunch
[rosmaster.master][INFO] 2025-12-04 21:49:59,762: +PARAM [/gains/hand_little_flex_1_joint/i] by /roslaunch
[rosmaster.master][INFO] 2025-12-04 21:49:59,762: +PARAM [/gains/hand_little_flex_1_joint/i_clamp] by /roslaunch
[rosmaster.master][INFO] 2025-12-04 21:49:59,762: +PARAM [/gains/hand_little_flex_2_joint/p] by /roslaunch
[rosmaster.master][INFO] 2025-12-04 21:49:59,762: +PARAM [/gains/hand_little_flex_2_joint/d] by /roslaunch
[rosmaster.master][INFO] 2025-12-04 21:49:59,762: +PARAM [/gains/hand_little_flex_2_joint/i] by /roslaunch
[rosmaster.master][INFO] 2025-12-04 21:49:59,762: +PARAM [/gains/hand_little_flex_2_joint/i_clamp] by /roslaunch
[rosmaster.master][INFO] 2025-12-04 21:49:59,763: +PARAM [/gains/hand_little_flex_3_joint/p] by /roslaunch
[rosmaster.master][INFO] 2025-12-04 21:49:59,763: +PARAM [/gains/hand_little_flex_3_joint/d] by /roslaunch
[rosmaster.master][INFO] 2025-12-04 21:49:59,763: +PARAM [/gains/hand_little_flex_3_joint/i] by /roslaunch
[rosmaster.master][INFO] 2025-12-04 21:49:59,763: +PARAM [/gains/hand_little_flex_3_joint/i_clamp] by /roslaunch
[rosmaster.master][INFO] 2025-12-04 21:49:59,763: +PARAM [/gains/hand_middle_abd_joint/p] by /roslaunch
[rosmaster.master][INFO] 2025-12-04 21:49:59,763: +PARAM [/gains/hand_middle_abd_joint/d] by /roslaunch
[rosmaster.master][INFO] 2025-12-04 21:49:59,763: +PARAM [/gains/hand_middle_abd_joint/i] by /roslaunch
[rosmaster.master][INFO] 2025-12-04 21:49:59,763: +PARAM [/gains/hand_middle_abd_joint/i_clamp] by /roslaunch
[rosmaster.master][INFO] 2025-12-04 21:49:59,763: +PARAM [/gains/hand_middle_virtual_1_joint/p] by /roslaunch
[rosmaster.master][INFO] 2025-12-04 21:49:59,764: +PARAM [/gains/hand_middle_virtual_1_joint/d] by /roslaunch
[rosmaster.master][INFO] 2025-12-04 21:49:59,764: +PARAM [/gains/hand_middle_virtual_1_joint/i] by /roslaunch
[rosmaster.master][INFO] 2025-12-04 21:49:59,764: +PARAM [/gains/hand_middle_virtual_1_joint/i_clamp] by /roslaunch
[rosmaster.master][INFO] 2025-12-04 21:49:59,764: +PARAM [/gains/hand_middle_virtual_2_joint/p] by /roslaunch
[rosmaster.master][INFO] 2025-12-04 21:49:59,764: +PARAM [/gains/hand_middle_virtual_2_joint/d] by /roslaunch
[rosmaster.master][INFO] 2025-12-04 21:49:59,764: +PARAM [/gains/hand_middle_virtual_2_joint/i] by /roslaunch
[rosmaster.master][INFO] 2025-12-04 21:49:59,764: +PARAM [/gains/hand_middle_virtual_2_joint/i_clamp] by /roslaunch
[rosmaster.master][INFO] 2025-12-04 21:49:59,764: +PARAM [/gains/hand_middle_virtual_3_joint/p] by /roslaunch
[rosmaster.master][INFO] 2025-12-04 21:49:59,765: +PARAM [/gains/hand_middle_virtual_3_joint/d] by /roslaunch
[rosmaster.master][INFO] 2025-12-04 21:49:59,765: +PARAM [/gains/hand_middle_virtual_3_joint/i] by /roslaunch
[rosmaster.master][INFO] 2025-12-04 21:49:59,765: +PARAM [/gains/hand_middle_virtual_3_joint/i_clamp] by /roslaunch
[rosmaster.master][INFO] 2025-12-04 21:49:59,765: +PARAM [/gains/hand_middle_flex_1_joint/p] by /roslaunch
[rosmaster.master][INFO] 2025-12-04 21:49:59,765: +PARAM [/gains/hand_middle_flex_1_joint/d] by /roslaunch
[rosmaster.master][INFO] 2025-12-04 21:49:59,765: +PARAM [/gains/hand_middle_flex_1_joint/i] by /roslaunch
[rosmaster.master][INFO] 2025-12-04 21:49:59,765: +PARAM [/gains/hand_middle_flex_1_joint/i_clamp] by /roslaunch
[rosmaster.master][INFO] 2025-12-04 21:49:59,765: +PARAM [/gains/hand_middle_flex_2_joint/p] by /roslaunch
[rosmaster.master][INFO] 2025-12-04 21:49:59,765: +PARAM [/gains/hand_middle_flex_2_joint/d] by /roslaunch
[rosmaster.master][INFO] 2025-12-04 21:49:59,765: +PARAM [/gains/hand_middle_flex_2_joint/i] by /roslaunch
[rosmaster.master][INFO] 2025-12-04 21:49:59,766: +PARAM [/gains/hand_middle_flex_2_joint/i_clamp] by /roslaunch
[rosmaster.master][INFO] 2025-12-04 21:49:59,766: +PARAM [/gains/hand_middle_flex_3_joint/p] by /roslaunch
[rosmaster.master][INFO] 2025-12-04 21:49:59,766: +PARAM [/gains/hand_middle_flex_3_joint/d] by /roslaunch
[rosmaster.master][INFO] 2025-12-04 21:49:59,766: +PARAM [/gains/hand_middle_flex_3_joint/i] by /roslaunch
[rosmaster.master][INFO] 2025-12-04 21:49:59,766: +PARAM [/gains/hand_middle_flex_3_joint/i_clamp] by /roslaunch
[rosmaster.master][INFO] 2025-12-04 21:49:59,767: +PARAM [/gains/hand_ring_abd_joint/p] by /roslaunch
[rosmaster.master][INFO] 2025-12-04 21:49:59,768: +PARAM [/gains/hand_ring_abd_joint/d] by /roslaunch
[rosmaster.master][INFO] 2025-12-04 21:49:59,768: +PARAM [/gains/hand_ring_abd_joint/i] by /roslaunch
[rosmaster.master][INFO] 2025-12-04 21:49:59,768: +PARAM [/gains/hand_ring_abd_joint/i_clamp] by /roslaunch
[rosmaster.master][INFO] 2025-12-04 21:49:59,769: +PARAM [/gains/hand_ring_virtual_1_joint/p] by /roslaunch
[rosmaster.master][INFO] 2025-12-04 21:49:59,769: +PARAM [/gains/hand_ring_virtual_1_joint/d] by /roslaunch
[rosmaster.master][INFO] 2025-12-04 21:49:59,770: +PARAM [/gains/hand_ring_virtual_1_joint/i] by /roslaunch
[rosmaster.master][INFO] 2025-12-04 21:49:59,770: +PARAM [/gains/hand_ring_virtual_1_joint/i_clamp] by /roslaunch
[rosmaster.master][INFO] 2025-12-04 21:49:59,770: +PARAM [/gains/hand_ring_virtual_2_joint/p] by /roslaunch
[rosmaster.master][INFO] 2025-12-04 21:49:59,770: +PARAM [/gains/hand_ring_virtual_2_joint/d] by /roslaunch
[rosmaster.master][INFO] 2025-12-04 21:49:59,770: +PARAM [/gains/hand_ring_virtual_2_joint/i] by /roslaunch
[rosmaster.master][INFO] 2025-12-04 21:49:59,771: +PARAM [/gains/hand_ring_virtual_2_joint/i_clamp] by /roslaunch
[rosmaster.master][INFO] 2025-12-04 21:49:59,771: +PARAM [/gains/hand_ring_virtual_3_joint/p] by /roslaunch
[rosmaster.master][INFO] 2025-12-04 21:49:59,771: +PARAM [/gains/hand_ring_virtual_3_joint/d] by /roslaunch
[rosmaster.master][INFO] 2025-12-04 21:49:59,771: +PARAM [/gains/hand_ring_virtual_3_joint/i] by /roslaunch
[rosmaster.master][INFO] 2025-12-04 21:49:59,771: +PARAM [/gains/hand_ring_virtual_3_joint/i_clamp] by /roslaunch
[rosmaster.master][INFO] 2025-12-04 21:49:59,771: +PARAM [/gains/hand_ring_flex_1_joint/p] by /roslaunch
[rosmaster.master][INFO] 2025-12-04 21:49:59,771: +PARAM [/gains/hand_ring_flex_1_joint/d] by /roslaunch
[rosmaster.master][INFO] 2025-12-04 21:49:59,772: +PARAM [/gains/hand_ring_flex_1_joint/i] by /roslaunch
[rosmaster.master][INFO] 2025-12-04 21:49:59,772: +PARAM [/gains/hand_ring_flex_1_joint/i_clamp] by /roslaunch
[rosmaster.master][INFO] 2025-12-04 21:49:59,772: +PARAM [/gains/hand_ring_flex_2_joint/p] by /roslaunch
[rosmaster.master][INFO] 2025-12-04 21:49:59,772: +PARAM [/gains/hand_ring_flex_2_joint/d] by /roslaunch
[rosmaster.master][INFO] 2025-12-04 21:49:59,772: +PARAM [/gains/hand_ring_flex_2_joint/i] by /roslaunch
[rosmaster.master][INFO] 2025-12-04 21:49:59,772: +PARAM [/gains/hand_ring_flex_2_joint/i_clamp] by /roslaunch
[rosmaster.master][INFO] 2025-12-04 21:49:59,772: +PARAM [/gains/hand_ring_flex_3_joint/p] by /roslaunch
[rosmaster.master][INFO] 2025-12-04 21:49:59,772: +PARAM [/gains/hand_ring_flex_3_joint/d] by /roslaunch
[rosmaster.master][INFO] 2025-12-04 21:49:59,773: +PARAM [/gains/hand_ring_flex_3_joint/i] by /roslaunch
[rosmaster.master][INFO] 2025-12-04 21:49:59,773: +PARAM [/gains/hand_ring_flex_3_joint/i_clamp] by /roslaunch
[rosmaster.master][INFO] 2025-12-04 21:49:59,773: +PARAM [/gains/hand_thumb_abd_joint/p] by /roslaunch
[rosmaster.master][INFO] 2025-12-04 21:49:59,773: +PARAM [/gains/hand_thumb_abd_joint/d] by /roslaunch
[rosmaster.master][INFO] 2025-12-04 21:49:59,773: +PARAM [/gains/hand_thumb_abd_joint/i] by /roslaunch
[rosmaster.master][INFO] 2025-12-04 21:49:59,773: +PARAM [/gains/hand_thumb_abd_joint/i_clamp] by /roslaunch
[rosmaster.master][INFO] 2025-12-04 21:49:59,773: +PARAM [/gains/hand_thumb_virtual_1_joint/p] by /roslaunch
[rosmaster.master][INFO] 2025-12-04 21:49:59,773: +PARAM [/gains/hand_thumb_virtual_1_joint/d] by /roslaunch
[rosmaster.master][INFO] 2025-12-04 21:49:59,773: +PARAM [/gains/hand_thumb_virtual_1_joint/i] by /roslaunch
[rosmaster.master][INFO] 2025-12-04 21:49:59,773: +PARAM [/gains/hand_thumb_virtual_1_joint/i_clamp] by /roslaunch
[rosmaster.master][INFO] 2025-12-04 21:49:59,774: +PARAM [/gains/hand_thumb_virtual_2_joint/p] by /roslaunch
[rosmaster.master][INFO] 2025-12-04 21:49:59,774: +PARAM [/gains/hand_thumb_virtual_2_joint/d] by /roslaunch
[rosmaster.master][INFO] 2025-12-04 21:49:59,774: +PARAM [/gains/hand_thumb_virtual_2_joint/i] by /roslaunch
[rosmaster.master][INFO] 2025-12-04 21:49:59,774: +PARAM [/gains/hand_thumb_virtual_2_joint/i_clamp] by /roslaunch
[rosmaster.master][INFO] 2025-12-04 21:49:59,774: +PARAM [/gains/hand_thumb_virtual_3_joint/p] by /roslaunch
[rosmaster.master][INFO] 2025-12-04 21:49:59,774: +PARAM [/gains/hand_thumb_virtual_3_joint/d] by /roslaunch
[rosmaster.master][INFO] 2025-12-04 21:49:59,774: +PARAM [/gains/hand_thumb_virtual_3_joint/i] by /roslaunch
[rosmaster.master][INFO] 2025-12-04 21:49:59,774: +PARAM [/gains/hand_thumb_virtual_3_joint/i_clamp] by /roslaunch
[rosmaster.master][INFO] 2025-12-04 21:49:59,775: +PARAM [/gains/hand_thumb_flex_1_joint/p] by /roslaunch
[rosmaster.master][INFO] 2025-12-04 21:49:59,775: +PARAM [/gains/hand_thumb_flex_1_joint/d] by /roslaunch
[rosmaster.master][INFO] 2025-12-04 21:49:59,775: +PARAM [/gains/hand_thumb_flex_1_joint/i] by /roslaunch
[rosmaster.master][INFO] 2025-12-04 21:49:59,775: +PARAM [/gains/hand_thumb_flex_1_joint/i_clamp] by /roslaunch
[rosmaster.master][INFO] 2025-12-04 21:49:59,775: +PARAM [/gains/hand_thumb_flex_2_joint/p] by /roslaunch
[rosmaster.master][INFO] 2025-12-04 21:49:59,775: +PARAM [/gains/hand_thumb_flex_2_joint/d] by /roslaunch
[rosmaster.master][INFO] 2025-12-04 21:49:59,775: +PARAM [/gains/hand_thumb_flex_2_joint/i] by /roslaunch
[rosmaster.master][INFO] 2025-12-04 21:49:59,775: +PARAM [/gains/hand_thumb_flex_2_joint/i_clamp] by /roslaunch
[rosmaster.master][INFO] 2025-12-04 21:49:59,776: +PARAM [/gains/hand_thumb_flex_3_joint/p] by /roslaunch
[rosmaster.master][INFO] 2025-12-04 21:49:59,776: +PARAM [/gains/hand_thumb_flex_3_joint/d] by /roslaunch
[rosmaster.master][INFO] 2025-12-04 21:49:59,776: +PARAM [/gains/hand_thumb_flex_3_joint/i] by /roslaunch
[rosmaster.master][INFO] 2025-12-04 21:49:59,776: +PARAM [/gains/hand_thumb_flex_3_joint/i_clamp] by /roslaunch
[rosmaster.master][INFO] 2025-12-04 21:49:59,776: +PARAM [/gains/gripper_left_finger_joint/p] by /roslaunch
[rosmaster.master][INFO] 2025-12-04 21:49:59,776: +PARAM [/gains/gripper_left_finger_joint/d] by /roslaunch
[rosmaster.master][INFO] 2025-12-04 21:49:59,776: +PARAM [/gains/gripper_left_finger_joint/i] by /roslaunch
[rosmaster.master][INFO] 2025-12-04 21:49:59,776: +PARAM [/gains/gripper_left_finger_joint/p_gain] by /roslaunch
[rosmaster.master][INFO] 2025-12-04 21:49:59,776: +PARAM [/gains/gripper_right_finger_joint/p] by /roslaunch
[rosmaster.master][INFO] 2025-12-04 21:49:59,777: +PARAM [/gains/gripper_right_finger_joint/d] by /roslaunch
[rosmaster.master][INFO] 2025-12-04 21:49:59,777: +PARAM [/gains/gripper_right_finger_joint/i] by /roslaunch
[rosmaster.master][INFO] 2025-12-04 21:49:59,777: +PARAM [/gains/gripper_right_finger_joint/p_gain] by /roslaunch
[rosmaster.master][INFO] 2025-12-04 21:49:59,777: +PARAM [/gains/gripper_finger_joint/p] by /roslaunch
[rosmaster.master][INFO] 2025-12-04 21:49:59,777: +PARAM [/gains/gripper_finger_joint/d] by /roslaunch
[rosmaster.master][INFO] 2025-12-04 21:49:59,777: +PARAM [/gains/gripper_finger_joint/i] by /roslaunch
[rosmaster.master][INFO] 2025-12-04 21:49:59,777: +PARAM [/gains/gripper_finger_joint/p_gain] by /roslaunch
[rosmaster.master][INFO] 2025-12-04 21:49:59,777: +PARAM [/gains/FFJ4/p] by /roslaunch
[rosmaster.master][INFO] 2025-12-04 21:49:59,777: +PARAM [/gains/FFJ4/d] by /roslaunch
[rosmaster.master][INFO] 2025-12-04 21:49:59,778: +PARAM [/gains/FFJ4/i] by /roslaunch
[rosmaster.master][INFO] 2025-12-04 21:49:59,778: +PARAM [/gains/FFJ3/p] by /roslaunch
[rosmaster.master][INFO] 2025-12-04 21:49:59,778: +PARAM [/gains/FFJ3/d] by /roslaunch
[rosmaster.master][INFO] 2025-12-04 21:49:59,778: +PARAM [/gains/FFJ3/i] by /roslaunch
[rosmaster.master][INFO] 2025-12-04 21:49:59,778: +PARAM [/gains/FFJ2/p] by /roslaunch
[rosmaster.master][INFO] 2025-12-04 21:49:59,778: +PARAM [/gains/FFJ2/d] by /roslaunch
[rosmaster.master][INFO] 2025-12-04 21:49:59,779: +PARAM [/gains/FFJ2/i] by /roslaunch
[rosmaster.master][INFO] 2025-12-04 21:49:59,779: +PARAM [/gains/FFJ1/p] by /roslaunch
[rosmaster.master][INFO] 2025-12-04 21:49:59,779: +PARAM [/gains/FFJ1/d] by /roslaunch
[rosmaster.master][INFO] 2025-12-04 21:49:59,779: +PARAM [/gains/FFJ1/i] by /roslaunch
[rosmaster.master][INFO] 2025-12-04 21:49:59,779: +PARAM [/gains/MFJ4/p] by /roslaunch
[rosmaster.master][INFO] 2025-12-04 21:49:59,779: +PARAM [/gains/MFJ4/d] by /roslaunch
[rosmaster.master][INFO] 2025-12-04 21:49:59,779: +PARAM [/gains/MFJ4/i] by /roslaunch
[rosmaster.master][INFO] 2025-12-04 21:49:59,779: +PARAM [/gains/MFJ3/p] by /roslaunch
[rosmaster.master][INFO] 2025-12-04 21:49:59,779: +PARAM [/gains/MFJ3/d] by /roslaunch
[rosmaster.master][INFO] 2025-12-04 21:49:59,779: +PARAM [/gains/MFJ3/i] by /roslaunch
[rosmaster.master][INFO] 2025-12-04 21:49:59,780: +PARAM [/gains/MFJ2/p] by /roslaunch
[rosmaster.master][INFO] 2025-12-04 21:49:59,780: +PARAM [/gains/MFJ2/d] by /roslaunch
[rosmaster.master][INFO] 2025-12-04 21:49:59,780: +PARAM [/gains/MFJ2/i] by /roslaunch
[rosmaster.master][INFO] 2025-12-04 21:49:59,780: +PARAM [/gains/MFJ1/p] by /roslaunch
[rosmaster.master][INFO] 2025-12-04 21:49:59,780: +PARAM [/gains/MFJ1/d] by /roslaunch
[rosmaster.master][INFO] 2025-12-04 21:49:59,781: +PARAM [/gains/MFJ1/i] by /roslaunch
[rosmaster.master][INFO] 2025-12-04 21:49:59,781: +PARAM [/gains/RFJ4/p] by /roslaunch
[rosmaster.master][INFO] 2025-12-04 21:49:59,782: +PARAM [/gains/RFJ4/d] by /roslaunch
[rosmaster.master][INFO] 2025-12-04 21:49:59,782: +PARAM [/gains/RFJ4/i] by /roslaunch
[rosmaster.master][INFO] 2025-12-04 21:49:59,782: +PARAM [/gains/RFJ3/p] by /roslaunch
[rosmaster.master][INFO] 2025-12-04 21:49:59,783: +PARAM [/gains/RFJ3/d] by /roslaunch
[rosmaster.master][INFO] 2025-12-04 21:49:59,783: +PARAM [/gains/RFJ3/i] by /roslaunch
[rosmaster.master][INFO] 2025-12-04 21:49:59,783: +PARAM [/gains/RFJ2/p] by /roslaunch
[rosmaster.master][INFO] 2025-12-04 21:49:59,784: +PARAM [/gains/RFJ2/d] by /roslaunch
[rosmaster.master][INFO] 2025-12-04 21:49:59,784: +PARAM [/gains/RFJ2/i] by /roslaunch
[rosmaster.master][INFO] 2025-12-04 21:49:59,784: +PARAM [/gains/RFJ1/p] by /roslaunch
[rosmaster.master][INFO] 2025-12-04 21:49:59,784: +PARAM [/gains/RFJ1/d] by /roslaunch
[rosmaster.master][INFO] 2025-12-04 21:49:59,784: +PARAM [/gains/RFJ1/i] by /roslaunch
[rosmaster.master][INFO] 2025-12-04 21:49:59,784: +PARAM [/gains/THJ5/p] by /roslaunch
[rosmaster.master][INFO] 2025-12-04 21:49:59,784: +PARAM [/gains/THJ5/d] by /roslaunch
[rosmaster.master][INFO] 2025-12-04 21:49:59,784: +PARAM [/gains/THJ5/i] by /roslaunch
[rosmaster.master][INFO] 2025-12-04 21:49:59,785: +PARAM [/gains/THJ4/p] by /roslaunch
[rosmaster.master][INFO] 2025-12-04 21:49:59,785: +PARAM [/gains/THJ4/d] by /roslaunch
[rosmaster.master][INFO] 2025-12-04 21:49:59,785: +PARAM [/gains/THJ4/i] by /roslaunch
[rosmaster.master][INFO] 2025-12-04 21:49:59,785: +PARAM [/gains/THJ2/p] by /roslaunch
[rosmaster.master][INFO] 2025-12-04 21:49:59,785: +PARAM [/gains/THJ2/d] by /roslaunch
[rosmaster.master][INFO] 2025-12-04 21:49:59,786: +PARAM [/gains/THJ2/i] by /roslaunch
[rosmaster.master][INFO] 2025-12-04 21:49:59,786: +PARAM [/gains/THJ1/p] by /roslaunch
[rosmaster.master][INFO] 2025-12-04 21:49:59,786: +PARAM [/gains/THJ1/d] by /roslaunch
[rosmaster.master][INFO] 2025-12-04 21:49:59,786: +PARAM [/gains/THJ1/i] by /roslaunch
[rosmaster.master][INFO] 2025-12-04 21:49:59,786: +PARAM [/velocity/pid_gains/wheel_right_joint/p] by /roslaunch
[rosmaster.master][INFO] 2025-12-04 21:49:59,786: +PARAM [/velocity/pid_gains/wheel_right_joint/d] by /roslaunch
[rosmaster.master][INFO] 2025-12-04 21:49:59,786: +PARAM [/velocity/pid_gains/wheel_right_joint/i] by /roslaunch
[rosmaster.master][INFO] 2025-12-04 21:49:59,786: +PARAM [/velocity/pid_gains/wheel_right_joint/i_clamp] by /roslaunch
[rosmaster.master][INFO] 2025-12-04 21:49:59,786: +PARAM [/velocity/pid_gains/wheel_left_joint/p] by /roslaunch
[rosmaster.master][INFO] 2025-12-04 21:49:59,786: +PARAM [/velocity/pid_gains/wheel_left_joint/d] by /roslaunch
[rosmaster.master][INFO] 2025-12-04 21:49:59,786: +PARAM [/velocity/pid_gains/wheel_left_joint/i] by /roslaunch
[rosmaster.master][INFO] 2025-12-04 21:49:59,787: +PARAM [/velocity/pid_gains/wheel_left_joint/i_clamp] by /roslaunch
[rosmaster.master][INFO] 2025-12-04 21:49:59,787: +PARAM [/velocity/pid_gains/caster_front_right_1_joint/p] by /roslaunch
[rosmaster.master][INFO] 2025-12-04 21:49:59,787: +PARAM [/velocity/pid_gains/caster_front_right_1_joint/d] by /roslaunch
[rosmaster.master][INFO] 2025-12-04 21:49:59,787: +PARAM [/velocity/pid_gains/caster_front_right_1_joint/i] by /roslaunch
[rosmaster.master][INFO] 2025-12-04 21:49:59,787: +PARAM [/velocity/pid_gains/caster_front_right_1_joint/i_clamp] by /roslaunch
[rosmaster.master][INFO] 2025-12-04 21:49:59,787: +PARAM [/velocity/pid_gains/caster_front_right_2_joint/p] by /roslaunch
[rosmaster.master][INFO] 2025-12-04 21:49:59,787: +PARAM [/velocity/pid_gains/caster_front_right_2_joint/d] by /roslaunch
[rosmaster.master][INFO] 2025-12-04 21:49:59,787: +PARAM [/velocity/pid_gains/caster_front_right_2_joint/i] by /roslaunch
[rosmaster.master][INFO] 2025-12-04 21:49:59,787: +PARAM [/velocity/pid_gains/caster_front_right_2_joint/i_clamp] by /roslaunch
[rosmaster.master][INFO] 2025-12-04 21:49:59,787: +PARAM [/velocity/pid_gains/caster_front_left_1_joint/p] by /roslaunch
[rosmaster.master][INFO] 2025-12-04 21:49:59,788: +PARAM [/velocity/pid_gains/caster_front_left_1_joint/d] by /roslaunch
[rosmaster.master][INFO] 2025-12-04 21:49:59,788: +PARAM [/velocity/pid_gains/caster_front_left_1_joint/i] by /roslaunch
[rosmaster.master][INFO] 2025-12-04 21:49:59,788: +PARAM [/velocity/pid_gains/caster_front_left_1_joint/i_clamp] by /roslaunch
[rosmaster.master][INFO] 2025-12-04 21:49:59,788: +PARAM [/velocity/pid_gains/caster_front_left_2_joint/p] by /roslaunch
[rosmaster.master][INFO] 2025-12-04 21:49:59,788: +PARAM [/velocity/pid_gains/caster_front_left_2_joint/d] by /roslaunch
[rosmaster.master][INFO] 2025-12-04 21:49:59,788: +PARAM [/velocity/pid_gains/caster_front_left_2_joint/i] by /roslaunch
[rosmaster.master][INFO] 2025-12-04 21:49:59,788: +PARAM [/velocity/pid_gains/caster_front_left_2_joint/i_clamp] by /roslaunch
[rosmaster.master][INFO] 2025-12-04 21:49:59,788: +PARAM [/velocity/pid_gains/caster_back_right_1_joint/p] by /roslaunch
[rosmaster.master][INFO] 2025-12-04 21:49:59,788: +PARAM [/velocity/pid_gains/caster_back_right_1_joint/d] by /roslaunch
[rosmaster.master][INFO] 2025-12-04 21:49:59,788: +PARAM [/velocity/pid_gains/caster_back_right_1_joint/i] by /roslaunch
[rosmaster.master][INFO] 2025-12-04 21:49:59,788: +PARAM [/velocity/pid_gains/caster_back_right_1_joint/i_clamp] by /roslaunch
[rosmaster.master][INFO] 2025-12-04 21:49:59,788: +PARAM [/velocity/pid_gains/caster_back_right_2_joint/p] by /roslaunch
[rosmaster.master][INFO] 2025-12-04 21:49:59,789: +PARAM [/velocity/pid_gains/caster_back_right_2_joint/d] by /roslaunch
[rosmaster.master][INFO] 2025-12-04 21:49:59,789: +PARAM [/velocity/pid_gains/caster_back_right_2_joint/i] by /roslaunch
[rosmaster.master][INFO] 2025-12-04 21:49:59,789: +PARAM [/velocity/pid_gains/caster_back_right_2_joint/i_clamp] by /roslaunch
[rosmaster.master][INFO] 2025-12-04 21:49:59,789: +PARAM [/velocity/pid_gains/caster_back_left_1_joint/p] by /roslaunch
[rosmaster.master][INFO] 2025-12-04 21:49:59,789: +PARAM [/velocity/pid_gains/caster_back_left_1_joint/d] by /roslaunch
[rosmaster.master][INFO] 2025-12-04 21:49:59,789: +PARAM [/velocity/pid_gains/caster_back_left_1_joint/i] by /roslaunch
[rosmaster.master][INFO] 2025-12-04 21:49:59,789: +PARAM [/velocity/pid_gains/caster_back_left_1_joint/i_clamp] by /roslaunch
[rosmaster.master][INFO] 2025-12-04 21:49:59,789: +PARAM [/velocity/pid_gains/caster_back_left_2_joint/p] by /roslaunch
[rosmaster.master][INFO] 2025-12-04 21:49:59,789: +PARAM [/velocity/pid_gains/caster_back_left_2_joint/d] by /roslaunch
[rosmaster.master][INFO] 2025-12-04 21:49:59,789: +PARAM [/velocity/pid_gains/caster_back_left_2_joint/i] by /roslaunch
[rosmaster.master][INFO] 2025-12-04 21:49:59,789: +PARAM [/velocity/pid_gains/caster_back_left_2_joint/i_clamp] by /roslaunch
[rosmaster.master][INFO] 2025-12-04 21:49:59,789: +PARAM [/force_torque/wrist_ft/sensor_joint] by /roslaunch
[rosmaster.master][INFO] 2025-12-04 21:49:59,789: +PARAM [/force_torque/wrist_ft/frame] by /roslaunch
[rosmaster.master][INFO] 2025-12-04 21:49:59,790: +PARAM [/imu/base_imu/frame] by /roslaunch
[rosmaster.master][INFO] 2025-12-04 21:49:59,790: +PARAM [/imu/base_imu/gazebo_sensor_name] by /roslaunch
[rosmaster.master][INFO] 2025-12-04 21:49:59,790: +PARAM [/robot_description] by /roslaunch
[rosmaster.master][INFO] 2025-12-04 21:49:59,790: +PARAM [/collision_model_parameters/padding] by /roslaunch
[rosmaster.master][INFO] 2025-12-04 21:49:59,790: +PARAM [/collision_model_parameters/links_with_padding] by /roslaunch
[rosmaster.master][INFO] 2025-12-04 21:49:59,790: +PARAM [/collision_model_parameters/blacklist/default] by /roslaunch
[rosmaster.master][INFO] 2025-12-04 21:49:59,790: +PARAM [/mobile_base_controller/type] by /roslaunch
[rosmaster.master][INFO] 2025-12-04 21:49:59,790: +PARAM [/mobile_base_controller/left_wheel] by /roslaunch
[rosmaster.master][INFO] 2025-12-04 21:49:59,790: +PARAM [/mobile_base_controller/right_wheel] by /roslaunch
[rosmaster.master][INFO] 2025-12-04 21:49:59,790: +PARAM [/mobile_base_controller/publish_rate] by /roslaunch
[rosmaster.master][INFO] 2025-12-04 21:49:59,790: +PARAM [/mobile_base_controller/pose_covariance_diagonal] by /roslaunch
[rosmaster.master][INFO] 2025-12-04 21:49:59,791: +PARAM [/mobile_base_controller/twist_covariance_diagonal] by /roslaunch
[rosmaster.master][INFO] 2025-12-04 21:49:59,791: +PARAM [/mobile_base_controller/cmd_vel_timeout] by /roslaunch
[rosmaster.master][INFO] 2025-12-04 21:49:59,791: +PARAM [/mobile_base_controller/base_frame_id] by /roslaunch
[rosmaster.master][INFO] 2025-12-04 21:49:59,791: +PARAM [/mobile_base_controller/preserve_turning_radius] by /roslaunch
[rosmaster.master][INFO] 2025-12-04 21:49:59,791: +PARAM [/mobile_base_controller/publish_wheel_data] by /roslaunch
[rosmaster.master][INFO] 2025-12-04 21:49:59,791: +PARAM [/mobile_base_controller/linear/x/has_velocity_limits] by /roslaunch
[rosmaster.master][INFO] 2025-12-04 21:49:59,791: +PARAM [/mobile_base_controller/linear/x/max_velocity] by /roslaunch
[rosmaster.master][INFO] 2025-12-04 21:49:59,791: +PARAM [/mobile_base_controller/linear/x/min_velocity] by /roslaunch
[rosmaster.master][INFO] 2025-12-04 21:49:59,791: +PARAM [/mobile_base_controller/linear/x/has_acceleration_limits] by /roslaunch
[rosmaster.master][INFO] 2025-12-04 21:49:59,791: +PARAM [/mobile_base_controller/linear/x/max_acceleration] by /roslaunch
[rosmaster.master][INFO] 2025-12-04 21:49:59,791: +PARAM [/mobile_base_controller/angular/z/has_velocity_limits] by /roslaunch
[rosmaster.master][INFO] 2025-12-04 21:49:59,792: +PARAM [/mobile_base_controller/angular/z/max_velocity] by /roslaunch
[rosmaster.master][INFO] 2025-12-04 21:49:59,792: +PARAM [/mobile_base_controller/angular/z/has_acceleration_limits] by /roslaunch
[rosmaster.master][INFO] 2025-12-04 21:49:59,792: +PARAM [/mobile_base_controller/angular/z/max_acceleration] by /roslaunch
[rosmaster.master][INFO] 2025-12-04 21:49:59,792: +PARAM [/torso_controller/type] by /roslaunch
[rosmaster.master][INFO] 2025-12-04 21:49:59,792: +PARAM [/torso_controller/joints] by /roslaunch
[rosmaster.master][INFO] 2025-12-04 21:49:59,792: +PARAM [/torso_controller/constraints/goal_time] by /roslaunch
[rosmaster.master][INFO] 2025-12-04 21:49:59,792: +PARAM [/torso_controller/constraints/stopped_velocity_tolerance] by /roslaunch
[rosmaster.master][INFO] 2025-12-04 21:49:59,792: +PARAM [/torso_controller/constraints/torso_lift_joint/goal] by /roslaunch
[rosmaster.master][INFO] 2025-12-04 21:49:59,792: +PARAM [/head_controller/type] by /roslaunch
[rosmaster.master][INFO] 2025-12-04 21:49:59,792: +PARAM [/head_controller/joints] by /roslaunch
[rosmaster.master][INFO] 2025-12-04 21:49:59,792: +PARAM [/head_controller/constraints/goal_time] by /roslaunch
[rosmaster.master][INFO] 2025-12-04 21:49:59,793: +PARAM [/head_controller/constraints/stopped_velocity_tolerance] by /roslaunch
[rosmaster.master][INFO] 2025-12-04 21:49:59,793: +PARAM [/head_controller/constraints/head_1_joint/goal] by /roslaunch
[rosmaster.master][INFO] 2025-12-04 21:49:59,793: +PARAM [/head_controller/constraints/head_2_joint/goal] by /roslaunch
[rosmaster.master][INFO] 2025-12-04 21:49:59,793: +PARAM [/arm_controller/type] by /roslaunch
[rosmaster.master][INFO] 2025-12-04 21:49:59,793: +PARAM [/arm_controller/joints] by /roslaunch
[rosmaster.master][INFO] 2025-12-04 21:49:59,793: +PARAM [/arm_controller/constraints/goal_time] by /roslaunch
[rosmaster.master][INFO] 2025-12-04 21:49:59,793: +PARAM [/arm_controller/constraints/stopped_velocity_tolerance] by /roslaunch
[rosmaster.master][INFO] 2025-12-04 21:49:59,793: +PARAM [/arm_controller/constraints/arm_1_joint/goal] by /roslaunch
[rosmaster.master][INFO] 2025-12-04 21:49:59,793: +PARAM [/arm_controller/constraints/arm_2_joint/goal] by /roslaunch
[rosmaster.master][INFO] 2025-12-04 21:49:59,793: +PARAM [/arm_controller/constraints/arm_3_joint/goal] by /roslaunch
[rosmaster.master][INFO] 2025-12-04 21:49:59,793: +PARAM [/arm_controller/constraints/arm_4_joint/goal] by /roslaunch
[rosmaster.master][INFO] 2025-12-04 21:49:59,793: +PARAM [/arm_controller/constraints/arm_5_joint/goal] by /roslaunch
[rosmaster.master][INFO] 2025-12-04 21:49:59,794: +PARAM [/arm_controller/constraints/arm_6_joint/goal] by /roslaunch
[rosmaster.master][INFO] 2025-12-04 21:49:59,794: +PARAM [/arm_controller/constraints/arm_7_joint/goal] by /roslaunch
[rosmaster.master][INFO] 2025-12-04 21:49:59,794: +PARAM [/joint_state_controller/extra_joints] by /roslaunch
[rosmaster.master][INFO] 2025-12-04 21:49:59,794: +PARAM [/joint_torque_sensor_state_controller/extra_joints] by /roslaunch
[rosmaster.master][INFO] 2025-12-04 21:49:59,794: +PARAM [/joint_state_controller/type] by /roslaunch
[rosmaster.master][INFO] 2025-12-04 21:49:59,794: +PARAM [/joint_state_controller/publish_rate] by /roslaunch
[rosmaster.master][INFO] 2025-12-04 21:49:59,794: +PARAM [/mobile_base_controller/odom_frame_id] by /roslaunch
[rosmaster.master][INFO] 2025-12-04 21:49:59,794: +PARAM [/head_controller/point_head_action/pan_link] by /roslaunch
[rosmaster.master][INFO] 2025-12-04 21:49:59,794: +PARAM [/head_controller/point_head_action/tilt_link] by /roslaunch
[rosmaster.master][INFO] 2025-12-04 21:49:59,794: +PARAM [/head_controller/point_head_action/success_angle_threshold] by /roslaunch
[rosmaster.master][INFO] 2025-12-04 21:49:59,794: +PARAM [/imu_sensor_controller/type] by /roslaunch
[rosmaster.master][INFO] 2025-12-04 21:49:59,794: +PARAM [/imu_sensor_controller/publish_rate] by /roslaunch
[rosmaster.master][INFO] 2025-12-04 21:49:59,795: +PARAM [/force_torque_sensor_controller/type] by /roslaunch
[rosmaster.master][INFO] 2025-12-04 21:49:59,795: +PARAM [/force_torque_sensor_controller/publish_rate] by /roslaunch
[rosmaster.master][INFO] 2025-12-04 21:49:59,795: +PARAM [/hand_controller/type] by /roslaunch
[rosmaster.master][INFO] 2025-12-04 21:49:59,795: +PARAM [/hand_controller/joints] by /roslaunch
[rosmaster.master][INFO] 2025-12-04 21:49:59,795: +PARAM [/hand_controller/constraints/goal_time] by /roslaunch
[rosmaster.master][INFO] 2025-12-04 21:49:59,795: +PARAM [/hand_controller/constraints/stopped_velocity_tolerance] by /roslaunch
[rosmaster.master][INFO] 2025-12-04 21:49:59,795: +PARAM [/hand_controller/constraints/hand_thumb_joint/goal] by /roslaunch
[rosmaster.master][INFO] 2025-12-04 21:49:59,795: +PARAM [/hand_controller/constraints/hand_index_joint/goal] by /roslaunch
[rosmaster.master][INFO] 2025-12-04 21:49:59,795: +PARAM [/hand_controller/constraints/hand_mrl_joint/goal] by /roslaunch
[rosmaster.master][INFO] 2025-12-04 21:49:59,795: +PARAM [/hand_controller/stop_trajectory_duration] by /roslaunch
[rosmaster.master][INFO] 2025-12-04 21:49:59,795: +PARAM [/hand_grasping_action/target_controller] by /roslaunch
[rosmaster.master][INFO] 2025-12-04 21:49:59,795: +PARAM [/play_motion/controllers] by /roslaunch
[rosmaster.master][INFO] 2025-12-04 21:49:59,796: +PARAM [/play_motion/motions/home/joints] by /roslaunch
[rosmaster.master][INFO] 2025-12-04 21:49:59,796: +PARAM [/play_motion/motions/home/points] by /roslaunch
[rosmaster.master][INFO] 2025-12-04 21:49:59,796: +PARAM [/play_motion/motions/home/meta/name] by /roslaunch
[rosmaster.master][INFO] 2025-12-04 21:49:59,796: +PARAM [/play_motion/motions/home/meta/usage] by /roslaunch
[rosmaster.master][INFO] 2025-12-04 21:49:59,796: +PARAM [/play_motion/motions/home/meta/description] by /roslaunch
[rosmaster.master][INFO] 2025-12-04 21:49:59,796: +PARAM [/play_motion/motions/unfold_arm/joints] by /roslaunch
[rosmaster.master][INFO] 2025-12-04 21:49:59,796: +PARAM [/play_motion/motions/unfold_arm/points] by /roslaunch
[rosmaster.master][INFO] 2025-12-04 21:49:59,796: +PARAM [/play_motion/motions/unfold_arm/meta/name] by /roslaunch
[rosmaster.master][INFO] 2025-12-04 21:49:59,797: +PARAM [/play_motion/motions/unfold_arm/meta/usage] by /roslaunch
[rosmaster.master][INFO] 2025-12-04 21:49:59,797: +PARAM [/play_motion/motions/unfold_arm/meta/description] by /roslaunch
[rosmaster.master][INFO] 2025-12-04 21:49:59,798: +PARAM [/play_motion/motions/reach_floor/joints] by /roslaunch
[rosmaster.master][INFO] 2025-12-04 21:49:59,798: +PARAM [/play_motion/motions/reach_floor/points] by /roslaunch
[rosmaster.master][INFO] 2025-12-04 21:49:59,798: +PARAM [/play_motion/motions/reach_floor/meta/name] by /roslaunch
[rosmaster.master][INFO] 2025-12-04 21:49:59,798: +PARAM [/play_motion/motions/reach_floor/meta/usage] by /roslaunch
[rosmaster.master][INFO] 2025-12-04 21:49:59,798: +PARAM [/play_motion/motions/reach_floor/meta/description] by /roslaunch
[rosmaster.master][INFO] 2025-12-04 21:49:59,798: +PARAM [/play_motion/motions/reach_max/joints] by /roslaunch
[rosmaster.master][INFO] 2025-12-04 21:49:59,799: +PARAM [/play_motion/motions/reach_max/points] by /roslaunch
[rosmaster.master][INFO] 2025-12-04 21:49:59,800: +PARAM [/play_motion/motions/reach_max/meta/name] by /roslaunch
[rosmaster.master][INFO] 2025-12-04 21:49:59,800: +PARAM [/play_motion/motions/reach_max/meta/usage] by /roslaunch
[rosmaster.master][INFO] 2025-12-04 21:49:59,800: +PARAM [/play_motion/motions/reach_max/meta/description] by /roslaunch
[rosmaster.master][INFO] 2025-12-04 21:49:59,800: +PARAM [/play_motion/motions/prepare_grasp/joints] by /roslaunch
[rosmaster.master][INFO] 2025-12-04 21:49:59,800: +PARAM [/play_motion/motions/prepare_grasp/points] by /roslaunch
[rosmaster.master][INFO] 2025-12-04 21:49:59,800: +PARAM [/play_motion/motions/prepare_grasp/meta/name] by /roslaunch
[rosmaster.master][INFO] 2025-12-04 21:49:59,800: +PARAM [/play_motion/motions/prepare_grasp/meta/usage] by /roslaunch
[rosmaster.master][INFO] 2025-12-04 21:49:59,800: +PARAM [/play_motion/motions/prepare_grasp/meta/description] by /roslaunch
[rosmaster.master][INFO] 2025-12-04 21:49:59,801: +PARAM [/play_motion/motions/inspect_surroundings/joints] by /roslaunch
[rosmaster.master][INFO] 2025-12-04 21:49:59,801: +PARAM [/play_motion/motions/inspect_surroundings/points] by /roslaunch
[rosmaster.master][INFO] 2025-12-04 21:49:59,801: +PARAM [/play_motion/motions/inspect_surroundings/meta/name] by /roslaunch
[rosmaster.master][INFO] 2025-12-04 21:49:59,801: +PARAM [/play_motion/motions/inspect_surroundings/meta/usage] by /roslaunch
[rosmaster.master][INFO] 2025-12-04 21:49:59,801: +PARAM [/play_motion/motions/inspect_surroundings/meta/description] by /roslaunch
[rosmaster.master][INFO] 2025-12-04 21:49:59,801: +PARAM [/play_motion/motions/open_hand/joints] by /roslaunch
[rosmaster.master][INFO] 2025-12-04 21:49:59,801: +PARAM [/play_motion/motions/open_hand/points] by /roslaunch
[rosmaster.master][INFO] 2025-12-04 21:49:59,801: +PARAM [/play_motion/motions/open/joints] by /roslaunch
[rosmaster.master][INFO] 2025-12-04 21:49:59,801: +PARAM [/play_motion/motions/open/points] by /roslaunch
[rosmaster.master][INFO] 2025-12-04 21:49:59,801: +PARAM [/play_motion/motions/open/meta/name] by /roslaunch
[rosmaster.master][INFO] 2025-12-04 21:49:59,802: +PARAM [/play_motion/motions/open/meta/usage] by /roslaunch
[rosmaster.master][INFO] 2025-12-04 21:49:59,802: +PARAM [/play_motion/motions/open/meta/description] by /roslaunch
[rosmaster.master][INFO] 2025-12-04 21:49:59,802: +PARAM [/play_motion/motions/close_hand/joints] by /roslaunch
[rosmaster.master][INFO] 2025-12-04 21:49:59,802: +PARAM [/play_motion/motions/close_hand/points] by /roslaunch
[rosmaster.master][INFO] 2025-12-04 21:49:59,802: +PARAM [/play_motion/motions/close/joints] by /roslaunch
[rosmaster.master][INFO] 2025-12-04 21:49:59,802: +PARAM [/play_motion/motions/close/points] by /roslaunch
[rosmaster.master][INFO] 2025-12-04 21:49:59,802: +PARAM [/play_motion/motions/close/meta/name] by /roslaunch
[rosmaster.master][INFO] 2025-12-04 21:49:59,802: +PARAM [/play_motion/motions/close/meta/usage] by /roslaunch
[rosmaster.master][INFO] 2025-12-04 21:49:59,802: +PARAM [/play_motion/motions/close/meta/description] by /roslaunch
[rosmaster.master][INFO] 2025-12-04 21:49:59,803: +PARAM [/play_motion/motions/close_half/joints] by /roslaunch
[rosmaster.master][INFO] 2025-12-04 21:49:59,803: +PARAM [/play_motion/motions/close_half/points] by /roslaunch
[rosmaster.master][INFO] 2025-12-04 21:49:59,803: +PARAM [/play_motion/motions/close_half/meta/name] by /roslaunch
[rosmaster.master][INFO] 2025-12-04 21:49:59,803: +PARAM [/play_motion/motions/close_half/meta/usage] by /roslaunch
[rosmaster.master][INFO] 2025-12-04 21:49:59,803: +PARAM [/play_motion/motions/close_half/meta/description] by /roslaunch
[rosmaster.master][INFO] 2025-12-04 21:49:59,803: +PARAM [/play_motion/motions/pointing_hand/joints] by /roslaunch
[rosmaster.master][INFO] 2025-12-04 21:49:59,803: +PARAM [/play_motion/motions/pointing_hand/points] by /roslaunch
[rosmaster.master][INFO] 2025-12-04 21:49:59,803: +PARAM [/play_motion/motions/point/joints] by /roslaunch
[rosmaster.master][INFO] 2025-12-04 21:49:59,803: +PARAM [/play_motion/motions/point/points] by /roslaunch
[rosmaster.master][INFO] 2025-12-04 21:49:59,804: +PARAM [/play_motion/motions/point/meta/name] by /roslaunch
[rosmaster.master][INFO] 2025-12-04 21:49:59,804: +PARAM [/play_motion/motions/point/meta/usage] by /roslaunch
[rosmaster.master][INFO] 2025-12-04 21:49:59,804: +PARAM [/play_motion/motions/point/meta/description] by /roslaunch
[rosmaster.master][INFO] 2025-12-04 21:49:59,804: +PARAM [/play_motion/motions/gun_hand/joints] by /roslaunch
[rosmaster.master][INFO] 2025-12-04 21:49:59,804: +PARAM [/play_motion/motions/gun_hand/points] by /roslaunch
[rosmaster.master][INFO] 2025-12-04 21:49:59,804: +PARAM [/play_motion/motions/gun_hand/meta/name] by /roslaunch
[rosmaster.master][INFO] 2025-12-04 21:49:59,804: +PARAM [/play_motion/motions/gun_hand/meta/usage] by /roslaunch
[rosmaster.master][INFO] 2025-12-04 21:49:59,804: +PARAM [/play_motion/motions/gun_hand/meta/description] by /roslaunch
[rosmaster.master][INFO] 2025-12-04 21:49:59,804: +PARAM [/play_motion/motions/thumb_up_hand/joints] by /roslaunch
[rosmaster.master][INFO] 2025-12-04 21:49:59,805: +PARAM [/play_motion/motions/thumb_up_hand/points] by /roslaunch
[rosmaster.master][INFO] 2025-12-04 21:49:59,805: +PARAM [/play_motion/motions/thumb_up_hand/meta/name] by /roslaunch
[rosmaster.master][INFO] 2025-12-04 21:49:59,805: +PARAM [/play_motion/motions/thumb_up_hand/meta/usage] by /roslaunch
[rosmaster.master][INFO] 2025-12-04 21:49:59,805: +PARAM [/play_motion/motions/thumb_up_hand/meta/description] by /roslaunch
[rosmaster.master][INFO] 2025-12-04 21:49:59,805: +PARAM [/play_motion/motions/pinch_hand/joints] by /roslaunch
[rosmaster.master][INFO] 2025-12-04 21:49:59,805: +PARAM [/play_motion/motions/pinch_hand/points] by /roslaunch
[rosmaster.master][INFO] 2025-12-04 21:49:59,805: +PARAM [/play_motion/motions/pinch_hand/meta/name] by /roslaunch
[rosmaster.master][INFO] 2025-12-04 21:49:59,805: +PARAM [/play_motion/motions/pinch_hand/meta/usage] by /roslaunch
[rosmaster.master][INFO] 2025-12-04 21:49:59,805: +PARAM [/play_motion/motions/pinch_hand/meta/description] by /roslaunch
[rosmaster.master][INFO] 2025-12-04 21:49:59,805: +PARAM [/play_motion/motions/wave/joints] by /roslaunch
[rosmaster.master][INFO] 2025-12-04 21:49:59,805: +PARAM [/play_motion/motions/wave/points] by /roslaunch
[rosmaster.master][INFO] 2025-12-04 21:49:59,805: +PARAM [/play_motion/motions/wave/meta/name] by /roslaunch
[rosmaster.master][INFO] 2025-12-04 21:49:59,806: +PARAM [/play_motion/motions/wave/meta/usage] by /roslaunch
[rosmaster.master][INFO] 2025-12-04 21:49:59,806: +PARAM [/play_motion/motions/wave/meta/description] by /roslaunch
[rosmaster.master][INFO] 2025-12-04 21:49:59,806: +PARAM [/play_motion/motions/pregrasp_weight/joints] by /roslaunch
[rosmaster.master][INFO] 2025-12-04 21:49:59,806: +PARAM [/play_motion/motions/pregrasp_weight/points] by /roslaunch
[rosmaster.master][INFO] 2025-12-04 21:49:59,806: +PARAM [/play_motion/motions/pregrasp_weight/meta/name] by /roslaunch
[rosmaster.master][INFO] 2025-12-04 21:49:59,806: +PARAM [/play_motion/motions/pregrasp_weight/meta/usage] by /roslaunch
[rosmaster.master][INFO] 2025-12-04 21:49:59,806: +PARAM [/play_motion/motions/pregrasp_weight/meta/description] by /roslaunch
[rosmaster.master][INFO] 2025-12-04 21:49:59,806: +PARAM [/play_motion/motions/do_weights/joints] by /roslaunch
[rosmaster.master][INFO] 2025-12-04 21:49:59,806: +PARAM [/play_motion/motions/do_weights/points] by /roslaunch
[rosmaster.master][INFO] 2025-12-04 21:49:59,806: +PARAM [/play_motion/motions/do_weights/meta/name] by /roslaunch
[rosmaster.master][INFO] 2025-12-04 21:49:59,806: +PARAM [/play_motion/motions/do_weights/meta/usage] by /roslaunch
[rosmaster.master][INFO] 2025-12-04 21:49:59,807: +PARAM [/play_motion/motions/do_weights/meta/description] by /roslaunch
[rosmaster.master][INFO] 2025-12-04 21:49:59,807: +PARAM [/play_motion/motions/offer_hand/joints] by /roslaunch
[rosmaster.master][INFO] 2025-12-04 21:49:59,807: +PARAM [/play_motion/motions/offer_hand/points] by /roslaunch
[rosmaster.master][INFO] 2025-12-04 21:49:59,807: +PARAM [/play_motion/motions/offer/joints] by /roslaunch
[rosmaster.master][INFO] 2025-12-04 21:49:59,807: +PARAM [/play_motion/motions/offer/points] by /roslaunch
[rosmaster.master][INFO] 2025-12-04 21:49:59,807: +PARAM [/play_motion/motions/offer/meta/name] by /roslaunch
[rosmaster.master][INFO] 2025-12-04 21:49:59,807: +PARAM [/play_motion/motions/offer/meta/usage] by /roslaunch
[rosmaster.master][INFO] 2025-12-04 21:49:59,807: +PARAM [/play_motion/motions/offer/meta/description] by /roslaunch
[rosmaster.master][INFO] 2025-12-04 21:49:59,807: +PARAM [/play_motion/motions/shake_hands/joints] by /roslaunch
[rosmaster.master][INFO] 2025-12-04 21:49:59,807: +PARAM [/play_motion/motions/shake_hands/points] by /roslaunch
[rosmaster.master][INFO] 2025-12-04 21:49:59,807: +PARAM [/play_motion/motions/shake_hands/meta/name] by /roslaunch
[rosmaster.master][INFO] 2025-12-04 21:49:59,807: +PARAM [/play_motion/motions/shake_hands/meta/usage] by /roslaunch
[rosmaster.master][INFO] 2025-12-04 21:49:59,808: +PARAM [/play_motion/motions/shake_hands/meta/description] by /roslaunch
[rosmaster.master][INFO] 2025-12-04 21:49:59,808: +PARAM [/play_motion/motions/pick_from_floor/joints] by /roslaunch
[rosmaster.master][INFO] 2025-12-04 21:49:59,808: +PARAM [/play_motion/motions/pick_from_floor/points] by /roslaunch
[rosmaster.master][INFO] 2025-12-04 21:49:59,808: +PARAM [/play_motion/motions/pick_from_floor/meta/name] by /roslaunch
[rosmaster.master][INFO] 2025-12-04 21:49:59,808: +PARAM [/play_motion/motions/pick_from_floor/meta/usage] by /roslaunch
[rosmaster.master][INFO] 2025-12-04 21:49:59,808: +PARAM [/play_motion/motions/pick_from_floor/meta/description] by /roslaunch
[rosmaster.master][INFO] 2025-12-04 21:49:59,808: +PARAM [/play_motion/motions/head_tour/joints] by /roslaunch
[rosmaster.master][INFO] 2025-12-04 21:49:59,808: +PARAM [/play_motion/motions/head_tour/points] by /roslaunch
[rosmaster.master][INFO] 2025-12-04 21:49:59,808: +PARAM [/play_motion/motions/head_tour/meta/name] by /roslaunch
[rosmaster.master][INFO] 2025-12-04 21:49:59,808: +PARAM [/play_motion/motions/head_tour/meta/usage] by /roslaunch
[rosmaster.master][INFO] 2025-12-04 21:49:59,808: +PARAM [/play_motion/motions/head_tour/meta/description] by /roslaunch
[rosmaster.master][INFO] 2025-12-04 21:49:59,808: +PARAM [/play_motion/disable_motion_planning] by /roslaunch
[rosmaster.master][INFO] 2025-12-04 21:49:59,809: +PARAM [/play_motion/approach_planner/planning_groups] by /roslaunch
[rosmaster.master][INFO] 2025-12-04 21:49:59,809: +PARAM [/play_motion/approach_planner/exclude_from_planning_joints] by /roslaunch
[rosmaster.master][INFO] 2025-12-04 21:49:59,809: paramUpdate[/play_motion/motions/home/joints/]
[rosmaster.master][INFO] 2025-12-04 21:49:59,809: +PARAM [/play_motion/approach_planner/joint_tolerance] by /roslaunch
[rosmaster.master][INFO] 2025-12-04 21:49:59,810: +PARAM [/play_motion/approach_planner/skip_planning_approach_vel] by /roslaunch
[rosmaster.master][INFO] 2025-12-04 21:49:59,810: +PARAM [/play_motion/approach_planner/skip_planning_approach_min_dur] by /roslaunch
[rosmaster.master][INFO] 2025-12-04 21:49:59,810: +PARAM [/robot_description_semantic] by /roslaunch
[rosmaster.master][INFO] 2025-12-04 21:49:59,810: +PARAM [/move_group/robot_description_planning/default_robot_link_padding/arm_5_link] by /roslaunch
[rosmaster.master][INFO] 2025-12-04 21:49:59,810: +PARAM [/robot_description_planning/default_velocity_scaling_factor] by /roslaunch
[rosmaster.master][INFO] 2025-12-04 21:49:59,811: paramUpdate[/play_motion/motions/home/points/]
[rosmaster.master][INFO] 2025-12-04 21:49:59,811: +PARAM [/robot_description_planning/joint_limits/arm_2_joint/has_velocity_limits] by /roslaunch
[rosmaster.master][INFO] 2025-12-04 21:49:59,812: +PARAM [/robot_description_planning/joint_limits/arm_2_joint/max_velocity] by /roslaunch
[rosmaster.master][INFO] 2025-12-04 21:49:59,813: paramUpdate[/play_motion/motions/home/meta/name/]
[rosmaster.master][INFO] 2025-12-04 21:49:59,813: +PARAM [/robot_description_planning/joint_limits/arm_2_joint/has_acceleration_limits] by /roslaunch
[rosmaster.master][INFO] 2025-12-04 21:49:59,814: paramUpdate[/play_motion/motions/home/meta/usage/]
[rosmaster.master][INFO] 2025-12-04 21:49:59,814: +PARAM [/robot_description_planning/joint_limits/arm_2_joint/max_acceleration] by /roslaunch
[rosmaster.master][INFO] 2025-12-04 21:49:59,815: paramUpdate[/play_motion/motions/home/meta/description/]
[rosmaster.master][INFO] 2025-12-04 21:49:59,816: +PARAM [/robot_description_planning/joint_limits/arm_1_joint/has_velocity_limits] by /roslaunch
[rosmaster.master][INFO] 2025-12-04 21:49:59,816: +PARAM [/robot_description_planning/joint_limits/arm_1_joint/max_velocity] by /roslaunch
[rosmaster.master][INFO] 2025-12-04 21:49:59,817: +PARAM [/robot_description_planning/joint_limits/arm_1_joint/has_acceleration_limits] by /roslaunch
[rosmaster.master][INFO] 2025-12-04 21:49:59,817: +PARAM [/robot_description_planning/joint_limits/arm_1_joint/max_acceleration] by /roslaunch
[rosmaster.master][INFO] 2025-12-04 21:49:59,817: +PARAM [/robot_description_planning/joint_limits/arm_6_joint/has_velocity_limits] by /roslaunch
[rosmaster.master][INFO] 2025-12-04 21:49:59,817: +PARAM [/robot_description_planning/joint_limits/arm_6_joint/max_velocity] by /roslaunch
[rosmaster.master][INFO] 2025-12-04 21:49:59,817: +PARAM [/robot_description_planning/joint_limits/arm_6_joint/has_acceleration_limits] by /roslaunch
[rosmaster.master][INFO] 2025-12-04 21:49:59,818: +PARAM [/robot_description_planning/joint_limits/arm_6_joint/max_acceleration] by /roslaunch
[rosmaster.master][INFO] 2025-12-04 21:49:59,818: +PARAM [/robot_description_planning/joint_limits/arm_7_joint/has_velocity_limits] by /roslaunch
[rosmaster.master][INFO] 2025-12-04 21:49:59,818: +PARAM [/robot_description_planning/joint_limits/arm_7_joint/max_velocity] by /roslaunch
[rosmaster.master][INFO] 2025-12-04 21:49:59,818: +PARAM [/robot_description_planning/joint_limits/arm_7_joint/has_acceleration_limits] by /roslaunch
[rosmaster.master][INFO] 2025-12-04 21:49:59,818: +PARAM [/robot_description_planning/joint_limits/arm_7_joint/max_acceleration] by /roslaunch
[rosmaster.master][INFO] 2025-12-04 21:49:59,818: +PARAM [/robot_description_planning/joint_limits/arm_4_joint/has_velocity_limits] by /roslaunch
[rosmaster.master][INFO] 2025-12-04 21:49:59,818: +PARAM [/robot_description_planning/joint_limits/arm_4_joint/max_velocity] by /roslaunch
[rosmaster.master][INFO] 2025-12-04 21:49:59,818: +PARAM [/robot_description_planning/joint_limits/arm_4_joint/has_acceleration_limits] by /roslaunch
[rosmaster.master][INFO] 2025-12-04 21:49:59,818: +PARAM [/robot_description_planning/joint_limits/arm_4_joint/max_acceleration] by /roslaunch
[rosmaster.master][INFO] 2025-12-04 21:49:59,818: +PARAM [/robot_description_planning/joint_limits/arm_5_joint/has_velocity_limits] by /roslaunch
[rosmaster.master][INFO] 2025-12-04 21:49:59,818: +PARAM [/robot_description_planning/joint_limits/arm_5_joint/max_velocity] by /roslaunch
[rosmaster.master][INFO] 2025-12-04 21:49:59,819: +PARAM [/robot_description_planning/joint_limits/arm_5_joint/has_acceleration_limits] by /roslaunch
[rosmaster.master][INFO] 2025-12-04 21:49:59,819: +PARAM [/robot_description_planning/joint_limits/arm_5_joint/max_acceleration] by /roslaunch
[rosmaster.master][INFO] 2025-12-04 21:49:59,819: +PARAM [/robot_description_planning/joint_limits/arm_3_joint/has_velocity_limits] by /roslaunch
[rosmaster.master][INFO] 2025-12-04 21:49:59,819: +PARAM [/robot_description_planning/joint_limits/arm_3_joint/max_velocity] by /roslaunch
[rosmaster.master][INFO] 2025-12-04 21:49:59,819: +PARAM [/robot_description_planning/joint_limits/arm_3_joint/has_acceleration_limits] by /roslaunch
[rosmaster.master][INFO] 2025-12-04 21:49:59,819: +PARAM [/robot_description_planning/joint_limits/arm_3_joint/max_acceleration] by /roslaunch
[rosmaster.master][INFO] 2025-12-04 21:49:59,819: +PARAM [/robot_description_planning/joint_limits/torso_lift_joint/has_velocity_limits] by /roslaunch
[rosmaster.master][INFO] 2025-12-04 21:49:59,819: +PARAM [/robot_description_planning/joint_limits/torso_lift_joint/max_velocity] by /roslaunch
[rosmaster.master][INFO] 2025-12-04 21:49:59,819: +PARAM [/robot_description_planning/joint_limits/torso_lift_joint/has_acceleration_limits] by /roslaunch
[rosmaster.master][INFO] 2025-12-04 21:49:59,819: +PARAM [/robot_description_planning/joint_limits/torso_lift_joint/max_acceleration] by /roslaunch
[rosmaster.master][INFO] 2025-12-04 21:49:59,819: +PARAM [/robot_description_planning/joint_limits/gripper_left_finger_joint/has_velocity_limits] by /roslaunch
[rosmaster.master][INFO] 2025-12-04 21:49:59,820: +PARAM [/robot_description_planning/joint_limits/gripper_left_finger_joint/max_velocity] by /roslaunch
[rosmaster.master][INFO] 2025-12-04 21:49:59,820: +PARAM [/robot_description_planning/joint_limits/gripper_left_finger_joint/has_acceleration_limits] by /roslaunch
[rosmaster.master][INFO] 2025-12-04 21:49:59,820: +PARAM [/robot_description_planning/joint_limits/gripper_left_finger_joint/max_acceleration] by /roslaunch
[rosmaster.master][INFO] 2025-12-04 21:49:59,820: +PARAM [/robot_description_planning/joint_limits/gripper_right_finger_joint/has_velocity_limits] by /roslaunch
[rosmaster.master][INFO] 2025-12-04 21:49:59,820: +PARAM [/robot_description_planning/joint_limits/gripper_right_finger_joint/max_velocity] by /roslaunch
[rosmaster.master][INFO] 2025-12-04 21:49:59,820: +PARAM [/robot_description_planning/joint_limits/gripper_right_finger_joint/has_acceleration_limits] by /roslaunch
[rosmaster.master][INFO] 2025-12-04 21:49:59,820: +PARAM [/robot_description_planning/joint_limits/gripper_right_finger_joint/max_acceleration] by /roslaunch
[rosmaster.master][INFO] 2025-12-04 21:49:59,820: +PARAM [/robot_description_planning/joint_limits/gripper_finger_joint/has_velocity_limits] by /roslaunch
[rosmaster.master][INFO] 2025-12-04 21:49:59,820: +PARAM [/robot_description_planning/joint_limits/gripper_finger_joint/max_velocity] by /roslaunch
[rosmaster.master][INFO] 2025-12-04 21:49:59,820: +PARAM [/robot_description_planning/joint_limits/gripper_finger_joint/has_acceleration_limits] by /roslaunch
[rosmaster.master][INFO] 2025-12-04 21:49:59,821: +PARAM [/robot_description_planning/joint_limits/gripper_finger_joint/max_acceleration] by /roslaunch
[rosmaster.master][INFO] 2025-12-04 21:49:59,821: +PARAM [/robot_description_kinematics/arm_torso/kinematics_solver] by /roslaunch
[rosmaster.master][INFO] 2025-12-04 21:49:59,821: +PARAM [/robot_description_kinematics/arm_torso/kinematics_solver_search_resolution] by /roslaunch
[rosmaster.master][INFO] 2025-12-04 21:49:59,821: +PARAM [/robot_description_kinematics/arm_torso/kinematics_solver_timeout] by /roslaunch
[rosmaster.master][INFO] 2025-12-04 21:49:59,821: +PARAM [/robot_description_kinematics/arm_torso/kinematics_solver_attempts] by /roslaunch
[rosmaster.master][INFO] 2025-12-04 21:49:59,821: +PARAM [/robot_description_kinematics/arm/kinematics_solver] by /roslaunch
[rosmaster.master][INFO] 2025-12-04 21:49:59,821: +PARAM [/robot_description_kinematics/arm/kinematics_solver_search_resolution] by /roslaunch
[rosmaster.master][INFO] 2025-12-04 21:49:59,821: +PARAM [/robot_description_kinematics/arm/kinematics_solver_timeout] by /roslaunch
[rosmaster.master][INFO] 2025-12-04 21:49:59,821: +PARAM [/robot_description_kinematics/arm/kinematics_solver_attempts] by /roslaunch
[rosmaster.master][INFO] 2025-12-04 21:49:59,821: +PARAM [/move_group/planning_plugin] by /roslaunch
[rosmaster.master][INFO] 2025-12-04 21:49:59,822: +PARAM [/move_group/request_adapters] by /roslaunch
[rosmaster.master][INFO] 2025-12-04 21:49:59,822: +PARAM [/move_group/start_state_max_bounds_error] by /roslaunch
[rosmaster.master][INFO] 2025-12-04 21:49:59,822: +PARAM [/move_group/planner_configs/SBLkConfigDefault/type] by /roslaunch
[rosmaster.master][INFO] 2025-12-04 21:49:59,822: +PARAM [/move_group/planner_configs/ESTkConfigDefault/type] by /roslaunch
[rosmaster.master][INFO] 2025-12-04 21:49:59,822: +PARAM [/move_group/planner_configs/LBKPIECEkConfigDefault/type] by /roslaunch
[rosmaster.master][INFO] 2025-12-04 21:49:59,822: +PARAM [/move_group/planner_configs/BKPIECEkConfigDefault/type] by /roslaunch
[rosmaster.master][INFO] 2025-12-04 21:49:59,822: +PARAM [/move_group/planner_configs/KPIECEkConfigDefault/type] by /roslaunch
[rosmaster.master][INFO] 2025-12-04 21:49:59,822: +PARAM [/move_group/planner_configs/RRTkConfigDefault/type] by /roslaunch
[rosmaster.master][INFO] 2025-12-04 21:49:59,822: +PARAM [/move_group/planner_configs/RRTConnectkConfigDefault/type] by /roslaunch
[rosmaster.master][INFO] 2025-12-04 21:49:59,822: +PARAM [/move_group/planner_configs/RRTstarkConfigDefault/type] by /roslaunch
[rosmaster.master][INFO] 2025-12-04 21:49:59,822: +PARAM [/move_group/planner_configs/TRRTkConfigDefault/type] by /roslaunch
[rosmaster.master][INFO] 2025-12-04 21:49:59,822: +PARAM [/move_group/planner_configs/PRMkConfigDefault/type] by /roslaunch
[rosmaster.master][INFO] 2025-12-04 21:49:59,823: +PARAM [/move_group/planner_configs/PRMstarkConfigDefault/type] by /roslaunch
[rosmaster.master][INFO] 2025-12-04 21:49:59,823: +PARAM [/move_group/arm_torso/planner_configs] by /roslaunch
[rosmaster.master][INFO] 2025-12-04 21:49:59,823: +PARAM [/move_group/arm_torso/projection_evaluator] by /roslaunch
[rosmaster.master][INFO] 2025-12-04 21:49:59,823: +PARAM [/move_group/arm_torso/longest_valid_segment_fraction] by /roslaunch
[rosmaster.master][INFO] 2025-12-04 21:49:59,823: +PARAM [/move_group/arm/planner_configs] by /roslaunch
[rosmaster.master][INFO] 2025-12-04 21:49:59,823: +PARAM [/move_group/arm/projection_evaluator] by /roslaunch
[rosmaster.master][INFO] 2025-12-04 21:49:59,823: +PARAM [/move_group/arm/longest_valid_segment_fraction] by /roslaunch
[rosmaster.master][INFO] 2025-12-04 21:49:59,823: +PARAM [/move_group/moveit_manage_controllers] by /roslaunch
[rosmaster.master][INFO] 2025-12-04 21:49:59,823: +PARAM [/move_group/trajectory_execution/allowed_execution_duration_scaling] by /roslaunch
[rosmaster.master][INFO] 2025-12-04 21:49:59,823: +PARAM [/move_group/trajectory_execution/allowed_goal_duration_margin] by /roslaunch
[rosmaster.master][INFO] 2025-12-04 21:49:59,823: +PARAM [/move_group/moveit_controller_manager] by /roslaunch
[rosmaster.master][INFO] 2025-12-04 21:49:59,824: +PARAM [/move_group/controller_manager_name] by /roslaunch
[rosmaster.master][INFO] 2025-12-04 21:49:59,824: +PARAM [/move_group/use_controller_manager] by /roslaunch
[rosmaster.master][INFO] 2025-12-04 21:49:59,824: +PARAM [/move_group/controller_manager_ns] by /roslaunch
[rosmaster.master][INFO] 2025-12-04 21:49:59,824: +PARAM [/move_group/controller_list] by /roslaunch
[rosmaster.master][INFO] 2025-12-04 21:49:59,824: +PARAM [/move_group/allow_trajectory_execution] by /roslaunch
[rosmaster.master][INFO] 2025-12-04 21:49:59,824: +PARAM [/move_group/max_safe_path_cost] by /roslaunch
[rosmaster.master][INFO] 2025-12-04 21:49:59,824: +PARAM [/move_group/jiggle_fraction] by /roslaunch
[rosmaster.master][INFO] 2025-12-04 21:49:59,824: +PARAM [/move_group/capabilities] by /roslaunch
[rosmaster.master][INFO] 2025-12-04 21:49:59,824: +PARAM [/move_group/disable_capabilities] by /roslaunch
[rosmaster.master][INFO] 2025-12-04 21:49:59,824: +PARAM [/move_group/planning_scene_monitor/publish_planning_scene] by /roslaunch
[rosmaster.master][INFO] 2025-12-04 21:49:59,824: +PARAM [/move_group/planning_scene_monitor/publish_geometry_updates] by /roslaunch
[rosmaster.master][INFO] 2025-12-04 21:49:59,824: +PARAM [/move_group/planning_scene_monitor/publish_state_updates] by /roslaunch
[rosmaster.master][INFO] 2025-12-04 21:49:59,825: +PARAM [/move_group/planning_scene_monitor/publish_transforms_updates] by /roslaunch
[rosmaster.master][INFO] 2025-12-04 21:49:59,825: +PARAM [/robot_state_publisher/publish_frequency] by /roslaunch
[rosmaster.master][INFO] 2025-12-04 21:49:59,825: +PARAM [/robot_state_publisher/tf_prefix] by /roslaunch
[rosmaster.master][INFO] 2025-12-04 21:49:59,825: +PARAM [/twist_mux/locks] by /roslaunch
[rosmaster.master][INFO] 2025-12-04 21:49:59,825: +PARAM [/twist_mux/topics] by /roslaunch
[rosmaster.master][INFO] 2025-12-04 21:49:59,825: +PARAM [/joystick_relay/priority] by /roslaunch
[rosmaster.master][INFO] 2025-12-04 21:49:59,825: +PARAM [/joystick_relay/turbo/linear_forward_min] by /roslaunch
[rosmaster.master][INFO] 2025-12-04 21:49:59,825: +PARAM [/joystick_relay/turbo/linear_forward_max] by /roslaunch
[rosmaster.master][INFO] 2025-12-04 21:49:59,825: +PARAM [/joystick_relay/turbo/linear_backward_min] by /roslaunch
[rosmaster.master][INFO] 2025-12-04 21:49:59,826: +PARAM [/joystick_relay/turbo/linear_backward_max] by /roslaunch
[rosmaster.master][INFO] 2025-12-04 21:49:59,826: +PARAM [/joystick_relay/turbo/angular_min] by /roslaunch
[rosmaster.master][INFO] 2025-12-04 21:49:59,826: +PARAM [/joystick_relay/turbo/angular_max] by /roslaunch
[rosmaster.master][INFO] 2025-12-04 21:49:59,826: +PARAM [/joystick_relay/turbo/steps] by /roslaunch
[rosmaster.master][INFO] 2025-12-04 21:49:59,826: +PARAM [/dynamic_footprint_publisher/footprint] by /roslaunch
[rosmaster.master][INFO] 2025-12-04 21:49:59,826: +PARAM [/dynamic_footprint_publisher/link_list] by /roslaunch
[rosmaster.master][INFO] 2025-12-04 21:49:59,826: +PARAM [/dynamic_footprint_publisher/padding] by /roslaunch
[rosmaster.master][INFO] 2025-12-04 21:49:59,843: paramUpdate[/twist_mux/locks/]
[rosmaster.master][INFO] 2025-12-04 21:49:59,845: paramUpdate[/twist_mux/topics/]
[rosmaster.master][INFO] 2025-12-04 21:50:00,108: +PUB [/rosout] /head_controller/point_head_action http://127.0.0.1:45401/
[rosmaster.master][INFO] 2025-12-04 21:50:00,111: +SERVICE [/head_controller/point_head_action/get_loggers] /head_controller/point_head_action http://127.0.0.1:45401/
[rosmaster.master][INFO] 2025-12-04 21:50:00,115: +SERVICE [/head_controller/point_head_action/set_logger_level] /head_controller/point_head_action http://127.0.0.1:45401/
[rosmaster.master][INFO] 2025-12-04 21:50:00,124: publisherUpdate[/rosout] -> http://127.0.0.1:46717/ ['http://127.0.0.1:34439/', 'http://127.0.0.1:35433/', 'http://127.0.0.1:45743/', 'http://127.0.0.1:40039/', 'http://127.0.0.1:43633/', 'http://127.0.0.1:43579/', 'http://127.0.0.1:46497/', 'http://127.0.0.1:39723/', 'http://127.0.0.1:40773/', 'http://127.0.0.1:32955/', 'http://127.0.0.1:34361/', 'http://127.0.0.1:46597/', 'http://127.0.0.1:33039/', 'http://127.0.0.1:42907/', 'http://127.0.0.1:39377/', 'http://127.0.0.1:43639/', 'http://127.0.0.1:36449/', 'http://127.0.0.1:46157/', 'http://127.0.0.1:45401/']
[rosmaster.master][INFO] 2025-12-04 21:50:00,130: publisherUpdate[/rosout] -> http://127.0.0.1:46717/ ['http://127.0.0.1:34439/', 'http://127.0.0.1:35433/', 'http://127.0.0.1:45743/', 'http://127.0.0.1:40039/', 'http://127.0.0.1:43633/', 'http://127.0.0.1:43579/', 'http://127.0.0.1:46497/', 'http://127.0.0.1:39723/', 'http://127.0.0.1:40773/', 'http://127.0.0.1:32955/', 'http://127.0.0.1:34361/', 'http://127.0.0.1:46597/', 'http://127.0.0.1:33039/', 'http://127.0.0.1:42907/', 'http://127.0.0.1:39377/', 'http://127.0.0.1:43639/', 'http://127.0.0.1:36449/', 'http://127.0.0.1:46157/', 'http://127.0.0.1:45401/']: sec=0.00, result=[1, '', 0]
[rosmaster.master][INFO] 2025-12-04 21:50:00,142: +SUB [/clock] /head_controller/point_head_action http://127.0.0.1:45401/
[rosmaster.master][INFO] 2025-12-04 21:50:00,215: +SUB [/tf] /head_controller/point_head_action http://127.0.0.1:45401/
[rosmaster.master][INFO] 2025-12-04 21:50:00,218: +SUB [/tf_static] /head_controller/point_head_action http://127.0.0.1:45401/
[rosmaster.master][INFO] 2025-12-04 21:50:00,227: -PUB [/rosout] /head_controller/point_head_action http://127.0.0.1:34167/
[rosmaster.master][INFO] 2025-12-04 21:50:00,229: -PUB [/head_controller/command] /head_controller/point_head_action http://127.0.0.1:34167/
[rosmaster.master][INFO] 2025-12-04 21:50:00,229: +PUB [/head_controller/command] /head_controller/point_head_action http://127.0.0.1:45401/
[rosmaster.master][INFO] 2025-12-04 21:50:00,234: -PUB [/head_controller/point_head_action/result] /head_controller/point_head_action http://127.0.0.1:34167/
[rosmaster.master][INFO] 2025-12-04 21:50:00,237: -PUB [/head_controller/point_head_action/feedback] /head_controller/point_head_action http://127.0.0.1:34167/
[rosmaster.master][INFO] 2025-12-04 21:50:00,241: +SUB [/head_controller/state] /head_controller/point_head_action http://127.0.0.1:45401/
[rosmaster.master][INFO] 2025-12-04 21:50:00,242: -PUB [/head_controller/point_head_action/status] /head_controller/point_head_action http://127.0.0.1:34167/
[rosmaster.master][INFO] 2025-12-04 21:50:00,245: +CACHEDPARAM [/rosout_disable_topics_generation] by /head_controller/point_head_action
[rosmaster.master][INFO] 2025-12-04 21:50:00,245: -SUB [/clock] /head_controller/point_head_action http://127.0.0.1:34167/
[rosmaster.master][INFO] 2025-12-04 21:50:00,247: publisherUpdate[/head_controller/command] -> http://127.0.0.1:39377/ ['http://127.0.0.1:45401/']
[rosmaster.master][INFO] 2025-12-04 21:50:00,250: -SUB [/tf] /head_controller/point_head_action http://127.0.0.1:34167/
[rosmaster.master][INFO] 2025-12-04 21:50:00,261: -SUB [/tf_static] /head_controller/point_head_action http://127.0.0.1:34167/
[rosmaster.master][INFO] 2025-12-04 21:50:00,271: -SUB [/head_controller/state] /head_controller/point_head_action http://127.0.0.1:34167/
[rosmaster.master][INFO] 2025-12-04 21:50:00,272: -SUB [/head_controller/point_head_action/goal] /head_controller/point_head_action http://127.0.0.1:34167/
[rosmaster.master][INFO] 2025-12-04 21:50:00,273: -SUB [/head_controller/point_head_action/cancel] /head_controller/point_head_action http://127.0.0.1:34167/
[rosmaster.master][INFO] 2025-12-04 21:50:00,274: -SERVICE [/head_controller/point_head_action/get_loggers] /head_controller/point_head_action rosrpc://127.0.0.1:33577
[rosmaster.master][INFO] 2025-12-04 21:50:00,275: -SERVICE [/head_controller/point_head_action/set_logger_level] /head_controller/point_head_action rosrpc://127.0.0.1:33577
[rosmaster.master][INFO] 2025-12-04 21:50:00,283: -CACHEDPARAM [/rosout_disable_topics_generation] by /head_controller/point_head_action
[rosmaster.master][INFO] 2025-12-04 21:50:00,326: publisherUpdate[/head_controller/command] -> http://127.0.0.1:39377/ ['http://127.0.0.1:45401/']: sec=0.07, result=[1, '', 0]
[rosmaster.master][INFO] 2025-12-04 21:50:00,345: +PUB [/head_controller/point_head_action/result] /head_controller/point_head_action http://127.0.0.1:45401/
[rosmaster.master][INFO] 2025-12-04 21:50:00,346: +PUB [/head_controller/point_head_action/feedback] /head_controller/point_head_action http://127.0.0.1:45401/
[rosmaster.master][INFO] 2025-12-04 21:50:00,347: +PUB [/head_controller/point_head_action/status] /head_controller/point_head_action http://127.0.0.1:45401/
[rosmaster.master][INFO] 2025-12-04 21:50:00,351: +SUB [/head_controller/point_head_action/goal] /head_controller/point_head_action http://127.0.0.1:45401/
[rosmaster.master][INFO] 2025-12-04 21:50:00,354: +SUB [/head_controller/point_head_action/cancel] /head_controller/point_head_action http://127.0.0.1:45401/
[rosmaster.master][INFO] 2025-12-04 21:50:00,578: +PUB [/rosout] /robot_state_publisher http://127.0.0.1:37777/
[rosmaster.master][INFO] 2025-12-04 21:50:00,581: +SERVICE [/robot_state_publisher/get_loggers] /robot_state_publisher http://127.0.0.1:37777/
[rosmaster.master][INFO] 2025-12-04 21:50:00,591: publisherUpdate[/rosout] -> http://127.0.0.1:46717/ ['http://127.0.0.1:35433/', 'http://127.0.0.1:45743/', 'http://127.0.0.1:40039/', 'http://127.0.0.1:43633/', 'http://127.0.0.1:43579/', 'http://127.0.0.1:46497/', 'http://127.0.0.1:39723/', 'http://127.0.0.1:40773/', 'http://127.0.0.1:32955/', 'http://127.0.0.1:34361/', 'http://127.0.0.1:46597/', 'http://127.0.0.1:33039/', 'http://127.0.0.1:42907/', 'http://127.0.0.1:39377/', 'http://127.0.0.1:43639/', 'http://127.0.0.1:36449/', 'http://127.0.0.1:46157/', 'http://127.0.0.1:45401/', 'http://127.0.0.1:37777/']
[rosmaster.master][INFO] 2025-12-04 21:50:00,592: +SERVICE [/robot_state_publisher/set_logger_level] /robot_state_publisher http://127.0.0.1:37777/
[rosmaster.master][INFO] 2025-12-04 21:50:00,600: publisherUpdate[/rosout] -> http://127.0.0.1:46717/ ['http://127.0.0.1:35433/', 'http://127.0.0.1:45743/', 'http://127.0.0.1:40039/', 'http://127.0.0.1:43633/', 'http://127.0.0.1:43579/', 'http://127.0.0.1:46497/', 'http://127.0.0.1:39723/', 'http://127.0.0.1:40773/', 'http://127.0.0.1:32955/', 'http://127.0.0.1:34361/', 'http://127.0.0.1:46597/', 'http://127.0.0.1:33039/', 'http://127.0.0.1:42907/', 'http://127.0.0.1:39377/', 'http://127.0.0.1:43639/', 'http://127.0.0.1:36449/', 'http://127.0.0.1:46157/', 'http://127.0.0.1:45401/', 'http://127.0.0.1:37777/']: sec=0.01, result=[1, '', 0]
[rosmaster.master][INFO] 2025-12-04 21:50:00,638: publisherUpdate[/rosout] -> http://127.0.0.1:46717/ ['http://127.0.0.1:45743/', 'http://127.0.0.1:40039/', 'http://127.0.0.1:43633/', 'http://127.0.0.1:43579/', 'http://127.0.0.1:46497/', 'http://127.0.0.1:39723/', 'http://127.0.0.1:40773/', 'http://127.0.0.1:32955/', 'http://127.0.0.1:34361/', 'http://127.0.0.1:46597/', 'http://127.0.0.1:33039/', 'http://127.0.0.1:42907/', 'http://127.0.0.1:39377/', 'http://127.0.0.1:43639/', 'http://127.0.0.1:36449/', 'http://127.0.0.1:46157/', 'http://127.0.0.1:45401/', 'http://127.0.0.1:37777/', 'http://127.0.0.1:46565/']
[rosmaster.master][INFO] 2025-12-04 21:50:00,637: +PUB [/rosout] /tf_lookup http://127.0.0.1:46565/
[rosmaster.master][INFO] 2025-12-04 21:50:00,648: +SERVICE [/tf_lookup/get_loggers] /tf_lookup http://127.0.0.1:46565/
[rosmaster.master][INFO] 2025-12-04 21:50:00,653: publisherUpdate[/rosout] -> http://127.0.0.1:46717/ ['http://127.0.0.1:45743/', 'http://127.0.0.1:40039/', 'http://127.0.0.1:43633/', 'http://127.0.0.1:43579/', 'http://127.0.0.1:46497/', 'http://127.0.0.1:39723/', 'http://127.0.0.1:40773/', 'http://127.0.0.1:32955/', 'http://127.0.0.1:34361/', 'http://127.0.0.1:46597/', 'http://127.0.0.1:33039/', 'http://127.0.0.1:42907/', 'http://127.0.0.1:39377/', 'http://127.0.0.1:43639/', 'http://127.0.0.1:36449/', 'http://127.0.0.1:46157/', 'http://127.0.0.1:45401/', 'http://127.0.0.1:37777/', 'http://127.0.0.1:46565/']: sec=0.01, result=[1, '', 0]
[rosmaster.master][INFO] 2025-12-04 21:50:00,655: +SERVICE [/tf_lookup/set_logger_level] /tf_lookup http://127.0.0.1:46565/
[rosmaster.master][INFO] 2025-12-04 21:50:00,659: +PUB [/rosout] /twist_mux http://127.0.0.1:34823/
[rosmaster.master][INFO] 2025-12-04 21:50:00,664: +PUB [/rosout] /play_motion http://127.0.0.1:38345/
[rosmaster.master][INFO] 2025-12-04 21:50:00,666: +SERVICE [/twist_mux/get_loggers] /twist_mux http://127.0.0.1:34823/
[rosmaster.master][INFO] 2025-12-04 21:50:00,667: +SUB [/clock] /robot_state_publisher http://127.0.0.1:37777/
[rosmaster.master][INFO] 2025-12-04 21:50:00,669: +SERVICE [/twist_mux/set_logger_level] /twist_mux http://127.0.0.1:34823/
[rosmaster.master][INFO] 2025-12-04 21:50:00,683: +SUB [/clock] /twist_mux http://127.0.0.1:34823/
[rosmaster.master][INFO] 2025-12-04 21:50:00,685: +CACHEDPARAM [/twist_mux/topics] by /twist_mux
[rosmaster.master][INFO] 2025-12-04 21:50:00,689: +CACHEDPARAM [/rosout_disable_topics_generation] by /twist_mux
[rosmaster.master][INFO] 2025-12-04 21:50:00,699: +SERVICE [/play_motion/get_loggers] /play_motion http://127.0.0.1:38345/
[rosmaster.master][INFO] 2025-12-04 21:50:00,703: +SERVICE [/play_motion/set_logger_level] /play_motion http://127.0.0.1:38345/
[rosmaster.master][INFO] 2025-12-04 21:50:00,708: +SUB [/clock] /tf_lookup http://127.0.0.1:46565/
[rosmaster.master][INFO] 2025-12-04 21:50:00,716: +SUB [/nav_vel] /twist_mux http://127.0.0.1:34823/
[rosmaster.master][INFO] 2025-12-04 21:50:00,719: +SUB [/tf] /tf_lookup http://127.0.0.1:46565/
[rosmaster.master][INFO] 2025-12-04 21:50:00,771: +CACHEDPARAM [/rosout_disable_topics_generation] by /robot_state_publisher
[rosmaster.master][INFO] 2025-12-04 21:50:00,778: +PUB [/tf] /robot_state_publisher http://127.0.0.1:37777/
[rosmaster.master][INFO] 2025-12-04 21:50:00,778: publisherUpdate[/rosout] -> http://127.0.0.1:46717/ ['http://127.0.0.1:45743/', 'http://127.0.0.1:43633/', 'http://127.0.0.1:43579/', 'http://127.0.0.1:46497/', 'http://127.0.0.1:39723/', 'http://127.0.0.1:40773/', 'http://127.0.0.1:32955/', 'http://127.0.0.1:34361/', 'http://127.0.0.1:46597/', 'http://127.0.0.1:33039/', 'http://127.0.0.1:42907/', 'http://127.0.0.1:39377/', 'http://127.0.0.1:43639/', 'http://127.0.0.1:36449/', 'http://127.0.0.1:46157/', 'http://127.0.0.1:45401/', 'http://127.0.0.1:37777/', 'http://127.0.0.1:46565/', 'http://127.0.0.1:34823/']
[rosmaster.master][INFO] 2025-12-04 21:50:00,792: publisherUpdate[/rosout] -> http://127.0.0.1:46717/ ['http://127.0.0.1:45743/', 'http://127.0.0.1:43633/', 'http://127.0.0.1:43579/', 'http://127.0.0.1:46497/', 'http://127.0.0.1:39723/', 'http://127.0.0.1:40773/', 'http://127.0.0.1:32955/', 'http://127.0.0.1:34361/', 'http://127.0.0.1:46597/', 'http://127.0.0.1:33039/', 'http://127.0.0.1:42907/', 'http://127.0.0.1:39377/', 'http://127.0.0.1:43639/', 'http://127.0.0.1:36449/', 'http://127.0.0.1:46157/', 'http://127.0.0.1:45401/', 'http://127.0.0.1:37777/', 'http://127.0.0.1:46565/', 'http://127.0.0.1:34823/']: sec=0.01, result=[1, '', 0]
[rosmaster.master][INFO] 2025-12-04 21:50:00,797: publisherUpdate[/rosout] -> http://127.0.0.1:46717/ ['http://127.0.0.1:45743/', 'http://127.0.0.1:43579/', 'http://127.0.0.1:46497/', 'http://127.0.0.1:39723/', 'http://127.0.0.1:40773/', 'http://127.0.0.1:32955/', 'http://127.0.0.1:34361/', 'http://127.0.0.1:46597/', 'http://127.0.0.1:33039/', 'http://127.0.0.1:42907/', 'http://127.0.0.1:39377/', 'http://127.0.0.1:43639/', 'http://127.0.0.1:36449/', 'http://127.0.0.1:46157/', 'http://127.0.0.1:45401/', 'http://127.0.0.1:37777/', 'http://127.0.0.1:46565/', 'http://127.0.0.1:34823/', 'http://127.0.0.1:38345/']
[rosmaster.master][INFO] 2025-12-04 21:50:00,799: publisherUpdate[/rosout] -> http://127.0.0.1:46717/ ['http://127.0.0.1:45743/', 'http://127.0.0.1:43579/', 'http://127.0.0.1:46497/', 'http://127.0.0.1:39723/', 'http://127.0.0.1:40773/', 'http://127.0.0.1:32955/', 'http://127.0.0.1:34361/', 'http://127.0.0.1:46597/', 'http://127.0.0.1:33039/', 'http://127.0.0.1:42907/', 'http://127.0.0.1:39377/', 'http://127.0.0.1:43639/', 'http://127.0.0.1:36449/', 'http://127.0.0.1:46157/', 'http://127.0.0.1:45401/', 'http://127.0.0.1:37777/', 'http://127.0.0.1:46565/', 'http://127.0.0.1:34823/', 'http://127.0.0.1:38345/']: sec=0.00, result=[1, '', 0]
[rosmaster.master][INFO] 2025-12-04 21:50:00,779: -PUB [/rosout] /tf_lookup http://127.0.0.1:35433/
[rosmaster.master][INFO] 2025-12-04 21:50:00,802: +SUB [/tf_static] /tf_lookup http://127.0.0.1:46565/
[rosmaster.master][INFO] 2025-12-04 21:50:00,803: +CACHEDPARAM [/rosout_disable_topics_generation] by /tf_lookup
[rosmaster.master][INFO] 2025-12-04 21:50:00,810: +SUB [/joy_vel] /twist_mux http://127.0.0.1:34823/
[rosmaster.master][INFO] 2025-12-04 21:50:00,811: +SUB [/clock] /play_motion http://127.0.0.1:38345/
[rosmaster.master][INFO] 2025-12-04 21:50:00,812: +PUB [/tf_static] /robot_state_publisher http://127.0.0.1:37777/
[rosmaster.master][INFO] 2025-12-04 21:50:00,812: -PUB [/tf_lookup/result] /tf_lookup http://127.0.0.1:35433/
[rosmaster.master][INFO] 2025-12-04 21:50:00,813: +SERVICE [/lookupTransform] /tf_lookup http://127.0.0.1:46565/
[rosmaster.master][INFO] 2025-12-04 21:50:00,813: -PUB [/tf_lookup/feedback] /tf_lookup http://127.0.0.1:35433/
[rosmaster.master][INFO] 2025-12-04 21:50:00,817: +PUB [/tf_lookup/result] /tf_lookup http://127.0.0.1:46565/
[rosmaster.master][INFO] 2025-12-04 21:50:00,819: +PUB [/tf_lookup/feedback] /tf_lookup http://127.0.0.1:46565/
[rosmaster.master][INFO] 2025-12-04 21:50:00,820: -PUB [/tf_lookup/status] /tf_lookup http://127.0.0.1:35433/
[rosmaster.master][INFO] 2025-12-04 21:50:00,821: -PUB [/tf_stream/result] /tf_lookup http://127.0.0.1:35433/
[rosmaster.master][INFO] 2025-12-04 21:50:00,822: +PUB [/rosout] /move_group http://127.0.0.1:45177/
[rosmaster.master][INFO] 2025-12-04 21:50:00,844: publisherUpdate[/tf] -> http://127.0.0.1:43579/ ['http://127.0.0.1:39377/', 'http://127.0.0.1:37777/']
[rosmaster.master][INFO] 2025-12-04 21:50:00,863: +PUB [/tf_lookup/status] /tf_lookup http://127.0.0.1:46565/
[rosmaster.master][INFO] 2025-12-04 21:50:00,864: -PUB [/tf_stream/feedback] /tf_lookup http://127.0.0.1:35433/
[rosmaster.master][INFO] 2025-12-04 21:50:00,865: +SERVICE [/move_group/get_loggers] /move_group http://127.0.0.1:45177/
[rosmaster.master][INFO] 2025-12-04 21:50:00,873: +SUB [/joint_states] /play_motion http://127.0.0.1:38345/
[rosmaster.master][INFO] 2025-12-04 21:50:00,886: -PUB [/tf_stream/status] /tf_lookup http://127.0.0.1:35433/
[rosmaster.master][INFO] 2025-12-04 21:50:00,887: +SERVICE [/move_group/set_logger_level] /move_group http://127.0.0.1:45177/
[rosmaster.master][INFO] 2025-12-04 21:50:00,887: -PUB [/tfs_1061000000] /tf_lookup http://127.0.0.1:35433/
[rosmaster.master][INFO] 2025-12-04 21:50:00,890: -SUB [/clock] /tf_lookup http://127.0.0.1:35433/
[rosmaster.master][INFO] 2025-12-04 21:50:00,897: -SUB [/tf] /tf_lookup http://127.0.0.1:35433/
[rosmaster.master][INFO] 2025-12-04 21:50:00,902: -PUB [/rosout] /play_motion http://127.0.0.1:43633/
[rosmaster.master][INFO] 2025-12-04 21:50:00,903: publisherUpdate[/tf] -> http://127.0.0.1:43579/ ['http://127.0.0.1:39377/', 'http://127.0.0.1:37777/']: sec=0.06, result=[1, '', 0]
[rosmaster.master][INFO] 2025-12-04 21:50:00,905: publisherUpdate[/tf] -> http://127.0.0.1:45401/ ['http://127.0.0.1:39377/', 'http://127.0.0.1:37777/']
[rosmaster.master][INFO] 2025-12-04 21:50:00,906: -SUB [/tf_static] /tf_lookup http://127.0.0.1:35433/
[rosmaster.master][INFO] 2025-12-04 21:50:00,914: -SUB [/tf_lookup/goal] /tf_lookup http://127.0.0.1:35433/
[rosmaster.master][INFO] 2025-12-04 21:50:00,918: -PUB [/trajectory_execution_event] /play_motion http://127.0.0.1:43633/
[rosmaster.master][INFO] 2025-12-04 21:50:00,920: +SUB [/clock] /move_group http://127.0.0.1:45177/
[rosmaster.master][INFO] 2025-12-04 21:50:00,921: -SUB [/tf_lookup/cancel] /tf_lookup http://127.0.0.1:35433/
[rosmaster.master][INFO] 2025-12-04 21:50:00,922: -PUB [/attached_collision_object] /play_motion http://127.0.0.1:43633/
[rosmaster.master][INFO] 2025-12-04 21:50:00,935: -PUB [/move_group/goal] /play_motion http://127.0.0.1:43633/
[rosmaster.master][INFO] 2025-12-04 21:50:00,943: -PUB [/move_group/cancel] /play_motion http://127.0.0.1:43633/
[rosmaster.master][INFO] 2025-12-04 21:50:00,947: publisherUpdate[/tf] -> http://127.0.0.1:46565/ ['http://127.0.0.1:39377/', 'http://127.0.0.1:37777/']
[rosmaster.master][INFO] 2025-12-04 21:50:00,959: -PUB [/pickup/goal] /play_motion http://127.0.0.1:43633/
[rosmaster.master][INFO] 2025-12-04 21:50:00,967: -SUB [/tf_stream/goal] /tf_lookup http://127.0.0.1:35433/
[rosmaster.master][INFO] 2025-12-04 21:50:00,968: -PUB [/rosout] /robot_state_publisher http://127.0.0.1:34439/
[rosmaster.master][INFO] 2025-12-04 21:50:00,977: +SUB [/tf] /play_motion http://127.0.0.1:38345/
[rosmaster.master][INFO] 2025-12-04 21:50:00,985: -PUB [/tf] /robot_state_publisher http://127.0.0.1:34439/
[rosmaster.master][INFO] 2025-12-04 21:50:00,986: -SUB [/tf_stream/cancel] /tf_lookup http://127.0.0.1:35433/
[rosmaster.master][INFO] 2025-12-04 21:50:00,988: -SERVICE [/tf_lookup/get_loggers] /tf_lookup rosrpc://127.0.0.1:57545
[rosmaster.master][INFO] 2025-12-04 21:50:00,990: -PUB [/rosout] /twist_mux http://127.0.0.1:40039/
[rosmaster.master][INFO] 2025-12-04 21:50:00,991: publisherUpdate[/tf] -> http://127.0.0.1:45401/ ['http://127.0.0.1:39377/', 'http://127.0.0.1:37777/']: sec=0.09, result=[1, '', 0]
[rosmaster.master][INFO] 2025-12-04 21:50:00,991: publisherUpdate[/tf_static] -> http://127.0.0.1:43579/ ['http://127.0.0.1:37777/']
[rosmaster.master][INFO] 2025-12-04 21:50:00,994: -PUB [/pickup/cancel] /play_motion http://127.0.0.1:43633/
[rosmaster.master][INFO] 2025-12-04 21:50:00,996: -PUB [/tf_static] /robot_state_publisher http://127.0.0.1:34439/
[rosmaster.master][INFO] 2025-12-04 21:50:00,998: -SERVICE [/tf_lookup/set_logger_level] /tf_lookup rosrpc://127.0.0.1:57545
[rosmaster.master][INFO] 2025-12-04 21:50:01,003: publisherUpdate[/tf_static] -> http://127.0.0.1:43579/ ['http://127.0.0.1:37777/']: sec=0.01, result=[1, '', 0]
[rosmaster.master][INFO] 2025-12-04 21:50:01,004: publisherUpdate[/tf_static] -> http://127.0.0.1:45401/ ['http://127.0.0.1:37777/']
[rosmaster.master][INFO] 2025-12-04 21:50:01,004: -SERVICE [/lookupTransform] /tf_lookup rosrpc://127.0.0.1:57545
[rosmaster.master][INFO] 2025-12-04 21:50:01,005: -SUB [/clock] /robot_state_publisher http://127.0.0.1:34439/
[rosmaster.master][INFO] 2025-12-04 21:50:01,006: -SUB [/joint_states] /robot_state_publisher http://127.0.0.1:34439/
[rosmaster.master][INFO] 2025-12-04 21:50:01,007: -SERVICE [/robot_state_publisher/get_loggers] /robot_state_publisher rosrpc://127.0.0.1:47637
[rosmaster.master][INFO] 2025-12-04 21:50:01,008: -SERVICE [/robot_state_publisher/set_logger_level] /robot_state_publisher rosrpc://127.0.0.1:47637
[rosmaster.master][INFO] 2025-12-04 21:50:01,011: -CACHEDPARAM [/rosout_disable_topics_generation] by /robot_state_publisher
[rosmaster.master][INFO] 2025-12-04 21:50:01,011: +SUB [/joint_states] /robot_state_publisher http://127.0.0.1:37777/
[rosmaster.master][INFO] 2025-12-04 21:50:01,012: -CACHEDPARAM [/rosout_disable_topics_generation] by /tf_lookup
[rosmaster.master][INFO] 2025-12-04 21:50:01,012: +SUB [/key_vel] /twist_mux http://127.0.0.1:34823/
[rosmaster.master][INFO] 2025-12-04 21:50:01,015: +SUB [/tf_lookup/goal] /tf_lookup http://127.0.0.1:46565/
[rosmaster.master][INFO] 2025-12-04 21:50:01,018: +SUB [/tf_lookup/cancel] /tf_lookup http://127.0.0.1:46565/
[rosmaster.master][INFO] 2025-12-04 21:50:01,024: +PUB [/tf_stream/result] /tf_lookup http://127.0.0.1:46565/
[rosmaster.master][INFO] 2025-12-04 21:50:01,026: +PUB [/tf_stream/feedback] /tf_lookup http://127.0.0.1:46565/
[rosmaster.master][INFO] 2025-12-04 21:50:01,034: -PUB [/mobile_base_controller/cmd_vel] /twist_mux http://127.0.0.1:40039/
[rosmaster.master][INFO] 2025-12-04 21:50:01,035: +PUB [/tf_stream/status] /tf_lookup http://127.0.0.1:46565/
[rosmaster.master][INFO] 2025-12-04 21:50:01,037: +CACHEDPARAM [/rosout_disable_topics_generation] by /move_group
[rosmaster.master][INFO] 2025-12-04 21:50:01,037: -PUB [/place/goal] /play_motion http://127.0.0.1:43633/
[rosmaster.master][INFO] 2025-12-04 21:50:01,030: publisherUpdate[/tf] -> http://127.0.0.1:46565/ ['http://127.0.0.1:39377/', 'http://127.0.0.1:37777/']: sec=0.07, result=[1, '', 0]
[rosmaster.master][INFO] 2025-12-04 21:50:01,038: publisherUpdate[/tf_static] -> http://127.0.0.1:46565/ ['http://127.0.0.1:37777/']
[rosmaster.master][INFO] 2025-12-04 21:50:01,040: +PARAM [/move_group/default_planning_pipeline] by /move_group
[rosmaster.master][INFO] 2025-12-04 21:50:01,040: +SUB [/tab_vel] /twist_mux http://127.0.0.1:34823/
[rosmaster.master][INFO] 2025-12-04 21:50:01,042: -PUB [/diagnostics] /twist_mux http://127.0.0.1:40039/
[rosmaster.master][INFO] 2025-12-04 21:50:01,043: -PUB [/place/cancel] /play_motion http://127.0.0.1:43633/
[rosmaster.master][INFO] 2025-12-04 21:50:01,046: publisherUpdate[/tf_static] -> http://127.0.0.1:46565/ ['http://127.0.0.1:37777/']: sec=0.01, result=[1, '', 0]
[rosmaster.master][INFO] 2025-12-04 21:50:01,055: -SUB [/clock] /twist_mux http://127.0.0.1:40039/
[rosmaster.master][INFO] 2025-12-04 21:50:01,055: publisherUpdate[/tf_static] -> http://127.0.0.1:45401/ ['http://127.0.0.1:37777/']: sec=0.05, result=[1, '', 0]
[rosmaster.master][INFO] 2025-12-04 21:50:01,071: publisherUpdate[/tf_stream/result] -> http://127.0.0.1:46597/ ['http://127.0.0.1:46565/']
[rosmaster.master][INFO] 2025-12-04 21:50:01,071: +SUB [/marker_vel] /twist_mux http://127.0.0.1:34823/
[rosmaster.master][INFO] 2025-12-04 21:50:01,073: +CACHEDPARAM [/rosout_disable_topics_generation] by /play_motion
[rosmaster.master][INFO] 2025-12-04 21:50:01,069: publisherUpdate[/rosout] -> http://127.0.0.1:46717/ ['http://127.0.0.1:45743/', 'http://127.0.0.1:46497/', 'http://127.0.0.1:39723/', 'http://127.0.0.1:40773/', 'http://127.0.0.1:32955/', 'http://127.0.0.1:34361/', 'http://127.0.0.1:46597/', 'http://127.0.0.1:33039/', 'http://127.0.0.1:42907/', 'http://127.0.0.1:39377/', 'http://127.0.0.1:43639/', 'http://127.0.0.1:36449/', 'http://127.0.0.1:46157/', 'http://127.0.0.1:45401/', 'http://127.0.0.1:46565/', 'http://127.0.0.1:34823/', 'http://127.0.0.1:38345/', 'http://127.0.0.1:45177/']
[rosmaster.master][INFO] 2025-12-04 21:50:01,076: publisherUpdate[/tf_stream/result] -> http://127.0.0.1:46597/ ['http://127.0.0.1:46565/']: sec=0.00, result=[1, '', 0]
[rosmaster.master][INFO] 2025-12-04 21:50:01,076: publisherUpdate[/tf_stream/feedback] -> http://127.0.0.1:46597/ ['http://127.0.0.1:46565/']
[rosmaster.master][INFO] 2025-12-04 21:50:01,076: publisherUpdate[/rosout] -> http://127.0.0.1:46717/ ['http://127.0.0.1:45743/', 'http://127.0.0.1:46497/', 'http://127.0.0.1:39723/', 'http://127.0.0.1:40773/', 'http://127.0.0.1:32955/', 'http://127.0.0.1:34361/', 'http://127.0.0.1:46597/', 'http://127.0.0.1:33039/', 'http://127.0.0.1:42907/', 'http://127.0.0.1:39377/', 'http://127.0.0.1:43639/', 'http://127.0.0.1:36449/', 'http://127.0.0.1:46157/', 'http://127.0.0.1:45401/', 'http://127.0.0.1:46565/', 'http://127.0.0.1:34823/', 'http://127.0.0.1:38345/', 'http://127.0.0.1:45177/']: sec=0.00, result=[1, '', 0]
[rosmaster.master][INFO] 2025-12-04 21:50:01,080: -PUB [/execute_trajectory/goal] /play_motion http://127.0.0.1:43633/
[rosmaster.master][INFO] 2025-12-04 21:50:01,088: -SUB [/nav_vel] /twist_mux http://127.0.0.1:40039/
[rosmaster.master][INFO] 2025-12-04 21:50:01,094: publisherUpdate[/tf_stream/feedback] -> http://127.0.0.1:46597/ ['http://127.0.0.1:46565/']: sec=0.01, result=[1, '', 0]
[rosmaster.master][INFO] 2025-12-04 21:50:01,094: publisherUpdate[/tf_stream/status] -> http://127.0.0.1:46597/ ['http://127.0.0.1:46565/']
[rosmaster.master][INFO] 2025-12-04 21:50:01,095: +CACHEDPARAM [/rosout_disable_topics_generation] by /robot_state_publisher
[rosmaster.master][INFO] 2025-12-04 21:50:01,096: +SUB [/tf] /move_group http://127.0.0.1:45177/
[rosmaster.master][INFO] 2025-12-04 21:50:01,102: +SUB [/phone_vel] /twist_mux http://127.0.0.1:34823/
[rosmaster.master][INFO] 2025-12-04 21:50:01,104: +SUB [/tf_stream/goal] /tf_lookup http://127.0.0.1:46565/
[rosmaster.master][INFO] 2025-12-04 21:50:01,105: -SUB [/joy_vel] /twist_mux http://127.0.0.1:40039/
[rosmaster.master][INFO] 2025-12-04 21:50:01,106: -PUB [/execute_trajectory/cancel] /play_motion http://127.0.0.1:43633/
[rosmaster.master][INFO] 2025-12-04 21:50:01,110: -PUB [/rosout] /robot_state_publisher http://127.0.0.1:37777/
[rosmaster.master][INFO] 2025-12-04 21:50:01,112: -PUB [/tf] /robot_state_publisher http://127.0.0.1:37777/
[rosmaster.master][INFO] 2025-12-04 21:50:01,113: -SUB [/key_vel] /twist_mux http://127.0.0.1:40039/
[rosmaster.master][INFO] 2025-12-04 21:50:01,113: -PUB [/tf_static] /robot_state_publisher http://127.0.0.1:37777/
[rosmaster.master][INFO] 2025-12-04 21:50:01,117: publisherUpdate[/tf] -> http://127.0.0.1:45401/ ['http://127.0.0.1:39377/']
[rosmaster.master][INFO] 2025-12-04 21:50:01,126: +PUB [/rosout] /image_raw_to_rect_color_relay http://127.0.0.1:43211/
[rosmaster.master][INFO] 2025-12-04 21:50:01,138: +PUB [/rosout] /twist_marker http://127.0.0.1:42303/
[rosmaster.master][INFO] 2025-12-04 21:50:01,142: +SERVICE [/image_raw_to_rect_color_relay/get_loggers] /image_raw_to_rect_color_relay http://127.0.0.1:43211/
[rosmaster.master][INFO] 2025-12-04 21:50:01,233: +SUB [/tf_static] /play_motion http://127.0.0.1:38345/
[rosmaster.master][INFO] 2025-12-04 21:50:01,234: -SUB [/tab_vel] /twist_mux http://127.0.0.1:40039/
[rosmaster.master][INFO] 2025-12-04 21:50:01,235: +SERVICE [/twist_marker/get_loggers] /twist_marker http://127.0.0.1:42303/
[rosmaster.master][INFO] 2025-12-04 21:50:01,236: -SUB [/marker_vel] /twist_mux http://127.0.0.1:40039/
[rosmaster.master][INFO] 2025-12-04 21:50:01,237: -SUB [/phone_vel] /twist_mux http://127.0.0.1:40039/
[rosmaster.master][INFO] 2025-12-04 21:50:01,238: -SUB [/rviz_joy_vel] /twist_mux http://127.0.0.1:40039/
[rosmaster.master][INFO] 2025-12-04 21:50:01,239: -SUB [/servoing_cmd_vel] /twist_mux http://127.0.0.1:40039/
[rosmaster.master][INFO] 2025-12-04 21:50:01,243: +SERVICE [/image_raw_to_rect_color_relay/set_logger_level] /image_raw_to_rect_color_relay http://127.0.0.1:43211/
[rosmaster.master][INFO] 2025-12-04 21:50:01,245: publisherUpdate[/tf] -> http://127.0.0.1:45401/ ['http://127.0.0.1:39377/']: sec=0.13, result=[1, '', 0]
[rosmaster.master][INFO] 2025-12-04 21:50:01,246: publisherUpdate[/tf] -> http://127.0.0.1:46565/ ['http://127.0.0.1:39377/']
[rosmaster.master][INFO] 2025-12-04 21:50:01,248: -PUB [/play_motion/result] /play_motion http://127.0.0.1:43633/
[rosmaster.master][INFO] 2025-12-04 21:50:01,249: publisherUpdate[/tf_stream/status] -> http://127.0.0.1:46597/ ['http://127.0.0.1:46565/']: sec=0.15, result=[1, '', 0]
[rosmaster.master][INFO] 2025-12-04 21:50:01,250: publisherUpdate[/tf] -> http://127.0.0.1:38345/ ['http://127.0.0.1:39377/']
[rosmaster.master][INFO] 2025-12-04 21:50:01,251: publisherUpdate[/tf] -> http://127.0.0.1:45177/ ['http://127.0.0.1:39377/']
[rosmaster.master][INFO] 2025-12-04 21:50:01,252: -PUB [/rosout] /move_group http://127.0.0.1:43579/
[rosmaster.master][INFO] 2025-12-04 21:50:01,253: +SUB [/tf_stream/cancel] /tf_lookup http://127.0.0.1:46565/
[rosmaster.master][INFO] 2025-12-04 21:50:01,253: -SUB [/clock] /robot_state_publisher http://127.0.0.1:37777/
[rosmaster.master][INFO] 2025-12-04 21:50:01,253: +SUB [/rviz_joy_vel] /twist_mux http://127.0.0.1:34823/
[rosmaster.master][INFO] 2025-12-04 21:50:01,258: +SUB [/servoing_cmd_vel] /twist_mux http://127.0.0.1:34823/
[rosmaster.master][INFO] 2025-12-04 21:50:01,260: +CACHEDPARAM [/twist_mux/locks] by /twist_mux
[rosmaster.master][INFO] 2025-12-04 21:50:01,260: +SUB [/tf_static] /move_group http://127.0.0.1:45177/
[rosmaster.master][INFO] 2025-12-04 21:50:01,275: -PUB [/play_motion/feedback] /play_motion http://127.0.0.1:43633/
[rosmaster.master][INFO] 2025-12-04 21:50:01,276: -SUB [/pause_navigation] /twist_mux http://127.0.0.1:40039/
[rosmaster.master][INFO] 2025-12-04 21:50:01,276: +SERVICE [/twist_marker/set_logger_level] /twist_marker http://127.0.0.1:42303/
[rosmaster.master][INFO] 2025-12-04 21:50:01,286: -PUB [/move_group/planning_scene_monitor/parameter_descriptions] /move_group http://127.0.0.1:43579/
[rosmaster.master][INFO] 2025-12-04 21:50:01,287: -SUB [/stop_closing_loop] /twist_mux http://127.0.0.1:40039/
[rosmaster.master][INFO] 2025-12-04 21:50:01,288: -SUB [/joy_priority] /twist_mux http://127.0.0.1:40039/
[rosmaster.master][INFO] 2025-12-04 21:50:01,300: -SUB [/joint_states] /robot_state_publisher http://127.0.0.1:37777/
[rosmaster.master][INFO] 2025-12-04 21:50:01,301: -SERVICE [/robot_state_publisher/get_loggers] /robot_state_publisher rosrpc://127.0.0.1:42463
[rosmaster.master][INFO] 2025-12-04 21:50:01,303: -SERVICE [/robot_state_publisher/set_logger_level] /robot_state_publisher rosrpc://127.0.0.1:42463
[rosmaster.master][INFO] 2025-12-04 21:50:01,304: -CACHEDPARAM [/rosout_disable_topics_generation] by /robot_state_publisher
[rosmaster.master][INFO] 2025-12-04 21:50:01,305: +SUB [/clock] /image_raw_to_rect_color_relay http://127.0.0.1:43211/
[rosmaster.master][INFO] 2025-12-04 21:50:01,306: -PUB [/play_motion/status] /play_motion http://127.0.0.1:43633/
[rosmaster.master][INFO] 2025-12-04 21:50:01,306: -PUB [/move_group/planning_scene_monitor/parameter_updates] /move_group http://127.0.0.1:43579/
[rosmaster.master][INFO] 2025-12-04 21:50:01,307: -PUB [/move_group/monitored_planning_scene] /move_group http://127.0.0.1:43579/
[rosmaster.master][INFO] 2025-12-04 21:50:01,308: -PUB [/diagnostics] /play_motion http://127.0.0.1:43633/
[rosmaster.master][INFO] 2025-12-04 21:50:01,311: -SERVICE [/twist_mux/get_loggers] /twist_mux rosrpc://127.0.0.1:60297
[rosmaster.master][INFO] 2025-12-04 21:50:01,313: -SERVICE [/twist_mux/set_logger_level] /twist_mux rosrpc://127.0.0.1:60297
[rosmaster.master][INFO] 2025-12-04 21:50:01,321: -PUB [/arm_controller/follow_joint_trajectory/goal] /play_motion http://127.0.0.1:43633/
[rosmaster.master][INFO] 2025-12-04 21:50:01,322: -PUB [/move_group/ompl/parameter_descriptions] /move_group http://127.0.0.1:43579/
[rosmaster.master][INFO] 2025-12-04 21:50:01,325: -CACHEDPARAM [/rosout_disable_topics_generation] by /twist_mux
[rosmaster.master][INFO] 2025-12-04 21:50:01,326: +SUB [/pause_navigation] /twist_mux http://127.0.0.1:34823/
[rosmaster.master][INFO] 2025-12-04 21:50:01,341: -PUB [/arm_controller/follow_joint_trajectory/cancel] /play_motion http://127.0.0.1:43633/
[rosmaster.master][INFO] 2025-12-04 21:50:01,342: -PUB [/hand_controller/follow_joint_trajectory/goal] /play_motion http://127.0.0.1:43633/
[rosmaster.master][INFO] 2025-12-04 21:50:01,357: publisherUpdate[/tf] -> http://127.0.0.1:38345/ ['http://127.0.0.1:39377/']: sec=0.11, result=[1, '', 0]
[rosmaster.master][INFO] 2025-12-04 21:50:01,359: publisherUpdate[/tf_static] -> http://127.0.0.1:45401/ []
[rosmaster.master][INFO] 2025-12-04 21:50:01,359: -PUB [/move_group/ompl/parameter_updates] /move_group http://127.0.0.1:43579/
[rosmaster.master][INFO] 2025-12-04 21:50:01,362: +SUB [/clock] /twist_marker http://127.0.0.1:42303/
[rosmaster.master][INFO] 2025-12-04 21:50:01,363: -PUB [/move_group/display_planned_path] /move_group http://127.0.0.1:43579/
[rosmaster.master][INFO] 2025-12-04 21:50:01,413: publisherUpdate[/tf_static] -> http://127.0.0.1:45401/ []: sec=0.01, result=[1, '', 0]
[rosmaster.master][INFO] 2025-12-04 21:50:01,425: publisherUpdate[/tf] -> http://127.0.0.1:45177/ ['http://127.0.0.1:39377/']: sec=0.17, result=[1, '', 0]
[rosmaster.master][INFO] 2025-12-04 21:50:01,425: publisherUpdate[/rosout] -> http://127.0.0.1:46717/ ['http://127.0.0.1:45743/', 'http://127.0.0.1:39723/', 'http://127.0.0.1:40773/', 'http://127.0.0.1:32955/', 'http://127.0.0.1:34361/', 'http://127.0.0.1:46597/', 'http://127.0.0.1:33039/', 'http://127.0.0.1:42907/', 'http://127.0.0.1:39377/', 'http://127.0.0.1:43639/', 'http://127.0.0.1:36449/', 'http://127.0.0.1:46157/', 'http://127.0.0.1:45401/', 'http://127.0.0.1:46565/', 'http://127.0.0.1:34823/', 'http://127.0.0.1:38345/', 'http://127.0.0.1:45177/', 'http://127.0.0.1:43211/']
[rosmaster.master][INFO] 2025-12-04 21:50:01,429: publisherUpdate[/rosout] -> http://127.0.0.1:46717/ ['http://127.0.0.1:45743/', 'http://127.0.0.1:39723/', 'http://127.0.0.1:40773/', 'http://127.0.0.1:32955/', 'http://127.0.0.1:34361/', 'http://127.0.0.1:46597/', 'http://127.0.0.1:33039/', 'http://127.0.0.1:42907/', 'http://127.0.0.1:39377/', 'http://127.0.0.1:43639/', 'http://127.0.0.1:36449/', 'http://127.0.0.1:46157/', 'http://127.0.0.1:45401/', 'http://127.0.0.1:46565/', 'http://127.0.0.1:34823/', 'http://127.0.0.1:38345/', 'http://127.0.0.1:45177/', 'http://127.0.0.1:43211/']: sec=0.00, result=[1, '', 0]
[rosmaster.master][INFO] 2025-12-04 21:50:01,485: +SUB [/xtion/rgb/image_raw] /image_raw_to_rect_color_relay http://127.0.0.1:43211/
[rosmaster.master][INFO] 2025-12-04 21:50:01,486: -PUB [/hand_controller/follow_joint_trajectory/cancel] /play_motion http://127.0.0.1:43633/
[rosmaster.master][INFO] 2025-12-04 21:50:01,487: -PUB [/head_controller/follow_joint_trajectory/goal] /play_motion http://127.0.0.1:43633/
[rosmaster.master][INFO] 2025-12-04 21:50:01,414: publisherUpdate[/tf] -> http://127.0.0.1:46565/ ['http://127.0.0.1:39377/']: sec=0.17, result=[1, '', 0]
[rosmaster.master][INFO] 2025-12-04 21:50:01,496: publisherUpdate[/tf_static] -> http://127.0.0.1:46565/ []
[rosmaster.master][INFO] 2025-12-04 21:50:01,495: -CACHEDPARAM [/twist_mux/diagnostic_period] by /twist_mux
[rosmaster.master][INFO] 2025-12-04 21:50:01,498: publisherUpdate[/rosout] -> http://127.0.0.1:46717/ ['http://127.0.0.1:39723/', 'http://127.0.0.1:40773/', 'http://127.0.0.1:32955/', 'http://127.0.0.1:34361/', 'http://127.0.0.1:46597/', 'http://127.0.0.1:33039/', 'http://127.0.0.1:42907/', 'http://127.0.0.1:39377/', 'http://127.0.0.1:43639/', 'http://127.0.0.1:36449/', 'http://127.0.0.1:46157/', 'http://127.0.0.1:45401/', 'http://127.0.0.1:46565/', 'http://127.0.0.1:34823/', 'http://127.0.0.1:38345/', 'http://127.0.0.1:45177/', 'http://127.0.0.1:43211/', 'http://127.0.0.1:42303/']
[rosmaster.master][INFO] 2025-12-04 21:50:01,500: +CACHEDPARAM [/rosout_disable_topics_generation] by /twist_marker
[rosmaster.master][INFO] 2025-12-04 21:50:01,530: +SUB [/stop_closing_loop] /twist_mux http://127.0.0.1:34823/
[rosmaster.master][INFO] 2025-12-04 21:50:01,533: -PUB [/head_controller/follow_joint_trajectory/cancel] /play_motion http://127.0.0.1:43633/
[rosmaster.master][INFO] 2025-12-04 21:50:01,535: publisherUpdate[/tf_static] -> http://127.0.0.1:46565/ []: sec=0.04, result=[1, '', 0]
[rosmaster.master][INFO] 2025-12-04 21:50:01,537: +PUB [/twist_marker] /twist_marker http://127.0.0.1:42303/
[rosmaster.master][INFO] 2025-12-04 21:50:01,550: -PUB [/move_group/display_contacts] /move_group http://127.0.0.1:43579/
[rosmaster.master][INFO] 2025-12-04 21:50:01,550: publisherUpdate[/rosout] -> http://127.0.0.1:46717/ ['http://127.0.0.1:39723/', 'http://127.0.0.1:40773/', 'http://127.0.0.1:32955/', 'http://127.0.0.1:34361/', 'http://127.0.0.1:46597/', 'http://127.0.0.1:33039/', 'http://127.0.0.1:42907/', 'http://127.0.0.1:39377/', 'http://127.0.0.1:43639/', 'http://127.0.0.1:36449/', 'http://127.0.0.1:46157/', 'http://127.0.0.1:45401/', 'http://127.0.0.1:46565/', 'http://127.0.0.1:34823/', 'http://127.0.0.1:38345/', 'http://127.0.0.1:45177/', 'http://127.0.0.1:43211/', 'http://127.0.0.1:42303/']: sec=0.05, result=[1, '', 0]
[rosmaster.master][INFO] 2025-12-04 21:50:01,553: -PUB [/torso_controller/follow_joint_trajectory/goal] /play_motion http://127.0.0.1:43633/
[rosmaster.master][INFO] 2025-12-04 21:50:01,554: -CACHEDPARAM [/twist_mux/locks] by /twist_mux
[rosmaster.master][INFO] 2025-12-04 21:50:01,554: -PUB [/arm_controller/follow_joint_trajectory/goal] /move_group http://127.0.0.1:43579/
[rosmaster.master][INFO] 2025-12-04 21:50:01,555: -CACHEDPARAM [/twist_mux/topics] by /twist_mux
[rosmaster.master][INFO] 2025-12-04 21:50:01,556: -PUB [/arm_controller/follow_joint_trajectory/cancel] /move_group http://127.0.0.1:43579/
[rosmaster.master][INFO] 2025-12-04 21:50:01,558: +SUB [/joy_priority] /twist_mux http://127.0.0.1:34823/
[rosmaster.master][INFO] 2025-12-04 21:50:01,559: -PUB [/torso_controller/follow_joint_trajectory/cancel] /play_motion http://127.0.0.1:43633/
[rosmaster.master][INFO] 2025-12-04 21:50:01,561: -PUB [/torso_controller/follow_joint_trajectory/goal] /move_group http://127.0.0.1:43579/
[rosmaster.master][INFO] 2025-12-04 21:50:01,562: +PUB [/mobile_base_controller/cmd_vel] /twist_mux http://127.0.0.1:34823/
[rosmaster.master][INFO] 2025-12-04 21:50:01,565: +PUB [/diagnostics] /twist_mux http://127.0.0.1:34823/
[rosmaster.master][INFO] 2025-12-04 21:50:01,568: -PUB [/torso_controller/follow_joint_trajectory/cancel] /move_group http://127.0.0.1:43579/
[rosmaster.master][INFO] 2025-12-04 21:50:01,569: +SUB [/mobile_base_controller/cmd_vel] /twist_marker http://127.0.0.1:42303/
[rosmaster.master][INFO] 2025-12-04 21:50:01,570: -SUB [/clock] /play_motion http://127.0.0.1:43633/
[rosmaster.master][INFO] 2025-12-04 21:50:01,576: +CACHEDPARAM [/twist_mux/diagnostic_period] by /twist_mux
[rosmaster.master][INFO] 2025-12-04 21:50:01,578: -PUB [/head_controller/follow_joint_trajectory/goal] /move_group http://127.0.0.1:43579/
[rosmaster.master][INFO] 2025-12-04 21:50:01,579: -PUB [/head_controller/follow_joint_trajectory/cancel] /move_group http://127.0.0.1:43579/
[rosmaster.master][INFO] 2025-12-04 21:50:01,584: -SUB [/joint_states] /play_motion http://127.0.0.1:43633/
[rosmaster.master][INFO] 2025-12-04 21:50:01,591: -PUB [/hand_controller/follow_joint_trajectory/goal] /move_group http://127.0.0.1:43579/
[rosmaster.master][INFO] 2025-12-04 21:50:01,592: -SUB [/tf] /play_motion http://127.0.0.1:43633/
[rosmaster.master][INFO] 2025-12-04 21:50:01,593: -PUB [/hand_controller/follow_joint_trajectory/cancel] /move_group http://127.0.0.1:43579/
[rosmaster.master][INFO] 2025-12-04 21:50:01,593: -PUB [/move_group/trajectory_execution/parameter_descriptions] /move_group http://127.0.0.1:43579/
[rosmaster.master][INFO] 2025-12-04 21:50:01,595: -PUB [/move_group/trajectory_execution/parameter_updates] /move_group http://127.0.0.1:43579/
[rosmaster.master][INFO] 2025-12-04 21:50:01,597: -PUB [/move_group/plan_execution/parameter_descriptions] /move_group http://127.0.0.1:43579/
[rosmaster.master][INFO] 2025-12-04 21:50:01,598: -PUB [/rosout] /image_raw_to_rect_color_relay http://127.0.0.1:46497/
[rosmaster.master][INFO] 2025-12-04 21:50:01,599: -PUB [/xtion/rgb/image_rect_color] /image_raw_to_rect_color_relay http://127.0.0.1:46497/
[rosmaster.master][INFO] 2025-12-04 21:50:01,601: -SUB [/clock] /image_raw_to_rect_color_relay http://127.0.0.1:46497/
[rosmaster.master][INFO] 2025-12-04 21:50:01,601: -PUB [/move_group/plan_execution/parameter_updates] /move_group http://127.0.0.1:43579/
[rosmaster.master][INFO] 2025-12-04 21:50:01,602: -SUB [/xtion/rgb/image_raw] /image_raw_to_rect_color_relay http://127.0.0.1:46497/
[rosmaster.master][INFO] 2025-12-04 21:50:01,602: -PUB [/move_group/sense_for_plan/parameter_descriptions] /move_group http://127.0.0.1:43579/
[rosmaster.master][INFO] 2025-12-04 21:50:01,603: -PUB [/move_group/sense_for_plan/parameter_updates] /move_group http://127.0.0.1:43579/
[rosmaster.master][INFO] 2025-12-04 21:50:01,604: -SERVICE [/image_raw_to_rect_color_relay/get_loggers] /image_raw_to_rect_color_relay rosrpc://127.0.0.1:43473
[rosmaster.master][INFO] 2025-12-04 21:50:01,607: -SERVICE [/image_raw_to_rect_color_relay/set_logger_level] /image_raw_to_rect_color_relay rosrpc://127.0.0.1:43473
[rosmaster.master][INFO] 2025-12-04 21:50:01,607: -PUB [/execute_trajectory/result] /move_group http://127.0.0.1:43579/
[rosmaster.master][INFO] 2025-12-04 21:50:01,608: -CACHEDPARAM [/rosout_disable_topics_generation] by /image_raw_to_rect_color_relay
[rosmaster.master][INFO] 2025-12-04 21:50:01,612: -PUB [/execute_trajectory/feedback] /move_group http://127.0.0.1:43579/
[rosmaster.master][INFO] 2025-12-04 21:50:01,612: -PUB [/execute_trajectory/status] /move_group http://127.0.0.1:43579/
[rosmaster.master][INFO] 2025-12-04 21:50:01,613: -PUB [/move_group/result] /move_group http://127.0.0.1:43579/
[rosmaster.master][INFO] 2025-12-04 21:50:01,614: -PUB [/move_group/feedback] /move_group http://127.0.0.1:43579/
[rosmaster.master][INFO] 2025-12-04 21:50:01,617: -PUB [/move_group/status] /move_group http://127.0.0.1:43579/
[rosmaster.master][INFO] 2025-12-04 21:50:01,620: -PUB [/pickup/result] /move_group http://127.0.0.1:43579/
[rosmaster.master][INFO] 2025-12-04 21:50:01,629: -SUB [/tf_static] /play_motion http://127.0.0.1:43633/
[rosmaster.master][INFO] 2025-12-04 21:50:01,631: -SUB [/move_group/status] /play_motion http://127.0.0.1:43633/
[rosmaster.master][INFO] 2025-12-04 21:50:01,631: -SUB [/move_group/feedback] /play_motion http://127.0.0.1:43633/
[rosmaster.master][INFO] 2025-12-04 21:50:01,645: -SUB [/move_group/result] /play_motion http://127.0.0.1:43633/
[rosmaster.master][INFO] 2025-12-04 21:50:01,646: -SUB [/pickup/status] /play_motion http://127.0.0.1:43633/
[rosmaster.master][INFO] 2025-12-04 21:50:01,647: -SUB [/pickup/feedback] /play_motion http://127.0.0.1:43633/
[rosmaster.master][INFO] 2025-12-04 21:50:01,649: -SUB [/pickup/result] /play_motion http://127.0.0.1:43633/
[rosmaster.master][INFO] 2025-12-04 21:50:01,650: -SUB [/place/status] /play_motion http://127.0.0.1:43633/
[rosmaster.master][INFO] 2025-12-04 21:50:01,664: +PUB [/rosout] /throttle_filtering_points http://127.0.0.1:45375/
[rosmaster.master][INFO] 2025-12-04 21:50:01,665: publisherUpdate[/mobile_base_controller/cmd_vel] -> http://127.0.0.1:39377/ ['http://127.0.0.1:34823/']
[rosmaster.master][INFO] 2025-12-04 21:50:01,670: -SUB [/place/feedback] /play_motion http://127.0.0.1:43633/
[rosmaster.master][INFO] 2025-12-04 21:50:01,722: -PUB [/pickup/feedback] /move_group http://127.0.0.1:43579/
[rosmaster.master][INFO] 2025-12-04 21:50:01,726: +PUB [/rosout] /hand_grasping_action http://127.0.0.1:39879/
[rosmaster.master][INFO] 2025-12-04 21:50:01,727: +PUB [/rosout] /is_already_there http://127.0.0.1:38267/
[rosmaster.master][INFO] 2025-12-04 21:50:01,728: +CACHEDPARAM [/rosout_disable_topics_generation] by /twist_marker
[rosmaster.master][INFO] 2025-12-04 21:50:01,729: +SERVICE [/throttle_filtering_points/get_loggers] /throttle_filtering_points http://127.0.0.1:45375/
[rosmaster.master][INFO] 2025-12-04 21:50:01,732: -PUB [/pickup/status] /move_group http://127.0.0.1:43579/
[rosmaster.master][INFO] 2025-12-04 21:50:01,732: -SUB [/place/result] /play_motion http://127.0.0.1:43633/
[rosmaster.master][INFO] 2025-12-04 21:50:01,733: -SUB [/execute_trajectory/status] /play_motion http://127.0.0.1:43633/
[rosmaster.master][INFO] 2025-12-04 21:50:01,734: -SUB [/execute_trajectory/feedback] /play_motion http://127.0.0.1:43633/
[rosmaster.master][INFO] 2025-12-04 21:50:01,735: -SUB [/execute_trajectory/result] /play_motion http://127.0.0.1:43633/
[rosmaster.master][INFO] 2025-12-04 21:50:01,736: -SUB [/play_motion/goal] /play_motion http://127.0.0.1:43633/
[rosmaster.master][INFO] 2025-12-04 21:50:01,738: -SUB [/play_motion/cancel] /play_motion http://127.0.0.1:43633/
[rosmaster.master][INFO] 2025-12-04 21:50:01,739: -PUB [/place/result] /move_group http://127.0.0.1:43579/
[rosmaster.master][INFO] 2025-12-04 21:50:01,740: -SUB [/arm_controller/follow_joint_trajectory/status] /play_motion http://127.0.0.1:43633/
[rosmaster.master][INFO] 2025-12-04 21:50:01,742: -SUB [/arm_controller/follow_joint_trajectory/feedback] /play_motion http://127.0.0.1:43633/
[rosmaster.master][INFO] 2025-12-04 21:50:01,753: publisherUpdate[/rosout] -> http://127.0.0.1:46717/ ['http://127.0.0.1:40773/', 'http://127.0.0.1:32955/', 'http://127.0.0.1:34361/', 'http://127.0.0.1:46597/', 'http://127.0.0.1:33039/', 'http://127.0.0.1:42907/', 'http://127.0.0.1:39377/', 'http://127.0.0.1:43639/', 'http://127.0.0.1:36449/', 'http://127.0.0.1:46157/', 'http://127.0.0.1:45401/', 'http://127.0.0.1:46565/', 'http://127.0.0.1:34823/', 'http://127.0.0.1:38345/', 'http://127.0.0.1:45177/', 'http://127.0.0.1:43211/', 'http://127.0.0.1:45375/']
[rosmaster.master][INFO] 2025-12-04 21:50:01,769: publisherUpdate[/rosout] -> http://127.0.0.1:46717/ ['http://127.0.0.1:40773/', 'http://127.0.0.1:32955/', 'http://127.0.0.1:34361/', 'http://127.0.0.1:46597/', 'http://127.0.0.1:33039/', 'http://127.0.0.1:42907/', 'http://127.0.0.1:39377/', 'http://127.0.0.1:43639/', 'http://127.0.0.1:36449/', 'http://127.0.0.1:46157/', 'http://127.0.0.1:45401/', 'http://127.0.0.1:46565/', 'http://127.0.0.1:34823/', 'http://127.0.0.1:38345/', 'http://127.0.0.1:45177/', 'http://127.0.0.1:43211/', 'http://127.0.0.1:45375/']: sec=0.00, result=[1, '', 0]
[rosmaster.master][INFO] 2025-12-04 21:50:01,777: +SERVICE [/throttle_filtering_points/set_logger_level] /throttle_filtering_points http://127.0.0.1:45375/
[rosmaster.master][INFO] 2025-12-04 21:50:01,779: -SUB [/arm_controller/follow_joint_trajectory/result] /play_motion http://127.0.0.1:43633/
[rosmaster.master][INFO] 2025-12-04 21:50:01,783: publisherUpdate[/rosout] -> http://127.0.0.1:46717/ ['http://127.0.0.1:32955/', 'http://127.0.0.1:34361/', 'http://127.0.0.1:46597/', 'http://127.0.0.1:33039/', 'http://127.0.0.1:42907/', 'http://127.0.0.1:39377/', 'http://127.0.0.1:43639/', 'http://127.0.0.1:36449/', 'http://127.0.0.1:46157/', 'http://127.0.0.1:45401/', 'http://127.0.0.1:46565/', 'http://127.0.0.1:34823/', 'http://127.0.0.1:38345/', 'http://127.0.0.1:45177/', 'http://127.0.0.1:43211/', 'http://127.0.0.1:45375/', 'http://127.0.0.1:39879/']
[rosmaster.master][INFO] 2025-12-04 21:50:01,793: -PUB [/place/feedback] /move_group http://127.0.0.1:43579/
[rosmaster.master][INFO] 2025-12-04 21:50:01,795: -PUB [/place/status] /move_group http://127.0.0.1:43579/
[rosmaster.master][INFO] 2025-12-04 21:50:01,797: -SUB [/clock] /move_group http://127.0.0.1:43579/
[rosmaster.master][INFO] 2025-12-04 21:50:01,798: -SUB [/tf] /move_group http://127.0.0.1:43579/
[rosmaster.master][INFO] 2025-12-04 21:50:01,799: -SUB [/tf_static] /move_group http://127.0.0.1:43579/
[rosmaster.master][INFO] 2025-12-04 21:50:01,801: -SUB [/hand_controller/follow_joint_trajectory/status] /play_motion http://127.0.0.1:43633/
[rosmaster.master][INFO] 2025-12-04 21:50:01,803: -SUB [/hand_controller/follow_joint_trajectory/feedback] /play_motion http://127.0.0.1:43633/
[rosmaster.master][INFO] 2025-12-04 21:50:01,810: -SUB [/hand_controller/follow_joint_trajectory/result] /play_motion http://127.0.0.1:43633/
[rosmaster.master][INFO] 2025-12-04 21:50:01,807: publisherUpdate[/mobile_base_controller/cmd_vel] -> http://127.0.0.1:39377/ ['http://127.0.0.1:34823/']: sec=0.14, result=[1, '', 0]
[rosmaster.master][INFO] 2025-12-04 21:50:01,805: publisherUpdate[/rosout] -> http://127.0.0.1:46717/ ['http://127.0.0.1:32955/', 'http://127.0.0.1:34361/', 'http://127.0.0.1:46597/', 'http://127.0.0.1:33039/', 'http://127.0.0.1:42907/', 'http://127.0.0.1:39377/', 'http://127.0.0.1:43639/', 'http://127.0.0.1:36449/', 'http://127.0.0.1:46157/', 'http://127.0.0.1:45401/', 'http://127.0.0.1:46565/', 'http://127.0.0.1:34823/', 'http://127.0.0.1:38345/', 'http://127.0.0.1:45177/', 'http://127.0.0.1:43211/', 'http://127.0.0.1:45375/', 'http://127.0.0.1:39879/']: sec=0.02, result=[1, '', 0]
[rosmaster.master][INFO] 2025-12-04 21:50:01,824: publisherUpdate[/rosout] -> http://127.0.0.1:46717/ ['http://127.0.0.1:32955/', 'http://127.0.0.1:46597/', 'http://127.0.0.1:33039/', 'http://127.0.0.1:42907/', 'http://127.0.0.1:39377/', 'http://127.0.0.1:43639/', 'http://127.0.0.1:36449/', 'http://127.0.0.1:46157/', 'http://127.0.0.1:45401/', 'http://127.0.0.1:46565/', 'http://127.0.0.1:34823/', 'http://127.0.0.1:38345/', 'http://127.0.0.1:45177/', 'http://127.0.0.1:43211/', 'http://127.0.0.1:45375/', 'http://127.0.0.1:39879/', 'http://127.0.0.1:38267/']
[rosmaster.master][INFO] 2025-12-04 21:50:01,825: -SUB [/joint_states] /move_group http://127.0.0.1:43579/
[rosmaster.master][INFO] 2025-12-04 21:50:01,827: -SUB [/clock] /hand_grasping_action http://127.0.0.1:40773/
[rosmaster.master][INFO] 2025-12-04 21:50:01,828: -SUB [/hand_controller/follow_joint_trajectory/status] /hand_grasping_action http://127.0.0.1:40773/
[rosmaster.master][INFO] 2025-12-04 21:50:01,828: -SUB [/hand_controller/follow_joint_trajectory/result] /hand_grasping_action http://127.0.0.1:40773/
[rosmaster.master][INFO] 2025-12-04 21:50:01,829: -SUB [/hand_controller/follow_joint_trajectory/feedback] /hand_grasping_action http://127.0.0.1:40773/
[rosmaster.master][INFO] 2025-12-04 21:50:01,829: -SUB [/hand_grasping_action/goal] /hand_grasping_action http://127.0.0.1:40773/
[rosmaster.master][INFO] 2025-12-04 21:50:01,829: -SUB [/hand_grasping_action/cancel] /hand_grasping_action http://127.0.0.1:40773/
[rosmaster.master][INFO] 2025-12-04 21:50:01,829: -SUB [/joint_states] /hand_grasping_action http://127.0.0.1:40773/
[rosmaster.master][INFO] 2025-12-04 21:50:01,829: -PUB [/rosout] /hand_grasping_action http://127.0.0.1:40773/
[rosmaster.master][INFO] 2025-12-04 21:50:01,831: publisherUpdate[/rosout] -> http://127.0.0.1:46717/ ['http://127.0.0.1:32955/', 'http://127.0.0.1:46597/', 'http://127.0.0.1:33039/', 'http://127.0.0.1:42907/', 'http://127.0.0.1:39377/', 'http://127.0.0.1:43639/', 'http://127.0.0.1:36449/', 'http://127.0.0.1:46157/', 'http://127.0.0.1:45401/', 'http://127.0.0.1:46565/', 'http://127.0.0.1:34823/', 'http://127.0.0.1:38345/', 'http://127.0.0.1:45177/', 'http://127.0.0.1:43211/', 'http://127.0.0.1:45375/', 'http://127.0.0.1:39879/', 'http://127.0.0.1:38267/']: sec=0.01, result=[1, '', 0]
[rosmaster.master][INFO] 2025-12-04 21:50:01,834: +SUB [/clock] /is_already_there http://127.0.0.1:38267/
[rosmaster.master][INFO] 2025-12-04 21:50:01,836: -SUB [/clock] /is_already_there http://127.0.0.1:34361/
[rosmaster.master][INFO] 2025-12-04 21:50:01,836: -SUB [/joint_states] /is_already_there http://127.0.0.1:34361/
[rosmaster.master][INFO] 2025-12-04 21:50:01,836: -PUB [/rosout] /is_already_there http://127.0.0.1:34361/
[rosmaster.master][INFO] 2025-12-04 21:50:01,837: -SERVICE [/is_already_there/get_loggers] /is_already_there rosrpc://127.0.0.1:45179
[rosmaster.master][INFO] 2025-12-04 21:50:01,837: -SERVICE [/is_already_there/set_logger_level] /is_already_there rosrpc://127.0.0.1:45179
[rosmaster.master][INFO] 2025-12-04 21:50:01,837: -SERVICE [/play_motion/is_already_there] /is_already_there rosrpc://127.0.0.1:45179
[rosmaster.master][INFO] 2025-12-04 21:50:01,840: -SUB [/head_controller/follow_joint_trajectory/status] /play_motion http://127.0.0.1:43633/
[rosmaster.master][INFO] 2025-12-04 21:50:01,842: -PUB [/hand_controller/follow_joint_trajectory/goal] /hand_grasping_action http://127.0.0.1:40773/
[rosmaster.master][INFO] 2025-12-04 21:50:01,843: -PUB [/hand_controller/follow_joint_trajectory/cancel] /hand_grasping_action http://127.0.0.1:40773/
[rosmaster.master][INFO] 2025-12-04 21:50:01,844: +SUB [/clock] /throttle_filtering_points http://127.0.0.1:45375/
[rosmaster.master][INFO] 2025-12-04 21:50:01,845: +SUB [/clock] /hand_grasping_action http://127.0.0.1:39879/
[rosmaster.master][INFO] 2025-12-04 21:50:01,846: -PUB [/rosout] /twist_marker http://127.0.0.1:45743/
[rosmaster.master][INFO] 2025-12-04 21:50:01,847: -SUB [/attached_collision_object] /move_group http://127.0.0.1:43579/
[rosmaster.master][INFO] 2025-12-04 21:50:01,848: -PUB [/twist_marker] /twist_marker http://127.0.0.1:45743/
[rosmaster.master][INFO] 2025-12-04 21:50:01,848: -SUB [/clock] /twist_marker http://127.0.0.1:45743/
[rosmaster.master][INFO] 2025-12-04 21:50:01,850: -SUB [/mobile_base_controller/cmd_vel] /twist_marker http://127.0.0.1:45743/
[rosmaster.master][INFO] 2025-12-04 21:50:01,851: -PUB [/hand_grasping_action/status] /hand_grasping_action http://127.0.0.1:40773/
[rosmaster.master][INFO] 2025-12-04 21:50:01,852: -PUB [/hand_grasping_action/result] /hand_grasping_action http://127.0.0.1:40773/
[rosmaster.master][INFO] 2025-12-04 21:50:01,852: -PUB [/hand_grasping_action/feedback] /hand_grasping_action http://127.0.0.1:40773/
[rosmaster.master][INFO] 2025-12-04 21:50:01,852: -SERVICE [/hand_grasping_action/get_loggers] /hand_grasping_action rosrpc://127.0.0.1:41983
[rosmaster.master][INFO] 2025-12-04 21:50:01,852: -SERVICE [/hand_grasping_action/set_logger_level] /hand_grasping_action rosrpc://127.0.0.1:41983
[rosmaster.master][INFO] 2025-12-04 21:50:01,857: -SUB [/planning_scene] /move_group http://127.0.0.1:43579/
[rosmaster.master][INFO] 2025-12-04 21:50:01,860: -SERVICE [/twist_marker/get_loggers] /twist_marker rosrpc://127.0.0.1:41831
[rosmaster.master][INFO] 2025-12-04 21:50:01,862: +SERVICE [/is_already_there/get_loggers] /is_already_there http://127.0.0.1:38267/
[rosmaster.master][INFO] 2025-12-04 21:50:01,862: -SUB [/head_controller/follow_joint_trajectory/feedback] /play_motion http://127.0.0.1:43633/
[rosmaster.master][INFO] 2025-12-04 21:50:01,863: -SUB [/head_controller/follow_joint_trajectory/result] /play_motion http://127.0.0.1:43633/
[rosmaster.master][INFO] 2025-12-04 21:50:01,870: +SERVICE [/is_already_there/set_logger_level] /is_already_there http://127.0.0.1:38267/
[rosmaster.master][INFO] 2025-12-04 21:50:01,873: -SUB [/collision_object] /move_group http://127.0.0.1:43579/
[rosmaster.master][INFO] 2025-12-04 21:50:01,876: -SERVICE [/twist_marker/set_logger_level] /twist_marker rosrpc://127.0.0.1:41831
[rosmaster.master][INFO] 2025-12-04 21:50:01,879: -SUB [/torso_controller/follow_joint_trajectory/status] /play_motion http://127.0.0.1:43633/
[rosmaster.master][INFO] 2025-12-04 21:50:01,886: -CACHEDPARAM [/rosout_disable_topics_generation] by /twist_marker
[rosmaster.master][INFO] 2025-12-04 21:50:01,889: -SUB [/planning_scene_world] /move_group http://127.0.0.1:43579/
[rosmaster.master][INFO] 2025-12-04 21:50:01,890: -PUB [/rosout] /twist_marker http://127.0.0.1:42303/
[rosmaster.master][INFO] 2025-12-04 21:50:01,891: +SERVICE [/play_motion/is_already_there] /is_already_there http://127.0.0.1:38267/
[rosmaster.master][INFO] 2025-12-04 21:50:01,892: -PUB [/rosout] /throttle_filtering_points http://127.0.0.1:39723/
[rosmaster.master][INFO] 2025-12-04 21:50:01,892: +PUB [/xtion/rgb/image_rect_color] /image_raw_to_rect_color_relay http://127.0.0.1:43211/
[rosmaster.master][INFO] 2025-12-04 21:50:01,893: -SUB [/torso_controller/follow_joint_trajectory/feedback] /play_motion http://127.0.0.1:43633/
[rosmaster.master][INFO] 2025-12-04 21:50:01,894: +SERVICE [/hand_grasping_action/get_loggers] /hand_grasping_action http://127.0.0.1:39879/
[rosmaster.master][INFO] 2025-12-04 21:50:01,895: +CACHEDPARAM [/rosout_disable_topics_generation] by /image_raw_to_rect_color_relay
[rosmaster.master][INFO] 2025-12-04 21:50:01,896: -PUB [/twist_marker] /twist_marker http://127.0.0.1:42303/
[rosmaster.master][INFO] 2025-12-04 21:50:01,904: -PUB [/throttle_filtering_points/parameter_descriptions] /throttle_filtering_points http://127.0.0.1:39723/
[rosmaster.master][INFO] 2025-12-04 21:50:01,908: -SUB [/arm_controller/follow_joint_trajectory/status] /move_group http://127.0.0.1:43579/
[rosmaster.master][INFO] 2025-12-04 21:50:01,912: -SUB [/torso_controller/follow_joint_trajectory/result] /play_motion http://127.0.0.1:43633/
[rosmaster.master][INFO] 2025-12-04 21:50:01,916: +SERVICE [/hand_grasping_action/set_logger_level] /hand_grasping_action http://127.0.0.1:39879/
[rosmaster.master][INFO] 2025-12-04 21:50:01,918: -SUB [/clock] /twist_marker http://127.0.0.1:42303/
[rosmaster.master][INFO] 2025-12-04 21:50:01,924: +SUB [/joint_states] /is_already_there http://127.0.0.1:38267/
[rosmaster.master][INFO] 2025-12-04 21:50:01,926: -PUB [/throttle_filtering_points/parameter_updates] /throttle_filtering_points http://127.0.0.1:39723/
[rosmaster.master][INFO] 2025-12-04 21:50:01,934: -SUB [/arm_controller/follow_joint_trajectory/feedback] /move_group http://127.0.0.1:43579/
[rosmaster.master][INFO] 2025-12-04 21:50:01,938: -SERVICE [/play_motion/get_loggers] /play_motion rosrpc://127.0.0.1:46821
[rosmaster.master][INFO] 2025-12-04 21:50:01,939: -SERVICE [/play_motion/set_logger_level] /play_motion rosrpc://127.0.0.1:46821
[rosmaster.master][INFO] 2025-12-04 21:50:01,948: -PUB [/throttle_filtering_points/filtered_points] /throttle_filtering_points http://127.0.0.1:39723/
[rosmaster.master][INFO] 2025-12-04 21:50:01,949: -SUB [/mobile_base_controller/cmd_vel] /twist_marker http://127.0.0.1:42303/
[rosmaster.master][INFO] 2025-12-04 21:50:01,951: -SUB [/arm_controller/follow_joint_trajectory/result] /move_group http://127.0.0.1:43579/
[rosmaster.master][INFO] 2025-12-04 21:50:01,952: -SERVICE [/play_motion/list_motions] /play_motion rosrpc://127.0.0.1:46821
[rosmaster.master][INFO] 2025-12-04 21:50:01,955: -SUB [/torso_controller/follow_joint_trajectory/status] /move_group http://127.0.0.1:43579/
[rosmaster.master][INFO] 2025-12-04 21:50:01,957: -SUB [/clock] /throttle_filtering_points http://127.0.0.1:39723/
[rosmaster.master][INFO] 2025-12-04 21:50:01,960: -SERVICE [/twist_marker/get_loggers] /twist_marker rosrpc://127.0.0.1:37641
[rosmaster.master][INFO] 2025-12-04 21:50:01,965: -CACHEDPARAM [/play_motion/motions/home] by /play_motion
[rosmaster.master][INFO] 2025-12-04 21:50:01,971: -SUB [/torso_controller/follow_joint_trajectory/feedback] /move_group http://127.0.0.1:43579/
[rosmaster.master][INFO] 2025-12-04 21:50:01,973: -SERVICE [/throttle_filtering_points/get_loggers] /throttle_filtering_points rosrpc://127.0.0.1:47091
[rosmaster.master][INFO] 2025-12-04 21:50:01,975: +PUB [/hand_controller/follow_joint_trajectory/goal] /hand_grasping_action http://127.0.0.1:39879/
[rosmaster.master][INFO] 2025-12-04 21:50:01,978: -SERVICE [/twist_marker/set_logger_level] /twist_marker rosrpc://127.0.0.1:37641
[rosmaster.master][INFO] 2025-12-04 21:50:01,983: -CACHEDPARAM [/rosout_disable_topics_generation] by /play_motion
[rosmaster.master][INFO] 2025-12-04 21:50:01,985: +PUB [/hand_controller/follow_joint_trajectory/cancel] /hand_grasping_action http://127.0.0.1:39879/
[rosmaster.master][INFO] 2025-12-04 21:50:01,986: publisherUpdate[/hand_controller/follow_joint_trajectory/goal] -> http://127.0.0.1:39377/ ['http://127.0.0.1:39879/']
[rosmaster.master][INFO] 2025-12-04 21:50:01,990: -SERVICE [/throttle_filtering_points/set_logger_level] /throttle_filtering_points rosrpc://127.0.0.1:47091
[rosmaster.master][INFO] 2025-12-04 21:50:01,993: -CACHEDPARAM [/rosout_disable_topics_generation] by /twist_marker
[rosmaster.master][INFO] 2025-12-04 21:50:01,993: -SUB [/torso_controller/follow_joint_trajectory/result] /move_group http://127.0.0.1:43579/
[rosmaster.master][INFO] 2025-12-04 21:50:01,998: -SERVICE [/throttle_filtering_points/set_parameters] /throttle_filtering_points rosrpc://127.0.0.1:47091
[rosmaster.master][INFO] 2025-12-04 21:50:02,004: -SUB [/head_controller/follow_joint_trajectory/status] /move_group http://127.0.0.1:43579/
[rosmaster.master][INFO] 2025-12-04 21:50:02,010: -CACHEDPARAM [/rosout_disable_topics_generation] by /throttle_filtering_points
[rosmaster.master][INFO] 2025-12-04 21:50:02,012: -SUB [/head_controller/follow_joint_trajectory/feedback] /move_group http://127.0.0.1:43579/
[rosmaster.master][INFO] 2025-12-04 21:50:02,015: +SUB [/hand_controller/follow_joint_trajectory/status] /hand_grasping_action http://127.0.0.1:39879/
[rosmaster.master][INFO] 2025-12-04 21:50:02,019: -SUB [/head_controller/follow_joint_trajectory/result] /move_group http://127.0.0.1:43579/
[rosmaster.master][INFO] 2025-12-04 21:50:02,028: -SUB [/hand_controller/follow_joint_trajectory/status] /move_group http://127.0.0.1:43579/
[rosmaster.master][INFO] 2025-12-04 21:50:02,032: -SUB [/hand_controller/follow_joint_trajectory/feedback] /move_group http://127.0.0.1:43579/
[rosmaster.master][INFO] 2025-12-04 21:50:02,038: -SUB [/hand_controller/follow_joint_trajectory/result] /move_group http://127.0.0.1:43579/
[rosmaster.master][INFO] 2025-12-04 21:50:02,044: +SUB [/hand_controller/follow_joint_trajectory/result] /hand_grasping_action http://127.0.0.1:39879/
[rosmaster.master][INFO] 2025-12-04 21:50:02,059: -SUB [/trajectory_execution_event] /move_group http://127.0.0.1:43579/
[rosmaster.master][INFO] 2025-12-04 21:50:02,061: -SUB [/execute_trajectory/goal] /move_group http://127.0.0.1:43579/
[rosmaster.master][INFO] 2025-12-04 21:50:02,073: +PUB [/rosout] /xtion/rgb/image_proc http://127.0.0.1:38649/
[rosmaster.master][INFO] 2025-12-04 21:50:02,075: -SUB [/execute_trajectory/cancel] /move_group http://127.0.0.1:43579/
[rosmaster.master][INFO] 2025-12-04 21:50:02,081: -SUB [/move_group/goal] /move_group http://127.0.0.1:43579/
[rosmaster.master][INFO] 2025-12-04 21:50:02,087: +SUB [/hand_controller/follow_joint_trajectory/feedback] /hand_grasping_action http://127.0.0.1:39879/
[rosmaster.master][INFO] 2025-12-04 21:50:02,095: +SERVICE [/xtion/rgb/image_proc/get_loggers] /xtion/rgb/image_proc http://127.0.0.1:38649/
[rosmaster.master][INFO] 2025-12-04 21:50:02,097: -SUB [/move_group/cancel] /move_group http://127.0.0.1:43579/
[rosmaster.master][INFO] 2025-12-04 21:50:02,103: publisherUpdate[/hand_controller/follow_joint_trajectory/goal] -> http://127.0.0.1:39377/ ['http://127.0.0.1:39879/']: sec=0.11, result=[1, '', 0]
[rosmaster.master][INFO] 2025-12-04 21:50:02,107: publisherUpdate[/hand_controller/follow_joint_trajectory/cancel] -> http://127.0.0.1:39377/ ['http://127.0.0.1:39879/']
[rosmaster.master][INFO] 2025-12-04 21:50:02,106: +SERVICE [/xtion/rgb/image_proc/set_logger_level] /xtion/rgb/image_proc http://127.0.0.1:38649/
[rosmaster.master][INFO] 2025-12-04 21:50:02,110: +PUB [/hand_grasping_action/status] /hand_grasping_action http://127.0.0.1:39879/
[rosmaster.master][INFO] 2025-12-04 21:50:02,111: -SUB [/pickup/goal] /move_group http://127.0.0.1:43579/
[rosmaster.master][INFO] 2025-12-04 21:50:02,112: -SUB [/pickup/cancel] /move_group http://127.0.0.1:43579/
[rosmaster.master][INFO] 2025-12-04 21:50:02,177: +PUB [/hand_grasping_action/result] /hand_grasping_action http://127.0.0.1:39879/
[rosmaster.master][INFO] 2025-12-04 21:50:02,178: +SERVICE [/throttle_filtering_points/set_parameters] /throttle_filtering_points http://127.0.0.1:45375/
[rosmaster.master][INFO] 2025-12-04 21:50:02,183: +PUB [/hand_grasping_action/feedback] /hand_grasping_action http://127.0.0.1:39879/
[rosmaster.master][INFO] 2025-12-04 21:50:02,183: -SUB [/place/goal] /move_group http://127.0.0.1:43579/
[rosmaster.master][INFO] 2025-12-04 21:50:02,184: -SUB [/place/cancel] /move_group http://127.0.0.1:43579/
[rosmaster.master][INFO] 2025-12-04 21:50:02,185: -SERVICE [/move_group/get_loggers] /move_group rosrpc://127.0.0.1:46381
[rosmaster.master][INFO] 2025-12-04 21:50:02,191: +PUB [/throttle_filtering_points/parameter_descriptions] /throttle_filtering_points http://127.0.0.1:45375/
[rosmaster.master][INFO] 2025-12-04 21:50:02,195: +SUB [/hand_grasping_action/goal] /hand_grasping_action http://127.0.0.1:39879/
[rosmaster.master][INFO] 2025-12-04 21:50:02,195: -SERVICE [/move_group/set_logger_level] /move_group rosrpc://127.0.0.1:46381
[rosmaster.master][INFO] 2025-12-04 21:50:02,198: -SERVICE [/move_group/planning_scene_monitor/set_parameters] /move_group rosrpc://127.0.0.1:46381
[rosmaster.master][INFO] 2025-12-04 21:50:02,203: -SERVICE [/move_group/save_map] /move_group rosrpc://127.0.0.1:46381
[rosmaster.master][INFO] 2025-12-04 21:50:02,205: -SERVICE [/move_group/load_map] /move_group rosrpc://127.0.0.1:46381
[rosmaster.master][INFO] 2025-12-04 21:50:02,213: -SERVICE [/move_group/ompl/set_parameters] /move_group rosrpc://127.0.0.1:46381
[rosmaster.master][INFO] 2025-12-04 21:50:02,215: +SUB [/hand_grasping_action/cancel] /hand_grasping_action http://127.0.0.1:39879/
[rosmaster.master][INFO] 2025-12-04 21:50:02,218: -SERVICE [/move_group/trajectory_execution/set_parameters] /move_group rosrpc://127.0.0.1:46381
[rosmaster.master][INFO] 2025-12-04 21:50:02,219: -SERVICE [/move_group/plan_execution/set_parameters] /move_group rosrpc://127.0.0.1:46381
[rosmaster.master][INFO] 2025-12-04 21:50:02,223: -SERVICE [/move_group/sense_for_plan/set_parameters] /move_group rosrpc://127.0.0.1:46381
[rosmaster.master][INFO] 2025-12-04 21:50:02,229: -SERVICE [/apply_planning_scene] /move_group rosrpc://127.0.0.1:46381
[rosmaster.master][INFO] 2025-12-04 21:50:02,234: -SERVICE [/load_move_group_capabilities] /move_group rosrpc://127.0.0.1:46381
[rosmaster.master][INFO] 2025-12-04 21:50:02,193: publisherUpdate[/rosout] -> http://127.0.0.1:46717/ ['http://127.0.0.1:46597/', 'http://127.0.0.1:33039/', 'http://127.0.0.1:42907/', 'http://127.0.0.1:39377/', 'http://127.0.0.1:43639/', 'http://127.0.0.1:36449/', 'http://127.0.0.1:46157/', 'http://127.0.0.1:45401/', 'http://127.0.0.1:46565/', 'http://127.0.0.1:34823/', 'http://127.0.0.1:38345/', 'http://127.0.0.1:45177/', 'http://127.0.0.1:43211/', 'http://127.0.0.1:45375/', 'http://127.0.0.1:39879/', 'http://127.0.0.1:38267/', 'http://127.0.0.1:38649/']
[rosmaster.master][INFO] 2025-12-04 21:50:02,238: +PUB [/throttle_filtering_points/parameter_updates] /throttle_filtering_points http://127.0.0.1:45375/
[rosmaster.master][INFO] 2025-12-04 21:50:02,241: -SERVICE [/clear_octomap] /move_group rosrpc://127.0.0.1:46381
[rosmaster.master][INFO] 2025-12-04 21:50:02,246: publisherUpdate[/rosout] -> http://127.0.0.1:46717/ ['http://127.0.0.1:46597/', 'http://127.0.0.1:33039/', 'http://127.0.0.1:42907/', 'http://127.0.0.1:39377/', 'http://127.0.0.1:43639/', 'http://127.0.0.1:36449/', 'http://127.0.0.1:46157/', 'http://127.0.0.1:45401/', 'http://127.0.0.1:46565/', 'http://127.0.0.1:34823/', 'http://127.0.0.1:38345/', 'http://127.0.0.1:45177/', 'http://127.0.0.1:43211/', 'http://127.0.0.1:45375/', 'http://127.0.0.1:39879/', 'http://127.0.0.1:38267/', 'http://127.0.0.1:38649/']: sec=0.01, result=[1, '', 0]
[rosmaster.master][INFO] 2025-12-04 21:50:02,249: +SUB [/clock] /xtion/rgb/image_proc http://127.0.0.1:38649/
[rosmaster.master][INFO] 2025-12-04 21:50:02,310: -SERVICE [/compute_cartesian_path] /move_group rosrpc://127.0.0.1:46381
[rosmaster.master][INFO] 2025-12-04 21:50:02,313: +SUB [/joint_states] /hand_grasping_action http://127.0.0.1:39879/
[rosmaster.master][INFO] 2025-12-04 21:50:02,312: publisherUpdate[/hand_controller/follow_joint_trajectory/cancel] -> http://127.0.0.1:39377/ ['http://127.0.0.1:39879/']: sec=0.20, result=[1, '', 0]
[rosmaster.master][INFO] 2025-12-04 21:50:02,317: +PARAM [/throttle_filtering_points/throttle_node_rate] by /throttle_filtering_points
[rosmaster.master][INFO] 2025-12-04 21:50:02,320: +PARAM [/throttle_filtering_points/downsampling_size] by /throttle_filtering_points
[rosmaster.master][INFO] 2025-12-04 21:50:02,318: +PUB [/rosout] /spawn_model http://127.0.0.1:45741/
[rosmaster.master][INFO] 2025-12-04 21:50:02,319: publisherUpdate[/rosout] -> http://127.0.0.1:46717/ ['http://127.0.0.1:46597/', 'http://127.0.0.1:33039/', 'http://127.0.0.1:42907/', 'http://127.0.0.1:39377/', 'http://127.0.0.1:43639/', 'http://127.0.0.1:36449/', 'http://127.0.0.1:46157/', 'http://127.0.0.1:45401/', 'http://127.0.0.1:46565/', 'http://127.0.0.1:34823/', 'http://127.0.0.1:38345/', 'http://127.0.0.1:45177/', 'http://127.0.0.1:43211/', 'http://127.0.0.1:45375/', 'http://127.0.0.1:39879/', 'http://127.0.0.1:38267/', 'http://127.0.0.1:38649/', 'http://127.0.0.1:45741/']
[rosmaster.master][INFO] 2025-12-04 21:50:02,323: -SERVICE [/get_planning_scene] /move_group rosrpc://127.0.0.1:46381
[rosmaster.master][INFO] 2025-12-04 21:50:02,326: +CACHEDPARAM [/rosout_disable_topics_generation] by /throttle_filtering_points
[rosmaster.master][INFO] 2025-12-04 21:50:02,328: +PUB [/throttle_filtering_points/filtered_points] /throttle_filtering_points http://127.0.0.1:45375/
[rosmaster.master][INFO] 2025-12-04 21:50:02,329: +PARAM [/throttle_filtering_points/throttle_node_rate] by /throttle_filtering_points
[rosmaster.master][INFO] 2025-12-04 21:50:02,330: -SERVICE [/compute_fk] /move_group rosrpc://127.0.0.1:46381
[rosmaster.master][INFO] 2025-12-04 21:50:02,331: -PUB [/rosout] /xtion/rgb/image_proc http://127.0.0.1:32955/
[rosmaster.master][INFO] 2025-12-04 21:50:02,331: publisherUpdate[/rosout] -> http://127.0.0.1:46717/ ['http://127.0.0.1:46597/', 'http://127.0.0.1:33039/', 'http://127.0.0.1:42907/', 'http://127.0.0.1:39377/', 'http://127.0.0.1:43639/', 'http://127.0.0.1:36449/', 'http://127.0.0.1:46157/', 'http://127.0.0.1:45401/', 'http://127.0.0.1:46565/', 'http://127.0.0.1:34823/', 'http://127.0.0.1:38345/', 'http://127.0.0.1:45177/', 'http://127.0.0.1:43211/', 'http://127.0.0.1:45375/', 'http://127.0.0.1:39879/', 'http://127.0.0.1:38267/', 'http://127.0.0.1:38649/', 'http://127.0.0.1:45741/']: sec=0.01, result=[1, '', 0]
[rosmaster.master][INFO] 2025-12-04 21:50:02,332: -SERVICE [/compute_ik] /move_group rosrpc://127.0.0.1:46381
[rosmaster.master][INFO] 2025-12-04 21:50:02,338: +PARAM [/throttle_filtering_points/downsampling_size] by /throttle_filtering_points
[rosmaster.master][INFO] 2025-12-04 21:50:02,338: -PUB [/xtion/rgb/image_proc_debayer/parameter_descriptions] /xtion/rgb/image_proc http://127.0.0.1:32955/
[rosmaster.master][INFO] 2025-12-04 21:50:02,340: -SERVICE [/plan_kinematic_path] /move_group rosrpc://127.0.0.1:46381
[rosmaster.master][INFO] 2025-12-04 21:50:02,341: -PUB [/xtion/rgb/image_proc_debayer/parameter_updates] /xtion/rgb/image_proc http://127.0.0.1:32955/
[rosmaster.master][INFO] 2025-12-04 21:50:02,342: -SERVICE [/query_planner_interface] /move_group rosrpc://127.0.0.1:46381
[rosmaster.master][INFO] 2025-12-04 21:50:02,343: -SERVICE [/get_planner_params] /move_group rosrpc://127.0.0.1:46381
[rosmaster.master][INFO] 2025-12-04 21:50:02,345: -SERVICE [/set_planner_params] /move_group rosrpc://127.0.0.1:46381
[rosmaster.master][INFO] 2025-12-04 21:50:02,354: -PUB [/xtion/rgb/image_mono/compressedDepth] /xtion/rgb/image_proc http://127.0.0.1:32955/
[rosmaster.master][INFO] 2025-12-04 21:50:02,357: -PUB [/xtion/rgb/image_mono/compressedDepth/parameter_descriptions] /xtion/rgb/image_proc http://127.0.0.1:32955/
[rosmaster.master][INFO] 2025-12-04 21:50:02,360: -SERVICE [/check_state_validity] /move_group rosrpc://127.0.0.1:46381
[rosmaster.master][INFO] 2025-12-04 21:50:02,364: +SUB [/clock] /spawn_model http://127.0.0.1:45741/
[rosmaster.master][INFO] 2025-12-04 21:50:02,366: -PUB [/xtion/rgb/image_mono/compressedDepth/parameter_updates] /xtion/rgb/image_proc http://127.0.0.1:32955/
[rosmaster.master][INFO] 2025-12-04 21:50:02,370: -CACHEDPARAM [/rosout_disable_topics_generation] by /move_group
[rosmaster.master][INFO] 2025-12-04 21:50:02,373: -PUB [/xtion/rgb/image_mono/compressed] /xtion/rgb/image_proc http://127.0.0.1:32955/
[rosmaster.master][INFO] 2025-12-04 21:50:02,382: +SERVICE [/spawn_model/get_loggers] /spawn_model http://127.0.0.1:45741/
[rosmaster.master][INFO] 2025-12-04 21:50:02,383: -PUB [/xtion/rgb/image_mono/compressed/parameter_descriptions] /xtion/rgb/image_proc http://127.0.0.1:32955/
[rosmaster.master][INFO] 2025-12-04 21:50:02,384: -PUB [/xtion/rgb/image_mono/compressed/parameter_updates] /xtion/rgb/image_proc http://127.0.0.1:32955/
[rosmaster.master][INFO] 2025-12-04 21:50:02,386: -PUB [/xtion/rgb/image_mono] /xtion/rgb/image_proc http://127.0.0.1:32955/
[rosmaster.master][INFO] 2025-12-04 21:50:02,387: -PUB [/xtion/rgb/image_mono/theora] /xtion/rgb/image_proc http://127.0.0.1:32955/
[rosmaster.master][INFO] 2025-12-04 21:50:02,388: -PUB [/xtion/rgb/image_mono/theora/parameter_descriptions] /xtion/rgb/image_proc http://127.0.0.1:32955/
[rosmaster.master][INFO] 2025-12-04 21:50:02,393: -PUB [/xtion/rgb/image_mono/theora/parameter_updates] /xtion/rgb/image_proc http://127.0.0.1:32955/
[rosmaster.master][INFO] 2025-12-04 21:50:02,394: -PUB [/xtion/rgb/image_color/compressedDepth] /xtion/rgb/image_proc http://127.0.0.1:32955/
[rosmaster.master][INFO] 2025-12-04 21:50:02,397: -PUB [/xtion/rgb/image_color/compressedDepth/parameter_descriptions] /xtion/rgb/image_proc http://127.0.0.1:32955/
[rosmaster.master][INFO] 2025-12-04 21:50:02,408: -PUB [/xtion/rgb/image_color/compressedDepth/parameter_updates] /xtion/rgb/image_proc http://127.0.0.1:32955/
[rosmaster.master][INFO] 2025-12-04 21:50:02,410: -PUB [/xtion/rgb/image_color/compressed] /xtion/rgb/image_proc http://127.0.0.1:32955/
[rosmaster.master][INFO] 2025-12-04 21:50:02,411: -PUB [/xtion/rgb/image_color/compressed/parameter_descriptions] /xtion/rgb/image_proc http://127.0.0.1:32955/
[rosmaster.master][INFO] 2025-12-04 21:50:02,412: +SERVICE [/spawn_model/set_logger_level] /spawn_model http://127.0.0.1:45741/
[rosmaster.master][INFO] 2025-12-04 21:50:02,413: -PUB [/xtion/rgb/image_color/compressed/parameter_updates] /xtion/rgb/image_proc http://127.0.0.1:32955/
[rosmaster.master][INFO] 2025-12-04 21:50:02,414: -PUB [/xtion/rgb/image_color] /xtion/rgb/image_proc http://127.0.0.1:32955/
[rosmaster.master][INFO] 2025-12-04 21:50:02,416: -PUB [/xtion/rgb/image_color/theora] /xtion/rgb/image_proc http://127.0.0.1:32955/
[rosmaster.master][INFO] 2025-12-04 21:50:02,419: +CACHEDPARAM [/rosout_disable_topics_generation] by /spawn_model
[rosmaster.master][INFO] 2025-12-04 21:50:02,420: -PUB [/xtion/rgb/image_color/theora/parameter_descriptions] /xtion/rgb/image_proc http://127.0.0.1:32955/
[rosmaster.master][INFO] 2025-12-04 21:50:02,423: -PUB [/xtion/rgb/image_color/theora/parameter_updates] /xtion/rgb/image_proc http://127.0.0.1:32955/
[rosmaster.master][INFO] 2025-12-04 21:50:02,427: -PUB [/xtion/rgb/image_proc_rectify_mono/parameter_descriptions] /xtion/rgb/image_proc http://127.0.0.1:32955/
[rosmaster.master][INFO] 2025-12-04 21:50:02,428: -PUB [/xtion/rgb/image_proc_rectify_mono/parameter_updates] /xtion/rgb/image_proc http://127.0.0.1:32955/
[rosmaster.master][INFO] 2025-12-04 21:50:02,431: -PUB [/xtion/rgb/image_rect/compressedDepth] /xtion/rgb/image_proc http://127.0.0.1:32955/
[rosmaster.master][INFO] 2025-12-04 21:50:02,437: -PUB [/xtion/rgb/image_rect/compressedDepth/parameter_descriptions] /xtion/rgb/image_proc http://127.0.0.1:32955/
[rosmaster.master][INFO] 2025-12-04 21:50:02,441: -PUB [/xtion/rgb/image_rect/compressedDepth/parameter_updates] /xtion/rgb/image_proc http://127.0.0.1:32955/
[rosmaster.master][INFO] 2025-12-04 21:50:02,444: -PUB [/xtion/rgb/image_rect/compressed] /xtion/rgb/image_proc http://127.0.0.1:32955/
[rosmaster.master][INFO] 2025-12-04 21:50:02,445: -PUB [/xtion/rgb/image_rect/compressed/parameter_descriptions] /xtion/rgb/image_proc http://127.0.0.1:32955/
[rosmaster.master][INFO] 2025-12-04 21:50:02,448: -PUB [/xtion/rgb/image_rect/compressed/parameter_updates] /xtion/rgb/image_proc http://127.0.0.1:32955/
[rosmaster.master][INFO] 2025-12-04 21:50:02,451: -PUB [/xtion/rgb/image_rect] /xtion/rgb/image_proc http://127.0.0.1:32955/
[rosmaster.master][INFO] 2025-12-04 21:50:02,452: -PUB [/xtion/rgb/image_rect/theora] /xtion/rgb/image_proc http://127.0.0.1:32955/
[rosmaster.master][INFO] 2025-12-04 21:50:02,459: -PUB [/xtion/rgb/image_rect/theora/parameter_descriptions] /xtion/rgb/image_proc http://127.0.0.1:32955/
[rosmaster.master][INFO] 2025-12-04 21:50:02,464: -PUB [/xtion/rgb/image_rect/theora/parameter_updates] /xtion/rgb/image_proc http://127.0.0.1:32955/
[rosmaster.master][INFO] 2025-12-04 21:50:02,469: +CACHEDPARAM [/rosout_disable_topics_generation] by /spawn_model
[rosmaster.master][INFO] 2025-12-04 21:50:02,471: -PUB [/xtion/rgb/image_proc_rectify_color/parameter_descriptions] /xtion/rgb/image_proc http://127.0.0.1:32955/
[rosmaster.master][INFO] 2025-12-04 21:50:02,476: -PUB [/xtion/rgb/image_proc_rectify_color/parameter_updates] /xtion/rgb/image_proc http://127.0.0.1:32955/
[rosmaster.master][INFO] 2025-12-04 21:50:02,479: -PUB [/xtion/rgb/image_rect_color/compressedDepth] /xtion/rgb/image_proc http://127.0.0.1:32955/
[rosmaster.master][INFO] 2025-12-04 21:50:02,482: -PUB [/xtion/rgb/image_rect_color/compressedDepth/parameter_descriptions] /xtion/rgb/image_proc http://127.0.0.1:32955/
[rosmaster.master][INFO] 2025-12-04 21:50:02,484: -PUB [/xtion/rgb/image_rect_color/compressedDepth/parameter_updates] /xtion/rgb/image_proc http://127.0.0.1:32955/
[rosmaster.master][INFO] 2025-12-04 21:50:02,485: -PUB [/xtion/rgb/image_rect_color/compressed] /xtion/rgb/image_proc http://127.0.0.1:32955/
[rosmaster.master][INFO] 2025-12-04 21:50:02,487: -PUB [/xtion/rgb/image_rect_color/compressed/parameter_descriptions] /xtion/rgb/image_proc http://127.0.0.1:32955/
[rosmaster.master][INFO] 2025-12-04 21:50:02,490: -PUB [/xtion/rgb/image_rect_color/compressed/parameter_updates] /xtion/rgb/image_proc http://127.0.0.1:32955/
[rosmaster.master][INFO] 2025-12-04 21:50:02,498: -PUB [/xtion/rgb/image_rect_color] /xtion/rgb/image_proc http://127.0.0.1:32955/
[rosmaster.master][INFO] 2025-12-04 21:50:02,499: -PUB [/xtion/rgb/image_rect_color/theora] /xtion/rgb/image_proc http://127.0.0.1:32955/
[rosmaster.master][INFO] 2025-12-04 21:50:02,501: -PUB [/xtion/rgb/image_rect_color/theora/parameter_descriptions] /xtion/rgb/image_proc http://127.0.0.1:32955/
[rosmaster.master][INFO] 2025-12-04 21:50:02,505: -PUB [/xtion/rgb/image_rect_color/theora/parameter_updates] /xtion/rgb/image_proc http://127.0.0.1:32955/
[rosmaster.master][INFO] 2025-12-04 21:50:02,513: +CACHEDPARAM [/rosout_disable_topics_generation] by /spawn_model
[rosmaster.master][INFO] 2025-12-04 21:50:02,513: -SUB [/clock] /xtion/rgb/image_proc http://127.0.0.1:32955/
[rosmaster.master][INFO] 2025-12-04 21:50:02,515: -SERVICE [/xtion/rgb/image_proc/get_loggers] /xtion/rgb/image_proc rosrpc://127.0.0.1:42651
[rosmaster.master][INFO] 2025-12-04 21:50:02,522: -SERVICE [/xtion/rgb/image_proc/set_logger_level] /xtion/rgb/image_proc rosrpc://127.0.0.1:42651
[rosmaster.master][INFO] 2025-12-04 21:50:02,525: -SERVICE [/xtion/rgb/image_proc_debayer/set_parameters] /xtion/rgb/image_proc rosrpc://127.0.0.1:42651
[rosmaster.master][INFO] 2025-12-04 21:50:02,537: -SERVICE [/xtion/rgb/image_mono/compressedDepth/set_parameters] /xtion/rgb/image_proc rosrpc://127.0.0.1:42651
[rosmaster.master][INFO] 2025-12-04 21:50:02,540: -SERVICE [/xtion/rgb/image_mono/compressed/set_parameters] /xtion/rgb/image_proc rosrpc://127.0.0.1:42651
[rosmaster.master][INFO] 2025-12-04 21:50:02,543: -SERVICE [/xtion/rgb/image_mono/theora/set_parameters] /xtion/rgb/image_proc rosrpc://127.0.0.1:42651
[rosmaster.master][INFO] 2025-12-04 21:50:02,555: -SERVICE [/xtion/rgb/image_color/compressedDepth/set_parameters] /xtion/rgb/image_proc rosrpc://127.0.0.1:42651
[rosmaster.master][INFO] 2025-12-04 21:50:02,560: +PUB [/rosout] /dynamic_footprint_publisher http://127.0.0.1:36969/
[rosmaster.master][INFO] 2025-12-04 21:50:02,572: -SERVICE [/xtion/rgb/image_color/compressed/set_parameters] /xtion/rgb/image_proc rosrpc://127.0.0.1:42651
[rosmaster.master][INFO] 2025-12-04 21:50:02,576: -SERVICE [/xtion/rgb/image_color/theora/set_parameters] /xtion/rgb/image_proc rosrpc://127.0.0.1:42651
[rosmaster.master][INFO] 2025-12-04 21:50:02,580: -SERVICE [/xtion/rgb/image_proc_rectify_mono/set_parameters] /xtion/rgb/image_proc rosrpc://127.0.0.1:42651
[rosmaster.master][INFO] 2025-12-04 21:50:02,583: -SERVICE [/xtion/rgb/image_rect/compressedDepth/set_parameters] /xtion/rgb/image_proc rosrpc://127.0.0.1:42651
[rosmaster.master][INFO] 2025-12-04 21:50:02,589: -SERVICE [/xtion/rgb/image_rect/compressed/set_parameters] /xtion/rgb/image_proc rosrpc://127.0.0.1:42651
[rosmaster.master][INFO] 2025-12-04 21:50:02,599: -SERVICE [/xtion/rgb/image_rect/theora/set_parameters] /xtion/rgb/image_proc rosrpc://127.0.0.1:42651
[rosmaster.master][INFO] 2025-12-04 21:50:02,602: -SERVICE [/xtion/rgb/image_proc_rectify_color/set_parameters] /xtion/rgb/image_proc rosrpc://127.0.0.1:42651
[rosmaster.master][INFO] 2025-12-04 21:50:02,607: -SERVICE [/xtion/rgb/image_rect_color/compressedDepth/set_parameters] /xtion/rgb/image_proc rosrpc://127.0.0.1:42651
[rosmaster.master][INFO] 2025-12-04 21:50:02,611: -SERVICE [/xtion/rgb/image_rect_color/compressed/set_parameters] /xtion/rgb/image_proc rosrpc://127.0.0.1:42651
[rosmaster.master][INFO] 2025-12-04 21:50:02,612: -SERVICE [/xtion/rgb/image_rect_color/theora/set_parameters] /xtion/rgb/image_proc rosrpc://127.0.0.1:42651
[rosmaster.master][INFO] 2025-12-04 21:50:02,616: +SUB [/clock] /dynamic_footprint_publisher http://127.0.0.1:36969/
[rosmaster.master][INFO] 2025-12-04 21:50:02,619: -CACHEDPARAM [/rosout_disable_topics_generation] by /xtion/rgb/image_proc
[rosmaster.master][INFO] 2025-12-04 21:50:02,635: +SERVICE [/dynamic_footprint_publisher/get_loggers] /dynamic_footprint_publisher http://127.0.0.1:36969/
[rosmaster.master][INFO] 2025-12-04 21:50:02,636: +CACHEDPARAM [/rosout_disable_topics_generation] by /spawn_model
[rosmaster.master][INFO] 2025-12-04 21:50:02,637: +SERVICE [/dynamic_footprint_publisher/set_logger_level] /dynamic_footprint_publisher http://127.0.0.1:36969/
[rosmaster.master][INFO] 2025-12-04 21:50:02,639: publisherUpdate[/rosout] -> http://127.0.0.1:46717/ ['http://127.0.0.1:33039/', 'http://127.0.0.1:42907/', 'http://127.0.0.1:39377/', 'http://127.0.0.1:43639/', 'http://127.0.0.1:36449/', 'http://127.0.0.1:46157/', 'http://127.0.0.1:45401/', 'http://127.0.0.1:46565/', 'http://127.0.0.1:34823/', 'http://127.0.0.1:38345/', 'http://127.0.0.1:45177/', 'http://127.0.0.1:43211/', 'http://127.0.0.1:45375/', 'http://127.0.0.1:39879/', 'http://127.0.0.1:38267/', 'http://127.0.0.1:38649/', 'http://127.0.0.1:45741/', 'http://127.0.0.1:36969/']
[rosmaster.master][INFO] 2025-12-04 21:50:02,646: publisherUpdate[/rosout] -> http://127.0.0.1:46717/ ['http://127.0.0.1:33039/', 'http://127.0.0.1:42907/', 'http://127.0.0.1:39377/', 'http://127.0.0.1:43639/', 'http://127.0.0.1:36449/', 'http://127.0.0.1:46157/', 'http://127.0.0.1:45401/', 'http://127.0.0.1:46565/', 'http://127.0.0.1:34823/', 'http://127.0.0.1:38345/', 'http://127.0.0.1:45177/', 'http://127.0.0.1:43211/', 'http://127.0.0.1:45375/', 'http://127.0.0.1:39879/', 'http://127.0.0.1:38267/', 'http://127.0.0.1:38649/', 'http://127.0.0.1:45741/', 'http://127.0.0.1:36969/']: sec=0.00, result=[1, '', 0]
[rosmaster.master][INFO] 2025-12-04 21:50:02,648: -SUB [/clock] /spawn_model http://127.0.0.1:45741/
[rosmaster.master][INFO] 2025-12-04 21:50:02,648: -PUB [/rosout] /spawn_model http://127.0.0.1:45741/
[rosmaster.master][INFO] 2025-12-04 21:50:02,649: -SERVICE [/spawn_model/get_loggers] /spawn_model rosrpc://127.0.0.1:37207
[rosmaster.master][INFO] 2025-12-04 21:50:02,649: -SERVICE [/spawn_model/set_logger_level] /spawn_model rosrpc://127.0.0.1:37207
[rosmaster.master][INFO] 2025-12-04 21:50:02,656: publisherUpdate[/rosout] -> http://127.0.0.1:46717/ ['http://127.0.0.1:33039/', 'http://127.0.0.1:42907/', 'http://127.0.0.1:39377/', 'http://127.0.0.1:43639/', 'http://127.0.0.1:36449/', 'http://127.0.0.1:46157/', 'http://127.0.0.1:45401/', 'http://127.0.0.1:46565/', 'http://127.0.0.1:34823/', 'http://127.0.0.1:38345/', 'http://127.0.0.1:45177/', 'http://127.0.0.1:43211/', 'http://127.0.0.1:45375/', 'http://127.0.0.1:39879/', 'http://127.0.0.1:38267/', 'http://127.0.0.1:38649/', 'http://127.0.0.1:36969/']
[rosmaster.master][INFO] 2025-12-04 21:50:02,657: publisherUpdate[/rosout] -> http://127.0.0.1:46717/ ['http://127.0.0.1:33039/', 'http://127.0.0.1:42907/', 'http://127.0.0.1:39377/', 'http://127.0.0.1:43639/', 'http://127.0.0.1:36449/', 'http://127.0.0.1:46157/', 'http://127.0.0.1:45401/', 'http://127.0.0.1:46565/', 'http://127.0.0.1:34823/', 'http://127.0.0.1:38345/', 'http://127.0.0.1:45177/', 'http://127.0.0.1:43211/', 'http://127.0.0.1:45375/', 'http://127.0.0.1:39879/', 'http://127.0.0.1:38267/', 'http://127.0.0.1:38649/', 'http://127.0.0.1:36969/']: sec=0.00, result=[1, '', 0]
[rosmaster.master][INFO] 2025-12-04 21:50:02,661: +PUB [/tf_stream/goal] /dynamic_footprint_publisher http://127.0.0.1:36969/
[rosmaster.master][INFO] 2025-12-04 21:50:02,663: +PUB [/tf_stream/cancel] /dynamic_footprint_publisher http://127.0.0.1:36969/
[rosmaster.master][INFO] 2025-12-04 21:50:02,668: +SUB [/tf_stream/status] /dynamic_footprint_publisher http://127.0.0.1:36969/
[rosmaster.master][INFO] 2025-12-04 21:50:02,672: -SUB [/clock] /dynamic_footprint_publisher http://127.0.0.1:46597/
[rosmaster.master][INFO] 2025-12-04 21:50:02,675: -SUB [/tf_stream/status] /dynamic_footprint_publisher http://127.0.0.1:46597/
[rosmaster.master][INFO] 2025-12-04 21:50:02,676: -SUB [/tf_stream/result] /dynamic_footprint_publisher http://127.0.0.1:46597/
[rosmaster.master][INFO] 2025-12-04 21:50:02,678: -SUB [/tf_stream/feedback] /dynamic_footprint_publisher http://127.0.0.1:46597/
[rosmaster.master][INFO] 2025-12-04 21:50:02,679: -SUB [/tfs_1061000000] /dynamic_footprint_publisher http://127.0.0.1:46597/
[rosmaster.master][INFO] 2025-12-04 21:50:02,679: -PUB [/rosout] /dynamic_footprint_publisher http://127.0.0.1:46597/
[rosmaster.master][INFO] 2025-12-04 21:50:02,680: -PUB [/tf_stream/goal] /dynamic_footprint_publisher http://127.0.0.1:46597/
[rosmaster.master][INFO] 2025-12-04 21:50:02,681: -PUB [/tf_stream/cancel] /dynamic_footprint_publisher http://127.0.0.1:46597/
[rosmaster.master][INFO] 2025-12-04 21:50:02,681: -PUB [/dynamic_footprint_publisher/footprint] /dynamic_footprint_publisher http://127.0.0.1:46597/
[rosmaster.master][INFO] 2025-12-04 21:50:02,683: -PUB [/dynamic_footprint_publisher/footprint_stamped] /dynamic_footprint_publisher http://127.0.0.1:46597/
[rosmaster.master][INFO] 2025-12-04 21:50:02,685: -SERVICE [/dynamic_footprint_publisher/get_loggers] /dynamic_footprint_publisher rosrpc://127.0.0.1:33397
[rosmaster.master][INFO] 2025-12-04 21:50:02,686: -SERVICE [/dynamic_footprint_publisher/set_logger_level] /dynamic_footprint_publisher rosrpc://127.0.0.1:33397
[rosmaster.master][INFO] 2025-12-04 21:50:02,687: -SERVICE [/dynamic_footprint_publisher/change_params] /dynamic_footprint_publisher rosrpc://127.0.0.1:33397
[rosmaster.master][INFO] 2025-12-04 21:50:02,747: publisherUpdate[/tf_stream/goal] -> http://127.0.0.1:46565/ ['http://127.0.0.1:36969/']
[rosmaster.master][INFO] 2025-12-04 21:50:02,760: +SERVICE [/xtion/rgb/image_proc_debayer/set_parameters] /xtion/rgb/image_proc http://127.0.0.1:38649/
[rosmaster.master][INFO] 2025-12-04 21:50:02,761: +PUB [/xtion/rgb/image_proc_debayer/parameter_descriptions] /xtion/rgb/image_proc http://127.0.0.1:38649/
[rosmaster.master][INFO] 2025-12-04 21:50:02,765: +PUB [/xtion/rgb/image_proc_debayer/parameter_updates] /xtion/rgb/image_proc http://127.0.0.1:38649/
[rosmaster.master][INFO] 2025-12-04 21:50:02,771: +PARAM [/xtion/rgb/image_proc_debayer/debayer] by /xtion/rgb/image_proc
[rosmaster.master][INFO] 2025-12-04 21:50:02,773: +PARAM [/xtion/rgb/image_proc_debayer/debayer] by /xtion/rgb/image_proc
[rosmaster.master][INFO] 2025-12-04 21:50:02,815: +SUB [/tf_stream/result] /dynamic_footprint_publisher http://127.0.0.1:36969/
[rosmaster.master][INFO] 2025-12-04 21:50:02,817: publisherUpdate[/tf_stream/goal] -> http://127.0.0.1:46565/ ['http://127.0.0.1:36969/']: sec=0.07, result=[1, '', 0]
[rosmaster.master][INFO] 2025-12-04 21:50:02,818: publisherUpdate[/tf_stream/cancel] -> http://127.0.0.1:46565/ ['http://127.0.0.1:36969/']
[rosmaster.master][INFO] 2025-12-04 21:50:02,819: +PUB [/xtion/rgb/image_mono/compressedDepth] /xtion/rgb/image_proc http://127.0.0.1:38649/
[rosmaster.master][INFO] 2025-12-04 21:50:02,822: +SERVICE [/xtion/rgb/image_mono/compressedDepth/set_parameters] /xtion/rgb/image_proc http://127.0.0.1:38649/
[rosmaster.master][INFO] 2025-12-04 21:50:02,824: +PUB [/xtion/rgb/image_mono/compressedDepth/parameter_descriptions] /xtion/rgb/image_proc http://127.0.0.1:38649/
[rosmaster.master][INFO] 2025-12-04 21:50:02,824: +PUB [/xtion/rgb/image_mono/compressedDepth/parameter_updates] /xtion/rgb/image_proc http://127.0.0.1:38649/
[rosmaster.master][INFO] 2025-12-04 21:50:02,826: +SUB [/tf_stream/feedback] /dynamic_footprint_publisher http://127.0.0.1:36969/
[rosmaster.master][INFO] 2025-12-04 21:50:02,833: +PUB [/dynamic_footprint_publisher/footprint] /dynamic_footprint_publisher http://127.0.0.1:36969/
[rosmaster.master][INFO] 2025-12-04 21:50:02,835: +PARAM [/xtion/rgb/image_mono/compressedDepth/format] by /xtion/rgb/image_proc
[rosmaster.master][INFO] 2025-12-04 21:50:02,836: +PUB [/dynamic_footprint_publisher/footprint_stamped] /dynamic_footprint_publisher http://127.0.0.1:36969/
[rosmaster.master][INFO] 2025-12-04 21:50:02,840: +PARAM [/xtion/rgb/image_mono/compressedDepth/depth_max] by /xtion/rgb/image_proc
[rosmaster.master][INFO] 2025-12-04 21:50:02,845: +PARAM [/xtion/rgb/image_mono/compressedDepth/depth_quantization] by /xtion/rgb/image_proc
[rosmaster.master][INFO] 2025-12-04 21:50:02,846: +SERVICE [/dynamic_footprint_publisher/change_params] /dynamic_footprint_publisher http://127.0.0.1:36969/
[rosmaster.master][INFO] 2025-12-04 21:50:02,849: +PARAM [/xtion/rgb/image_mono/compressedDepth/png_level] by /xtion/rgb/image_proc
[rosmaster.master][INFO] 2025-12-04 21:50:02,853: +CACHEDPARAM [/rosout_disable_topics_generation] by /dynamic_footprint_publisher
[rosmaster.master][INFO] 2025-12-04 21:50:02,854: +PARAM [/xtion/rgb/image_mono/compressedDepth/format] by /xtion/rgb/image_proc
[rosmaster.master][INFO] 2025-12-04 21:50:02,856: +PARAM [/xtion/rgb/image_mono/compressedDepth/depth_max] by /xtion/rgb/image_proc
[rosmaster.master][INFO] 2025-12-04 21:50:02,861: +PARAM [/xtion/rgb/image_mono/compressedDepth/depth_quantization] by /xtion/rgb/image_proc
[rosmaster.master][INFO] 2025-12-04 21:50:02,866: +PARAM [/xtion/rgb/image_mono/compressedDepth/png_level] by /xtion/rgb/image_proc
[rosmaster.master][INFO] 2025-12-04 21:50:02,875: +PUB [/xtion/rgb/image_mono/compressed] /xtion/rgb/image_proc http://127.0.0.1:38649/
[rosmaster.master][INFO] 2025-12-04 21:50:02,878: +SERVICE [/xtion/rgb/image_mono/compressed/set_parameters] /xtion/rgb/image_proc http://127.0.0.1:38649/
[rosmaster.master][INFO] 2025-12-04 21:50:02,880: +PUB [/xtion/rgb/image_mono/compressed/parameter_descriptions] /xtion/rgb/image_proc http://127.0.0.1:38649/
[rosmaster.master][INFO] 2025-12-04 21:50:02,953: publisherUpdate[/tf_stream/cancel] -> http://127.0.0.1:46565/ ['http://127.0.0.1:36969/']: sec=0.13, result=[1, '', 0]
[rosmaster.master][INFO] 2025-12-04 21:50:02,991: +PUB [/xtion/rgb/image_mono/compressed/parameter_updates] /xtion/rgb/image_proc http://127.0.0.1:38649/
[rosmaster.master][INFO] 2025-12-04 21:50:03,009: +PUB [/rosout] /joystick_relay http://127.0.0.1:43597/
[rosmaster.master][INFO] 2025-12-04 21:50:03,053: +SUB [/clock] /joystick_relay http://127.0.0.1:43597/
[rosmaster.master][INFO] 2025-12-04 21:50:03,059: +PARAM [/xtion/rgb/image_mono/compressed/format] by /xtion/rgb/image_proc
[rosmaster.master][INFO] 2025-12-04 21:50:03,085: -SUB [/clock] /joystick_relay http://127.0.0.1:33039/
[rosmaster.master][INFO] 2025-12-04 21:50:03,087: +SERVICE [/joystick_relay/get_loggers] /joystick_relay http://127.0.0.1:43597/
[rosmaster.master][INFO] 2025-12-04 21:50:03,088: -SUB [/input_joy/cmd_vel] /joystick_relay http://127.0.0.1:33039/
[rosmaster.master][INFO] 2025-12-04 21:50:03,088: -SUB [/joy_priority_action/goal] /joystick_relay http://127.0.0.1:33039/
[rosmaster.master][INFO] 2025-12-04 21:50:03,088: -SUB [/joy_priority_action/cancel] /joystick_relay http://127.0.0.1:33039/
[rosmaster.master][INFO] 2025-12-04 21:50:03,089: -SUB [/joy_turbo_increase/goal] /joystick_relay http://127.0.0.1:33039/
[rosmaster.master][INFO] 2025-12-04 21:50:03,089: -SUB [/joy_turbo_increase/cancel] /joystick_relay http://127.0.0.1:33039/
[rosmaster.master][INFO] 2025-12-04 21:50:03,090: -SUB [/joy_turbo_decrease/goal] /joystick_relay http://127.0.0.1:33039/
[rosmaster.master][INFO] 2025-12-04 21:50:03,089: +PARAM [/xtion/rgb/image_mono/compressed/jpeg_quality] by /xtion/rgb/image_proc
[rosmaster.master][INFO] 2025-12-04 21:50:03,090: -SUB [/joy_turbo_decrease/cancel] /joystick_relay http://127.0.0.1:33039/
[rosmaster.master][INFO] 2025-12-04 21:50:03,095: publisherUpdate[/rosout] -> http://127.0.0.1:46717/ ['http://127.0.0.1:42907/', 'http://127.0.0.1:39377/', 'http://127.0.0.1:43639/', 'http://127.0.0.1:36449/', 'http://127.0.0.1:46157/', 'http://127.0.0.1:45401/', 'http://127.0.0.1:46565/', 'http://127.0.0.1:34823/', 'http://127.0.0.1:38345/', 'http://127.0.0.1:45177/', 'http://127.0.0.1:43211/', 'http://127.0.0.1:45375/', 'http://127.0.0.1:39879/', 'http://127.0.0.1:38267/', 'http://127.0.0.1:38649/', 'http://127.0.0.1:36969/', 'http://127.0.0.1:43597/']
[rosmaster.master][INFO] 2025-12-04 21:50:03,099: +PARAM [/xtion/rgb/image_mono/compressed/jpeg_progressive] by /xtion/rgb/image_proc
[rosmaster.master][INFO] 2025-12-04 21:50:03,100: -SUB [/joy_turbo_angular_increase/goal] /joystick_relay http://127.0.0.1:33039/
[rosmaster.master][INFO] 2025-12-04 21:50:03,110: -SUB [/joy_turbo_angular_increase/cancel] /joystick_relay http://127.0.0.1:33039/
[rosmaster.master][INFO] 2025-12-04 21:50:03,114: -SUB [/joy_turbo_angular_decrease/goal] /joystick_relay http://127.0.0.1:33039/
[rosmaster.master][INFO] 2025-12-04 21:50:03,105: publisherUpdate[/rosout] -> http://127.0.0.1:46717/ ['http://127.0.0.1:42907/', 'http://127.0.0.1:39377/', 'http://127.0.0.1:43639/', 'http://127.0.0.1:36449/', 'http://127.0.0.1:46157/', 'http://127.0.0.1:45401/', 'http://127.0.0.1:46565/', 'http://127.0.0.1:34823/', 'http://127.0.0.1:38345/', 'http://127.0.0.1:45177/', 'http://127.0.0.1:43211/', 'http://127.0.0.1:45375/', 'http://127.0.0.1:39879/', 'http://127.0.0.1:38267/', 'http://127.0.0.1:38649/', 'http://127.0.0.1:36969/', 'http://127.0.0.1:43597/']: sec=0.00, result=[1, '', 0]
[rosmaster.master][INFO] 2025-12-04 21:50:03,107: +PARAM [/xtion/rgb/image_mono/compressed/jpeg_optimize] by /xtion/rgb/image_proc
[rosmaster.master][INFO] 2025-12-04 21:50:03,116: +SERVICE [/joystick_relay/set_logger_level] /joystick_relay http://127.0.0.1:43597/
[rosmaster.master][INFO] 2025-12-04 21:50:03,119: -SUB [/joy_turbo_angular_decrease/cancel] /joystick_relay http://127.0.0.1:33039/
[rosmaster.master][INFO] 2025-12-04 21:50:03,122: -SUB [/joy_turbo_reset/goal] /joystick_relay http://127.0.0.1:33039/
[rosmaster.master][INFO] 2025-12-04 21:50:03,119: +PARAM [/xtion/rgb/image_mono/compressed/jpeg_restart_interval] by /xtion/rgb/image_proc
[rosmaster.master][INFO] 2025-12-04 21:50:03,123: -SUB [/joy_turbo_reset/cancel] /joystick_relay http://127.0.0.1:33039/
[rosmaster.master][INFO] 2025-12-04 21:50:03,127: +PARAM [/xtion/rgb/image_mono/compressed/png_level] by /xtion/rgb/image_proc
[rosmaster.master][INFO] 2025-12-04 21:50:03,129: -PUB [/rosout] /joystick_relay http://127.0.0.1:33039/
[rosmaster.master][INFO] 2025-12-04 21:50:03,130: -PUB [/text_marker] /joystick_relay http://127.0.0.1:33039/
[rosmaster.master][INFO] 2025-12-04 21:50:03,133: -PUB [/joy_vel] /joystick_relay http://127.0.0.1:33039/
[rosmaster.master][INFO] 2025-12-04 21:50:03,137: -PUB [/joy_priority] /joystick_relay http://127.0.0.1:33039/
[rosmaster.master][INFO] 2025-12-04 21:50:03,139: -PUB [/joy_priority_action/status] /joystick_relay http://127.0.0.1:33039/
[rosmaster.master][INFO] 2025-12-04 21:50:03,141: -PUB [/joy_priority_action/result] /joystick_relay http://127.0.0.1:33039/
[rosmaster.master][INFO] 2025-12-04 21:50:03,132: +PARAM [/xtion/rgb/image_mono/compressed/format] by /xtion/rgb/image_proc
[rosmaster.master][INFO] 2025-12-04 21:50:03,146: +PARAM [/xtion/rgb/image_mono/compressed/jpeg_quality] by /xtion/rgb/image_proc
[rosmaster.master][INFO] 2025-12-04 21:50:03,143: -PUB [/joy_priority_action/feedback] /joystick_relay http://127.0.0.1:33039/
[rosmaster.master][INFO] 2025-12-04 21:50:03,149: -PUB [/joy_turbo_increase/status] /joystick_relay http://127.0.0.1:33039/
[rosmaster.master][INFO] 2025-12-04 21:50:03,151: -PUB [/joy_turbo_increase/result] /joystick_relay http://127.0.0.1:33039/
[rosmaster.master][INFO] 2025-12-04 21:50:03,150: +PARAM [/xtion/rgb/image_mono/compressed/jpeg_progressive] by /xtion/rgb/image_proc
[rosmaster.master][INFO] 2025-12-04 21:50:03,154: -PUB [/joy_turbo_increase/feedback] /joystick_relay http://127.0.0.1:33039/
[rosmaster.master][INFO] 2025-12-04 21:50:03,155: -PUB [/joy_turbo_decrease/status] /joystick_relay http://127.0.0.1:33039/
[rosmaster.master][INFO] 2025-12-04 21:50:03,155: -PUB [/joy_turbo_decrease/result] /joystick_relay http://127.0.0.1:33039/
[rosmaster.master][INFO] 2025-12-04 21:50:03,157: +PARAM [/xtion/rgb/image_mono/compressed/jpeg_optimize] by /xtion/rgb/image_proc
[rosmaster.master][INFO] 2025-12-04 21:50:03,159: +PARAM [/xtion/rgb/image_mono/compressed/jpeg_restart_interval] by /xtion/rgb/image_proc
[rosmaster.master][INFO] 2025-12-04 21:50:03,157: -PUB [/joy_turbo_decrease/feedback] /joystick_relay http://127.0.0.1:33039/
[rosmaster.master][INFO] 2025-12-04 21:50:03,160: -PUB [/joy_turbo_angular_increase/status] /joystick_relay http://127.0.0.1:33039/
[rosmaster.master][INFO] 2025-12-04 21:50:03,160: -PUB [/joy_turbo_angular_increase/result] /joystick_relay http://127.0.0.1:33039/
[rosmaster.master][INFO] 2025-12-04 21:50:03,161: -PUB [/joy_turbo_angular_increase/feedback] /joystick_relay http://127.0.0.1:33039/
[rosmaster.master][INFO] 2025-12-04 21:50:03,161: -PUB [/joy_turbo_angular_decrease/status] /joystick_relay http://127.0.0.1:33039/
[rosmaster.master][INFO] 2025-12-04 21:50:03,161: -PUB [/joy_turbo_angular_decrease/result] /joystick_relay http://127.0.0.1:33039/
[rosmaster.master][INFO] 2025-12-04 21:50:03,161: -PUB [/joy_turbo_angular_decrease/feedback] /joystick_relay http://127.0.0.1:33039/
[rosmaster.master][INFO] 2025-12-04 21:50:03,161: -PUB [/joy_turbo_reset/status] /joystick_relay http://127.0.0.1:33039/
[rosmaster.master][INFO] 2025-12-04 21:50:03,161: -PUB [/joy_turbo_reset/result] /joystick_relay http://127.0.0.1:33039/
[rosmaster.master][INFO] 2025-12-04 21:50:03,161: -PUB [/joy_turbo_reset/feedback] /joystick_relay http://127.0.0.1:33039/
[rosmaster.master][INFO] 2025-12-04 21:50:03,161: -SERVICE [/joystick_relay/get_loggers] /joystick_relay rosrpc://127.0.0.1:44139
[rosmaster.master][INFO] 2025-12-04 21:50:03,161: -SERVICE [/joystick_relay/set_logger_level] /joystick_relay rosrpc://127.0.0.1:44139
[rosmaster.master][INFO] 2025-12-04 21:50:03,169: +PUB [/text_marker] /joystick_relay http://127.0.0.1:43597/
[rosmaster.master][INFO] 2025-12-04 21:50:03,171: +PARAM [/xtion/rgb/image_mono/compressed/png_level] by /xtion/rgb/image_proc
[rosmaster.master][INFO] 2025-12-04 21:50:03,176: +PUB [/joy_vel] /joystick_relay http://127.0.0.1:43597/
[rosmaster.master][INFO] 2025-12-04 21:50:03,182: +PUB [/xtion/rgb/image_mono] /xtion/rgb/image_proc http://127.0.0.1:38649/
[rosmaster.master][INFO] 2025-12-04 21:50:03,184: +SUB [/input_joy/cmd_vel] /joystick_relay http://127.0.0.1:43597/
[rosmaster.master][INFO] 2025-12-04 21:50:03,190: +PUB [/joy_priority] /joystick_relay http://127.0.0.1:43597/
[rosmaster.master][INFO] 2025-12-04 21:50:03,195: +PUB [/xtion/rgb/image_mono/theora] /xtion/rgb/image_proc http://127.0.0.1:38649/
[rosmaster.master][INFO] 2025-12-04 21:50:03,196: publisherUpdate[/joy_vel] -> http://127.0.0.1:34823/ ['http://127.0.0.1:43597/']
[rosmaster.master][INFO] 2025-12-04 21:50:03,200: +PUB [/joy_priority_action/status] /joystick_relay http://127.0.0.1:43597/
[rosmaster.master][INFO] 2025-12-04 21:50:03,205: +SERVICE [/xtion/rgb/image_mono/theora/set_parameters] /xtion/rgb/image_proc http://127.0.0.1:38649/
[rosmaster.master][INFO] 2025-12-04 21:50:03,213: +PUB [/joy_priority_action/result] /joystick_relay http://127.0.0.1:43597/
[rosmaster.master][INFO] 2025-12-04 21:50:03,224: +PUB [/xtion/rgb/image_mono/theora/parameter_descriptions] /xtion/rgb/image_proc http://127.0.0.1:38649/
[rosmaster.master][INFO] 2025-12-04 21:50:03,227: +PUB [/rosout] /tuck_arm http://127.0.0.1:43731/
[rosmaster.master][INFO] 2025-12-04 21:50:03,316: publisherUpdate[/joy_vel] -> http://127.0.0.1:34823/ ['http://127.0.0.1:43597/']: sec=0.12, result=[1, '', 0]
[rosmaster.master][INFO] 2025-12-04 21:50:03,333: publisherUpdate[/joy_priority] -> http://127.0.0.1:34823/ ['http://127.0.0.1:43597/']
[rosmaster.master][INFO] 2025-12-04 21:50:03,333: +PUB [/xtion/rgb/image_mono/theora/parameter_updates] /xtion/rgb/image_proc http://127.0.0.1:38649/
[rosmaster.master][INFO] 2025-12-04 21:50:03,321: publisherUpdate[/rosout] -> http://127.0.0.1:46717/ ['http://127.0.0.1:42907/', 'http://127.0.0.1:39377/', 'http://127.0.0.1:43639/', 'http://127.0.0.1:36449/', 'http://127.0.0.1:46157/', 'http://127.0.0.1:45401/', 'http://127.0.0.1:46565/', 'http://127.0.0.1:34823/', 'http://127.0.0.1:38345/', 'http://127.0.0.1:45177/', 'http://127.0.0.1:43211/', 'http://127.0.0.1:45375/', 'http://127.0.0.1:39879/', 'http://127.0.0.1:38267/', 'http://127.0.0.1:38649/', 'http://127.0.0.1:36969/', 'http://127.0.0.1:43597/', 'http://127.0.0.1:43731/']
[rosmaster.master][INFO] 2025-12-04 21:50:03,339: +PUB [/joy_priority_action/feedback] /joystick_relay http://127.0.0.1:43597/
[rosmaster.master][INFO] 2025-12-04 21:50:03,340: publisherUpdate[/joy_priority] -> http://127.0.0.1:34823/ ['http://127.0.0.1:43597/']: sec=0.01, result=[1, '', 0]
[rosmaster.master][INFO] 2025-12-04 21:50:03,344: publisherUpdate[/rosout] -> http://127.0.0.1:46717/ ['http://127.0.0.1:42907/', 'http://127.0.0.1:39377/', 'http://127.0.0.1:43639/', 'http://127.0.0.1:36449/', 'http://127.0.0.1:46157/', 'http://127.0.0.1:45401/', 'http://127.0.0.1:46565/', 'http://127.0.0.1:34823/', 'http://127.0.0.1:38345/', 'http://127.0.0.1:45177/', 'http://127.0.0.1:43211/', 'http://127.0.0.1:45375/', 'http://127.0.0.1:39879/', 'http://127.0.0.1:38267/', 'http://127.0.0.1:38649/', 'http://127.0.0.1:36969/', 'http://127.0.0.1:43597/', 'http://127.0.0.1:43731/']: sec=0.00, result=[1, '', 0]
[rosmaster.master][INFO] 2025-12-04 21:50:03,347: +PUB [/rosout] /default_controllers_spawner http://127.0.0.1:38875/
[rosmaster.master][INFO] 2025-12-04 21:50:03,352: +PUB [/rosout] /hand_controller_spawner http://127.0.0.1:46177/
[rosmaster.master][INFO] 2025-12-04 21:50:03,359: +SUB [/clock] /tuck_arm http://127.0.0.1:43731/
[rosmaster.master][INFO] 2025-12-04 21:50:03,374: +PARAM [/xtion/rgb/image_mono/theora/optimize_for] by /xtion/rgb/image_proc
[rosmaster.master][INFO] 2025-12-04 21:50:03,382: +SUB [/joy_priority_action/goal] /joystick_relay http://127.0.0.1:43597/
[rosmaster.master][INFO] 2025-12-04 21:50:03,383: +PARAM [/xtion/rgb/image_mono/theora/target_bitrate] by /xtion/rgb/image_proc
[rosmaster.master][INFO] 2025-12-04 21:50:03,391: +CACHEDPARAM [/rosout_disable_topics_generation] by /default_controllers_spawner
[rosmaster.master][INFO] 2025-12-04 21:50:03,393: +PARAM [/xtion/rgb/image_mono/theora/quality] by /xtion/rgb/image_proc
[rosmaster.master][INFO] 2025-12-04 21:50:03,397: +SUB [/clock] /default_controllers_spawner http://127.0.0.1:38875/
[rosmaster.master][INFO] 2025-12-04 21:50:03,400: +PARAM [/xtion/rgb/image_mono/theora/keyframe_frequency] by /xtion/rgb/image_proc
[rosmaster.master][INFO] 2025-12-04 21:50:03,403: +SERVICE [/tuck_arm/get_loggers] /tuck_arm http://127.0.0.1:43731/
[rosmaster.master][INFO] 2025-12-04 21:50:03,404: +SUB [/clock] /hand_controller_spawner http://127.0.0.1:46177/
[rosmaster.master][INFO] 2025-12-04 21:50:03,404: +PARAM [/xtion/rgb/image_mono/theora/optimize_for] by /xtion/rgb/image_proc
[rosmaster.master][INFO] 2025-12-04 21:50:03,405: +SUB [/joy_priority_action/cancel] /joystick_relay http://127.0.0.1:43597/
[rosmaster.master][INFO] 2025-12-04 21:50:03,412: +SERVICE [/tuck_arm/set_logger_level] /tuck_arm http://127.0.0.1:43731/
[rosmaster.master][INFO] 2025-12-04 21:50:03,415: +PARAM [/xtion/rgb/image_mono/theora/target_bitrate] by /xtion/rgb/image_proc
[rosmaster.master][INFO] 2025-12-04 21:50:03,422: +SERVICE [/hand_controller_spawner/get_loggers] /hand_controller_spawner http://127.0.0.1:46177/
[rosmaster.master][INFO] 2025-12-04 21:50:03,423: +SERVICE [/default_controllers_spawner/get_loggers] /default_controllers_spawner http://127.0.0.1:38875/
[rosmaster.master][INFO] 2025-12-04 21:50:03,430: +CACHEDPARAM [/rosout_disable_topics_generation] by /tuck_arm
[rosmaster.master][INFO] 2025-12-04 21:50:03,428: publisherUpdate[/rosout] -> http://127.0.0.1:46717/ ['http://127.0.0.1:39377/', 'http://127.0.0.1:43639/', 'http://127.0.0.1:36449/', 'http://127.0.0.1:46157/', 'http://127.0.0.1:45401/', 'http://127.0.0.1:46565/', 'http://127.0.0.1:34823/', 'http://127.0.0.1:38345/', 'http://127.0.0.1:45177/', 'http://127.0.0.1:43211/', 'http://127.0.0.1:45375/', 'http://127.0.0.1:39879/', 'http://127.0.0.1:38267/', 'http://127.0.0.1:38649/', 'http://127.0.0.1:36969/', 'http://127.0.0.1:43597/', 'http://127.0.0.1:43731/', 'http://127.0.0.1:38875/']
[rosmaster.master][INFO] 2025-12-04 21:50:03,423: +PARAM [/xtion/rgb/image_mono/theora/quality] by /xtion/rgb/image_proc
[rosmaster.master][INFO] 2025-12-04 21:50:03,436: +SERVICE [/hand_controller_spawner/set_logger_level] /hand_controller_spawner http://127.0.0.1:46177/
[rosmaster.master][INFO] 2025-12-04 21:50:03,445: +SERVICE [/default_controllers_spawner/set_logger_level] /default_controllers_spawner http://127.0.0.1:38875/
[rosmaster.master][INFO] 2025-12-04 21:50:03,448: +PUB [/joy_turbo_increase/status] /joystick_relay http://127.0.0.1:43597/
[rosmaster.master][INFO] 2025-12-04 21:50:03,451: publisherUpdate[/rosout] -> http://127.0.0.1:46717/ ['http://127.0.0.1:39377/', 'http://127.0.0.1:43639/', 'http://127.0.0.1:36449/', 'http://127.0.0.1:46157/', 'http://127.0.0.1:45401/', 'http://127.0.0.1:46565/', 'http://127.0.0.1:34823/', 'http://127.0.0.1:38345/', 'http://127.0.0.1:45177/', 'http://127.0.0.1:43211/', 'http://127.0.0.1:45375/', 'http://127.0.0.1:39879/', 'http://127.0.0.1:38267/', 'http://127.0.0.1:38649/', 'http://127.0.0.1:36969/', 'http://127.0.0.1:43597/', 'http://127.0.0.1:43731/', 'http://127.0.0.1:38875/']: sec=0.01, result=[1, '', 0]
[rosmaster.master][INFO] 2025-12-04 21:50:03,474: publisherUpdate[/rosout] -> http://127.0.0.1:46717/ ['http://127.0.0.1:39377/', 'http://127.0.0.1:36449/', 'http://127.0.0.1:46157/', 'http://127.0.0.1:45401/', 'http://127.0.0.1:46565/', 'http://127.0.0.1:34823/', 'http://127.0.0.1:38345/', 'http://127.0.0.1:45177/', 'http://127.0.0.1:43211/', 'http://127.0.0.1:45375/', 'http://127.0.0.1:39879/', 'http://127.0.0.1:38267/', 'http://127.0.0.1:38649/', 'http://127.0.0.1:36969/', 'http://127.0.0.1:43597/', 'http://127.0.0.1:43731/', 'http://127.0.0.1:38875/', 'http://127.0.0.1:46177/']
[rosmaster.master][INFO] 2025-12-04 21:50:03,463: +PARAM [/xtion/rgb/image_mono/theora/keyframe_frequency] by /xtion/rgb/image_proc
[rosmaster.master][INFO] 2025-12-04 21:50:03,480: +PUB [/play_motion/goal] /tuck_arm http://127.0.0.1:43731/
[rosmaster.master][INFO] 2025-12-04 21:50:03,493: +CACHEDPARAM [/rosout_disable_topics_generation] by /default_controllers_spawner
[rosmaster.master][INFO] 2025-12-04 21:50:03,495: +PUB [/play_motion/cancel] /tuck_arm http://127.0.0.1:43731/
[rosmaster.master][INFO] 2025-12-04 21:50:03,496: +CACHEDPARAM [/rosout_disable_topics_generation] by /hand_controller_spawner
[rosmaster.master][INFO] 2025-12-04 21:50:03,499: +CACHEDPARAM [/rosout_disable_topics_generation] by /hand_controller_spawner
[rosmaster.master][INFO] 2025-12-04 21:50:03,500: +PUB [/joy_turbo_increase/result] /joystick_relay http://127.0.0.1:43597/
[rosmaster.master][INFO] 2025-12-04 21:50:03,503: +PUB [/xtion/rgb/image_color/compressedDepth] /xtion/rgb/image_proc http://127.0.0.1:38649/
[rosmaster.master][INFO] 2025-12-04 21:50:03,515: +PUB [/joy_turbo_increase/feedback] /joystick_relay http://127.0.0.1:43597/
[rosmaster.master][INFO] 2025-12-04 21:50:03,517: +SUB [/play_motion/status] /tuck_arm http://127.0.0.1:43731/
[rosmaster.master][INFO] 2025-12-04 21:50:03,519: +SERVICE [/xtion/rgb/image_color/compressedDepth/set_parameters] /xtion/rgb/image_proc http://127.0.0.1:38649/
[rosmaster.master][INFO] 2025-12-04 21:50:03,519: +CACHEDPARAM [/rosout_disable_topics_generation] by /default_controllers_spawner
[rosmaster.master][INFO] 2025-12-04 21:50:03,522: +PUB [/xtion/rgb/image_color/compressedDepth/parameter_descriptions] /xtion/rgb/image_proc http://127.0.0.1:38649/
[rosmaster.master][INFO] 2025-12-04 21:50:03,528: publisherUpdate[/rosout] -> http://127.0.0.1:46717/ ['http://127.0.0.1:39377/', 'http://127.0.0.1:36449/', 'http://127.0.0.1:46157/', 'http://127.0.0.1:45401/', 'http://127.0.0.1:46565/', 'http://127.0.0.1:34823/', 'http://127.0.0.1:38345/', 'http://127.0.0.1:45177/', 'http://127.0.0.1:43211/', 'http://127.0.0.1:45375/', 'http://127.0.0.1:39879/', 'http://127.0.0.1:38267/', 'http://127.0.0.1:38649/', 'http://127.0.0.1:36969/', 'http://127.0.0.1:43597/', 'http://127.0.0.1:43731/', 'http://127.0.0.1:38875/', 'http://127.0.0.1:46177/']: sec=0.04, result=[1, '', 0]
[rosmaster.master][INFO] 2025-12-04 21:50:03,540: +SUB [/joy_turbo_increase/goal] /joystick_relay http://127.0.0.1:43597/
[rosmaster.master][INFO] 2025-12-04 21:50:03,556: +PUB [/rosout] /bringup_controllers_spawner_ft http://127.0.0.1:40245/
[rosmaster.master][INFO] 2025-12-04 21:50:03,558: +PUB [/xtion/rgb/image_color/compressedDepth/parameter_updates] /xtion/rgb/image_proc http://127.0.0.1:38649/
[rosmaster.master][INFO] 2025-12-04 21:50:03,563: +CACHEDPARAM [/rosout_disable_topics_generation] by /hand_controller_spawner
[rosmaster.master][INFO] 2025-12-04 21:50:03,565: +SUB [/play_motion/result] /tuck_arm http://127.0.0.1:43731/
[rosmaster.master][INFO] 2025-12-04 21:50:03,573: +PARAM [/xtion/rgb/image_color/compressedDepth/format] by /xtion/rgb/image_proc
[rosmaster.master][INFO] 2025-12-04 21:50:03,574: -SUB [/clock] /default_controllers_spawner http://127.0.0.1:38875/
[rosmaster.master][INFO] 2025-12-04 21:50:03,580: -PUB [/rosout] /default_controllers_spawner http://127.0.0.1:38875/
[rosmaster.master][INFO] 2025-12-04 21:50:03,582: +SUB [/joy_turbo_increase/cancel] /joystick_relay http://127.0.0.1:43597/
[rosmaster.master][INFO] 2025-12-04 21:50:03,585: +PARAM [/xtion/rgb/image_color/compressedDepth/depth_max] by /xtion/rgb/image_proc
[rosmaster.master][INFO] 2025-12-04 21:50:03,585: -SERVICE [/default_controllers_spawner/get_loggers] /default_controllers_spawner rosrpc://127.0.0.1:37059
[rosmaster.master][INFO] 2025-12-04 21:50:03,590: +PARAM [/xtion/rgb/image_color/compressedDepth/depth_quantization] by /xtion/rgb/image_proc
[rosmaster.master][INFO] 2025-12-04 21:50:03,598: +PARAM [/xtion/rgb/image_color/compressedDepth/png_level] by /xtion/rgb/image_proc
[rosmaster.master][INFO] 2025-12-04 21:50:03,591: -SERVICE [/default_controllers_spawner/set_logger_level] /default_controllers_spawner rosrpc://127.0.0.1:37059
[rosmaster.master][INFO] 2025-12-04 21:50:03,603: +PARAM [/xtion/rgb/image_color/compressedDepth/format] by /xtion/rgb/image_proc
[rosmaster.master][INFO] 2025-12-04 21:50:03,603: +CACHEDPARAM [/rosout_disable_topics_generation] by /hand_controller_spawner
[rosmaster.master][INFO] 2025-12-04 21:50:03,610: +PARAM [/xtion/rgb/image_color/compressedDepth/depth_max] by /xtion/rgb/image_proc
[rosmaster.master][INFO] 2025-12-04 21:50:03,603: +SUB [/play_motion/feedback] /tuck_arm http://127.0.0.1:43731/
[rosmaster.master][INFO] 2025-12-04 21:50:03,611: +CACHEDPARAM [/rosout_disable_topics_generation] by /default_controllers_spawner
[rosmaster.master][INFO] 2025-12-04 21:50:03,618: +CACHEDPARAM [/rosout_disable_topics_generation] by /default_controllers_spawner
[rosmaster.master][INFO] 2025-12-04 21:50:03,619: +CACHEDPARAM [/rosout_disable_topics_generation] by /hand_controller_spawner
[rosmaster.master][INFO] 2025-12-04 21:50:03,619: +PARAM [/xtion/rgb/image_color/compressedDepth/depth_quantization] by /xtion/rgb/image_proc
[rosmaster.master][INFO] 2025-12-04 21:50:03,635: +PARAM [/xtion/rgb/image_color/compressedDepth/png_level] by /xtion/rgb/image_proc
[rosmaster.master][INFO] 2025-12-04 21:50:03,620: +SUB [/clock] /bringup_controllers_spawner_ft http://127.0.0.1:40245/
[rosmaster.master][INFO] 2025-12-04 21:50:03,638: +PUB [/xtion/rgb/image_color/compressed] /xtion/rgb/image_proc http://127.0.0.1:38649/
[rosmaster.master][INFO] 2025-12-04 21:50:03,655: +PUB [/joy_turbo_decrease/status] /joystick_relay http://127.0.0.1:43597/
[rosmaster.master][INFO] 2025-12-04 21:50:03,660: +SERVICE [/bringup_controllers_spawner_ft/get_loggers] /bringup_controllers_spawner_ft http://127.0.0.1:40245/
[rosmaster.master][INFO] 2025-12-04 21:50:03,663: +SERVICE [/xtion/rgb/image_color/compressed/set_parameters] /xtion/rgb/image_proc http://127.0.0.1:38649/
[rosmaster.master][INFO] 2025-12-04 21:50:03,666: +PUB [/joy_turbo_decrease/result] /joystick_relay http://127.0.0.1:43597/
[rosmaster.master][INFO] 2025-12-04 21:50:03,669: +PUB [/xtion/rgb/image_color/compressed/parameter_descriptions] /xtion/rgb/image_proc http://127.0.0.1:38649/
[rosmaster.master][INFO] 2025-12-04 21:50:03,676: +PUB [/xtion/rgb/image_color/compressed/parameter_updates] /xtion/rgb/image_proc http://127.0.0.1:38649/
[rosmaster.master][INFO] 2025-12-04 21:50:03,677: +PUB [/joy_turbo_decrease/feedback] /joystick_relay http://127.0.0.1:43597/
[rosmaster.master][INFO] 2025-12-04 21:50:03,679: +SERVICE [/bringup_controllers_spawner_ft/set_logger_level] /bringup_controllers_spawner_ft http://127.0.0.1:40245/
[rosmaster.master][INFO] 2025-12-04 21:50:03,687: +CACHEDPARAM [/rosout_disable_topics_generation] by /bringup_controllers_spawner_ft
[rosmaster.master][INFO] 2025-12-04 21:50:03,697: +PARAM [/xtion/rgb/image_color/compressed/format] by /xtion/rgb/image_proc
[rosmaster.master][INFO] 2025-12-04 21:50:03,698: +SUB [/joy_turbo_decrease/goal] /joystick_relay http://127.0.0.1:43597/
[rosmaster.master][INFO] 2025-12-04 21:50:03,713: +PARAM [/xtion/rgb/image_color/compressed/jpeg_quality] by /xtion/rgb/image_proc
[rosmaster.master][INFO] 2025-12-04 21:50:03,719: +PARAM [/xtion/rgb/image_color/compressed/jpeg_progressive] by /xtion/rgb/image_proc
[rosmaster.master][INFO] 2025-12-04 21:50:03,725: +PARAM [/xtion/rgb/image_color/compressed/jpeg_optimize] by /xtion/rgb/image_proc
[rosmaster.master][INFO] 2025-12-04 21:50:03,731: +PARAM [/xtion/rgb/image_color/compressed/jpeg_restart_interval] by /xtion/rgb/image_proc
[rosmaster.master][INFO] 2025-12-04 21:50:03,737: +PARAM [/xtion/rgb/image_color/compressed/png_level] by /xtion/rgb/image_proc
[rosmaster.master][INFO] 2025-12-04 21:50:03,747: +PARAM [/xtion/rgb/image_color/compressed/format] by /xtion/rgb/image_proc
[rosmaster.master][INFO] 2025-12-04 21:50:03,752: +CACHEDPARAM [/rosout_disable_topics_generation] by /bringup_controllers_spawner_ft
[rosmaster.master][INFO] 2025-12-04 21:50:03,753: +PARAM [/xtion/rgb/image_color/compressed/jpeg_quality] by /xtion/rgb/image_proc
[rosmaster.master][INFO] 2025-12-04 21:50:03,758: +PARAM [/xtion/rgb/image_color/compressed/jpeg_progressive] by /xtion/rgb/image_proc
[rosmaster.master][INFO] 2025-12-04 21:50:03,762: +PARAM [/xtion/rgb/image_color/compressed/jpeg_optimize] by /xtion/rgb/image_proc
[rosmaster.master][INFO] 2025-12-04 21:50:03,764: +SUB [/joy_turbo_decrease/cancel] /joystick_relay http://127.0.0.1:43597/
[rosmaster.master][INFO] 2025-12-04 21:50:03,770: +CACHEDPARAM [/rosout_disable_topics_generation] by /bringup_controllers_spawner_ft
[rosmaster.master][INFO] 2025-12-04 21:50:03,772: +PARAM [/xtion/rgb/image_color/compressed/jpeg_restart_interval] by /xtion/rgb/image_proc
[rosmaster.master][INFO] 2025-12-04 21:50:03,775: +PARAM [/xtion/rgb/image_color/compressed/png_level] by /xtion/rgb/image_proc
[rosmaster.master][INFO] 2025-12-04 21:50:03,778: +PUB [/xtion/rgb/image_color] /xtion/rgb/image_proc http://127.0.0.1:38649/
[rosmaster.master][INFO] 2025-12-04 21:50:03,780: +PUB [/xtion/rgb/image_color/theora] /xtion/rgb/image_proc http://127.0.0.1:38649/
[rosmaster.master][INFO] 2025-12-04 21:50:03,785: +SERVICE [/xtion/rgb/image_color/theora/set_parameters] /xtion/rgb/image_proc http://127.0.0.1:38649/
[rosmaster.master][INFO] 2025-12-04 21:50:03,792: +PUB [/xtion/rgb/image_color/theora/parameter_descriptions] /xtion/rgb/image_proc http://127.0.0.1:38649/
[rosmaster.master][INFO] 2025-12-04 21:50:03,795: +PUB [/joy_turbo_angular_increase/status] /joystick_relay http://127.0.0.1:43597/
[rosmaster.master][INFO] 2025-12-04 21:50:03,799: +CACHEDPARAM [/rosout_disable_topics_generation] by /bringup_controllers_spawner_ft
[rosmaster.master][INFO] 2025-12-04 21:50:03,801: +PUB [/xtion/rgb/image_color/theora/parameter_updates] /xtion/rgb/image_proc http://127.0.0.1:38649/
[rosmaster.master][INFO] 2025-12-04 21:50:03,807: +PUB [/joy_turbo_angular_increase/result] /joystick_relay http://127.0.0.1:43597/
[rosmaster.master][INFO] 2025-12-04 21:50:03,814: +PUB [/joy_turbo_angular_increase/feedback] /joystick_relay http://127.0.0.1:43597/
[rosmaster.master][INFO] 2025-12-04 21:50:03,828: +CACHEDPARAM [/rosout_disable_topics_generation] by /hand_controller_spawner
[rosmaster.master][INFO] 2025-12-04 21:50:03,832: +SUB [/joy_turbo_angular_increase/goal] /joystick_relay http://127.0.0.1:43597/
[rosmaster.master][INFO] 2025-12-04 21:50:03,834: +PARAM [/xtion/rgb/image_color/theora/optimize_for] by /xtion/rgb/image_proc
[rosmaster.master][INFO] 2025-12-04 21:50:03,838: +PUB [/rosout] /bringup_controllers_spawner_imu http://127.0.0.1:39437/
[rosmaster.master][INFO] 2025-12-04 21:50:03,840: +PARAM [/xtion/rgb/image_color/theora/target_bitrate] by /xtion/rgb/image_proc
[rosmaster.master][INFO] 2025-12-04 21:50:03,843: +PARAM [/xtion/rgb/image_color/theora/quality] by /xtion/rgb/image_proc
[rosmaster.master][INFO] 2025-12-04 21:50:03,847: +SUB [/joy_turbo_angular_increase/cancel] /joystick_relay http://127.0.0.1:43597/
[rosmaster.master][INFO] 2025-12-04 21:50:03,847: +PARAM [/xtion/rgb/image_color/theora/keyframe_frequency] by /xtion/rgb/image_proc
[rosmaster.master][INFO] 2025-12-04 21:50:03,851: +PUB [/trajectory_execution_event] /play_motion http://127.0.0.1:38345/
[rosmaster.master][INFO] 2025-12-04 21:50:03,852: +PARAM [/xtion/rgb/image_color/theora/optimize_for] by /xtion/rgb/image_proc
[rosmaster.master][INFO] 2025-12-04 21:50:03,853: +SUB [/clock] /bringup_controllers_spawner_imu http://127.0.0.1:39437/
[rosmaster.master][INFO] 2025-12-04 21:50:03,855: +PUB [/attached_collision_object] /play_motion http://127.0.0.1:38345/
[rosmaster.master][INFO] 2025-12-04 21:50:03,858: +PARAM [/xtion/rgb/image_color/theora/target_bitrate] by /xtion/rgb/image_proc
[rosmaster.master][INFO] 2025-12-04 21:50:03,860: +SERVICE [/bringup_controllers_spawner_imu/get_loggers] /bringup_controllers_spawner_imu http://127.0.0.1:39437/
[rosmaster.master][INFO] 2025-12-04 21:50:03,863: +PARAM [/xtion/rgb/image_color/theora/quality] by /xtion/rgb/image_proc
[rosmaster.master][INFO] 2025-12-04 21:50:03,865: +SERVICE [/bringup_controllers_spawner_imu/set_logger_level] /bringup_controllers_spawner_imu http://127.0.0.1:39437/
[rosmaster.master][INFO] 2025-12-04 21:50:03,866: +PARAM [/xtion/rgb/image_color/theora/keyframe_frequency] by /xtion/rgb/image_proc
[rosmaster.master][INFO] 2025-12-04 21:50:03,870: +CACHEDPARAM [/rosout_disable_topics_generation] by /bringup_controllers_spawner_imu
[rosmaster.master][INFO] 2025-12-04 21:50:03,876: +SERVICE [/xtion/rgb/image_proc_rectify_mono/set_parameters] /xtion/rgb/image_proc http://127.0.0.1:38649/
[rosmaster.master][INFO] 2025-12-04 21:50:03,880: +PUB [/joy_turbo_angular_decrease/status] /joystick_relay http://127.0.0.1:43597/
[rosmaster.master][INFO] 2025-12-04 21:50:03,884: +PUB [/xtion/rgb/image_proc_rectify_mono/parameter_descriptions] /xtion/rgb/image_proc http://127.0.0.1:38649/
[rosmaster.master][INFO] 2025-12-04 21:50:03,885: +CACHEDPARAM [/rosout_disable_topics_generation] by /bringup_controllers_spawner_imu
[rosmaster.master][INFO] 2025-12-04 21:50:03,886: +PUB [/joy_turbo_angular_decrease/result] /joystick_relay http://127.0.0.1:43597/
[rosmaster.master][INFO] 2025-12-04 21:50:03,887: +PUB [/xtion/rgb/image_proc_rectify_mono/parameter_updates] /xtion/rgb/image_proc http://127.0.0.1:38649/
[rosmaster.master][INFO] 2025-12-04 21:50:03,887: +SUB [/move_group/status] /play_motion http://127.0.0.1:38345/
[rosmaster.master][INFO] 2025-12-04 21:50:03,892: +PUB [/joy_turbo_angular_decrease/feedback] /joystick_relay http://127.0.0.1:43597/
[rosmaster.master][INFO] 2025-12-04 21:50:03,896: +CACHEDPARAM [/rosout_disable_topics_generation] by /bringup_controllers_spawner_imu
[rosmaster.master][INFO] 2025-12-04 21:50:03,895: +PARAM [/xtion/rgb/image_proc_rectify_mono/interpolation] by /xtion/rgb/image_proc
[rosmaster.master][INFO] 2025-12-04 21:50:03,904: +PARAM [/xtion/rgb/image_proc_rectify_mono/interpolation] by /xtion/rgb/image_proc
[rosmaster.master][INFO] 2025-12-04 21:50:03,906: +SUB [/joy_turbo_angular_decrease/goal] /joystick_relay http://127.0.0.1:43597/
[rosmaster.master][INFO] 2025-12-04 21:50:03,905: +CACHEDPARAM [/rosout_disable_topics_generation] by /bringup_controllers_spawner_imu
[rosmaster.master][INFO] 2025-12-04 21:50:03,909: +SUB [/move_group/feedback] /play_motion http://127.0.0.1:38345/
[rosmaster.master][INFO] 2025-12-04 21:50:03,912: +PUB [/xtion/rgb/image_rect/compressedDepth] /xtion/rgb/image_proc http://127.0.0.1:38649/
[rosmaster.master][INFO] 2025-12-04 21:50:03,915: +SUB [/joy_turbo_angular_decrease/cancel] /joystick_relay http://127.0.0.1:43597/
[rosmaster.master][INFO] 2025-12-04 21:50:03,923: +SERVICE [/xtion/rgb/image_rect/compressedDepth/set_parameters] /xtion/rgb/image_proc http://127.0.0.1:38649/
[rosmaster.master][INFO] 2025-12-04 21:50:03,928: +PUB [/xtion/rgb/image_rect/compressedDepth/parameter_descriptions] /xtion/rgb/image_proc http://127.0.0.1:38649/
[rosmaster.master][INFO] 2025-12-04 21:50:03,930: +SUB [/move_group/result] /play_motion http://127.0.0.1:38345/
[rosmaster.master][INFO] 2025-12-04 21:50:03,930: +PUB [/xtion/rgb/image_rect/compressedDepth/parameter_updates] /xtion/rgb/image_proc http://127.0.0.1:38649/
[rosmaster.master][INFO] 2025-12-04 21:50:03,932: +SERVICE [/move_group/planning_scene_monitor/set_parameters] /move_group http://127.0.0.1:45177/
[rosmaster.master][INFO] 2025-12-04 21:50:03,935: +PUB [/move_group/goal] /play_motion http://127.0.0.1:38345/
[rosmaster.master][INFO] 2025-12-04 21:50:03,938: +PUB [/move_group/cancel] /play_motion http://127.0.0.1:38345/
[rosmaster.master][INFO] 2025-12-04 21:50:03,939: +PUB [/move_group/planning_scene_monitor/parameter_descriptions] /move_group http://127.0.0.1:45177/
[rosmaster.master][INFO] 2025-12-04 21:50:03,946: +PUB [/move_group/planning_scene_monitor/parameter_updates] /move_group http://127.0.0.1:45177/
[rosmaster.master][INFO] 2025-12-04 21:50:03,949: +PUB [/joy_turbo_reset/status] /joystick_relay http://127.0.0.1:43597/
[rosmaster.master][INFO] 2025-12-04 21:50:03,950: +PARAM [/xtion/rgb/image_rect/compressedDepth/format] by /xtion/rgb/image_proc
[rosmaster.master][INFO] 2025-12-04 21:50:03,952: +PARAM [/xtion/rgb/image_rect/compressedDepth/depth_max] by /xtion/rgb/image_proc
[rosmaster.master][INFO] 2025-12-04 21:50:03,954: +PUB [/joy_turbo_reset/result] /joystick_relay http://127.0.0.1:43597/
[rosmaster.master][INFO] 2025-12-04 21:50:03,957: +PARAM [/xtion/rgb/image_rect/compressedDepth/depth_quantization] by /xtion/rgb/image_proc
[rosmaster.master][INFO] 2025-12-04 21:50:03,961: +PUB [/joy_turbo_reset/feedback] /joystick_relay http://127.0.0.1:43597/
[rosmaster.master][INFO] 2025-12-04 21:50:03,962: +PARAM [/move_group/planning_scene_monitor/publish_planning_scene] by /move_group
[rosmaster.master][INFO] 2025-12-04 21:50:03,963: +PARAM [/xtion/rgb/image_rect/compressedDepth/png_level] by /xtion/rgb/image_proc
[rosmaster.master][INFO] 2025-12-04 21:50:03,966: +PARAM [/move_group/planning_scene_monitor/publish_planning_scene_hz] by /move_group
[rosmaster.master][INFO] 2025-12-04 21:50:03,968: +PARAM [/xtion/rgb/image_rect/compressedDepth/format] by /xtion/rgb/image_proc
[rosmaster.master][INFO] 2025-12-04 21:50:03,973: +PARAM [/move_group/planning_scene_monitor/publish_geometry_updates] by /move_group
[rosmaster.master][INFO] 2025-12-04 21:50:03,972: +SUB [/joy_turbo_reset/goal] /joystick_relay http://127.0.0.1:43597/
[rosmaster.master][INFO] 2025-12-04 21:50:03,977: +PARAM [/xtion/rgb/image_rect/compressedDepth/depth_max] by /xtion/rgb/image_proc
[rosmaster.master][INFO] 2025-12-04 21:50:03,978: +PARAM [/move_group/planning_scene_monitor/publish_state_updates] by /move_group
[rosmaster.master][INFO] 2025-12-04 21:50:03,981: +PARAM [/xtion/rgb/image_rect/compressedDepth/depth_quantization] by /xtion/rgb/image_proc
[rosmaster.master][INFO] 2025-12-04 21:50:03,983: +PARAM [/move_group/planning_scene_monitor/publish_transforms_updates] by /move_group
[rosmaster.master][INFO] 2025-12-04 21:50:03,984: +PARAM [/xtion/rgb/image_rect/compressedDepth/png_level] by /xtion/rgb/image_proc
[rosmaster.master][INFO] 2025-12-04 21:50:03,986: +PUB [/move_group/monitored_planning_scene] /move_group http://127.0.0.1:45177/
[rosmaster.master][INFO] 2025-12-04 21:50:03,989: +SUB [/joy_turbo_reset/cancel] /joystick_relay http://127.0.0.1:43597/
[rosmaster.master][INFO] 2025-12-04 21:50:03,990: +PUB [/xtion/rgb/image_rect/compressed] /xtion/rgb/image_proc http://127.0.0.1:38649/
[rosmaster.master][INFO] 2025-12-04 21:50:03,992: +PARAM [/move_group/planning_scene_monitor/publish_planning_scene] by /move_group
[rosmaster.master][INFO] 2025-12-04 21:50:03,994: +SERVICE [/xtion/rgb/image_rect/compressed/set_parameters] /xtion/rgb/image_proc http://127.0.0.1:38649/
[rosmaster.master][INFO] 2025-12-04 21:50:03,999: +PUB [/xtion/rgb/image_rect/compressed/parameter_descriptions] /xtion/rgb/image_proc http://127.0.0.1:38649/
[rosmaster.master][INFO] 2025-12-04 21:50:03,997: +PARAM [/move_group/planning_scene_monitor/publish_planning_scene_hz] by /move_group
[rosmaster.master][INFO] 2025-12-04 21:50:04,003: +PARAM [/move_group/planning_scene_monitor/publish_geometry_updates] by /move_group
[rosmaster.master][INFO] 2025-12-04 21:50:04,004: +PUB [/xtion/rgb/image_rect/compressed/parameter_updates] /xtion/rgb/image_proc http://127.0.0.1:38649/
[rosmaster.master][INFO] 2025-12-04 21:50:04,005: +PARAM [/move_group/planning_scene_monitor/publish_state_updates] by /move_group
[rosmaster.master][INFO] 2025-12-04 21:50:04,007: +PARAM [/move_group/planning_scene_monitor/publish_transforms_updates] by /move_group
[rosmaster.master][INFO] 2025-12-04 21:50:04,013: +PARAM [/xtion/rgb/image_rect/compressed/format] by /xtion/rgb/image_proc
[rosmaster.master][INFO] 2025-12-04 21:50:04,014: +SUB [/joint_states] /move_group http://127.0.0.1:45177/
[rosmaster.master][INFO] 2025-12-04 21:50:04,017: +PARAM [/xtion/rgb/image_rect/compressed/jpeg_quality] by /xtion/rgb/image_proc
[rosmaster.master][INFO] 2025-12-04 21:50:04,019: +PARAM [/xtion/rgb/image_rect/compressed/jpeg_progressive] by /xtion/rgb/image_proc
[rosmaster.master][INFO] 2025-12-04 21:50:04,021: +PARAM [/xtion/rgb/image_rect/compressed/jpeg_optimize] by /xtion/rgb/image_proc
[rosmaster.master][INFO] 2025-12-04 21:50:04,023: +PARAM [/xtion/rgb/image_rect/compressed/jpeg_restart_interval] by /xtion/rgb/image_proc
[rosmaster.master][INFO] 2025-12-04 21:50:04,025: +PARAM [/xtion/rgb/image_rect/compressed/png_level] by /xtion/rgb/image_proc
[rosmaster.master][INFO] 2025-12-04 21:50:04,026: +SUB [/attached_collision_object] /move_group http://127.0.0.1:45177/
[rosmaster.master][INFO] 2025-12-04 21:50:04,028: +PARAM [/xtion/rgb/image_rect/compressed/format] by /xtion/rgb/image_proc
[rosmaster.master][INFO] 2025-12-04 21:50:04,031: +PARAM [/xtion/rgb/image_rect/compressed/jpeg_quality] by /xtion/rgb/image_proc
[rosmaster.master][INFO] 2025-12-04 21:50:04,034: +PARAM [/xtion/rgb/image_rect/compressed/jpeg_progressive] by /xtion/rgb/image_proc
[rosmaster.master][INFO] 2025-12-04 21:50:04,036: +PARAM [/xtion/rgb/image_rect/compressed/jpeg_optimize] by /xtion/rgb/image_proc
[rosmaster.master][INFO] 2025-12-04 21:50:04,038: +PARAM [/xtion/rgb/image_rect/compressed/jpeg_restart_interval] by /xtion/rgb/image_proc
[rosmaster.master][INFO] 2025-12-04 21:50:04,039: +SUB [/planning_scene] /move_group http://127.0.0.1:45177/
[rosmaster.master][INFO] 2025-12-04 21:50:04,040: +PARAM [/xtion/rgb/image_rect/compressed/png_level] by /xtion/rgb/image_proc
[rosmaster.master][INFO] 2025-12-04 21:50:04,042: +PUB [/xtion/rgb/image_rect] /xtion/rgb/image_proc http://127.0.0.1:38649/
[rosmaster.master][INFO] 2025-12-04 21:50:04,045: +PUB [/xtion/rgb/image_rect/theora] /xtion/rgb/image_proc http://127.0.0.1:38649/
[rosmaster.master][INFO] 2025-12-04 21:50:04,047: +SERVICE [/xtion/rgb/image_rect/theora/set_parameters] /xtion/rgb/image_proc http://127.0.0.1:38649/
[rosmaster.master][INFO] 2025-12-04 21:50:04,049: +SUB [/collision_object] /move_group http://127.0.0.1:45177/
[rosmaster.master][INFO] 2025-12-04 21:50:04,051: +PUB [/xtion/rgb/image_rect/theora/parameter_descriptions] /xtion/rgb/image_proc http://127.0.0.1:38649/
[rosmaster.master][INFO] 2025-12-04 21:50:04,052: +PUB [/xtion/rgb/image_rect/theora/parameter_updates] /xtion/rgb/image_proc http://127.0.0.1:38649/
[rosmaster.master][INFO] 2025-12-04 21:50:04,058: +SUB [/planning_scene_world] /move_group http://127.0.0.1:45177/
[rosmaster.master][INFO] 2025-12-04 21:50:04,058: +PARAM [/xtion/rgb/image_rect/theora/optimize_for] by /xtion/rgb/image_proc
[rosmaster.master][INFO] 2025-12-04 21:50:04,062: +PARAM [/xtion/rgb/image_rect/theora/target_bitrate] by /xtion/rgb/image_proc
[rosmaster.master][INFO] 2025-12-04 21:50:04,064: +PARAM [/xtion/rgb/image_rect/theora/quality] by /xtion/rgb/image_proc
[rosmaster.master][INFO] 2025-12-04 21:50:04,065: +SERVICE [/move_group/save_map] /move_group http://127.0.0.1:45177/
[rosmaster.master][INFO] 2025-12-04 21:50:04,067: +PARAM [/xtion/rgb/image_rect/theora/keyframe_frequency] by /xtion/rgb/image_proc
[rosmaster.master][INFO] 2025-12-04 21:50:04,071: +PARAM [/xtion/rgb/image_rect/theora/optimize_for] by /xtion/rgb/image_proc
[rosmaster.master][INFO] 2025-12-04 21:50:04,072: +SERVICE [/move_group/load_map] /move_group http://127.0.0.1:45177/
[rosmaster.master][INFO] 2025-12-04 21:50:04,074: +PARAM [/xtion/rgb/image_rect/theora/target_bitrate] by /xtion/rgb/image_proc
[rosmaster.master][INFO] 2025-12-04 21:50:04,076: +PARAM [/xtion/rgb/image_rect/theora/quality] by /xtion/rgb/image_proc
[rosmaster.master][INFO] 2025-12-04 21:50:04,080: +PARAM [/xtion/rgb/image_rect/theora/keyframe_frequency] by /xtion/rgb/image_proc
[rosmaster.master][INFO] 2025-12-04 21:50:04,084: +SERVICE [/xtion/rgb/image_proc_rectify_color/set_parameters] /xtion/rgb/image_proc http://127.0.0.1:38649/
[rosmaster.master][INFO] 2025-12-04 21:50:04,086: +PUB [/xtion/rgb/image_proc_rectify_color/parameter_descriptions] /xtion/rgb/image_proc http://127.0.0.1:38649/
[rosmaster.master][INFO] 2025-12-04 21:50:04,088: +PUB [/xtion/rgb/image_proc_rectify_color/parameter_updates] /xtion/rgb/image_proc http://127.0.0.1:38649/
[rosmaster.master][INFO] 2025-12-04 21:50:04,090: +PARAM [/xtion/rgb/image_proc_rectify_color/interpolation] by /xtion/rgb/image_proc
[rosmaster.master][INFO] 2025-12-04 21:50:04,092: +PARAM [/xtion/rgb/image_proc_rectify_color/interpolation] by /xtion/rgb/image_proc
[rosmaster.master][INFO] 2025-12-04 21:50:04,096: +PUB [/xtion/rgb/image_rect_color/compressedDepth] /xtion/rgb/image_proc http://127.0.0.1:38649/
[rosmaster.master][INFO] 2025-12-04 21:50:04,097: +SERVICE [/xtion/rgb/image_rect_color/compressedDepth/set_parameters] /xtion/rgb/image_proc http://127.0.0.1:38649/
[rosmaster.master][INFO] 2025-12-04 21:50:04,098: +PUB [/xtion/rgb/image_rect_color/compressedDepth/parameter_descriptions] /xtion/rgb/image_proc http://127.0.0.1:38649/
[rosmaster.master][INFO] 2025-12-04 21:50:04,099: +PUB [/xtion/rgb/image_rect_color/compressedDepth/parameter_updates] /xtion/rgb/image_proc http://127.0.0.1:38649/
[rosmaster.master][INFO] 2025-12-04 21:50:04,106: +PARAM [/xtion/rgb/image_rect_color/compressedDepth/format] by /xtion/rgb/image_proc
[rosmaster.master][INFO] 2025-12-04 21:50:04,107: +PARAM [/xtion/rgb/image_rect_color/compressedDepth/depth_max] by /xtion/rgb/image_proc
[rosmaster.master][INFO] 2025-12-04 21:50:04,108: +PARAM [/xtion/rgb/image_rect_color/compressedDepth/depth_quantization] by /xtion/rgb/image_proc
[rosmaster.master][INFO] 2025-12-04 21:50:04,109: +PARAM [/xtion/rgb/image_rect_color/compressedDepth/png_level] by /xtion/rgb/image_proc
[rosmaster.master][INFO] 2025-12-04 21:50:04,110: +PARAM [/xtion/rgb/image_rect_color/compressedDepth/format] by /xtion/rgb/image_proc
[rosmaster.master][INFO] 2025-12-04 21:50:04,111: +PARAM [/xtion/rgb/image_rect_color/compressedDepth/depth_max] by /xtion/rgb/image_proc
[rosmaster.master][INFO] 2025-12-04 21:50:04,111: +PARAM [/xtion/rgb/image_rect_color/compressedDepth/depth_quantization] by /xtion/rgb/image_proc
[rosmaster.master][INFO] 2025-12-04 21:50:04,112: +PARAM [/xtion/rgb/image_rect_color/compressedDepth/png_level] by /xtion/rgb/image_proc
[rosmaster.master][INFO] 2025-12-04 21:50:04,113: +PUB [/xtion/rgb/image_rect_color/compressed] /xtion/rgb/image_proc http://127.0.0.1:38649/
[rosmaster.master][INFO] 2025-12-04 21:50:04,114: +SERVICE [/xtion/rgb/image_rect_color/compressed/set_parameters] /xtion/rgb/image_proc http://127.0.0.1:38649/
[rosmaster.master][INFO] 2025-12-04 21:50:04,115: +PUB [/xtion/rgb/image_rect_color/compressed/parameter_descriptions] /xtion/rgb/image_proc http://127.0.0.1:38649/
[rosmaster.master][INFO] 2025-12-04 21:50:04,116: +PUB [/xtion/rgb/image_rect_color/compressed/parameter_updates] /xtion/rgb/image_proc http://127.0.0.1:38649/
[rosmaster.master][INFO] 2025-12-04 21:50:04,120: +PARAM [/xtion/rgb/image_rect_color/compressed/format] by /xtion/rgb/image_proc
[rosmaster.master][INFO] 2025-12-04 21:50:04,120: +PARAM [/xtion/rgb/image_rect_color/compressed/jpeg_quality] by /xtion/rgb/image_proc
[rosmaster.master][INFO] 2025-12-04 21:50:04,121: +PARAM [/xtion/rgb/image_rect_color/compressed/jpeg_progressive] by /xtion/rgb/image_proc
[rosmaster.master][INFO] 2025-12-04 21:50:04,122: +PARAM [/xtion/rgb/image_rect_color/compressed/jpeg_optimize] by /xtion/rgb/image_proc
[rosmaster.master][INFO] 2025-12-04 21:50:04,122: +PARAM [/xtion/rgb/image_rect_color/compressed/jpeg_restart_interval] by /xtion/rgb/image_proc
[rosmaster.master][INFO] 2025-12-04 21:50:04,123: +PARAM [/xtion/rgb/image_rect_color/compressed/png_level] by /xtion/rgb/image_proc
[rosmaster.master][INFO] 2025-12-04 21:50:04,126: +PARAM [/xtion/rgb/image_rect_color/compressed/format] by /xtion/rgb/image_proc
[rosmaster.master][INFO] 2025-12-04 21:50:04,129: +CACHEDPARAM [/rosout_disable_topics_generation] by /xtion/rgb/image_proc
[rosmaster.master][INFO] 2025-12-04 21:50:04,143: -SUB [/clock] /tuck_arm http://127.0.0.1:43731/
[rosmaster.master][INFO] 2025-12-04 21:50:04,144: -SUB [/play_motion/status] /tuck_arm http://127.0.0.1:43731/
[rosmaster.master][INFO] 2025-12-04 21:50:04,144: -SUB [/play_motion/result] /tuck_arm http://127.0.0.1:43731/
[rosmaster.master][INFO] 2025-12-04 21:50:04,145: -SUB [/play_motion/feedback] /tuck_arm http://127.0.0.1:43731/
[rosmaster.master][INFO] 2025-12-04 21:50:04,145: -PUB [/rosout] /tuck_arm http://127.0.0.1:43731/
[rosmaster.master][INFO] 2025-12-04 21:50:04,145: -PUB [/play_motion/goal] /tuck_arm http://127.0.0.1:43731/
[rosmaster.master][INFO] 2025-12-04 21:50:04,146: -PUB [/play_motion/cancel] /tuck_arm http://127.0.0.1:43731/
[rosmaster.master][INFO] 2025-12-04 21:50:04,147: -SERVICE [/tuck_arm/get_loggers] /tuck_arm rosrpc://127.0.0.1:38129
[rosmaster.master][INFO] 2025-12-04 21:50:04,148: -SERVICE [/tuck_arm/set_logger_level] /tuck_arm rosrpc://127.0.0.1:38129
[rosmaster.master][INFO] 2025-12-04 21:50:04,151: -SUB [/clock] /dynamic_footprint_publisher http://127.0.0.1:36969/
[rosmaster.master][INFO] 2025-12-04 21:50:04,152: -SUB [/tf_stream/status] /dynamic_footprint_publisher http://127.0.0.1:36969/
[rosmaster.master][INFO] 2025-12-04 21:50:04,153: -SUB [/tf_stream/result] /dynamic_footprint_publisher http://127.0.0.1:36969/
[rosmaster.master][INFO] 2025-12-04 21:50:04,155: -SUB [/tf_stream/feedback] /dynamic_footprint_publisher http://127.0.0.1:36969/
[rosmaster.master][INFO] 2025-12-04 21:50:04,156: -PUB [/rosout] /dynamic_footprint_publisher http://127.0.0.1:36969/
[rosmaster.master][INFO] 2025-12-04 21:50:04,162: -SUB [/clock] /is_already_there http://127.0.0.1:38267/
[rosmaster.master][INFO] 2025-12-04 21:50:04,164: -PUB [/tf_stream/goal] /dynamic_footprint_publisher http://127.0.0.1:36969/
[rosmaster.master][INFO] 2025-12-04 21:50:04,164: -SUB [/joint_states] /is_already_there http://127.0.0.1:38267/
[rosmaster.master][INFO] 2025-12-04 21:50:04,166: -SUB [/clock] /joystick_relay http://127.0.0.1:43597/
[rosmaster.master][INFO] 2025-12-04 21:50:04,167: -SUB [/input_joy/cmd_vel] /joystick_relay http://127.0.0.1:43597/
[rosmaster.master][INFO] 2025-12-04 21:50:04,167: -PUB [/tf_stream/cancel] /dynamic_footprint_publisher http://127.0.0.1:36969/
[rosmaster.master][INFO] 2025-12-04 21:50:04,168: -PUB [/rosout] /is_already_there http://127.0.0.1:38267/
[rosmaster.master][INFO] 2025-12-04 21:50:04,172: -SERVICE [/is_already_there/get_loggers] /is_already_there rosrpc://127.0.0.1:35709
[rosmaster.master][INFO] 2025-12-04 21:50:04,173: -SERVICE [/is_already_there/set_logger_level] /is_already_there rosrpc://127.0.0.1:35709
[rosmaster.master][INFO] 2025-12-04 21:50:04,175: -SUB [/joy_priority_action/goal] /joystick_relay http://127.0.0.1:43597/
[rosmaster.master][INFO] 2025-12-04 21:50:04,175: -PUB [/dynamic_footprint_publisher/footprint] /dynamic_footprint_publisher http://127.0.0.1:36969/
[rosmaster.master][INFO] 2025-12-04 21:50:04,177: -PUB [/dynamic_footprint_publisher/footprint_stamped] /dynamic_footprint_publisher http://127.0.0.1:36969/
[rosmaster.master][INFO] 2025-12-04 21:50:04,177: -SERVICE [/dynamic_footprint_publisher/get_loggers] /dynamic_footprint_publisher rosrpc://127.0.0.1:40759
[rosmaster.master][INFO] 2025-12-04 21:50:04,178: -SERVICE [/dynamic_footprint_publisher/set_logger_level] /dynamic_footprint_publisher rosrpc://127.0.0.1:40759
[rosmaster.master][INFO] 2025-12-04 21:50:04,178: -SERVICE [/dynamic_footprint_publisher/change_params] /dynamic_footprint_publisher rosrpc://127.0.0.1:40759
[rosmaster.master][INFO] 2025-12-04 21:50:04,178: -PUB [/rosout] /xtion/rgb/image_proc http://127.0.0.1:38649/
[rosmaster.master][INFO] 2025-12-04 21:50:04,179: -SUB [/joy_priority_action/cancel] /joystick_relay http://127.0.0.1:43597/
[rosmaster.master][INFO] 2025-12-04 21:50:04,180: -SUB [/joy_turbo_increase/goal] /joystick_relay http://127.0.0.1:43597/
[rosmaster.master][INFO] 2025-12-04 21:50:04,183: -SERVICE [/play_motion/is_already_there] /is_already_there rosrpc://127.0.0.1:35709
[rosmaster.master][INFO] 2025-12-04 21:50:04,184: -PUB [/xtion/rgb/image_proc_debayer/parameter_descriptions] /xtion/rgb/image_proc http://127.0.0.1:38649/
[rosmaster.master][INFO] 2025-12-04 21:50:04,185: +PARAM [/xtion/rgb/image_rect_color/compressed/jpeg_quality] by /xtion/rgb/image_proc
[rosmaster.master][INFO] 2025-12-04 21:50:04,188: -SUB [/joy_turbo_increase/cancel] /joystick_relay http://127.0.0.1:43597/
[rosmaster.master][INFO] 2025-12-04 21:50:04,189: -SUB [/joy_turbo_decrease/goal] /joystick_relay http://127.0.0.1:43597/
[rosmaster.master][INFO] 2025-12-04 21:50:04,189: -SUB [/joy_turbo_decrease/cancel] /joystick_relay http://127.0.0.1:43597/
[rosmaster.master][INFO] 2025-12-04 21:50:04,189: -SUB [/joy_turbo_angular_increase/goal] /joystick_relay http://127.0.0.1:43597/
[rosmaster.master][INFO] 2025-12-04 21:50:04,189: -SUB [/joy_turbo_angular_increase/cancel] /joystick_relay http://127.0.0.1:43597/
[rosmaster.master][INFO] 2025-12-04 21:50:04,189: -SUB [/joy_turbo_angular_decrease/goal] /joystick_relay http://127.0.0.1:43597/
[rosmaster.master][INFO] 2025-12-04 21:50:04,189: -SUB [/joy_turbo_angular_decrease/cancel] /joystick_relay http://127.0.0.1:43597/
[rosmaster.master][INFO] 2025-12-04 21:50:04,190: +PARAM [/xtion/rgb/image_rect_color/compressed/jpeg_progressive] by /xtion/rgb/image_proc
[rosmaster.master][INFO] 2025-12-04 21:50:04,191: -PUB [/xtion/rgb/image_proc_debayer/parameter_updates] /xtion/rgb/image_proc http://127.0.0.1:38649/
[rosmaster.master][INFO] 2025-12-04 21:50:04,191: -SUB [/joy_turbo_reset/goal] /joystick_relay http://127.0.0.1:43597/
[rosmaster.master][INFO] 2025-12-04 21:50:04,192: -SUB [/joy_turbo_reset/cancel] /joystick_relay http://127.0.0.1:43597/
[rosmaster.master][INFO] 2025-12-04 21:50:04,195: -PUB [/rosout] /joystick_relay http://127.0.0.1:43597/
[rosmaster.master][INFO] 2025-12-04 21:50:04,195: -PUB [/text_marker] /joystick_relay http://127.0.0.1:43597/
[rosmaster.master][INFO] 2025-12-04 21:50:04,195: -PUB [/joy_vel] /joystick_relay http://127.0.0.1:43597/
[rosmaster.master][INFO] 2025-12-04 21:50:04,195: -PUB [/joy_priority] /joystick_relay http://127.0.0.1:43597/
[rosmaster.master][INFO] 2025-12-04 21:50:04,193: +PARAM [/xtion/rgb/image_rect_color/compressed/jpeg_optimize] by /xtion/rgb/image_proc
[rosmaster.master][INFO] 2025-12-04 21:50:04,197: -PUB [/xtion/rgb/image_mono/compressedDepth] /xtion/rgb/image_proc http://127.0.0.1:38649/
[rosmaster.master][INFO] 2025-12-04 21:50:04,197: -PUB [/joy_priority_action/status] /joystick_relay http://127.0.0.1:43597/
[rosmaster.master][INFO] 2025-12-04 21:50:04,197: -PUB [/joy_priority_action/result] /joystick_relay http://127.0.0.1:43597/
[rosmaster.master][INFO] 2025-12-04 21:50:04,198: -PUB [/joy_priority_action/feedback] /joystick_relay http://127.0.0.1:43597/
[rosmaster.master][INFO] 2025-12-04 21:50:04,198: -PUB [/joy_turbo_increase/status] /joystick_relay http://127.0.0.1:43597/
[rosmaster.master][INFO] 2025-12-04 21:50:04,198: -PUB [/joy_turbo_increase/result] /joystick_relay http://127.0.0.1:43597/
[rosmaster.master][INFO] 2025-12-04 21:50:04,200: -PUB [/joy_turbo_increase/feedback] /joystick_relay http://127.0.0.1:43597/
[rosmaster.master][INFO] 2025-12-04 21:50:04,200: -PUB [/joy_turbo_decrease/status] /joystick_relay http://127.0.0.1:43597/
[rosmaster.master][INFO] 2025-12-04 21:50:04,200: -PUB [/joy_turbo_decrease/result] /joystick_relay http://127.0.0.1:43597/
[rosmaster.master][INFO] 2025-12-04 21:50:04,200: -PUB [/joy_turbo_decrease/feedback] /joystick_relay http://127.0.0.1:43597/
[rosmaster.master][INFO] 2025-12-04 21:50:04,200: -PUB [/joy_turbo_angular_increase/status] /joystick_relay http://127.0.0.1:43597/
[rosmaster.master][INFO] 2025-12-04 21:50:04,200: -PUB [/joy_turbo_angular_increase/result] /joystick_relay http://127.0.0.1:43597/
[rosmaster.master][INFO] 2025-12-04 21:50:04,200: -PUB [/joy_turbo_angular_increase/feedback] /joystick_relay http://127.0.0.1:43597/
[rosmaster.master][INFO] 2025-12-04 21:50:04,201: -PUB [/joy_turbo_angular_decrease/status] /joystick_relay http://127.0.0.1:43597/
[rosmaster.master][INFO] 2025-12-04 21:50:04,201: -PUB [/joy_turbo_angular_decrease/result] /joystick_relay http://127.0.0.1:43597/
[rosmaster.master][INFO] 2025-12-04 21:50:04,201: -PUB [/joy_turbo_angular_decrease/feedback] /joystick_relay http://127.0.0.1:43597/
[rosmaster.master][INFO] 2025-12-04 21:50:04,201: -PUB [/joy_turbo_reset/status] /joystick_relay http://127.0.0.1:43597/
[rosmaster.master][INFO] 2025-12-04 21:50:04,201: -PUB [/joy_turbo_reset/result] /joystick_relay http://127.0.0.1:43597/
[rosmaster.master][INFO] 2025-12-04 21:50:04,201: -PUB [/joy_turbo_reset/feedback] /joystick_relay http://127.0.0.1:43597/
[rosmaster.master][INFO] 2025-12-04 21:50:04,199: +PARAM [/xtion/rgb/image_rect_color/compressed/jpeg_restart_interval] by /xtion/rgb/image_proc
[rosmaster.master][INFO] 2025-12-04 21:50:04,201: -SERVICE [/joystick_relay/get_loggers] /joystick_relay rosrpc://127.0.0.1:39721
[xmlrpc][ERROR] 2025-12-04 21:50:04,202: Traceback (most recent call last):
  File "/usr/lib/python3.8/socketserver.py", line 683, in process_request_thread
    self.finish_request(request, client_address)
  File "/usr/lib/python3.8/socketserver.py", line 360, in finish_request
    self.RequestHandlerClass(request, client_address, self)
  File "/usr/lib/python3.8/socketserver.py", line 747, in __init__
    self.handle()
  File "/usr/lib/python3.8/http/server.py", line 429, in handle
    self.handle_one_request()
  File "/usr/lib/python3.8/http/server.py", line 395, in handle_one_request
    self.raw_requestline = self.rfile.readline(65537)
  File "/usr/lib/python3.8/socket.py", line 669, in readinto
    return self._sock.recv_into(b)
ConnectionResetError: [Errno 104] Connection reset by peer

[rosmaster.master][INFO] 2025-12-04 21:50:04,204: +PARAM [/xtion/rgb/image_rect_color/compressed/png_level] by /xtion/rgb/image_proc
[rosmaster.master][INFO] 2025-12-04 21:50:04,204: -PUB [/xtion/rgb/image_mono/compressedDepth/parameter_descriptions] /xtion/rgb/image_proc http://127.0.0.1:38649/
[rosmaster.master][INFO] 2025-12-04 21:50:04,207: -SERVICE [/joystick_relay/set_logger_level] /joystick_relay rosrpc://127.0.0.1:39721
[rosmaster.master][INFO] 2025-12-04 21:50:04,211: -PUB [/xtion/rgb/image_mono/compressedDepth/parameter_updates] /xtion/rgb/image_proc http://127.0.0.1:38649/
[rosmaster.master][INFO] 2025-12-04 21:50:04,213: -PUB [/rosout] /throttle_filtering_points http://127.0.0.1:45375/
[rosmaster.master][INFO] 2025-12-04 21:50:04,214: -PUB [/xtion/rgb/image_mono/compressed] /xtion/rgb/image_proc http://127.0.0.1:38649/
[rosmaster.master][INFO] 2025-12-04 21:50:04,218: -PUB [/xtion/rgb/image_mono/compressed/parameter_descriptions] /xtion/rgb/image_proc http://127.0.0.1:38649/
[rosmaster.master][INFO] 2025-12-04 21:50:04,221: -PUB [/xtion/rgb/image_mono/compressed/parameter_updates] /xtion/rgb/image_proc http://127.0.0.1:38649/
[rosmaster.master][INFO] 2025-12-04 21:50:04,223: -PUB [/throttle_filtering_points/parameter_descriptions] /throttle_filtering_points http://127.0.0.1:45375/
[rosmaster.master][INFO] 2025-12-04 21:50:04,225: -PUB [/throttle_filtering_points/parameter_updates] /throttle_filtering_points http://127.0.0.1:45375/
[rosmaster.master][INFO] 2025-12-04 21:50:04,227: -PUB [/xtion/rgb/image_mono] /xtion/rgb/image_proc http://127.0.0.1:38649/
[rosmaster.master][INFO] 2025-12-04 21:50:04,228: -PUB [/throttle_filtering_points/filtered_points] /throttle_filtering_points http://127.0.0.1:45375/
[rosmaster.master][INFO] 2025-12-04 21:50:04,229: -PUB [/xtion/rgb/image_mono/theora] /xtion/rgb/image_proc http://127.0.0.1:38649/
[rosmaster.master][INFO] 2025-12-04 21:50:04,232: -SUB [/clock] /throttle_filtering_points http://127.0.0.1:45375/
[rosmaster.master][INFO] 2025-12-04 21:50:04,234: -PUB [/xtion/rgb/image_mono/theora/parameter_descriptions] /xtion/rgb/image_proc http://127.0.0.1:38649/
[rosmaster.master][INFO] 2025-12-04 21:50:04,235: -SERVICE [/throttle_filtering_points/get_loggers] /throttle_filtering_points rosrpc://127.0.0.1:60909
[rosmaster.master][INFO] 2025-12-04 21:50:04,236: -PUB [/xtion/rgb/image_mono/theora/parameter_updates] /xtion/rgb/image_proc http://127.0.0.1:38649/
[rosmaster.master][INFO] 2025-12-04 21:50:04,240: -PUB [/xtion/rgb/image_color/compressedDepth] /xtion/rgb/image_proc http://127.0.0.1:38649/
[rosmaster.master][INFO] 2025-12-04 21:50:04,244: -PUB [/xtion/rgb/image_color/compressedDepth/parameter_descriptions] /xtion/rgb/image_proc http://127.0.0.1:38649/
[rosmaster.master][INFO] 2025-12-04 21:50:04,245: -SERVICE [/throttle_filtering_points/set_logger_level] /throttle_filtering_points rosrpc://127.0.0.1:60909
[rosmaster.master][INFO] 2025-12-04 21:50:04,246: -PUB [/xtion/rgb/image_color/compressedDepth/parameter_updates] /xtion/rgb/image_proc http://127.0.0.1:38649/
[rosmaster.master][INFO] 2025-12-04 21:50:04,246: +SERVICE [/move_group/ompl/set_parameters] /move_group http://127.0.0.1:45177/
[rosmaster.master][INFO] 2025-12-04 21:50:04,247: -SERVICE [/throttle_filtering_points/set_parameters] /throttle_filtering_points rosrpc://127.0.0.1:60909
[rosmaster.master][INFO] 2025-12-04 21:50:04,248: -PUB [/xtion/rgb/image_color/compressed] /xtion/rgb/image_proc http://127.0.0.1:38649/
[rosmaster.master][INFO] 2025-12-04 21:50:04,249: -CACHEDPARAM [/rosout_disable_topics_generation] by /throttle_filtering_points
[rosmaster.master][INFO] 2025-12-04 21:50:04,249: -PUB [/xtion/rgb/image_color/compressed/parameter_descriptions] /xtion/rgb/image_proc http://127.0.0.1:38649/
[rosmaster.master][INFO] 2025-12-04 21:50:04,249: +PUB [/move_group/ompl/parameter_descriptions] /move_group http://127.0.0.1:45177/
[rosmaster.master][INFO] 2025-12-04 21:50:04,250: -PUB [/xtion/rgb/image_color/compressed/parameter_updates] /xtion/rgb/image_proc http://127.0.0.1:38649/
[rosmaster.master][INFO] 2025-12-04 21:50:04,251: +PUB [/move_group/ompl/parameter_updates] /move_group http://127.0.0.1:45177/
[rosmaster.master][INFO] 2025-12-04 21:50:04,251: -PUB [/xtion/rgb/image_color] /xtion/rgb/image_proc http://127.0.0.1:38649/
[rosmaster.master][INFO] 2025-12-04 21:50:04,253: -PUB [/xtion/rgb/image_color/theora] /xtion/rgb/image_proc http://127.0.0.1:38649/
[rosmaster.master][INFO] 2025-12-04 21:50:04,259: -PUB [/xtion/rgb/image_color/theora/parameter_descriptions] /xtion/rgb/image_proc http://127.0.0.1:38649/
[rosmaster.master][INFO] 2025-12-04 21:50:04,259: +PARAM [/move_group/ompl/simplify_solutions] by /move_group
[rosmaster.master][INFO] 2025-12-04 21:50:04,261: -PUB [/xtion/rgb/image_color/theora/parameter_updates] /xtion/rgb/image_proc http://127.0.0.1:38649/
[rosmaster.master][INFO] 2025-12-04 21:50:04,262: +PARAM [/move_group/ompl/minimum_waypoint_count] by /move_group
[rosmaster.master][INFO] 2025-12-04 21:50:04,263: -PUB [/xtion/rgb/image_proc_rectify_mono/parameter_descriptions] /xtion/rgb/image_proc http://127.0.0.1:38649/
[rosmaster.master][INFO] 2025-12-04 21:50:04,263: +PARAM [/move_group/ompl/maximum_waypoint_distance] by /move_group
[rosmaster.master][INFO] 2025-12-04 21:50:04,268: -PUB [/xtion/rgb/image_proc_rectify_mono/parameter_updates] /xtion/rgb/image_proc http://127.0.0.1:38649/
[rosmaster.master][INFO] 2025-12-04 21:50:04,269: +PARAM [/move_group/ompl/link_for_exploration_tree] by /move_group
[rosmaster.master][INFO] 2025-12-04 21:50:04,269: -PUB [/xtion/rgb/image_rect/compressedDepth] /xtion/rgb/image_proc http://127.0.0.1:38649/
[rosmaster.master][INFO] 2025-12-04 21:50:04,271: +PARAM [/move_group/ompl/display_random_valid_states] by /move_group
[rosmaster.master][INFO] 2025-12-04 21:50:04,271: -PUB [/xtion/rgb/image_rect/compressedDepth/parameter_descriptions] /xtion/rgb/image_proc http://127.0.0.1:38649/
[rosmaster.master][INFO] 2025-12-04 21:50:04,273: -PUB [/xtion/rgb/image_rect/compressedDepth/parameter_updates] /xtion/rgb/image_proc http://127.0.0.1:38649/
[rosmaster.master][INFO] 2025-12-04 21:50:04,274: +PARAM [/move_group/ompl/simplify_solutions] by /move_group
[rosmaster.master][INFO] 2025-12-04 21:50:04,275: -PUB [/xtion/rgb/image_rect/compressed] /xtion/rgb/image_proc http://127.0.0.1:38649/
[rosmaster.master][INFO] 2025-12-04 21:50:04,277: +PARAM [/move_group/ompl/minimum_waypoint_count] by /move_group
[rosmaster.master][INFO] 2025-12-04 21:50:04,277: -PUB [/xtion/rgb/image_rect/compressed/parameter_descriptions] /xtion/rgb/image_proc http://127.0.0.1:38649/
[rosmaster.master][INFO] 2025-12-04 21:50:04,278: +PARAM [/move_group/ompl/maximum_waypoint_distance] by /move_group
[rosmaster.master][INFO] 2025-12-04 21:50:04,279: -PUB [/xtion/rgb/image_rect/compressed/parameter_updates] /xtion/rgb/image_proc http://127.0.0.1:38649/
[rosmaster.master][INFO] 2025-12-04 21:50:04,281: -PUB [/xtion/rgb/image_rect] /xtion/rgb/image_proc http://127.0.0.1:38649/
[rosmaster.master][INFO] 2025-12-04 21:50:04,281: +PARAM [/move_group/ompl/link_for_exploration_tree] by /move_group
[rosmaster.master][INFO] 2025-12-04 21:50:04,283: -PUB [/xtion/rgb/image_rect/theora] /xtion/rgb/image_proc http://127.0.0.1:38649/
[rosmaster.master][INFO] 2025-12-04 21:50:04,284: +PARAM [/move_group/ompl/display_random_valid_states] by /move_group
[rosmaster.master][INFO] 2025-12-04 21:50:04,284: -PUB [/rosout] /twist_mux http://127.0.0.1:34823/
[rosmaster.master][INFO] 2025-12-04 21:50:04,287: -PUB [/xtion/rgb/image_rect/theora/parameter_descriptions] /xtion/rgb/image_proc http://127.0.0.1:38649/
[rosmaster.master][INFO] 2025-12-04 21:50:04,288: -PUB [/rosout] /move_group http://127.0.0.1:45177/
[rosmaster.master][INFO] 2025-12-04 21:50:04,288: -PUB [/mobile_base_controller/cmd_vel] /twist_mux http://127.0.0.1:34823/
[rosmaster.master][INFO] 2025-12-04 21:50:04,290: -PUB [/move_group/planning_scene_monitor/parameter_descriptions] /move_group http://127.0.0.1:45177/
[rosmaster.master][INFO] 2025-12-04 21:50:04,290: -PUB [/xtion/rgb/image_rect/theora/parameter_updates] /xtion/rgb/image_proc http://127.0.0.1:38649/
[rosmaster.master][INFO] 2025-12-04 21:50:04,291: -PUB [/diagnostics] /twist_mux http://127.0.0.1:34823/
[rosmaster.master][INFO] 2025-12-04 21:50:04,292: -PUB [/xtion/rgb/image_proc_rectify_color/parameter_descriptions] /xtion/rgb/image_proc http://127.0.0.1:38649/
[rosmaster.master][INFO] 2025-12-04 21:50:04,293: -SUB [/clock] /twist_mux http://127.0.0.1:34823/
[rosmaster.master][INFO] 2025-12-04 21:50:04,294: -PUB [/move_group/planning_scene_monitor/parameter_updates] /move_group http://127.0.0.1:45177/
[rosmaster.master][INFO] 2025-12-04 21:50:04,295: -PUB [/xtion/rgb/image_proc_rectify_color/parameter_updates] /xtion/rgb/image_proc http://127.0.0.1:38649/
[rosmaster.master][INFO] 2025-12-04 21:50:04,296: -PUB [/move_group/monitored_planning_scene] /move_group http://127.0.0.1:45177/
[rosmaster.master][INFO] 2025-12-04 21:50:04,297: -SUB [/nav_vel] /twist_mux http://127.0.0.1:34823/
[rosmaster.master][INFO] 2025-12-04 21:50:04,299: -PUB [/move_group/ompl/parameter_descriptions] /move_group http://127.0.0.1:45177/
[rosmaster.master][INFO] 2025-12-04 21:50:04,300: -PUB [/xtion/rgb/image_rect_color/compressedDepth] /xtion/rgb/image_proc http://127.0.0.1:38649/
[rosmaster.master][INFO] 2025-12-04 21:50:04,300: -SUB [/joy_vel] /twist_mux http://127.0.0.1:34823/
[rosmaster.master][INFO] 2025-12-04 21:50:04,302: -PUB [/xtion/rgb/image_rect_color/compressedDepth/parameter_descriptions] /xtion/rgb/image_proc http://127.0.0.1:38649/
[rosmaster.master][INFO] 2025-12-04 21:50:04,303: -PUB [/move_group/ompl/parameter_updates] /move_group http://127.0.0.1:45177/
[rosmaster.master][INFO] 2025-12-04 21:50:04,303: -SUB [/key_vel] /twist_mux http://127.0.0.1:34823/
[rosmaster.master][INFO] 2025-12-04 21:50:04,304: -PUB [/xtion/rgb/image_rect_color/compressedDepth/parameter_updates] /xtion/rgb/image_proc http://127.0.0.1:38649/
[rosmaster.master][INFO] 2025-12-04 21:50:04,305: -SUB [/tab_vel] /twist_mux http://127.0.0.1:34823/
[rosmaster.master][INFO] 2025-12-04 21:50:04,306: -PUB [/xtion/rgb/image_rect_color/compressed] /xtion/rgb/image_proc http://127.0.0.1:38649/
[rosmaster.master][INFO] 2025-12-04 21:50:04,307: -SUB [/clock] /move_group http://127.0.0.1:45177/
[rosmaster.master][INFO] 2025-12-04 21:50:04,308: -SUB [/marker_vel] /twist_mux http://127.0.0.1:34823/
[rosmaster.master][INFO] 2025-12-04 21:50:04,309: -SUB [/tf] /move_group http://127.0.0.1:45177/
[rosmaster.master][INFO] 2025-12-04 21:50:04,309: -PUB [/xtion/rgb/image_rect_color/compressed/parameter_descriptions] /xtion/rgb/image_proc http://127.0.0.1:38649/
[rosmaster.master][INFO] 2025-12-04 21:50:04,310: -SUB [/phone_vel] /twist_mux http://127.0.0.1:34823/
[rosmaster.master][INFO] 2025-12-04 21:50:04,310: -SUB [/tf_static] /move_group http://127.0.0.1:45177/
[rosmaster.master][INFO] 2025-12-04 21:50:04,312: -PUB [/xtion/rgb/image_rect_color/compressed/parameter_updates] /xtion/rgb/image_proc http://127.0.0.1:38649/
[rosmaster.master][INFO] 2025-12-04 21:50:04,313: -SUB [/rviz_joy_vel] /twist_mux http://127.0.0.1:34823/
[rosmaster.master][INFO] 2025-12-04 21:50:04,313: -SUB [/joint_states] /move_group http://127.0.0.1:45177/
[rosmaster.master][INFO] 2025-12-04 21:50:04,314: -SUB [/clock] /xtion/rgb/image_proc http://127.0.0.1:38649/
[rosmaster.master][INFO] 2025-12-04 21:50:04,315: -SUB [/servoing_cmd_vel] /twist_mux http://127.0.0.1:34823/
[rosmaster.master][INFO] 2025-12-04 21:50:04,315: -SUB [/attached_collision_object] /move_group http://127.0.0.1:45177/
[rosmaster.master][INFO] 2025-12-04 21:50:04,316: -SUB [/pause_navigation] /twist_mux http://127.0.0.1:34823/
[rosmaster.master][INFO] 2025-12-04 21:50:04,317: -SERVICE [/xtion/rgb/image_proc/get_loggers] /xtion/rgb/image_proc rosrpc://127.0.0.1:43803
[rosmaster.master][INFO] 2025-12-04 21:50:04,318: -SUB [/stop_closing_loop] /twist_mux http://127.0.0.1:34823/
[rosmaster.master][INFO] 2025-12-04 21:50:04,318: -SERVICE [/xtion/rgb/image_proc/set_logger_level] /xtion/rgb/image_proc rosrpc://127.0.0.1:43803
[rosmaster.master][INFO] 2025-12-04 21:50:04,319: -SUB [/planning_scene] /move_group http://127.0.0.1:45177/
[rosmaster.master][INFO] 2025-12-04 21:50:04,320: -SUB [/joy_priority] /twist_mux http://127.0.0.1:34823/
[rosmaster.master][INFO] 2025-12-04 21:50:04,321: -SUB [/collision_object] /move_group http://127.0.0.1:45177/
[rosmaster.master][INFO] 2025-12-04 21:50:04,324: -SERVICE [/xtion/rgb/image_proc_debayer/set_parameters] /xtion/rgb/image_proc rosrpc://127.0.0.1:43803
[rosmaster.master][INFO] 2025-12-04 21:50:04,324: -SUB [/planning_scene_world] /move_group http://127.0.0.1:45177/
[rosmaster.master][INFO] 2025-12-04 21:50:04,325: -SERVICE [/xtion/rgb/image_mono/compressedDepth/set_parameters] /xtion/rgb/image_proc rosrpc://127.0.0.1:43803
[rosmaster.master][INFO] 2025-12-04 21:50:04,325: -SERVICE [/twist_mux/get_loggers] /twist_mux rosrpc://127.0.0.1:38543
[rosmaster.master][INFO] 2025-12-04 21:50:04,326: -SERVICE [/move_group/get_loggers] /move_group rosrpc://127.0.0.1:56553
[rosmaster.master][INFO] 2025-12-04 21:50:04,328: -PUB [/rosout] /image_raw_to_rect_color_relay http://127.0.0.1:43211/
[rosmaster.master][INFO] 2025-12-04 21:50:04,329: -SERVICE [/move_group/set_logger_level] /move_group rosrpc://127.0.0.1:56553
[rosmaster.master][INFO] 2025-12-04 21:50:04,330: -SERVICE [/xtion/rgb/image_mono/compressed/set_parameters] /xtion/rgb/image_proc rosrpc://127.0.0.1:43803
[rosmaster.master][INFO] 2025-12-04 21:50:04,332: -SERVICE [/twist_mux/set_logger_level] /twist_mux rosrpc://127.0.0.1:38543
[rosmaster.master][INFO] 2025-12-04 21:50:04,333: -PUB [/xtion/rgb/image_rect_color] /image_raw_to_rect_color_relay http://127.0.0.1:43211/
[rosmaster.master][INFO] 2025-12-04 21:50:04,336: -SERVICE [/move_group/planning_scene_monitor/set_parameters] /move_group rosrpc://127.0.0.1:56553
[rosmaster.master][INFO] 2025-12-04 21:50:04,339: -SERVICE [/xtion/rgb/image_mono/theora/set_parameters] /xtion/rgb/image_proc rosrpc://127.0.0.1:43803
[rosmaster.master][INFO] 2025-12-04 21:50:04,340: -SUB [/clock] /image_raw_to_rect_color_relay http://127.0.0.1:43211/
[rosmaster.master][INFO] 2025-12-04 21:50:04,341: -SUB [/xtion/rgb/image_raw] /image_raw_to_rect_color_relay http://127.0.0.1:43211/
[rosmaster.master][INFO] 2025-12-04 21:50:04,342: -SERVICE [/move_group/save_map] /move_group rosrpc://127.0.0.1:56553
[rosmaster.master][INFO] 2025-12-04 21:50:04,345: -CACHEDPARAM [/rosout_disable_topics_generation] by /twist_mux
[rosmaster.master][INFO] 2025-12-04 21:50:04,346: -SERVICE [/xtion/rgb/image_color/compressedDepth/set_parameters] /xtion/rgb/image_proc rosrpc://127.0.0.1:43803
[rosmaster.master][INFO] 2025-12-04 21:50:04,350: -SERVICE [/image_raw_to_rect_color_relay/get_loggers] /image_raw_to_rect_color_relay rosrpc://127.0.0.1:49605
[rosmaster.master][INFO] 2025-12-04 21:50:04,353: -SERVICE [/move_group/load_map] /move_group rosrpc://127.0.0.1:56553
[rosmaster.master][INFO] 2025-12-04 21:50:04,354: -CACHEDPARAM [/twist_mux/diagnostic_period] by /twist_mux
[rosmaster.master][INFO] 2025-12-04 21:50:04,355: -SERVICE [/xtion/rgb/image_color/compressed/set_parameters] /xtion/rgb/image_proc rosrpc://127.0.0.1:43803
[rosmaster.master][INFO] 2025-12-04 21:50:04,358: -SERVICE [/image_raw_to_rect_color_relay/set_logger_level] /image_raw_to_rect_color_relay rosrpc://127.0.0.1:49605
[rosmaster.master][INFO] 2025-12-04 21:50:04,359: -SERVICE [/move_group/ompl/set_parameters] /move_group rosrpc://127.0.0.1:56553
[rosmaster.master][INFO] 2025-12-04 21:50:04,360: -CACHEDPARAM [/twist_mux/locks] by /twist_mux
[rosmaster.master][INFO] 2025-12-04 21:50:04,361: -SERVICE [/xtion/rgb/image_color/theora/set_parameters] /xtion/rgb/image_proc rosrpc://127.0.0.1:43803
[rosmaster.master][INFO] 2025-12-04 21:50:04,362: -CACHEDPARAM [/rosout_disable_topics_generation] by /image_raw_to_rect_color_relay
[rosmaster.master][INFO] 2025-12-04 21:50:04,363: -CACHEDPARAM [/rosout_disable_topics_generation] by /move_group
[rosmaster.master][INFO] 2025-12-04 21:50:04,363: -CACHEDPARAM [/twist_mux/topics] by /twist_mux
[rosmaster.master][INFO] 2025-12-04 21:50:04,363: -SERVICE [/xtion/rgb/image_proc_rectify_mono/set_parameters] /xtion/rgb/image_proc rosrpc://127.0.0.1:43803
[rosmaster.master][INFO] 2025-12-04 21:50:04,367: -SERVICE [/xtion/rgb/image_rect/compressedDepth/set_parameters] /xtion/rgb/image_proc rosrpc://127.0.0.1:43803
[rosmaster.master][INFO] 2025-12-04 21:50:04,368: -SERVICE [/xtion/rgb/image_rect/compressed/set_parameters] /xtion/rgb/image_proc rosrpc://127.0.0.1:43803
[rosmaster.master][INFO] 2025-12-04 21:50:04,369: -SERVICE [/xtion/rgb/image_rect/theora/set_parameters] /xtion/rgb/image_proc rosrpc://127.0.0.1:43803
[rosmaster.master][INFO] 2025-12-04 21:50:04,370: -SERVICE [/xtion/rgb/image_proc_rectify_color/set_parameters] /xtion/rgb/image_proc rosrpc://127.0.0.1:43803
[rosmaster.master][INFO] 2025-12-04 21:50:04,370: -SERVICE [/xtion/rgb/image_rect_color/compressedDepth/set_parameters] /xtion/rgb/image_proc rosrpc://127.0.0.1:43803
[rosmaster.master][INFO] 2025-12-04 21:50:04,371: -SERVICE [/xtion/rgb/image_rect_color/compressed/set_parameters] /xtion/rgb/image_proc rosrpc://127.0.0.1:43803
[rosmaster.master][INFO] 2025-12-04 21:50:04,372: -CACHEDPARAM [/rosout_disable_topics_generation] by /xtion/rgb/image_proc
[rosmaster.master][INFO] 2025-12-04 21:50:04,373: -PUB [/rosout] /tf_lookup http://127.0.0.1:46565/
[rosmaster.master][INFO] 2025-12-04 21:50:04,378: -PUB [/tf_lookup/result] /tf_lookup http://127.0.0.1:46565/
[rosmaster.master][INFO] 2025-12-04 21:50:04,380: -PUB [/tf_lookup/feedback] /tf_lookup http://127.0.0.1:46565/
[rosmaster.master][INFO] 2025-12-04 21:50:04,382: -PUB [/tf_lookup/status] /tf_lookup http://127.0.0.1:46565/
[rosmaster.master][INFO] 2025-12-04 21:50:04,387: +PARAM [/xtion/rgb/image_rect_color/theora/optimize_for] by /xtion/rgb/image_proc
[rosmaster.master][INFO] 2025-12-04 21:50:04,391: +PARAM [/xtion/rgb/image_rect_color/theora/target_bitrate] by /xtion/rgb/image_proc
[rosmaster.master][INFO] 2025-12-04 21:50:04,394: +PARAM [/xtion/rgb/image_rect_color/theora/quality] by /xtion/rgb/image_proc
[rosmaster.master][INFO] 2025-12-04 21:50:04,397: -PUB [/tf_stream/result] /tf_lookup http://127.0.0.1:46565/
[rosmaster.master][INFO] 2025-12-04 21:50:04,402: +PARAM [/xtion/rgb/image_rect_color/theora/keyframe_frequency] by /xtion/rgb/image_proc
[rosmaster.master][INFO] 2025-12-04 21:50:04,405: -PUB [/rosout] /play_motion http://127.0.0.1:38345/
[rosmaster.master][INFO] 2025-12-04 21:50:04,414: -PUB [/tf_stream/feedback] /tf_lookup http://127.0.0.1:46565/
[rosmaster.master][INFO] 2025-12-04 21:50:04,414: -PUB [/trajectory_execution_event] /play_motion http://127.0.0.1:38345/
[rosmaster.master][INFO] 2025-12-04 21:50:04,418: -PUB [/tf_stream/status] /tf_lookup http://127.0.0.1:46565/
[rosmaster.master][INFO] 2025-12-04 21:50:04,419: +PARAM [/xtion/rgb/image_rect_color/theora/optimize_for] by /xtion/rgb/image_proc
[rosmaster.master][INFO] 2025-12-04 21:50:04,420: -SUB [/clock] /tf_lookup http://127.0.0.1:46565/
[rosmaster.master][INFO] 2025-12-04 21:50:04,422: +PARAM [/xtion/rgb/image_rect_color/theora/target_bitrate] by /xtion/rgb/image_proc
[rosmaster.master][INFO] 2025-12-04 21:50:04,423: -PUB [/attached_collision_object] /play_motion http://127.0.0.1:38345/
[rosmaster.master][INFO] 2025-12-04 21:50:04,425: -SUB [/tf] /tf_lookup http://127.0.0.1:46565/
[rosmaster.master][INFO] 2025-12-04 21:50:04,427: -SUB [/tf_static] /tf_lookup http://127.0.0.1:46565/
[rosmaster.master][INFO] 2025-12-04 21:50:04,431: +PARAM [/xtion/rgb/image_rect_color/theora/quality] by /xtion/rgb/image_proc
[rosmaster.master][INFO] 2025-12-04 21:50:04,432: -PUB [/move_group/goal] /play_motion http://127.0.0.1:38345/
[rosmaster.master][INFO] 2025-12-04 21:50:04,434: +CACHEDPARAM [/rosout_disable_topics_generation] by /default_controllers_spawner
[rosmaster.master][INFO] 2025-12-04 21:50:04,435: -PUB [/move_group/cancel] /play_motion http://127.0.0.1:38345/
[rosmaster.master][INFO] 2025-12-04 21:50:04,437: +PARAM [/xtion/rgb/image_rect_color/theora/keyframe_frequency] by /xtion/rgb/image_proc
[rosmaster.master][INFO] 2025-12-04 21:50:04,437: -SUB [/tf_lookup/goal] /tf_lookup http://127.0.0.1:46565/
[rosmaster.master][INFO] 2025-12-04 21:50:04,438: -SUB [/clock] /play_motion http://127.0.0.1:38345/
[rosmaster.master][INFO] 2025-12-04 21:50:04,454: -SUB [/tf_lookup/cancel] /tf_lookup http://127.0.0.1:46565/
[rosmaster.master][INFO] 2025-12-04 21:50:04,458: -SUB [/joint_states] /play_motion http://127.0.0.1:38345/
[rosmaster.master][INFO] 2025-12-04 21:50:04,460: -SUB [/tf_stream/goal] /tf_lookup http://127.0.0.1:46565/
[rosmaster.master][INFO] 2025-12-04 21:50:04,462: -SUB [/tf_stream/cancel] /tf_lookup http://127.0.0.1:46565/
[rosmaster.master][INFO] 2025-12-04 21:50:04,463: -SUB [/tf] /play_motion http://127.0.0.1:38345/
[rosmaster.master][INFO] 2025-12-04 21:50:04,465: -SUB [/tf_static] /play_motion http://127.0.0.1:38345/
[rosmaster.master][INFO] 2025-12-04 21:50:04,469: -SERVICE [/tf_lookup/get_loggers] /tf_lookup rosrpc://127.0.0.1:50405
[rosmaster.master][INFO] 2025-12-04 21:50:04,470: +CACHEDPARAM [/rosout_disable_topics_generation] by /default_controllers_spawner
[rosmaster.master][INFO] 2025-12-04 21:50:04,471: -SUB [/move_group/status] /play_motion http://127.0.0.1:38345/
[rosmaster.master][INFO] 2025-12-04 21:50:04,472: -SERVICE [/tf_lookup/set_logger_level] /tf_lookup rosrpc://127.0.0.1:50405
[rosmaster.master][INFO] 2025-12-04 21:50:04,476: +CACHEDPARAM [/rosout_disable_topics_generation] by /default_controllers_spawner
[rosmaster.master][INFO] 2025-12-04 21:50:04,477: -SUB [/move_group/feedback] /play_motion http://127.0.0.1:38345/
[rosmaster.master][INFO] 2025-12-04 21:50:04,478: -SERVICE [/lookupTransform] /tf_lookup rosrpc://127.0.0.1:50405
[rosmaster.master][INFO] 2025-12-04 21:50:04,479: -SUB [/move_group/result] /play_motion http://127.0.0.1:38345/
[rosmaster.master][INFO] 2025-12-04 21:50:04,480: -CACHEDPARAM [/rosout_disable_topics_generation] by /tf_lookup
[rosmaster.master][INFO] 2025-12-04 21:50:04,484: -SUB [/clock] /hand_grasping_action http://127.0.0.1:39879/
[rosmaster.master][INFO] 2025-12-04 21:50:04,484: -SUB [/hand_controller/follow_joint_trajectory/status] /hand_grasping_action http://127.0.0.1:39879/
[rosmaster.master][INFO] 2025-12-04 21:50:04,484: -SUB [/hand_controller/follow_joint_trajectory/result] /hand_grasping_action http://127.0.0.1:39879/
[rosmaster.master][INFO] 2025-12-04 21:50:04,484: -SUB [/hand_controller/follow_joint_trajectory/feedback] /hand_grasping_action http://127.0.0.1:39879/
[rosmaster.master][INFO] 2025-12-04 21:50:04,484: -SUB [/hand_grasping_action/goal] /hand_grasping_action http://127.0.0.1:39879/
[rosmaster.master][INFO] 2025-12-04 21:50:04,487: -SERVICE [/play_motion/get_loggers] /play_motion rosrpc://127.0.0.1:43723
[rosmaster.master][INFO] 2025-12-04 21:50:04,487: -SUB [/hand_grasping_action/cancel] /hand_grasping_action http://127.0.0.1:39879/
[rosmaster.master][INFO] 2025-12-04 21:50:04,487: -SUB [/joint_states] /hand_grasping_action http://127.0.0.1:39879/
[rosmaster.master][INFO] 2025-12-04 21:50:04,487: -PUB [/rosout] /hand_grasping_action http://127.0.0.1:39879/
[rosmaster.master][INFO] 2025-12-04 21:50:04,490: -SERVICE [/play_motion/set_logger_level] /play_motion rosrpc://127.0.0.1:43723
[rosmaster.master][INFO] 2025-12-04 21:50:04,491: -CACHEDPARAM [/rosout_disable_topics_generation] by /play_motion
[rosmaster.master][INFO] 2025-12-04 21:50:04,492: -PUB [/hand_controller/follow_joint_trajectory/goal] /hand_grasping_action http://127.0.0.1:39879/
[rosmaster.master][INFO] 2025-12-04 21:50:04,494: -PUB [/mobile_base_controller/parameter_descriptions] /gazebo http://127.0.0.1:39377/
[rosmaster.master][INFO] 2025-12-04 21:50:04,494: -PUB [/hand_controller/follow_joint_trajectory/cancel] /hand_grasping_action http://127.0.0.1:39879/
[rosmaster.master][INFO] 2025-12-04 21:50:04,494: -PUB [/hand_grasping_action/status] /hand_grasping_action http://127.0.0.1:39879/
[rosmaster.master][INFO] 2025-12-04 21:50:04,494: -PUB [/hand_grasping_action/result] /hand_grasping_action http://127.0.0.1:39879/
[rosmaster.master][INFO] 2025-12-04 21:50:04,494: -PUB [/hand_grasping_action/feedback] /hand_grasping_action http://127.0.0.1:39879/
[rosmaster.master][INFO] 2025-12-04 21:50:04,495: -SERVICE [/hand_grasping_action/get_loggers] /hand_grasping_action rosrpc://127.0.0.1:34287
[rosmaster.master][INFO] 2025-12-04 21:50:04,495: -SERVICE [/hand_grasping_action/set_logger_level] /hand_grasping_action rosrpc://127.0.0.1:34287
[rosmaster.master][INFO] 2025-12-04 21:50:04,496: -PUB [/mobile_base_controller/parameter_updates] /gazebo http://127.0.0.1:39377/
[rosmaster.master][INFO] 2025-12-04 21:50:04,501: -SERVICE [/mobile_base_controller/set_parameters] /gazebo rosrpc://127.0.0.1:43649
[rosmaster.master][INFO] 2025-12-04 21:50:04,502: -PUB [/tf] /gazebo http://127.0.0.1:39377/
[rosmaster.master][INFO] 2025-12-04 21:50:04,504: -PUB [/mobile_base_controller/odom] /gazebo http://127.0.0.1:39377/
[rosmaster.master][INFO] 2025-12-04 21:50:04,506: -SUB [/mobile_base_controller/cmd_vel] /gazebo http://127.0.0.1:39377/
[rosmaster.master][INFO] 2025-12-04 21:50:04,509: +CACHEDPARAM [/rosout_disable_topics_generation] by /default_controllers_spawner
[rosmaster.master][INFO] 2025-12-04 21:50:04,515: +CACHEDPARAM [/rosout_disable_topics_generation] by /default_controllers_spawner
[rosmaster.master][INFO] 2025-12-04 21:50:04,530: +CACHEDPARAM [/rosout_disable_topics_generation] by /hand_controller_spawner
[rosmaster.master][INFO] 2025-12-04 21:50:04,547: -PUB [/arm_controller/state] /gazebo http://127.0.0.1:39377/
[rosmaster.master][INFO] 2025-12-04 21:50:04,550: -SERVICE [/arm_controller/query_state] /gazebo rosrpc://127.0.0.1:43649
[rosmaster.master][INFO] 2025-12-04 21:50:04,564: -PUB [/arm_controller/follow_joint_trajectory/feedback] /gazebo http://127.0.0.1:39377/
[rosmaster.master][INFO] 2025-12-04 21:50:04,568: -PUB [/arm_controller/follow_joint_trajectory/result] /gazebo http://127.0.0.1:39377/
[rosmaster.master][INFO] 2025-12-04 21:50:04,572: -PUB [/arm_controller/follow_joint_trajectory/status] /gazebo http://127.0.0.1:39377/
[rosmaster.master][INFO] 2025-12-04 21:50:04,580: -SUB [/arm_controller/follow_joint_trajectory/cancel] /gazebo http://127.0.0.1:39377/
[rosmaster.master][INFO] 2025-12-04 21:50:04,582: +CACHEDPARAM [/rosout_disable_topics_generation] by /bringup_controllers_spawner_ft
[rosmaster.master][INFO] 2025-12-04 21:50:04,584: -SUB [/arm_controller/follow_joint_trajectory/goal] /gazebo http://127.0.0.1:39377/
[rosmaster.master][INFO] 2025-12-04 21:50:04,598: -SUB [/arm_controller/command] /gazebo http://127.0.0.1:39377/
[rosmaster.master][INFO] 2025-12-04 21:50:04,606: +CACHEDPARAM [/rosout_disable_topics_generation] by /hand_controller_spawner
[rosmaster.master][INFO] 2025-12-04 21:50:04,606: +CACHEDPARAM [/rosout_disable_topics_generation] by /default_controllers_spawner
[rosmaster.master][INFO] 2025-12-04 21:50:04,610: +CACHEDPARAM [/rosout_disable_topics_generation] by /hand_controller_spawner
[rosmaster.master][INFO] 2025-12-04 21:50:04,612: +CACHEDPARAM [/rosout_disable_topics_generation] by /default_controllers_spawner
[rosmaster.master][INFO] 2025-12-04 21:50:04,624: -PUB [/hand_controller/state] /gazebo http://127.0.0.1:39377/
[rosmaster.master][INFO] 2025-12-04 21:50:04,626: -SERVICE [/hand_controller/query_state] /gazebo rosrpc://127.0.0.1:43649
[rosmaster.master][INFO] 2025-12-04 21:50:04,627: -PUB [/hand_controller/follow_joint_trajectory/feedback] /gazebo http://127.0.0.1:39377/
[rosmaster.master][INFO] 2025-12-04 21:50:04,628: -PUB [/hand_controller/follow_joint_trajectory/result] /gazebo http://127.0.0.1:39377/
[rosmaster.master][INFO] 2025-12-04 21:50:04,630: -PUB [/hand_controller/follow_joint_trajectory/status] /gazebo http://127.0.0.1:39377/
[rosmaster.master][INFO] 2025-12-04 21:50:04,631: -SUB [/hand_controller/follow_joint_trajectory/cancel] /gazebo http://127.0.0.1:39377/
[rosmaster.master][INFO] 2025-12-04 21:50:04,633: -SUB [/hand_controller/follow_joint_trajectory/goal] /gazebo http://127.0.0.1:39377/
[rosmaster.master][INFO] 2025-12-04 21:50:04,636: -SUB [/hand_controller/command] /gazebo http://127.0.0.1:39377/
[rosmaster.master][INFO] 2025-12-04 21:50:04,639: -PUB [/head_controller/state] /gazebo http://127.0.0.1:39377/
[rosmaster.master][INFO] 2025-12-04 21:50:04,641: +CACHEDPARAM [/rosout_disable_topics_generation] by /hand_controller_spawner
[rosmaster.master][INFO] 2025-12-04 21:50:04,642: -SERVICE [/head_controller/query_state] /gazebo rosrpc://127.0.0.1:43649
[rosmaster.master][INFO] 2025-12-04 21:50:04,644: -PUB [/head_controller/follow_joint_trajectory/feedback] /gazebo http://127.0.0.1:39377/
[rosmaster.master][INFO] 2025-12-04 21:50:04,646: -SUB [/clock] /hand_controller_spawner http://127.0.0.1:43639/
[rosmaster.master][INFO] 2025-12-04 21:50:04,647: -PUB [/rosout] /hand_controller_spawner http://127.0.0.1:43639/
[rosmaster.master][INFO] 2025-12-04 21:50:04,647: -SERVICE [/hand_controller_spawner/get_loggers] /hand_controller_spawner rosrpc://127.0.0.1:38519
[rosmaster.master][INFO] 2025-12-04 21:50:04,647: -SERVICE [/hand_controller_spawner/set_logger_level] /hand_controller_spawner rosrpc://127.0.0.1:38519
[rosmaster.master][INFO] 2025-12-04 21:50:04,648: -PUB [/head_controller/follow_joint_trajectory/result] /gazebo http://127.0.0.1:39377/
[rosmaster.master][INFO] 2025-12-04 21:50:04,649: -PUB [/head_controller/follow_joint_trajectory/status] /gazebo http://127.0.0.1:39377/
[rosmaster.master][INFO] 2025-12-04 21:50:04,650: -SUB [/head_controller/follow_joint_trajectory/cancel] /gazebo http://127.0.0.1:39377/
[rosmaster.master][INFO] 2025-12-04 21:50:04,651: -SUB [/head_controller/follow_joint_trajectory/goal] /gazebo http://127.0.0.1:39377/
[rosmaster.master][INFO] 2025-12-04 21:50:04,652: -SUB [/head_controller/command] /gazebo http://127.0.0.1:39377/
[rosmaster.master][INFO] 2025-12-04 21:50:04,654: +CACHEDPARAM [/rosout_disable_topics_generation] by /default_controllers_spawner
[rosmaster.master][INFO] 2025-12-04 21:50:04,656: +CACHEDPARAM [/rosout_disable_topics_generation] by /default_controllers_spawner
[rosmaster.master][INFO] 2025-12-04 21:50:04,669: -PUB [/torso_controller/state] /gazebo http://127.0.0.1:39377/
[rosmaster.master][INFO] 2025-12-04 21:50:04,672: +CACHEDPARAM [/rosout_disable_topics_generation] by /bringup_controllers_spawner_imu
[rosmaster.master][INFO] 2025-12-04 21:50:04,674: +CACHEDPARAM [/rosout_disable_topics_generation] by /hand_controller_spawner
[rosmaster.master][INFO] 2025-12-04 21:50:04,690: -SERVICE [/torso_controller/query_state] /gazebo rosrpc://127.0.0.1:43649
[rosmaster.master][INFO] 2025-12-04 21:50:04,693: -PUB [/torso_controller/follow_joint_trajectory/feedback] /gazebo http://127.0.0.1:39377/
[rosmaster.master][INFO] 2025-12-04 21:50:04,695: -PUB [/torso_controller/follow_joint_trajectory/result] /gazebo http://127.0.0.1:39377/
[rosmaster.master][INFO] 2025-12-04 21:50:04,696: +CACHEDPARAM [/rosout_disable_topics_generation] by /hand_controller_spawner
[rosmaster.master][INFO] 2025-12-04 21:50:04,697: -PUB [/torso_controller/follow_joint_trajectory/status] /gazebo http://127.0.0.1:39377/
[rosmaster.master][INFO] 2025-12-04 21:50:04,699: -SUB [/torso_controller/follow_joint_trajectory/cancel] /gazebo http://127.0.0.1:39377/
[rosmaster.master][INFO] 2025-12-04 21:50:04,702: -SUB [/torso_controller/follow_joint_trajectory/goal] /gazebo http://127.0.0.1:39377/
[rosmaster.master][INFO] 2025-12-04 21:50:04,703: -SUB [/torso_controller/command] /gazebo http://127.0.0.1:39377/
[rosmaster.master][INFO] 2025-12-04 21:50:04,707: +CACHEDPARAM [/rosout_disable_topics_generation] by /default_controllers_spawner
[rosmaster.master][INFO] 2025-12-04 21:50:04,712: +CACHEDPARAM [/rosout_disable_topics_generation] by /default_controllers_spawner
[rosmaster.master][INFO] 2025-12-04 21:50:04,719: +CACHEDPARAM [/rosout_disable_topics_generation] by /hand_controller_spawner
[rosmaster.master][INFO] 2025-12-04 21:50:04,725: -PUB [/joint_states] /gazebo http://127.0.0.1:39377/
[rosmaster.master][INFO] 2025-12-04 21:50:04,728: +CACHEDPARAM [/rosout_disable_topics_generation] by /default_controllers_spawner
[rosmaster.master][INFO] 2025-12-04 21:50:04,731: -SUB [/clock] /default_controllers_spawner http://127.0.0.1:42907/
[rosmaster.master][INFO] 2025-12-04 21:50:04,732: -PUB [/rosout] /default_controllers_spawner http://127.0.0.1:42907/
[rosmaster.master][INFO] 2025-12-04 21:50:04,732: -SERVICE [/default_controllers_spawner/get_loggers] /default_controllers_spawner rosrpc://127.0.0.1:43379
[rosmaster.master][INFO] 2025-12-04 21:50:04,732: -SERVICE [/default_controllers_spawner/set_logger_level] /default_controllers_spawner rosrpc://127.0.0.1:43379
[rosmaster.master][INFO] 2025-12-04 21:50:04,747: +CACHEDPARAM [/rosout_disable_topics_generation] by /tuck_arm
[rosmaster.master][INFO] 2025-12-04 21:50:04,765: +CACHEDPARAM [/rosout_disable_topics_generation] by /bringup_controllers_spawner_ft
[rosmaster.master][INFO] 2025-12-04 21:50:04,854: +CACHEDPARAM [/rosout_disable_topics_generation] by /hand_controller_spawner
[rosmaster.master][INFO] 2025-12-04 21:50:04,856: publisherUpdate[/rosout] -> http://127.0.0.1:46717/ ['http://127.0.0.1:39377/', 'http://127.0.0.1:36449/', 'http://127.0.0.1:45401/', 'http://127.0.0.1:46565/', 'http://127.0.0.1:34823/', 'http://127.0.0.1:38345/', 'http://127.0.0.1:45177/', 'http://127.0.0.1:43211/', 'http://127.0.0.1:45375/', 'http://127.0.0.1:39879/', 'http://127.0.0.1:38267/', 'http://127.0.0.1:38649/', 'http://127.0.0.1:36969/', 'http://127.0.0.1:43597/', 'http://127.0.0.1:43731/', 'http://127.0.0.1:40245/']
[rosmaster.master][INFO] 2025-12-04 21:50:04,858: publisherUpdate[/rosout] -> http://127.0.0.1:46717/ ['http://127.0.0.1:39377/', 'http://127.0.0.1:36449/', 'http://127.0.0.1:45401/', 'http://127.0.0.1:46565/', 'http://127.0.0.1:34823/', 'http://127.0.0.1:38345/', 'http://127.0.0.1:45177/', 'http://127.0.0.1:43211/', 'http://127.0.0.1:45375/', 'http://127.0.0.1:39879/', 'http://127.0.0.1:38267/', 'http://127.0.0.1:38649/', 'http://127.0.0.1:36969/', 'http://127.0.0.1:43597/', 'http://127.0.0.1:43731/', 'http://127.0.0.1:40245/']: sec=0.00, result=[1, '', 0]
[rosmaster.master][INFO] 2025-12-04 21:50:04,882: +CACHEDPARAM [/rosout_disable_topics_generation] by /hand_controller_spawner
[rosmaster.master][INFO] 2025-12-04 21:50:04,886: -SUB [/clock] /hand_controller_spawner http://127.0.0.1:46177/
[rosmaster.master][INFO] 2025-12-04 21:50:04,887: -PUB [/rosout] /hand_controller_spawner http://127.0.0.1:46177/
[rosmaster.master][INFO] 2025-12-04 21:50:04,891: -SERVICE [/hand_controller_spawner/get_loggers] /hand_controller_spawner rosrpc://127.0.0.1:42393
[rosmaster.master][INFO] 2025-12-04 21:50:04,892: -SERVICE [/hand_controller_spawner/set_logger_level] /hand_controller_spawner rosrpc://127.0.0.1:42393
[rosmaster.master][INFO] 2025-12-04 21:50:04,928: +PARAM [/move_group/trajectory_execution/execution_duration_monitoring] by /move_group
[rosmaster.master][INFO] 2025-12-04 21:50:04,934: +PARAM [/move_group/trajectory_execution/allowed_execution_duration_scaling] by /move_group
[rosmaster.master][INFO] 2025-12-04 21:50:04,936: +PARAM [/move_group/trajectory_execution/allowed_goal_duration_margin] by /move_group
[rosmaster.master][INFO] 2025-12-04 21:50:04,939: +PARAM [/move_group/trajectory_execution/execution_velocity_scaling] by /move_group
[rosmaster.master][INFO] 2025-12-04 21:50:04,941: +PARAM [/move_group/trajectory_execution/allowed_start_tolerance] by /move_group
[rosmaster.master][INFO] 2025-12-04 21:50:04,943: +PARAM [/move_group/trajectory_execution/wait_for_trajectory_completion] by /move_group
[rosmaster.master][INFO] 2025-12-04 21:50:04,945: +PARAM [/move_group/trajectory_execution/execution_duration_monitoring] by /move_group
[rosmaster.master][INFO] 2025-12-04 21:50:04,947: +PARAM [/move_group/trajectory_execution/allowed_execution_duration_scaling] by /move_group
[rosmaster.master][INFO] 2025-12-04 21:50:04,949: +PARAM [/move_group/trajectory_execution/allowed_goal_duration_margin] by /move_group
[rosmaster.master][INFO] 2025-12-04 21:50:04,960: +PARAM [/move_group/trajectory_execution/execution_velocity_scaling] by /move_group
[rosmaster.master][INFO] 2025-12-04 21:50:04,963: +PARAM [/move_group/trajectory_execution/allowed_start_tolerance] by /move_group
[rosmaster.master][INFO] 2025-12-04 21:50:04,967: +PARAM [/move_group/trajectory_execution/wait_for_trajectory_completion] by /move_group
[rosmaster.master][INFO] 2025-12-04 21:50:04,985: +PARAM [/move_group/plan_execution/max_replan_attempts] by /move_group
[rosmaster.master][INFO] 2025-12-04 21:50:04,988: +PARAM [/move_group/plan_execution/record_trajectory_state_frequency] by /move_group
[rosmaster.master][INFO] 2025-12-04 21:50:04,989: +CACHEDPARAM [/rosout_disable_topics_generation] by /bringup_controllers_spawner_imu
[rosmaster.master][INFO] 2025-12-04 21:50:04,993: +PARAM [/move_group/plan_execution/max_replan_attempts] by /move_group
[rosmaster.master][INFO] 2025-12-04 21:50:04,995: +PARAM [/move_group/plan_execution/record_trajectory_state_frequency] by /move_group
[rosmaster.master][INFO] 2025-12-04 21:50:04,996: publisherUpdate[/rosout] -> http://127.0.0.1:46717/ ['http://127.0.0.1:39377/', 'http://127.0.0.1:45401/', 'http://127.0.0.1:46565/', 'http://127.0.0.1:34823/', 'http://127.0.0.1:38345/', 'http://127.0.0.1:45177/', 'http://127.0.0.1:43211/', 'http://127.0.0.1:45375/', 'http://127.0.0.1:39879/', 'http://127.0.0.1:38267/', 'http://127.0.0.1:38649/', 'http://127.0.0.1:36969/', 'http://127.0.0.1:43597/', 'http://127.0.0.1:43731/', 'http://127.0.0.1:40245/', 'http://127.0.0.1:39437/']
[rosmaster.master][INFO] 2025-12-04 21:50:04,999: -PUB [/rosout] /head_controller/point_head_action http://127.0.0.1:45401/
[rosmaster.master][INFO] 2025-12-04 21:50:05,002: -PUB [/head_controller/command] /head_controller/point_head_action http://127.0.0.1:45401/
[rosmaster.master][INFO] 2025-12-04 21:50:05,024: -PUB [/head_controller/point_head_action/result] /head_controller/point_head_action http://127.0.0.1:45401/
[rosmaster.master][INFO] 2025-12-04 21:50:05,025: publisherUpdate[/rosout] -> http://127.0.0.1:46717/ ['http://127.0.0.1:39377/', 'http://127.0.0.1:45401/', 'http://127.0.0.1:46565/', 'http://127.0.0.1:34823/', 'http://127.0.0.1:38345/', 'http://127.0.0.1:45177/', 'http://127.0.0.1:43211/', 'http://127.0.0.1:45375/', 'http://127.0.0.1:39879/', 'http://127.0.0.1:38267/', 'http://127.0.0.1:38649/', 'http://127.0.0.1:36969/', 'http://127.0.0.1:43597/', 'http://127.0.0.1:43731/', 'http://127.0.0.1:40245/', 'http://127.0.0.1:39437/']: sec=0.03, result=[1, '', 0]
[rosmaster.master][INFO] 2025-12-04 21:50:05,026: publisherUpdate[/rosout] -> http://127.0.0.1:46717/ ['http://127.0.0.1:39377/', 'http://127.0.0.1:45401/', 'http://127.0.0.1:46565/', 'http://127.0.0.1:34823/', 'http://127.0.0.1:38345/', 'http://127.0.0.1:45177/', 'http://127.0.0.1:43211/', 'http://127.0.0.1:45375/', 'http://127.0.0.1:39879/', 'http://127.0.0.1:38267/', 'http://127.0.0.1:38649/', 'http://127.0.0.1:36969/', 'http://127.0.0.1:43597/', 'http://127.0.0.1:40245/', 'http://127.0.0.1:39437/']
[rosmaster.master][INFO] 2025-12-04 21:50:05,037: -PUB [/head_controller/point_head_action/feedback] /head_controller/point_head_action http://127.0.0.1:45401/
[rosmaster.master][INFO] 2025-12-04 21:50:05,039: publisherUpdate[/rosout] -> http://127.0.0.1:46717/ ['http://127.0.0.1:39377/', 'http://127.0.0.1:45401/', 'http://127.0.0.1:46565/', 'http://127.0.0.1:34823/', 'http://127.0.0.1:38345/', 'http://127.0.0.1:45177/', 'http://127.0.0.1:43211/', 'http://127.0.0.1:45375/', 'http://127.0.0.1:39879/', 'http://127.0.0.1:38267/', 'http://127.0.0.1:38649/', 'http://127.0.0.1:36969/', 'http://127.0.0.1:43597/', 'http://127.0.0.1:40245/', 'http://127.0.0.1:39437/']: sec=0.01, result=[1, '', 0]
[rosmaster.master][INFO] 2025-12-04 21:50:05,041: publisherUpdate[/rosout] -> http://127.0.0.1:46717/ ['http://127.0.0.1:39377/', 'http://127.0.0.1:45401/', 'http://127.0.0.1:46565/', 'http://127.0.0.1:34823/', 'http://127.0.0.1:38345/', 'http://127.0.0.1:45177/', 'http://127.0.0.1:43211/', 'http://127.0.0.1:45375/', 'http://127.0.0.1:39879/', 'http://127.0.0.1:38267/', 'http://127.0.0.1:38649/', 'http://127.0.0.1:43597/', 'http://127.0.0.1:40245/', 'http://127.0.0.1:39437/']
[rosmaster.master][INFO] 2025-12-04 21:50:05,044: +PARAM [/move_group/sense_for_plan/max_safe_path_cost] by /move_group
[rosmaster.master][INFO] 2025-12-04 21:50:05,048: -PUB [/head_controller/point_head_action/status] /head_controller/point_head_action http://127.0.0.1:45401/
[rosmaster.master][INFO] 2025-12-04 21:50:05,051: -SUB [/clock] /head_controller/point_head_action http://127.0.0.1:45401/
[rosmaster.master][INFO] 2025-12-04 21:50:05,053: publisherUpdate[/rosout] -> http://127.0.0.1:46717/ ['http://127.0.0.1:39377/', 'http://127.0.0.1:45401/', 'http://127.0.0.1:46565/', 'http://127.0.0.1:34823/', 'http://127.0.0.1:38345/', 'http://127.0.0.1:45177/', 'http://127.0.0.1:43211/', 'http://127.0.0.1:45375/', 'http://127.0.0.1:39879/', 'http://127.0.0.1:38267/', 'http://127.0.0.1:38649/', 'http://127.0.0.1:43597/', 'http://127.0.0.1:40245/', 'http://127.0.0.1:39437/']: sec=0.01, result=[1, '', 0]
[rosmaster.master][INFO] 2025-12-04 21:50:05,054: +PARAM [/move_group/sense_for_plan/max_look_attempts] by /move_group
[rosmaster.master][INFO] 2025-12-04 21:50:05,054: -SUB [/tf] /head_controller/point_head_action http://127.0.0.1:45401/
[rosmaster.master][INFO] 2025-12-04 21:50:05,056: publisherUpdate[/tf_stream/goal] -> http://127.0.0.1:46565/ []
[rosmaster.master][INFO] 2025-12-04 21:50:05,060: -SUB [/tf_static] /head_controller/point_head_action http://127.0.0.1:45401/
[rosmaster.master][INFO] 2025-12-04 21:50:05,061: +PARAM [/move_group/sense_for_plan/max_cost_sources] by /move_group
[rosmaster.master][INFO] 2025-12-04 21:50:05,063: -SUB [/head_controller/state] /head_controller/point_head_action http://127.0.0.1:45401/
[rosmaster.master][INFO] 2025-12-04 21:50:05,063: publisherUpdate[/tf_stream/goal] -> http://127.0.0.1:46565/ []: sec=0.01, exception=[Errno 111] Connection refused
[rosmaster.master][INFO] 2025-12-04 21:50:05,065: +PARAM [/move_group/sense_for_plan/discard_overlapping_cost_sources] by /move_group
[rosmaster.master][INFO] 2025-12-04 21:50:05,067: -SUB [/head_controller/point_head_action/goal] /head_controller/point_head_action http://127.0.0.1:45401/
[rosmaster.master][INFO] 2025-12-04 21:50:05,072: +PARAM [/move_group/sense_for_plan/max_safe_path_cost] by /move_group
[rosmaster.master][INFO] 2025-12-04 21:50:05,074: -SUB [/head_controller/point_head_action/cancel] /head_controller/point_head_action http://127.0.0.1:45401/
[rosmaster.threadpool][ERROR] 2025-12-04 21:50:05,074: Traceback (most recent call last):
  File "/opt/ros/noetic/lib/python3/dist-packages/rosmaster/threadpool.py", line 218, in run
    result = cmd(*args)
  File "/opt/ros/noetic/lib/python3/dist-packages/rosmaster/master_api.py", line 210, in publisher_update_task
    ret = xmlrpcapi(api).publisherUpdate('/master', topic, pub_uris)
  File "/usr/lib/python3.8/xmlrpc/client.py", line 1109, in __call__
    return self.__send(self.__name, args)
  File "/usr/lib/python3.8/xmlrpc/client.py", line 1450, in __request
    response = self.__transport.request(
  File "/usr/lib/python3.8/xmlrpc/client.py", line 1153, in request
    return self.single_request(host, handler, request_body, verbose)
  File "/usr/lib/python3.8/xmlrpc/client.py", line 1165, in single_request
    http_conn = self.send_request(host, handler, request_body, verbose)
  File "/usr/lib/python3.8/xmlrpc/client.py", line 1278, in send_request
    self.send_content(connection, request_body)
  File "/usr/lib/python3.8/xmlrpc/client.py", line 1308, in send_content
    connection.endheaders(request_body)
  File "/usr/lib/python3.8/http/client.py", line 1251, in endheaders
    self._send_output(message_body, encode_chunked=encode_chunked)
  File "/usr/lib/python3.8/http/client.py", line 1011, in _send_output
    self.send(msg)
  File "/usr/lib/python3.8/http/client.py", line 951, in send
    self.connect()
  File "/usr/lib/python3.8/http/client.py", line 922, in connect
    self.sock = self._create_connection(
  File "/usr/lib/python3.8/socket.py", line 808, in create_connection
    raise err
  File "/usr/lib/python3.8/socket.py", line 796, in create_connection
    sock.connect(sa)
ConnectionRefusedError: [Errno 111] Connection refused

[rosmaster.master][INFO] 2025-12-04 21:50:05,075: publisherUpdate[/tf_stream/cancel] -> http://127.0.0.1:46565/ []
[rosmaster.master][INFO] 2025-12-04 21:50:05,076: +PARAM [/move_group/sense_for_plan/max_look_attempts] by /move_group
[rosmaster.master][INFO] 2025-12-04 21:50:05,077: -SERVICE [/head_controller/point_head_action/get_loggers] /head_controller/point_head_action rosrpc://127.0.0.1:49431
[rosmaster.master][INFO] 2025-12-04 21:50:05,079: publisherUpdate[/tf_stream/cancel] -> http://127.0.0.1:46565/ []: sec=0.00, exception=[Errno 111] Connection refused
[rosmaster.master][INFO] 2025-12-04 21:50:05,080: -SERVICE [/head_controller/point_head_action/set_logger_level] /head_controller/point_head_action rosrpc://127.0.0.1:49431
[rosmaster.master][INFO] 2025-12-04 21:50:05,081: +PARAM [/move_group/sense_for_plan/max_cost_sources] by /move_group
[rosmaster.threadpool][ERROR] 2025-12-04 21:50:05,082: Traceback (most recent call last):
  File "/opt/ros/noetic/lib/python3/dist-packages/rosmaster/threadpool.py", line 218, in run
    result = cmd(*args)
  File "/opt/ros/noetic/lib/python3/dist-packages/rosmaster/master_api.py", line 210, in publisher_update_task
    ret = xmlrpcapi(api).publisherUpdate('/master', topic, pub_uris)
  File "/usr/lib/python3.8/xmlrpc/client.py", line 1109, in __call__
    return self.__send(self.__name, args)
  File "/usr/lib/python3.8/xmlrpc/client.py", line 1450, in __request
    response = self.__transport.request(
  File "/usr/lib/python3.8/xmlrpc/client.py", line 1153, in request
    return self.single_request(host, handler, request_body, verbose)
  File "/usr/lib/python3.8/xmlrpc/client.py", line 1165, in single_request
    http_conn = self.send_request(host, handler, request_body, verbose)
  File "/usr/lib/python3.8/xmlrpc/client.py", line 1278, in send_request
    self.send_content(connection, request_body)
  File "/usr/lib/python3.8/xmlrpc/client.py", line 1308, in send_content
    connection.endheaders(request_body)
  File "/usr/lib/python3.8/http/client.py", line 1251, in endheaders
    self._send_output(message_body, encode_chunked=encode_chunked)
  File "/usr/lib/python3.8/http/client.py", line 1011, in _send_output
    self.send(msg)
  File "/usr/lib/python3.8/http/client.py", line 951, in send
    self.connect()
  File "/usr/lib/python3.8/http/client.py", line 922, in connect
    self.sock = self._create_connection(
  File "/usr/lib/python3.8/socket.py", line 808, in create_connection
    raise err
  File "/usr/lib/python3.8/socket.py", line 796, in create_connection
    sock.connect(sa)
ConnectionRefusedError: [Errno 111] Connection refused

[rosmaster.master][INFO] 2025-12-04 21:50:05,083: publisherUpdate[/rosout] -> http://127.0.0.1:46717/ ['http://127.0.0.1:39377/', 'http://127.0.0.1:45401/', 'http://127.0.0.1:46565/', 'http://127.0.0.1:34823/', 'http://127.0.0.1:38345/', 'http://127.0.0.1:45177/', 'http://127.0.0.1:43211/', 'http://127.0.0.1:45375/', 'http://127.0.0.1:39879/', 'http://127.0.0.1:38649/', 'http://127.0.0.1:43597/', 'http://127.0.0.1:40245/', 'http://127.0.0.1:39437/']
[rosmaster.master][INFO] 2025-12-04 21:50:05,085: -CACHEDPARAM [/rosout_disable_topics_generation] by /head_controller/point_head_action
[rosmaster.master][INFO] 2025-12-04 21:50:05,086: +PARAM [/move_group/sense_for_plan/discard_overlapping_cost_sources] by /move_group
[rosmaster.master][INFO] 2025-12-04 21:50:05,087: publisherUpdate[/rosout] -> http://127.0.0.1:46717/ ['http://127.0.0.1:39377/', 'http://127.0.0.1:45401/', 'http://127.0.0.1:46565/', 'http://127.0.0.1:34823/', 'http://127.0.0.1:38345/', 'http://127.0.0.1:45177/', 'http://127.0.0.1:43211/', 'http://127.0.0.1:45375/', 'http://127.0.0.1:39879/', 'http://127.0.0.1:38649/', 'http://127.0.0.1:43597/', 'http://127.0.0.1:40245/', 'http://127.0.0.1:39437/']: sec=0.00, result=[1, '', 0]
[rosmaster.master][INFO] 2025-12-04 21:50:05,089: publisherUpdate[/rosout] -> http://127.0.0.1:46717/ ['http://127.0.0.1:39377/', 'http://127.0.0.1:45401/', 'http://127.0.0.1:46565/', 'http://127.0.0.1:34823/', 'http://127.0.0.1:38345/', 'http://127.0.0.1:45177/', 'http://127.0.0.1:43211/', 'http://127.0.0.1:45375/', 'http://127.0.0.1:39879/', 'http://127.0.0.1:43597/', 'http://127.0.0.1:40245/', 'http://127.0.0.1:39437/']
[rosmaster.master][INFO] 2025-12-04 21:50:05,091: publisherUpdate[/rosout] -> http://127.0.0.1:46717/ ['http://127.0.0.1:39377/', 'http://127.0.0.1:45401/', 'http://127.0.0.1:46565/', 'http://127.0.0.1:34823/', 'http://127.0.0.1:38345/', 'http://127.0.0.1:45177/', 'http://127.0.0.1:43211/', 'http://127.0.0.1:45375/', 'http://127.0.0.1:39879/', 'http://127.0.0.1:43597/', 'http://127.0.0.1:40245/', 'http://127.0.0.1:39437/']: sec=0.00, result=[1, '', 0]
[rosmaster.master][INFO] 2025-12-04 21:50:05,095: publisherUpdate[/rosout] -> http://127.0.0.1:46717/ ['http://127.0.0.1:39377/', 'http://127.0.0.1:45401/', 'http://127.0.0.1:46565/', 'http://127.0.0.1:34823/', 'http://127.0.0.1:38345/', 'http://127.0.0.1:45177/', 'http://127.0.0.1:43211/', 'http://127.0.0.1:45375/', 'http://127.0.0.1:39879/', 'http://127.0.0.1:40245/', 'http://127.0.0.1:39437/']
[rosmaster.master][INFO] 2025-12-04 21:50:05,097: publisherUpdate[/rosout] -> http://127.0.0.1:46717/ ['http://127.0.0.1:39377/', 'http://127.0.0.1:45401/', 'http://127.0.0.1:46565/', 'http://127.0.0.1:34823/', 'http://127.0.0.1:38345/', 'http://127.0.0.1:45177/', 'http://127.0.0.1:43211/', 'http://127.0.0.1:45375/', 'http://127.0.0.1:39879/', 'http://127.0.0.1:40245/', 'http://127.0.0.1:39437/']: sec=0.00, result=[1, '', 0]
[rosmaster.master][INFO] 2025-12-04 21:50:05,097: publisherUpdate[/joy_vel] -> http://127.0.0.1:34823/ []
[rosmaster.master][INFO] 2025-12-04 21:50:05,098: publisherUpdate[/joy_vel] -> http://127.0.0.1:34823/ []: sec=0.00, exception=[Errno 111] Connection refused
[rosmaster.threadpool][ERROR] 2025-12-04 21:50:05,099: Traceback (most recent call last):
  File "/opt/ros/noetic/lib/python3/dist-packages/rosmaster/threadpool.py", line 218, in run
    result = cmd(*args)
  File "/opt/ros/noetic/lib/python3/dist-packages/rosmaster/master_api.py", line 210, in publisher_update_task
    ret = xmlrpcapi(api).publisherUpdate('/master', topic, pub_uris)
  File "/usr/lib/python3.8/xmlrpc/client.py", line 1109, in __call__
    return self.__send(self.__name, args)
  File "/usr/lib/python3.8/xmlrpc/client.py", line 1450, in __request
    response = self.__transport.request(
  File "/usr/lib/python3.8/xmlrpc/client.py", line 1153, in request
    return self.single_request(host, handler, request_body, verbose)
  File "/usr/lib/python3.8/xmlrpc/client.py", line 1165, in single_request
    http_conn = self.send_request(host, handler, request_body, verbose)
  File "/usr/lib/python3.8/xmlrpc/client.py", line 1278, in send_request
    self.send_content(connection, request_body)
  File "/usr/lib/python3.8/xmlrpc/client.py", line 1308, in send_content
    connection.endheaders(request_body)
  File "/usr/lib/python3.8/http/client.py", line 1251, in endheaders
    self._send_output(message_body, encode_chunked=encode_chunked)
  File "/usr/lib/python3.8/http/client.py", line 1011, in _send_output
    self.send(msg)
  File "/usr/lib/python3.8/http/client.py", line 951, in send
    self.connect()
  File "/usr/lib/python3.8/http/client.py", line 922, in connect
    self.sock = self._create_connection(
  File "/usr/lib/python3.8/socket.py", line 808, in create_connection
    raise err
  File "/usr/lib/python3.8/socket.py", line 796, in create_connection
    sock.connect(sa)
ConnectionRefusedError: [Errno 111] Connection refused

[rosmaster.master][INFO] 2025-12-04 21:50:05,099: publisherUpdate[/joy_priority] -> http://127.0.0.1:34823/ []
[rosmaster.master][INFO] 2025-12-04 21:50:05,100: publisherUpdate[/joy_priority] -> http://127.0.0.1:34823/ []: sec=0.00, exception=[Errno 111] Connection refused
[rosmaster.threadpool][ERROR] 2025-12-04 21:50:05,101: Traceback (most recent call last):
  File "/opt/ros/noetic/lib/python3/dist-packages/rosmaster/threadpool.py", line 218, in run
    result = cmd(*args)
  File "/opt/ros/noetic/lib/python3/dist-packages/rosmaster/master_api.py", line 210, in publisher_update_task
    ret = xmlrpcapi(api).publisherUpdate('/master', topic, pub_uris)
  File "/usr/lib/python3.8/xmlrpc/client.py", line 1109, in __call__
    return self.__send(self.__name, args)
  File "/usr/lib/python3.8/xmlrpc/client.py", line 1450, in __request
    response = self.__transport.request(
  File "/usr/lib/python3.8/xmlrpc/client.py", line 1153, in request
    return self.single_request(host, handler, request_body, verbose)
  File "/usr/lib/python3.8/xmlrpc/client.py", line 1165, in single_request
    http_conn = self.send_request(host, handler, request_body, verbose)
  File "/usr/lib/python3.8/xmlrpc/client.py", line 1278, in send_request
    self.send_content(connection, request_body)
  File "/usr/lib/python3.8/xmlrpc/client.py", line 1308, in send_content
    connection.endheaders(request_body)
  File "/usr/lib/python3.8/http/client.py", line 1251, in endheaders
    self._send_output(message_body, encode_chunked=encode_chunked)
  File "/usr/lib/python3.8/http/client.py", line 1011, in _send_output
    self.send(msg)
  File "/usr/lib/python3.8/http/client.py", line 951, in send
    self.connect()
  File "/usr/lib/python3.8/http/client.py", line 922, in connect
    self.sock = self._create_connection(
  File "/usr/lib/python3.8/socket.py", line 808, in create_connection
    raise err
  File "/usr/lib/python3.8/socket.py", line 796, in create_connection
    sock.connect(sa)
ConnectionRefusedError: [Errno 111] Connection refused

[rosmaster.master][INFO] 2025-12-04 21:50:05,101: publisherUpdate[/rosout] -> http://127.0.0.1:46717/ ['http://127.0.0.1:39377/', 'http://127.0.0.1:45401/', 'http://127.0.0.1:46565/', 'http://127.0.0.1:34823/', 'http://127.0.0.1:38345/', 'http://127.0.0.1:45177/', 'http://127.0.0.1:43211/', 'http://127.0.0.1:39879/', 'http://127.0.0.1:40245/', 'http://127.0.0.1:39437/']
[rosmaster.master][INFO] 2025-12-04 21:50:05,105: publisherUpdate[/rosout] -> http://127.0.0.1:46717/ ['http://127.0.0.1:39377/', 'http://127.0.0.1:45401/', 'http://127.0.0.1:46565/', 'http://127.0.0.1:34823/', 'http://127.0.0.1:38345/', 'http://127.0.0.1:45177/', 'http://127.0.0.1:43211/', 'http://127.0.0.1:39879/', 'http://127.0.0.1:40245/', 'http://127.0.0.1:39437/']: sec=0.00, result=[1, '', 0]
[rosmaster.master][INFO] 2025-12-04 21:50:05,105: publisherUpdate[/rosout] -> http://127.0.0.1:46717/ ['http://127.0.0.1:39377/', 'http://127.0.0.1:45401/', 'http://127.0.0.1:46565/', 'http://127.0.0.1:38345/', 'http://127.0.0.1:45177/', 'http://127.0.0.1:43211/', 'http://127.0.0.1:39879/', 'http://127.0.0.1:40245/', 'http://127.0.0.1:39437/']
[rosmaster.master][INFO] 2025-12-04 21:50:05,108: publisherUpdate[/rosout] -> http://127.0.0.1:46717/ ['http://127.0.0.1:39377/', 'http://127.0.0.1:45401/', 'http://127.0.0.1:46565/', 'http://127.0.0.1:38345/', 'http://127.0.0.1:45177/', 'http://127.0.0.1:43211/', 'http://127.0.0.1:39879/', 'http://127.0.0.1:40245/', 'http://127.0.0.1:39437/']: sec=0.00, result=[1, '', 0]
[rosmaster.master][INFO] 2025-12-04 21:50:05,109: publisherUpdate[/rosout] -> http://127.0.0.1:46717/ ['http://127.0.0.1:39377/', 'http://127.0.0.1:45401/', 'http://127.0.0.1:46565/', 'http://127.0.0.1:38345/', 'http://127.0.0.1:43211/', 'http://127.0.0.1:39879/', 'http://127.0.0.1:40245/', 'http://127.0.0.1:39437/']
[rosmaster.master][INFO] 2025-12-04 21:50:05,111: publisherUpdate[/rosout] -> http://127.0.0.1:46717/ ['http://127.0.0.1:39377/', 'http://127.0.0.1:45401/', 'http://127.0.0.1:46565/', 'http://127.0.0.1:38345/', 'http://127.0.0.1:43211/', 'http://127.0.0.1:39879/', 'http://127.0.0.1:40245/', 'http://127.0.0.1:39437/']: sec=0.00, result=[1, '', 0]
[rosmaster.master][INFO] 2025-12-04 21:50:05,111: publisherUpdate[/mobile_base_controller/cmd_vel] -> http://127.0.0.1:39377/ []
[rosmaster.master][INFO] 2025-12-04 21:50:05,113: publisherUpdate[/mobile_base_controller/cmd_vel] -> http://127.0.0.1:39377/ []: sec=0.00, result=[0, "A controller named 'imu_sensor_controller' was already loaded inside the controller manager", 0]
[rosmaster.master][INFO] 2025-12-04 21:50:05,113: publisherUpdate[/rosout] -> http://127.0.0.1:46717/ ['http://127.0.0.1:39377/', 'http://127.0.0.1:45401/', 'http://127.0.0.1:46565/', 'http://127.0.0.1:38345/', 'http://127.0.0.1:39879/', 'http://127.0.0.1:40245/', 'http://127.0.0.1:39437/']
[rosmaster.master][INFO] 2025-12-04 21:50:05,115: publisherUpdate[/rosout] -> http://127.0.0.1:46717/ ['http://127.0.0.1:39377/', 'http://127.0.0.1:45401/', 'http://127.0.0.1:46565/', 'http://127.0.0.1:38345/', 'http://127.0.0.1:39879/', 'http://127.0.0.1:40245/', 'http://127.0.0.1:39437/']: sec=0.00, result=[1, '', 0]
[rosmaster.master][INFO] 2025-12-04 21:50:05,115: publisherUpdate[/rosout] -> http://127.0.0.1:46717/ ['http://127.0.0.1:39377/', 'http://127.0.0.1:45401/', 'http://127.0.0.1:38345/', 'http://127.0.0.1:39879/', 'http://127.0.0.1:40245/', 'http://127.0.0.1:39437/']
[rosmaster.master][INFO] 2025-12-04 21:50:05,116: publisherUpdate[/rosout] -> http://127.0.0.1:46717/ ['http://127.0.0.1:39377/', 'http://127.0.0.1:45401/', 'http://127.0.0.1:38345/', 'http://127.0.0.1:39879/', 'http://127.0.0.1:40245/', 'http://127.0.0.1:39437/']: sec=0.00, result=[1, '', 0]
[rosmaster.master][INFO] 2025-12-04 21:50:05,116: publisherUpdate[/rosout] -> http://127.0.0.1:46717/ ['http://127.0.0.1:39377/', 'http://127.0.0.1:45401/', 'http://127.0.0.1:39879/', 'http://127.0.0.1:40245/', 'http://127.0.0.1:39437/']
[rosmaster.master][INFO] 2025-12-04 21:50:05,118: publisherUpdate[/rosout] -> http://127.0.0.1:46717/ ['http://127.0.0.1:39377/', 'http://127.0.0.1:45401/', 'http://127.0.0.1:39879/', 'http://127.0.0.1:40245/', 'http://127.0.0.1:39437/']: sec=0.00, result=[1, '', 0]
[rosmaster.master][INFO] 2025-12-04 21:50:05,118: publisherUpdate[/rosout] -> http://127.0.0.1:46717/ ['http://127.0.0.1:39377/', 'http://127.0.0.1:45401/', 'http://127.0.0.1:40245/', 'http://127.0.0.1:39437/']
[rosmaster.master][INFO] 2025-12-04 21:50:05,120: publisherUpdate[/rosout] -> http://127.0.0.1:46717/ ['http://127.0.0.1:39377/', 'http://127.0.0.1:45401/', 'http://127.0.0.1:40245/', 'http://127.0.0.1:39437/']: sec=0.00, result=[1, '', 0]
[rosmaster.master][INFO] 2025-12-04 21:50:05,120: publisherUpdate[/hand_controller/follow_joint_trajectory/goal] -> http://127.0.0.1:39377/ []
[rosmaster.master][INFO] 2025-12-04 21:50:05,121: publisherUpdate[/hand_controller/follow_joint_trajectory/goal] -> http://127.0.0.1:39377/ []: sec=0.00, result=[0, "A controller named 'imu_sensor_controller' was already loaded inside the controller manager", 0]
[rosmaster.master][INFO] 2025-12-04 21:50:05,121: publisherUpdate[/hand_controller/follow_joint_trajectory/cancel] -> http://127.0.0.1:39377/ []
[rosmaster.master][INFO] 2025-12-04 21:50:05,122: publisherUpdate[/hand_controller/follow_joint_trajectory/cancel] -> http://127.0.0.1:39377/ []: sec=0.00, result=[0, "A controller named 'imu_sensor_controller' was already loaded inside the controller manager", 0]
[rosmaster.master][INFO] 2025-12-04 21:50:05,122: publisherUpdate[/tf] -> http://127.0.0.1:45401/ []
[rosmaster.master][INFO] 2025-12-04 21:50:05,197: publisherUpdate[/tf] -> http://127.0.0.1:45401/ []: sec=0.07, exception=[Errno 111] Connection refused
[rosmaster.threadpool][ERROR] 2025-12-04 21:50:05,199: Traceback (most recent call last):
  File "/opt/ros/noetic/lib/python3/dist-packages/rosmaster/threadpool.py", line 218, in run
    result = cmd(*args)
  File "/opt/ros/noetic/lib/python3/dist-packages/rosmaster/master_api.py", line 210, in publisher_update_task
    ret = xmlrpcapi(api).publisherUpdate('/master', topic, pub_uris)
  File "/usr/lib/python3.8/xmlrpc/client.py", line 1109, in __call__
    return self.__send(self.__name, args)
  File "/usr/lib/python3.8/xmlrpc/client.py", line 1450, in __request
    response = self.__transport.request(
  File "/usr/lib/python3.8/xmlrpc/client.py", line 1153, in request
    return self.single_request(host, handler, request_body, verbose)
  File "/usr/lib/python3.8/xmlrpc/client.py", line 1165, in single_request
    http_conn = self.send_request(host, handler, request_body, verbose)
  File "/usr/lib/python3.8/xmlrpc/client.py", line 1278, in send_request
    self.send_content(connection, request_body)
  File "/usr/lib/python3.8/xmlrpc/client.py", line 1308, in send_content
    connection.endheaders(request_body)
  File "/usr/lib/python3.8/http/client.py", line 1251, in endheaders
    self._send_output(message_body, encode_chunked=encode_chunked)
  File "/usr/lib/python3.8/http/client.py", line 1011, in _send_output
    self.send(msg)
  File "/usr/lib/python3.8/http/client.py", line 951, in send
    self.connect()
  File "/usr/lib/python3.8/http/client.py", line 922, in connect
    self.sock = self._create_connection(
  File "/usr/lib/python3.8/socket.py", line 808, in create_connection
    raise err
  File "/usr/lib/python3.8/socket.py", line 796, in create_connection
    sock.connect(sa)
ConnectionRefusedError: [Errno 111] Connection refused

[rosmaster.master][INFO] 2025-12-04 21:50:05,200: publisherUpdate[/head_controller/state] -> http://127.0.0.1:45401/ []
[rosmaster.master][INFO] 2025-12-04 21:50:05,203: publisherUpdate[/head_controller/state] -> http://127.0.0.1:45401/ []: sec=0.00, exception=[Errno 111] Connection refused
[rosmaster.threadpool][ERROR] 2025-12-04 21:50:05,204: Traceback (most recent call last):
  File "/opt/ros/noetic/lib/python3/dist-packages/rosmaster/threadpool.py", line 218, in run
    result = cmd(*args)
  File "/opt/ros/noetic/lib/python3/dist-packages/rosmaster/master_api.py", line 210, in publisher_update_task
    ret = xmlrpcapi(api).publisherUpdate('/master', topic, pub_uris)
  File "/usr/lib/python3.8/xmlrpc/client.py", line 1109, in __call__
    return self.__send(self.__name, args)
  File "/usr/lib/python3.8/xmlrpc/client.py", line 1450, in __request
    response = self.__transport.request(
  File "/usr/lib/python3.8/xmlrpc/client.py", line 1153, in request
    return self.single_request(host, handler, request_body, verbose)
  File "/usr/lib/python3.8/xmlrpc/client.py", line 1165, in single_request
    http_conn = self.send_request(host, handler, request_body, verbose)
  File "/usr/lib/python3.8/xmlrpc/client.py", line 1278, in send_request
    self.send_content(connection, request_body)
  File "/usr/lib/python3.8/xmlrpc/client.py", line 1308, in send_content
    connection.endheaders(request_body)
  File "/usr/lib/python3.8/http/client.py", line 1251, in endheaders
    self._send_output(message_body, encode_chunked=encode_chunked)
  File "/usr/lib/python3.8/http/client.py", line 1011, in _send_output
    self.send(msg)
  File "/usr/lib/python3.8/http/client.py", line 951, in send
    self.connect()
  File "/usr/lib/python3.8/http/client.py", line 922, in connect
    self.sock = self._create_connection(
  File "/usr/lib/python3.8/socket.py", line 808, in create_connection
    raise err
  File "/usr/lib/python3.8/socket.py", line 796, in create_connection
    sock.connect(sa)
ConnectionRefusedError: [Errno 111] Connection refused

[rosmaster.master][INFO] 2025-12-04 21:50:05,218: publisherUpdate[/rosout] -> http://127.0.0.1:46717/ ['http://127.0.0.1:39377/']
[rosmaster.master][INFO] 2025-12-04 21:50:05,220: publisherUpdate[/rosout] -> http://127.0.0.1:46717/ ['http://127.0.0.1:39377/']: sec=0.00, result=[1, '', 0]
[rosmaster.master][INFO] 2025-12-04 21:50:05,588: +CACHEDPARAM [/rosout_disable_topics_generation] by /bringup_controllers_spawner_ft
[rosmaster.master][INFO] 2025-12-04 21:50:05,592: +CACHEDPARAM [/rosout_disable_topics_generation] by /bringup_controllers_spawner_ft
[rosmaster.master][INFO] 2025-12-04 21:50:05,594: -SUB [/clock] /bringup_controllers_spawner_ft http://127.0.0.1:40245/
[rosmaster.master][INFO] 2025-12-04 21:50:05,594: -PUB [/rosout] /bringup_controllers_spawner_ft http://127.0.0.1:40245/
[rosmaster.master][INFO] 2025-12-04 21:50:05,594: -SERVICE [/bringup_controllers_spawner_ft/get_loggers] /bringup_controllers_spawner_ft rosrpc://127.0.0.1:39791
[rosmaster.master][INFO] 2025-12-04 21:50:05,594: -SERVICE [/bringup_controllers_spawner_ft/set_logger_level] /bringup_controllers_spawner_ft rosrpc://127.0.0.1:39791
[rosmaster.master][INFO] 2025-12-04 21:50:05,679: +CACHEDPARAM [/rosout_disable_topics_generation] by /bringup_controllers_spawner_imu
[rosmaster.master][INFO] 2025-12-04 21:50:05,684: +CACHEDPARAM [/rosout_disable_topics_generation] by /bringup_controllers_spawner_imu
[rosmaster.master][INFO] 2025-12-04 21:50:05,685: -SUB [/clock] /bringup_controllers_spawner_imu http://127.0.0.1:39437/
[rosmaster.master][INFO] 2025-12-04 21:50:05,686: -PUB [/rosout] /bringup_controllers_spawner_imu http://127.0.0.1:39437/
[rosmaster.master][INFO] 2025-12-04 21:50:05,686: -SERVICE [/bringup_controllers_spawner_imu/get_loggers] /bringup_controllers_spawner_imu rosrpc://127.0.0.1:34379
[rosmaster.master][INFO] 2025-12-04 21:50:05,686: -SERVICE [/bringup_controllers_spawner_imu/set_logger_level] /bringup_controllers_spawner_imu rosrpc://127.0.0.1:34379
[rosmaster.master][INFO] 2025-12-04 21:50:05,698: +CACHEDPARAM [/rosout_disable_topics_generation] by /bringup_controllers_spawner_ft
[rosmaster.master][INFO] 2025-12-04 21:50:05,700: +CACHEDPARAM [/rosout_disable_topics_generation] by /bringup_controllers_spawner_ft
[rosmaster.master][INFO] 2025-12-04 21:50:05,776: +CACHEDPARAM [/rosout_disable_topics_generation] by /bringup_controllers_spawner_ft
[rosmaster.master][INFO] 2025-12-04 21:50:05,782: +CACHEDPARAM [/rosout_disable_topics_generation] by /bringup_controllers_spawner_ft
[rosmaster.master][INFO] 2025-12-04 21:50:05,784: +CACHEDPARAM [/rosout_disable_topics_generation] by /bringup_controllers_spawner_ft
[rosmaster.master][INFO] 2025-12-04 21:50:05,789: -PUB [/wrist_ft_temperature] /gazebo http://127.0.0.1:39377/
[rosmaster.master][INFO] 2025-12-04 21:50:05,790: +CACHEDPARAM [/rosout_disable_topics_generation] by /bringup_controllers_spawner_imu
[rosmaster.master][INFO] 2025-12-04 21:50:05,791: -PUB [/wrist_ft] /gazebo http://127.0.0.1:39377/
[rosmaster.master][INFO] 2025-12-04 21:50:05,792: +CACHEDPARAM [/rosout_disable_topics_generation] by /bringup_controllers_spawner_imu
[rosmaster.master][INFO] 2025-12-04 21:50:05,793: +CACHEDPARAM [/rosout_disable_topics_generation] by /bringup_controllers_spawner_ft
[rosmaster.master][INFO] 2025-12-04 21:50:05,795: -SUB [/clock] /bringup_controllers_spawner_ft http://127.0.0.1:46157/
[rosmaster.master][INFO] 2025-12-04 21:50:05,796: -PUB [/rosout] /bringup_controllers_spawner_ft http://127.0.0.1:46157/
[rosmaster.master][INFO] 2025-12-04 21:50:05,796: -SERVICE [/bringup_controllers_spawner_ft/get_loggers] /bringup_controllers_spawner_ft rosrpc://127.0.0.1:35773
[rosmaster.master][INFO] 2025-12-04 21:50:05,796: -SERVICE [/bringup_controllers_spawner_ft/set_logger_level] /bringup_controllers_spawner_ft rosrpc://127.0.0.1:35773
[rosmaster.master][INFO] 2025-12-04 21:50:05,998: +CACHEDPARAM [/rosout_disable_topics_generation] by /bringup_controllers_spawner_imu
[rosmaster.master][INFO] 2025-12-04 21:50:06,005: +CACHEDPARAM [/rosout_disable_topics_generation] by /bringup_controllers_spawner_imu
[rosmaster.master][INFO] 2025-12-04 21:50:06,007: +CACHEDPARAM [/rosout_disable_topics_generation] by /bringup_controllers_spawner_imu
[rosmaster.master][INFO] 2025-12-04 21:50:06,012: -PUB [/base_imu] /gazebo http://127.0.0.1:39377/
[rosmaster.master][INFO] 2025-12-04 21:50:06,014: +CACHEDPARAM [/rosout_disable_topics_generation] by /bringup_controllers_spawner_imu
[rosmaster.master][INFO] 2025-12-04 21:50:06,016: -SUB [/clock] /bringup_controllers_spawner_imu http://127.0.0.1:36449/
[rosmaster.master][INFO] 2025-12-04 21:50:06,016: -PUB [/rosout] /bringup_controllers_spawner_imu http://127.0.0.1:36449/
[rosmaster.master][INFO] 2025-12-04 21:50:06,016: -SERVICE [/bringup_controllers_spawner_imu/get_loggers] /bringup_controllers_spawner_imu rosrpc://127.0.0.1:43993
[rosmaster.master][INFO] 2025-12-04 21:50:06,016: -SERVICE [/bringup_controllers_spawner_imu/set_logger_level] /bringup_controllers_spawner_imu rosrpc://127.0.0.1:43993
[rosmaster.master][INFO] 2025-12-04 21:50:33,319: +PUB [/rosout] /tiago_simple_image_capture_8618_1764881433148 http://127.0.0.1:46825/
[rosmaster.master][INFO] 2025-12-04 21:50:33,322: +SUB [/clock] /tiago_simple_image_capture_8618_1764881433148 http://127.0.0.1:46825/
[rosmaster.master][INFO] 2025-12-04 21:50:33,324: +SERVICE [/tiago_simple_image_capture_8618_1764881433148/get_loggers] /tiago_simple_image_capture_8618_1764881433148 http://127.0.0.1:46825/
[rosmaster.master][INFO] 2025-12-04 21:50:33,325: +SERVICE [/tiago_simple_image_capture_8618_1764881433148/set_logger_level] /tiago_simple_image_capture_8618_1764881433148 http://127.0.0.1:46825/
[rosmaster.master][INFO] 2025-12-04 21:50:33,327: +SUB [/xtion/rgb/image_raw] /tiago_simple_image_capture_8618_1764881433148 http://127.0.0.1:46825/
[rosmaster.master][INFO] 2025-12-04 21:50:33,328: +PUB [/head_controller/command] /tiago_simple_image_capture_8618_1764881433148 http://127.0.0.1:46825/
[rosmaster.master][INFO] 2025-12-04 21:50:33,329: +PUB [/torso_controller/command] /tiago_simple_image_capture_8618_1764881433148 http://127.0.0.1:46825/
[rosmaster.master][INFO] 2025-12-04 21:50:33,344: publisherUpdate[/rosout] -> http://127.0.0.1:46717/ ['http://127.0.0.1:39377/', 'http://127.0.0.1:46825/']
[rosmaster.master][INFO] 2025-12-04 21:50:33,344: publisherUpdate[/rosout] -> http://127.0.0.1:46717/ ['http://127.0.0.1:39377/', 'http://127.0.0.1:46825/']: sec=0.00, result=[1, '', 0]
[rosmaster.master][INFO] 2025-12-04 21:50:36,572: +CACHEDPARAM [/rosout_disable_topics_generation] by /tiago_simple_image_capture_8618_1764881433148
[rosmaster.master][INFO] 2025-12-04 21:50:36,574: +CACHEDPARAM [/rosout_disable_topics_generation] by /tiago_simple_image_capture_8618_1764881433148
[rosmaster.master][INFO] 2025-12-04 21:50:36,576: +CACHEDPARAM [/rosout_disable_topics_generation] by /tiago_simple_image_capture_8618_1764881433148
[rosmaster.master][INFO] 2025-12-04 21:50:38,653: +CACHEDPARAM [/rosout_disable_topics_generation] by /tiago_simple_image_capture_8618_1764881433148
[rosmaster.master][INFO] 2025-12-04 21:50:41,852: +CACHEDPARAM [/rosout_disable_topics_generation] by /tiago_simple_image_capture_8618_1764881433148
[rosmaster.master][INFO] 2025-12-04 21:50:42,960: +CACHEDPARAM [/rosout_disable_topics_generation] by /tiago_simple_image_capture_8618_1764881433148
[rosmaster.master][INFO] 2025-12-04 21:50:42,961: +CACHEDPARAM [/rosout_disable_topics_generation] by /tiago_simple_image_capture_8618_1764881433148
[rosmaster.master][INFO] 2025-12-04 21:50:45,069: +CACHEDPARAM [/rosout_disable_topics_generation] by /tiago_simple_image_capture_8618_1764881433148
[rosmaster.master][INFO] 2025-12-04 21:50:48,366: +CACHEDPARAM [/rosout_disable_topics_generation] by /tiago_simple_image_capture_8618_1764881433148
[rosmaster.master][INFO] 2025-12-04 21:50:49,442: +CACHEDPARAM [/rosout_disable_topics_generation] by /tiago_simple_image_capture_8618_1764881433148
[rosmaster.master][INFO] 2025-12-04 21:50:49,445: +CACHEDPARAM [/rosout_disable_topics_generation] by /tiago_simple_image_capture_8618_1764881433148
[rosmaster.master][INFO] 2025-12-04 21:50:51,593: +CACHEDPARAM [/rosout_disable_topics_generation] by /tiago_simple_image_capture_8618_1764881433148
[rosmaster.master][INFO] 2025-12-04 21:50:54,811: +CACHEDPARAM [/rosout_disable_topics_generation] by /tiago_simple_image_capture_8618_1764881433148
[rosmaster.master][INFO] 2025-12-04 21:50:55,847: +CACHEDPARAM [/rosout_disable_topics_generation] by /tiago_simple_image_capture_8618_1764881433148
[rosmaster.master][INFO] 2025-12-04 21:50:55,849: +CACHEDPARAM [/rosout_disable_topics_generation] by /tiago_simple_image_capture_8618_1764881433148
[rosmaster.master][INFO] 2025-12-04 21:50:57,976: +CACHEDPARAM [/rosout_disable_topics_generation] by /tiago_simple_image_capture_8618_1764881433148
[rosmaster.master][INFO] 2025-12-04 21:51:01,148: +CACHEDPARAM [/rosout_disable_topics_generation] by /tiago_simple_image_capture_8618_1764881433148
[rosmaster.master][INFO] 2025-12-04 21:51:02,173: +CACHEDPARAM [/rosout_disable_topics_generation] by /tiago_simple_image_capture_8618_1764881433148
[rosmaster.master][INFO] 2025-12-04 21:51:02,175: -SUB [/clock] /tiago_simple_image_capture_8618_1764881433148 http://127.0.0.1:46825/
[rosmaster.master][INFO] 2025-12-04 21:51:02,176: -SUB [/xtion/rgb/image_raw] /tiago_simple_image_capture_8618_1764881433148 http://127.0.0.1:46825/
[rosmaster.master][INFO] 2025-12-04 21:51:02,176: -PUB [/rosout] /tiago_simple_image_capture_8618_1764881433148 http://127.0.0.1:46825/
[rosmaster.master][INFO] 2025-12-04 21:51:02,176: -PUB [/head_controller/command] /tiago_simple_image_capture_8618_1764881433148 http://127.0.0.1:46825/
[rosmaster.master][INFO] 2025-12-04 21:51:02,176: -PUB [/torso_controller/command] /tiago_simple_image_capture_8618_1764881433148 http://127.0.0.1:46825/
[rosmaster.master][INFO] 2025-12-04 21:51:02,176: -SERVICE [/tiago_simple_image_capture_8618_1764881433148/get_loggers] /tiago_simple_image_capture_8618_1764881433148 rosrpc://127.0.0.1:46051
[rosmaster.master][INFO] 2025-12-04 21:51:02,176: -SERVICE [/tiago_simple_image_capture_8618_1764881433148/set_logger_level] /tiago_simple_image_capture_8618_1764881433148 rosrpc://127.0.0.1:46051
[rosmaster.master][INFO] 2025-12-04 21:51:02,186: publisherUpdate[/rosout] -> http://127.0.0.1:46717/ ['http://127.0.0.1:39377/']
[rosmaster.master][INFO] 2025-12-04 21:51:02,187: publisherUpdate[/rosout] -> http://127.0.0.1:46717/ ['http://127.0.0.1:39377/']: sec=0.00, result=[1, '', 0]
[rosmaster.master][INFO] 2025-12-04 21:52:12,827: +PARAM [/roslaunch/uris/host_127_0_0_1__45871] by /roslaunch
[rosmaster.master][INFO] 2025-12-04 21:52:12,831: +PARAM [/rosversion] by /roslaunch
[rosmaster.master][INFO] 2025-12-04 21:52:12,832: +PARAM [/rosdistro] by /roslaunch
[rosmaster.master][INFO] 2025-12-04 21:52:12,832: +PARAM [/image_processing_node/detection_model] by /roslaunch
[rosmaster.master][INFO] 2025-12-04 21:52:12,832: +PARAM [/image_processing_node/confidence_threshold] by /roslaunch
[rosmaster.master][INFO] 2025-12-04 21:52:12,832: +PARAM [/image_processing_node/images_dir] by /roslaunch
[rosmaster.master][INFO] 2025-12-04 21:52:12,832: +PARAM [/image_processing_node/results_dir] by /roslaunch
[rosmaster.master][INFO] 2025-12-04 21:52:12,832: +PARAM [/image_processing_node/camera_topic] by /roslaunch
[rosmaster.master][INFO] 2025-12-04 21:52:12,832: +PARAM [/image_processing_node/camera_frame_id] by /roslaunch
[rosmaster.master][INFO] 2025-12-04 21:53:50,467: -SUB [/gazebo/set_link_state] /gazebo http://127.0.0.1:39377/
[rosmaster.master][INFO] 2025-12-04 21:53:50,468: -SUB [/gazebo/set_model_state] /gazebo http://127.0.0.1:39377/
[rosmaster.master][INFO] 2025-12-04 21:53:50,468: -PUB [/clock] /gazebo http://127.0.0.1:39377/
[rosmaster.master][INFO] 2025-12-04 21:53:50,468: -PUB [/gazebo/link_states] /gazebo http://127.0.0.1:39377/
[rosmaster.master][INFO] 2025-12-04 21:53:50,469: -PUB [/gazebo/model_states] /gazebo http://127.0.0.1:39377/
[rosmaster.master][INFO] 2025-12-04 21:53:50,469: -SERVICE [/gazebo/spawn_sdf_model] /gazebo rosrpc://127.0.0.1:43649
[rosmaster.master][INFO] 2025-12-04 21:53:50,470: -SERVICE [/gazebo/spawn_urdf_model] /gazebo rosrpc://127.0.0.1:43649
[rosmaster.master][INFO] 2025-12-04 21:53:50,471: -SERVICE [/gazebo/delete_model] /gazebo rosrpc://127.0.0.1:43649
[rosmaster.master][INFO] 2025-12-04 21:53:50,472: -SERVICE [/gazebo/delete_light] /gazebo rosrpc://127.0.0.1:43649
[rosmaster.master][INFO] 2025-12-04 21:53:50,472: -SERVICE [/gazebo/get_model_properties] /gazebo rosrpc://127.0.0.1:43649
[rosmaster.master][INFO] 2025-12-04 21:53:50,473: -SERVICE [/gazebo/get_model_state] /gazebo rosrpc://127.0.0.1:43649
[rosmaster.master][INFO] 2025-12-04 21:53:50,473: -SERVICE [/gazebo/get_world_properties] /gazebo rosrpc://127.0.0.1:43649
[rosmaster.master][INFO] 2025-12-04 21:53:50,474: -SERVICE [/gazebo/get_joint_properties] /gazebo rosrpc://127.0.0.1:43649
[rosmaster.master][INFO] 2025-12-04 21:53:50,474: -SERVICE [/gazebo/get_link_properties] /gazebo rosrpc://127.0.0.1:43649
[rosmaster.master][INFO] 2025-12-04 21:53:50,474: -SERVICE [/gazebo/get_link_state] /gazebo rosrpc://127.0.0.1:43649
[rosmaster.master][INFO] 2025-12-04 21:53:50,474: -SERVICE [/gazebo/get_light_properties] /gazebo rosrpc://127.0.0.1:43649
[rosmaster.master][INFO] 2025-12-04 21:53:50,475: -SERVICE [/gazebo/set_light_properties] /gazebo rosrpc://127.0.0.1:43649
[rosmaster.master][INFO] 2025-12-04 21:53:50,475: -SERVICE [/gazebo/get_physics_properties] /gazebo rosrpc://127.0.0.1:43649
[rosmaster.master][INFO] 2025-12-04 21:53:50,475: -SERVICE [/gazebo/set_link_properties] /gazebo rosrpc://127.0.0.1:43649
[rosmaster.master][INFO] 2025-12-04 21:53:50,476: -SERVICE [/gazebo/set_physics_properties] /gazebo rosrpc://127.0.0.1:43649
[rosmaster.master][INFO] 2025-12-04 21:53:50,476: -SERVICE [/gazebo/set_model_state] /gazebo rosrpc://127.0.0.1:43649
[rosmaster.master][INFO] 2025-12-04 21:53:50,476: -SERVICE [/gazebo/set_model_configuration] /gazebo rosrpc://127.0.0.1:43649
[rosmaster.master][INFO] 2025-12-04 21:53:50,476: -SERVICE [/gazebo/set_joint_properties] /gazebo rosrpc://127.0.0.1:43649
[rosmaster.master][INFO] 2025-12-04 21:53:50,477: -SERVICE [/gazebo/set_link_state] /gazebo rosrpc://127.0.0.1:43649
[rosmaster.master][INFO] 2025-12-04 21:53:50,477: -SERVICE [/gazebo/pause_physics] /gazebo rosrpc://127.0.0.1:43649
[rosmaster.master][INFO] 2025-12-04 21:53:50,477: -SERVICE [/gazebo/unpause_physics] /gazebo rosrpc://127.0.0.1:43649
[rosmaster.master][INFO] 2025-12-04 21:53:50,477: -SERVICE [/gazebo/apply_body_wrench] /gazebo rosrpc://127.0.0.1:43649
[rosmaster.master][INFO] 2025-12-04 21:53:50,478: -SERVICE [/gazebo/apply_joint_effort] /gazebo rosrpc://127.0.0.1:43649
[rosmaster.master][INFO] 2025-12-04 21:53:50,478: -SERVICE [/gazebo/clear_joint_forces] /gazebo rosrpc://127.0.0.1:43649
[rosmaster.master][INFO] 2025-12-04 21:53:50,478: -SERVICE [/gazebo/clear_body_wrenches] /gazebo rosrpc://127.0.0.1:43649
[rosmaster.master][INFO] 2025-12-04 21:53:50,479: -SERVICE [/gazebo/reset_simulation] /gazebo rosrpc://127.0.0.1:43649
[rosmaster.master][INFO] 2025-12-04 21:53:50,479: -SERVICE [/gazebo/reset_world] /gazebo rosrpc://127.0.0.1:43649
[rosmaster.master][INFO] 2025-12-04 21:53:50,480: -PUB [/gazebo/parameter_descriptions] /gazebo http://127.0.0.1:39377/
[rosmaster.master][INFO] 2025-12-04 21:53:50,480: -PUB [/gazebo/parameter_updates] /gazebo http://127.0.0.1:39377/
[rosmaster.master][INFO] 2025-12-04 21:53:50,481: -SERVICE [/gazebo/set_parameters] /gazebo rosrpc://127.0.0.1:43649
[rosmaster.master][INFO] 2025-12-04 21:53:50,486: -SERVICE [/controller_manager/reload_controller_libraries] /gazebo rosrpc://127.0.0.1:43649
[rosmaster.master][INFO] 2025-12-04 21:53:50,487: -SERVICE [/controller_manager/switch_controller] /gazebo rosrpc://127.0.0.1:43649
[rosmaster.master][INFO] 2025-12-04 21:53:50,487: -SERVICE [/controller_manager/unload_controller] /gazebo rosrpc://127.0.0.1:43649
[rosmaster.master][INFO] 2025-12-04 21:53:50,488: -SERVICE [/controller_manager/load_controller] /gazebo rosrpc://127.0.0.1:43649
[rosmaster.master][INFO] 2025-12-04 21:53:50,488: -SERVICE [/controller_manager/list_controller_types] /gazebo rosrpc://127.0.0.1:43649
[rosmaster.master][INFO] 2025-12-04 21:53:50,488: -SERVICE [/controller_manager/list_controllers] /gazebo rosrpc://127.0.0.1:43649
[rosmaster.master][INFO] 2025-12-04 21:53:50,489: -PUB [/velocity/pid_gains/wheel_right_joint/parameter_descriptions] /gazebo http://127.0.0.1:39377/
[rosmaster.master][INFO] 2025-12-04 21:53:50,490: -PUB [/velocity/pid_gains/wheel_right_joint/parameter_updates] /gazebo http://127.0.0.1:39377/
[rosmaster.master][INFO] 2025-12-04 21:53:50,490: -SERVICE [/velocity/pid_gains/wheel_right_joint/set_parameters] /gazebo rosrpc://127.0.0.1:43649
[rosmaster.master][INFO] 2025-12-04 21:53:50,491: -PUB [/velocity/pid_gains/wheel_left_joint/parameter_descriptions] /gazebo http://127.0.0.1:39377/
[rosmaster.master][INFO] 2025-12-04 21:53:50,491: -PUB [/velocity/pid_gains/wheel_left_joint/parameter_updates] /gazebo http://127.0.0.1:39377/
[rosmaster.master][INFO] 2025-12-04 21:53:50,491: -SERVICE [/velocity/pid_gains/wheel_left_joint/set_parameters] /gazebo rosrpc://127.0.0.1:43649
[rosmaster.master][INFO] 2025-12-04 21:53:50,492: -PUB [/gains/torso_lift_joint/parameter_descriptions] /gazebo http://127.0.0.1:39377/
[rosmaster.master][INFO] 2025-12-04 21:53:50,492: -PUB [/gains/torso_lift_joint/parameter_updates] /gazebo http://127.0.0.1:39377/
[rosmaster.master][INFO] 2025-12-04 21:53:50,492: -SERVICE [/gains/torso_lift_joint/set_parameters] /gazebo rosrpc://127.0.0.1:43649
[rosmaster.master][INFO] 2025-12-04 21:53:50,493: -PUB [/gains/head_1_joint/parameter_descriptions] /gazebo http://127.0.0.1:39377/
[rosmaster.master][INFO] 2025-12-04 21:53:50,493: -PUB [/gains/head_1_joint/parameter_updates] /gazebo http://127.0.0.1:39377/
[rosmaster.master][INFO] 2025-12-04 21:53:50,494: -SERVICE [/gains/head_1_joint/set_parameters] /gazebo rosrpc://127.0.0.1:43649
[rosmaster.master][INFO] 2025-12-04 21:53:50,495: -PUB [/gains/head_2_joint/parameter_descriptions] /gazebo http://127.0.0.1:39377/
[rosmaster.master][INFO] 2025-12-04 21:53:50,495: -PUB [/gains/head_2_joint/parameter_updates] /gazebo http://127.0.0.1:39377/
[rosmaster.master][INFO] 2025-12-04 21:53:50,495: -SERVICE [/gains/head_2_joint/set_parameters] /gazebo rosrpc://127.0.0.1:43649
[rosmaster.master][INFO] 2025-12-04 21:53:50,496: -PUB [/gains/arm_5_joint/parameter_descriptions] /gazebo http://127.0.0.1:39377/
[rosmaster.master][INFO] 2025-12-04 21:53:50,496: -PUB [/gains/arm_5_joint/parameter_updates] /gazebo http://127.0.0.1:39377/
[rosmaster.master][INFO] 2025-12-04 21:53:50,496: -SERVICE [/gains/arm_5_joint/set_parameters] /gazebo rosrpc://127.0.0.1:43649
[rosmaster.master][INFO] 2025-12-04 21:53:50,497: -PUB [/gains/arm_6_joint/parameter_descriptions] /gazebo http://127.0.0.1:39377/
[rosmaster.master][INFO] 2025-12-04 21:53:50,497: -PUB [/gains/arm_6_joint/parameter_updates] /gazebo http://127.0.0.1:39377/
[rosmaster.master][INFO] 2025-12-04 21:53:50,497: -SERVICE [/gains/arm_6_joint/set_parameters] /gazebo rosrpc://127.0.0.1:43649
[rosmaster.master][INFO] 2025-12-04 21:53:50,498: -PUB [/gains/arm_7_joint/parameter_descriptions] /gazebo http://127.0.0.1:39377/
[rosmaster.master][INFO] 2025-12-04 21:53:50,498: -PUB [/gains/arm_7_joint/parameter_updates] /gazebo http://127.0.0.1:39377/
[rosmaster.master][INFO] 2025-12-04 21:53:50,498: -SERVICE [/gains/arm_7_joint/set_parameters] /gazebo rosrpc://127.0.0.1:43649
[rosmaster.master][INFO] 2025-12-04 21:53:50,498: -PUB [/gains/arm_1_joint/parameter_descriptions] /gazebo http://127.0.0.1:39377/
[rosmaster.master][INFO] 2025-12-04 21:53:50,499: -PUB [/gains/arm_1_joint/parameter_updates] /gazebo http://127.0.0.1:39377/
[rosmaster.master][INFO] 2025-12-04 21:53:50,499: -SERVICE [/gains/arm_1_joint/set_parameters] /gazebo rosrpc://127.0.0.1:43649
[rosmaster.master][INFO] 2025-12-04 21:53:50,499: -PUB [/gains/arm_2_joint/parameter_descriptions] /gazebo http://127.0.0.1:39377/
[rosmaster.master][INFO] 2025-12-04 21:53:50,500: -PUB [/gains/arm_2_joint/parameter_updates] /gazebo http://127.0.0.1:39377/
[rosmaster.master][INFO] 2025-12-04 21:53:50,500: -SERVICE [/gains/arm_2_joint/set_parameters] /gazebo rosrpc://127.0.0.1:43649
[rosmaster.master][INFO] 2025-12-04 21:53:50,500: -PUB [/gains/arm_3_joint/parameter_descriptions] /gazebo http://127.0.0.1:39377/
[rosmaster.master][INFO] 2025-12-04 21:53:50,501: -PUB [/gains/arm_3_joint/parameter_updates] /gazebo http://127.0.0.1:39377/
[rosmaster.master][INFO] 2025-12-04 21:53:50,501: -SERVICE [/gains/arm_3_joint/set_parameters] /gazebo rosrpc://127.0.0.1:43649
[rosmaster.master][INFO] 2025-12-04 21:53:50,501: -PUB [/gains/arm_4_joint/parameter_descriptions] /gazebo http://127.0.0.1:39377/
[rosmaster.master][INFO] 2025-12-04 21:53:50,501: -PUB [/gains/arm_4_joint/parameter_updates] /gazebo http://127.0.0.1:39377/
[rosmaster.master][INFO] 2025-12-04 21:53:50,502: -SERVICE [/gains/arm_4_joint/set_parameters] /gazebo rosrpc://127.0.0.1:43649
[rosmaster.master][INFO] 2025-12-04 21:53:50,502: -PUB [/gains/hand_thumb_joint/parameter_descriptions] /gazebo http://127.0.0.1:39377/
[rosmaster.master][INFO] 2025-12-04 21:53:50,502: -PUB [/gains/hand_thumb_joint/parameter_updates] /gazebo http://127.0.0.1:39377/
[rosmaster.master][INFO] 2025-12-04 21:53:50,503: -SERVICE [/gains/hand_thumb_joint/set_parameters] /gazebo rosrpc://127.0.0.1:43649
[rosmaster.master][INFO] 2025-12-04 21:53:50,503: -PUB [/gains/hand_index_joint/parameter_descriptions] /gazebo http://127.0.0.1:39377/
[rosmaster.master][INFO] 2025-12-04 21:53:50,503: -PUB [/gains/hand_index_joint/parameter_updates] /gazebo http://127.0.0.1:39377/
[rosmaster.master][INFO] 2025-12-04 21:53:50,504: -SERVICE [/gains/hand_index_joint/set_parameters] /gazebo rosrpc://127.0.0.1:43649
[rosmaster.master][INFO] 2025-12-04 21:53:50,504: -PUB [/gains/hand_mrl_joint/parameter_descriptions] /gazebo http://127.0.0.1:39377/
[rosmaster.master][INFO] 2025-12-04 21:53:50,504: -PUB [/gains/hand_mrl_joint/parameter_updates] /gazebo http://127.0.0.1:39377/
[rosmaster.master][INFO] 2025-12-04 21:53:50,505: -SERVICE [/gains/hand_mrl_joint/set_parameters] /gazebo rosrpc://127.0.0.1:43649
[rosmaster.master][INFO] 2025-12-04 21:53:50,505: -PUB [/ground_truth_odom] /gazebo http://127.0.0.1:39377/
[rosmaster.master][INFO] 2025-12-04 21:53:50,506: -PUB [/floating_base_pose_simulated] /gazebo http://127.0.0.1:39377/
[rosmaster.master][INFO] 2025-12-04 21:53:50,506: -SERVICE [/gazebo/world_odometry/set_parameters] /gazebo rosrpc://127.0.0.1:43649
[rosmaster.master][INFO] 2025-12-04 21:53:50,507: -PUB [/gazebo/world_odometry/parameter_updates] /gazebo http://127.0.0.1:39377/
[rosmaster.master][INFO] 2025-12-04 21:53:50,507: -PUB [/gazebo/world_odometry/parameter_descriptions] /gazebo http://127.0.0.1:39377/
[rosmaster.master][INFO] 2025-12-04 21:53:50,508: -PUB [/gains/hand_thumb_abd_joint/parameter_descriptions] /gazebo http://127.0.0.1:39377/
[rosmaster.master][INFO] 2025-12-04 21:53:50,508: -PUB [/gains/hand_thumb_abd_joint/parameter_updates] /gazebo http://127.0.0.1:39377/
[rosmaster.master][INFO] 2025-12-04 21:53:50,508: -SERVICE [/gains/hand_thumb_abd_joint/set_parameters] /gazebo rosrpc://127.0.0.1:43649
[rosmaster.master][INFO] 2025-12-04 21:53:50,509: -PUB [/gains/hand_thumb_flex_1_joint/parameter_descriptions] /gazebo http://127.0.0.1:39377/
[rosmaster.master][INFO] 2025-12-04 21:53:50,509: -PUB [/gains/hand_thumb_flex_1_joint/parameter_updates] /gazebo http://127.0.0.1:39377/
[rosmaster.master][INFO] 2025-12-04 21:53:50,509: -SERVICE [/gains/hand_thumb_flex_1_joint/set_parameters] /gazebo rosrpc://127.0.0.1:43649
[rosmaster.master][INFO] 2025-12-04 21:53:50,509: -PUB [/gains/hand_thumb_virtual_1_joint/parameter_descriptions] /gazebo http://127.0.0.1:39377/
[rosmaster.master][INFO] 2025-12-04 21:53:50,510: -PUB [/gains/hand_thumb_virtual_1_joint/parameter_updates] /gazebo http://127.0.0.1:39377/
[rosmaster.master][INFO] 2025-12-04 21:53:50,510: -SERVICE [/gains/hand_thumb_virtual_1_joint/set_parameters] /gazebo rosrpc://127.0.0.1:43649
[rosmaster.master][INFO] 2025-12-04 21:53:50,510: -PUB [/gains/hand_thumb_flex_2_joint/parameter_descriptions] /gazebo http://127.0.0.1:39377/
[rosmaster.master][INFO] 2025-12-04 21:53:50,511: -PUB [/gains/hand_thumb_flex_2_joint/parameter_updates] /gazebo http://127.0.0.1:39377/
[rosmaster.master][INFO] 2025-12-04 21:53:50,511: -SERVICE [/gains/hand_thumb_flex_2_joint/set_parameters] /gazebo rosrpc://127.0.0.1:43649
[rosmaster.master][INFO] 2025-12-04 21:53:50,511: -PUB [/gains/hand_thumb_virtual_2_joint/parameter_descriptions] /gazebo http://127.0.0.1:39377/
[rosmaster.master][INFO] 2025-12-04 21:53:50,511: -PUB [/gains/hand_thumb_virtual_2_joint/parameter_updates] /gazebo http://127.0.0.1:39377/
[rosmaster.master][INFO] 2025-12-04 21:53:50,512: -SERVICE [/gains/hand_thumb_virtual_2_joint/set_parameters] /gazebo rosrpc://127.0.0.1:43649
[rosmaster.master][INFO] 2025-12-04 21:53:50,512: -PUB [/gains/hand_index_abd_joint/parameter_descriptions] /gazebo http://127.0.0.1:39377/
[rosmaster.master][INFO] 2025-12-04 21:53:50,512: -PUB [/gains/hand_index_abd_joint/parameter_updates] /gazebo http://127.0.0.1:39377/
[rosmaster.master][INFO] 2025-12-04 21:53:50,513: -SERVICE [/gains/hand_index_abd_joint/set_parameters] /gazebo rosrpc://127.0.0.1:43649
[rosmaster.master][INFO] 2025-12-04 21:53:50,513: -PUB [/gains/hand_index_flex_1_joint/parameter_descriptions] /gazebo http://127.0.0.1:39377/
[rosmaster.master][INFO] 2025-12-04 21:53:50,513: -PUB [/gains/hand_index_flex_1_joint/parameter_updates] /gazebo http://127.0.0.1:39377/
[rosmaster.master][INFO] 2025-12-04 21:53:50,514: -SERVICE [/gains/hand_index_flex_1_joint/set_parameters] /gazebo rosrpc://127.0.0.1:43649
[rosmaster.master][INFO] 2025-12-04 21:53:50,514: -PUB [/gains/hand_index_virtual_1_joint/parameter_descriptions] /gazebo http://127.0.0.1:39377/
[rosmaster.master][INFO] 2025-12-04 21:53:50,514: -PUB [/gains/hand_index_virtual_1_joint/parameter_updates] /gazebo http://127.0.0.1:39377/
[rosmaster.master][INFO] 2025-12-04 21:53:50,514: -SERVICE [/gains/hand_index_virtual_1_joint/set_parameters] /gazebo rosrpc://127.0.0.1:43649
[rosmaster.master][INFO] 2025-12-04 21:53:50,515: -PUB [/gains/hand_index_flex_2_joint/parameter_descriptions] /gazebo http://127.0.0.1:39377/
[rosmaster.master][INFO] 2025-12-04 21:53:50,515: -PUB [/gains/hand_index_flex_2_joint/parameter_updates] /gazebo http://127.0.0.1:39377/
[rosmaster.master][INFO] 2025-12-04 21:53:50,515: -SERVICE [/gains/hand_index_flex_2_joint/set_parameters] /gazebo rosrpc://127.0.0.1:43649
[rosmaster.master][INFO] 2025-12-04 21:53:50,516: -PUB [/gains/hand_index_virtual_2_joint/parameter_descriptions] /gazebo http://127.0.0.1:39377/
[rosmaster.master][INFO] 2025-12-04 21:53:50,516: -PUB [/gains/hand_index_virtual_2_joint/parameter_updates] /gazebo http://127.0.0.1:39377/
[rosmaster.master][INFO] 2025-12-04 21:53:50,516: -SERVICE [/gains/hand_index_virtual_2_joint/set_parameters] /gazebo rosrpc://127.0.0.1:43649
[rosmaster.master][INFO] 2025-12-04 21:53:50,517: -PUB [/gains/hand_index_flex_3_joint/parameter_descriptions] /gazebo http://127.0.0.1:39377/
[rosmaster.master][INFO] 2025-12-04 21:53:50,517: -PUB [/gains/hand_index_flex_3_joint/parameter_updates] /gazebo http://127.0.0.1:39377/
[rosmaster.master][INFO] 2025-12-04 21:53:50,517: -SERVICE [/gains/hand_index_flex_3_joint/set_parameters] /gazebo rosrpc://127.0.0.1:43649
[rosmaster.master][INFO] 2025-12-04 21:53:50,517: -PUB [/gains/hand_middle_flex_1_joint/parameter_descriptions] /gazebo http://127.0.0.1:39377/
[rosmaster.master][INFO] 2025-12-04 21:53:50,518: -PUB [/gains/hand_middle_flex_1_joint/parameter_updates] /gazebo http://127.0.0.1:39377/
[rosmaster.master][INFO] 2025-12-04 21:53:50,518: -SERVICE [/gains/hand_middle_flex_1_joint/set_parameters] /gazebo rosrpc://127.0.0.1:43649
[rosmaster.master][INFO] 2025-12-04 21:53:50,518: -PUB [/gains/hand_middle_virtual_1_joint/parameter_descriptions] /gazebo http://127.0.0.1:39377/
[rosmaster.master][INFO] 2025-12-04 21:53:50,519: -PUB [/gains/hand_middle_virtual_1_joint/parameter_updates] /gazebo http://127.0.0.1:39377/
[rosmaster.master][INFO] 2025-12-04 21:53:50,519: -SERVICE [/gains/hand_middle_virtual_1_joint/set_parameters] /gazebo rosrpc://127.0.0.1:43649
[rosmaster.master][INFO] 2025-12-04 21:53:50,520: -PUB [/gains/hand_middle_flex_2_joint/parameter_descriptions] /gazebo http://127.0.0.1:39377/
[rosmaster.master][INFO] 2025-12-04 21:53:50,520: -PUB [/gains/hand_middle_flex_2_joint/parameter_updates] /gazebo http://127.0.0.1:39377/
[rosmaster.master][INFO] 2025-12-04 21:53:50,520: -SERVICE [/gains/hand_middle_flex_2_joint/set_parameters] /gazebo rosrpc://127.0.0.1:43649
[rosmaster.master][INFO] 2025-12-04 21:53:50,521: -PUB [/gains/hand_middle_virtual_2_joint/parameter_descriptions] /gazebo http://127.0.0.1:39377/
[rosmaster.master][INFO] 2025-12-04 21:53:50,521: -PUB [/gains/hand_middle_virtual_2_joint/parameter_updates] /gazebo http://127.0.0.1:39377/
[rosmaster.master][INFO] 2025-12-04 21:53:50,521: -SERVICE [/gains/hand_middle_virtual_2_joint/set_parameters] /gazebo rosrpc://127.0.0.1:43649
[rosmaster.master][INFO] 2025-12-04 21:53:50,521: -PUB [/gains/hand_middle_flex_3_joint/parameter_descriptions] /gazebo http://127.0.0.1:39377/
[rosmaster.master][INFO] 2025-12-04 21:53:50,522: -PUB [/gains/hand_middle_flex_3_joint/parameter_updates] /gazebo http://127.0.0.1:39377/
[rosmaster.master][INFO] 2025-12-04 21:53:50,522: -SERVICE [/gains/hand_middle_flex_3_joint/set_parameters] /gazebo rosrpc://127.0.0.1:43649
[rosmaster.master][INFO] 2025-12-04 21:53:50,522: -PUB [/gains/hand_ring_flex_1_joint/parameter_descriptions] /gazebo http://127.0.0.1:39377/
[rosmaster.master][INFO] 2025-12-04 21:53:50,522: -PUB [/gains/hand_ring_flex_1_joint/parameter_updates] /gazebo http://127.0.0.1:39377/
[rosmaster.master][INFO] 2025-12-04 21:53:50,523: -SERVICE [/gains/hand_ring_flex_1_joint/set_parameters] /gazebo rosrpc://127.0.0.1:43649
[rosmaster.master][INFO] 2025-12-04 21:53:50,523: -PUB [/gains/hand_ring_virtual_1_joint/parameter_descriptions] /gazebo http://127.0.0.1:39377/
[rosmaster.master][INFO] 2025-12-04 21:53:50,523: -PUB [/gains/hand_ring_virtual_1_joint/parameter_updates] /gazebo http://127.0.0.1:39377/
[rosmaster.master][INFO] 2025-12-04 21:53:50,523: -SERVICE [/gains/hand_ring_virtual_1_joint/set_parameters] /gazebo rosrpc://127.0.0.1:43649
[rosmaster.master][INFO] 2025-12-04 21:53:50,524: -PUB [/gains/hand_ring_flex_2_joint/parameter_descriptions] /gazebo http://127.0.0.1:39377/
[rosmaster.master][INFO] 2025-12-04 21:53:50,524: -PUB [/gains/hand_ring_flex_2_joint/parameter_updates] /gazebo http://127.0.0.1:39377/
[rosmaster.master][INFO] 2025-12-04 21:53:50,524: -SERVICE [/gains/hand_ring_flex_2_joint/set_parameters] /gazebo rosrpc://127.0.0.1:43649
[rosmaster.master][INFO] 2025-12-04 21:53:50,524: -PUB [/gains/hand_ring_virtual_2_joint/parameter_descriptions] /gazebo http://127.0.0.1:39377/
[rosmaster.master][INFO] 2025-12-04 21:53:50,525: -PUB [/gains/hand_ring_virtual_2_joint/parameter_updates] /gazebo http://127.0.0.1:39377/
[rosmaster.master][INFO] 2025-12-04 21:53:50,525: -SERVICE [/gains/hand_ring_virtual_2_joint/set_parameters] /gazebo rosrpc://127.0.0.1:43649
[rosmaster.master][INFO] 2025-12-04 21:53:50,525: -PUB [/gains/hand_ring_flex_3_joint/parameter_descriptions] /gazebo http://127.0.0.1:39377/
[rosmaster.master][INFO] 2025-12-04 21:53:50,525: -PUB [/gains/hand_ring_flex_3_joint/parameter_updates] /gazebo http://127.0.0.1:39377/
[rosmaster.master][INFO] 2025-12-04 21:53:50,526: -SERVICE [/gains/hand_ring_flex_3_joint/set_parameters] /gazebo rosrpc://127.0.0.1:43649
[rosmaster.master][INFO] 2025-12-04 21:53:50,526: -PUB [/gains/hand_little_flex_1_joint/parameter_descriptions] /gazebo http://127.0.0.1:39377/
[rosmaster.master][INFO] 2025-12-04 21:53:50,526: -PUB [/gains/hand_little_flex_1_joint/parameter_updates] /gazebo http://127.0.0.1:39377/
[rosmaster.master][INFO] 2025-12-04 21:53:50,527: -SERVICE [/gains/hand_little_flex_1_joint/set_parameters] /gazebo rosrpc://127.0.0.1:43649
[rosmaster.master][INFO] 2025-12-04 21:53:50,527: -PUB [/gains/hand_little_virtual_1_joint/parameter_descriptions] /gazebo http://127.0.0.1:39377/
[rosmaster.master][INFO] 2025-12-04 21:53:50,528: -PUB [/gains/hand_little_virtual_1_joint/parameter_updates] /gazebo http://127.0.0.1:39377/
[rosmaster.master][INFO] 2025-12-04 21:53:50,529: -SERVICE [/gains/hand_little_virtual_1_joint/set_parameters] /gazebo rosrpc://127.0.0.1:43649
[rosmaster.master][INFO] 2025-12-04 21:53:50,529: -PUB [/gains/hand_little_flex_2_joint/parameter_descriptions] /gazebo http://127.0.0.1:39377/
[rosmaster.master][INFO] 2025-12-04 21:53:50,529: -PUB [/gains/hand_little_flex_2_joint/parameter_updates] /gazebo http://127.0.0.1:39377/
[rosmaster.master][INFO] 2025-12-04 21:53:50,529: -SERVICE [/gains/hand_little_flex_2_joint/set_parameters] /gazebo rosrpc://127.0.0.1:43649
[rosmaster.master][INFO] 2025-12-04 21:53:50,530: -PUB [/gains/hand_little_virtual_2_joint/parameter_descriptions] /gazebo http://127.0.0.1:39377/
[rosmaster.master][INFO] 2025-12-04 21:53:50,530: -PUB [/gains/hand_little_virtual_2_joint/parameter_updates] /gazebo http://127.0.0.1:39377/
[rosmaster.master][INFO] 2025-12-04 21:53:50,530: -SERVICE [/gains/hand_little_virtual_2_joint/set_parameters] /gazebo rosrpc://127.0.0.1:43649
[rosmaster.master][INFO] 2025-12-04 21:53:50,530: -PUB [/gains/hand_little_flex_3_joint/parameter_descriptions] /gazebo http://127.0.0.1:39377/
[rosmaster.master][INFO] 2025-12-04 21:53:50,531: -PUB [/gains/hand_little_flex_3_joint/parameter_updates] /gazebo http://127.0.0.1:39377/
[rosmaster.master][INFO] 2025-12-04 21:53:50,531: -SERVICE [/gains/hand_little_flex_3_joint/set_parameters] /gazebo rosrpc://127.0.0.1:43649
[rosmaster.master][INFO] 2025-12-04 21:53:50,534: -PUB [/scan_raw] /gazebo http://127.0.0.1:39377/
[rosmaster.master][INFO] 2025-12-04 21:53:50,534: publisherUpdate[/clock] -> http://127.0.0.1:46717/ []
[rosmaster.master][INFO] 2025-12-04 21:53:50,535: publisherUpdate[/clock] -> http://127.0.0.1:46717/ []: sec=0.00, result=[1, '', 0]
[rosmaster.master][INFO] 2025-12-04 21:53:50,535: publisherUpdate[/clock] -> http://127.0.0.1:39377/ []
[rosmaster.master][INFO] 2025-12-04 21:53:50,748: publisherUpdate[/clock] -> http://127.0.0.1:39377/ []: sec=0.21, exception=[Errno 104] Connection reset by peer
[rosmaster.threadpool][ERROR] 2025-12-04 21:53:50,748: Traceback (most recent call last):
  File "/opt/ros/noetic/lib/python3/dist-packages/rosmaster/threadpool.py", line 218, in run
    result = cmd(*args)
  File "/opt/ros/noetic/lib/python3/dist-packages/rosmaster/master_api.py", line 210, in publisher_update_task
    ret = xmlrpcapi(api).publisherUpdate('/master', topic, pub_uris)
  File "/usr/lib/python3.8/xmlrpc/client.py", line 1109, in __call__
    return self.__send(self.__name, args)
  File "/usr/lib/python3.8/xmlrpc/client.py", line 1450, in __request
    response = self.__transport.request(
  File "/usr/lib/python3.8/xmlrpc/client.py", line 1153, in request
    return self.single_request(host, handler, request_body, verbose)
  File "/usr/lib/python3.8/xmlrpc/client.py", line 1166, in single_request
    resp = http_conn.getresponse()
  File "/usr/lib/python3.8/http/client.py", line 1348, in getresponse
    response.begin()
  File "/usr/lib/python3.8/http/client.py", line 316, in begin
    version, status, reason = self._read_status()
  File "/usr/lib/python3.8/http/client.py", line 277, in _read_status
    line = str(self.fp.readline(_MAXLINE + 1), "iso-8859-1")
  File "/usr/lib/python3.8/socket.py", line 669, in readinto
    return self._sock.recv_into(b)
ConnectionResetError: [Errno 104] Connection reset by peer

[rosmaster.master][INFO] 2025-12-04 21:53:50,936: -PUB [/rosout_agg] /rosout http://127.0.0.1:46717/
[rosmaster.master][INFO] 2025-12-04 21:53:50,937: -SUB [/clock] /rosout http://127.0.0.1:46717/
[rosmaster.master][INFO] 2025-12-04 21:53:50,937: -SUB [/rosout] /rosout http://127.0.0.1:46717/
[rosmaster.master][INFO] 2025-12-04 21:53:50,938: -SERVICE [/rosout/get_loggers] /rosout rosrpc://127.0.0.1:48145
[rosmaster.master][INFO] 2025-12-04 21:53:50,938: -SERVICE [/rosout/set_logger_level] /rosout rosrpc://127.0.0.1:48145
[rosmaster.master][INFO] 2025-12-04 21:53:50,938: -CACHEDPARAM [/rosout/omit_topics] by /rosout
[rosmaster.main][INFO] 2025-12-04 21:53:50,967: keyboard interrupt, will exit
[rosmaster.main][INFO] 2025-12-04 21:53:50,967: stopping master...
[rospy.core][INFO] 2025-12-04 21:53:50,967: signal_shutdown [atexit]
