[roslaunch][INFO] 2025-12-04 21:49:57,377: Checking log directory for disk usage. This may take a while.
Press Ctrl-C to interrupt
[roslaunch][INFO] 2025-12-04 21:49:57,389: Done checking log file disk usage. Usage is <1GB.
[roslaunch][INFO] 2025-12-04 21:49:57,390: roslaunch starting with args ['/opt/ros/noetic/bin/roslaunch', 'tiago_gazebo', 'tiago_gazebo.launch', 'world:=pick_and_place']
[roslaunch][INFO] 2025-12-04 21:49:57,390: roslaunch env is environ({'ROS_VERSION': '1', 'DISABLE_ROS1_EOL_WARNINGS': '1', 'PKG_CONFIG_PATH': '/opt/pal/gallium/lib/pkgconfig:/opt/pal/gallium/lib/x86_64-linux-gnu/pkgconfig:/opt/ros/noetic/lib/pkgconfig:/opt/ros/noetic/lib/x86_64-linux-gnu/pkgconfig', 'ROS_PYTHON_VERSION': '3', 'HOSTNAME': 'epan-tiago-noetic-ssh', 'VISP_WS': '/home/pal/visp-ws', 'ROS_PACKAGE_PATH': '/opt/pal/gallium/share:/opt/ros/noetic/share', 'ROSLISP_PACKAGE_DIRECTORIES': '', 'PWD': '/home/pal/ros_ws', 'XAUTHORITY': '', 'TZ': 'Europe/Paris', 'ROS_IP': '127.0.0.1', 'HOME': '/home/pal', 'ROS_ETC_DIR': '/opt/ros/noetic/etc/ros', 'LS_COLORS': 'rs=0:di=01;34:ln=01;36:mh=00:pi=40;33:so=01;35:do=01;35:bd=40;33;01:cd=40;33;01:or=40;31;01:mi=00:su=37;41:sg=30;43:ca=30;41:tw=30;42:ow=34;42:st=37;44:ex=01;32:*.tar=01;31:*.tgz=01;31:*.arc=01;31:*.arj=01;31:*.taz=01;31:*.lha=01;31:*.lz4=01;31:*.lzh=01;31:*.lzma=01;31:*.tlz=01;31:*.txz=01;31:*.tzo=01;31:*.t7z=01;31:*.zip=01;31:*.z=01;31:*.dz=01;31:*.gz=01;31:*.lrz=01;31:*.lz=01;31:*.lzo=01;31:*.xz=01;31:*.zst=01;31:*.tzst=01;31:*.bz2=01;31:*.bz=01;31:*.tbz=01;31:*.tbz2=01;31:*.tz=01;31:*.deb=01;31:*.rpm=01;31:*.jar=01;31:*.war=01;31:*.ear=01;31:*.sar=01;31:*.rar=01;31:*.alz=01;31:*.ace=01;31:*.zoo=01;31:*.cpio=01;31:*.7z=01;31:*.rz=01;31:*.cab=01;31:*.wim=01;31:*.swm=01;31:*.dwm=01;31:*.esd=01;31:*.jpg=01;35:*.jpeg=01;35:*.mjpg=01;35:*.mjpeg=01;35:*.gif=01;35:*.bmp=01;35:*.pbm=01;35:*.pgm=01;35:*.ppm=01;35:*.tga=01;35:*.xbm=01;35:*.xpm=01;35:*.tif=01;35:*.tiff=01;35:*.png=01;35:*.svg=01;35:*.svgz=01;35:*.mng=01;35:*.pcx=01;35:*.mov=01;35:*.mpg=01;35:*.mpeg=01;35:*.m2v=01;35:*.mkv=01;35:*.webm=01;35:*.ogm=01;35:*.mp4=01;35:*.m4v=01;35:*.mp4v=01;35:*.vob=01;35:*.qt=01;35:*.nuv=01;35:*.wmv=01;35:*.asf=01;35:*.rm=01;35:*.rmvb=01;35:*.flc=01;35:*.avi=01;35:*.fli=01;35:*.flv=01;35:*.gl=01;35:*.dl=01;35:*.xcf=01;35:*.xwd=01;35:*.yuv=01;35:*.cgm=01;35:*.emf=01;35:*.ogv=01;35:*.ogx=01;35:*.aac=00;36:*.au=00;36:*.flac=00;36:*.m4a=00;36:*.mid=00;36:*.midi=00;36:*.mka=00;36:*.mp3=00;36:*.mpc=00;36:*.ogg=00;36:*.ra=00;36:*.wav=00;36:*.oga=00;36:*.opus=00;36:*.spx=00;36:*.xspf=00;36:', 'OROCOS_TARGET': 'gnulinux', 'CMAKE_PREFIX_PATH': '/opt/pal/gallium:/opt/ros/noetic', 'GAZEBO_RESOURCE_PATH': '/home/pal/ros_ws/src/va50:', 'ROS_WORKSPACE': '/home/pal/ros_ws', 'LESSCLOSE': '/usr/bin/lesspipe %s %s', 'PYTHONPATH': '/opt/pal/gallium/lib/python3/dist-packages:/opt/ros/noetic/lib/python3/dist-packages', 'TERM': 'xterm', 'VISP_INPUT_IMAGE_PATH': '/home/pal/visp-ws/visp-images', 'LESSOPEN': '| /usr/bin/lesspipe %s', 'USER': 'pal', 'RTT_COMPONENT_PATH': '/opt/pal/gallium/lib/orocos', 'DISPLAY': ':0', 'SHLVL': '1', 'PAL_DISTRO': 'gallium', 'ROS_MASTER_URI': 'http://localhost:11311/', 'LD_LIBRARY_PATH': '/opt/pal/gallium/lib:/opt/pal/gallium/lib/x86_64-linux-gnu:/opt/ros/noetic/lib:/opt/ros/noetic/lib/x86_64-linux-gnu:/usr/local/lib', 'GAZEBO_MODEL_PATH': '/home/pal/ros_ws/src/va50/models:', 'PATH': '/opt/pal/gallium/bin:/opt/ros/noetic/bin:/opt/pal/gallium/lib/pal_debian_utils/:/usr/local/sbin:/usr/local/bin:/usr/sbin:/usr/bin:/sbin:/bin', 'LUA_PATH': ';;/opt/pal/gallium/share/lua/5.1/?.lua;/opt/pal/gallium/share/lua/5.1/?.lua;/opt/pal/gallium/share/lua/5.1/?.lua;/opt/pal/gallium/share/lua/5.1/?.lua', 'DEBIAN_FRONTEND': 'noninteractive', 'ROS_ROOT': '/opt/ros/noetic/share/ros', 'ROS_DISTRO': 'noetic', 'QT_X11_NO_MITSHM': '1', '_': '/opt/ros/noetic/bin/roslaunch', 'LC_CTYPE': 'C.UTF-8', 'ROS_LOG_FILENAME': '/home/pal/.ros/log/cf7328aa-d14e-11f0-b8b6-9c2f9d99f7eb/roslaunch-epan-tiago-noetic-ssh-7898.log'})
[roslaunch][INFO] 2025-12-04 21:49:57,390: starting in server mode
[roslaunch.parent][INFO] 2025-12-04 21:49:57,390: starting roslaunch parent run
[roslaunch][INFO] 2025-12-04 21:49:57,391: loading roscore config file /opt/ros/noetic/etc/ros/roscore.xml
[roslaunch][INFO] 2025-12-04 21:49:57,833: Added core node of type [rosout/rosout] in namespace [/]
[roslaunch.config][INFO] 2025-12-04 21:49:57,833: loading config file /opt/pal/gallium/share/tiago_gazebo/launch/tiago_gazebo.launch
[roslaunch][INFO] 2025-12-04 21:49:57,934: Added node of type [gazebo_ros/gzserver] in namespace [/]
[roslaunch][INFO] 2025-12-04 21:49:57,935: Added node of type [gazebo_ros/gzclient] in namespace [/]
[roslaunch][INFO] 2025-12-04 21:49:59,381: Added node of type [gazebo_ros/spawn_model] in namespace [/]
[roslaunch][INFO] 2025-12-04 21:49:59,408: Added node of type [controller_manager/spawner] in namespace [/]
[roslaunch][INFO] 2025-12-04 21:49:59,409: Added node of type [head_action/head_action] in namespace [/head_controller/]
[roslaunch][INFO] 2025-12-04 21:49:59,411: Added node of type [controller_manager/spawner] in namespace [/]
[roslaunch][INFO] 2025-12-04 21:49:59,413: Added node of type [controller_manager/spawner] in namespace [/]
[roslaunch][INFO] 2025-12-04 21:49:59,418: Added node of type [controller_manager/spawner] in namespace [/]
[roslaunch][INFO] 2025-12-04 21:49:59,418: Added node of type [simple_grasping_action/simple_grasping_action] in namespace [/]
[roslaunch][INFO] 2025-12-04 21:49:59,507: Added node of type [play_motion/play_motion] in namespace [/]
[roslaunch][INFO] 2025-12-04 21:49:59,507: Added node of type [play_motion/is_already_there.py] in namespace [/]
[roslaunch][INFO] 2025-12-04 21:49:59,574: Added node of type [moveit_ros_move_group/move_group] in namespace [/]
[roslaunch][INFO] 2025-12-04 21:49:59,575: Added node of type [robot_state_publisher/robot_state_publisher] in namespace [/]
[roslaunch][INFO] 2025-12-04 21:49:59,576: Added node of type [tf_lookup/tf_lookup] in namespace [/]
[roslaunch][INFO] 2025-12-04 21:49:59,589: Added node of type [twist_mux/twist_mux] in namespace [/]
[roslaunch][INFO] 2025-12-04 21:49:59,590: Added node of type [twist_mux/twist_marker] in namespace [/]
[roslaunch][INFO] 2025-12-04 21:49:59,592: Added node of type [twist_mux/joystick_relay.py] in namespace [/]
[roslaunch][INFO] 2025-12-04 21:49:59,615: Added node of type [dynamic_footprint/dynamic_footprint_publisher.py] in namespace [/]
[roslaunch][INFO] 2025-12-04 21:49:59,615: Added node of type [topic_tools/relay] in namespace [/]
[roslaunch][INFO] 2025-12-04 21:49:59,617: Added node of type [pal_pcl_points_throttle_and_filter/throttle_filtering_points] in namespace [/]
[roslaunch][INFO] 2025-12-04 21:49:59,618: Added node of type [tiago_gazebo/tuck_arm.py] in namespace [/]
[roslaunch][INFO] 2025-12-04 21:49:59,618: Added node of type [image_proc/image_proc] in namespace [/xtion/rgb/]
[roslaunch][INFO] 2025-12-04 21:49:59,618: ... selected machine [] for node of type [gazebo_ros/gzserver]
[roslaunch][INFO] 2025-12-04 21:49:59,619: ... selected machine [] for node of type [gazebo_ros/gzclient]
[roslaunch][INFO] 2025-12-04 21:49:59,619: ... selected machine [] for node of type [gazebo_ros/spawn_model]
[roslaunch][INFO] 2025-12-04 21:49:59,619: ... selected machine [] for node of type [controller_manager/spawner]
[roslaunch][INFO] 2025-12-04 21:49:59,619: ... selected machine [] for node of type [head_action/head_action]
[roslaunch][INFO] 2025-12-04 21:49:59,619: ... selected machine [] for node of type [controller_manager/spawner]
[roslaunch][INFO] 2025-12-04 21:49:59,619: ... selected machine [] for node of type [controller_manager/spawner]
[roslaunch][INFO] 2025-12-04 21:49:59,619: ... selected machine [] for node of type [controller_manager/spawner]
[roslaunch][INFO] 2025-12-04 21:49:59,619: ... selected machine [] for node of type [simple_grasping_action/simple_grasping_action]
[roslaunch][INFO] 2025-12-04 21:49:59,619: ... selected machine [] for node of type [play_motion/play_motion]
[roslaunch][INFO] 2025-12-04 21:49:59,619: ... selected machine [] for node of type [play_motion/is_already_there.py]
[roslaunch][INFO] 2025-12-04 21:49:59,619: ... selected machine [] for node of type [moveit_ros_move_group/move_group]
[roslaunch][INFO] 2025-12-04 21:49:59,619: ... selected machine [] for node of type [robot_state_publisher/robot_state_publisher]
[roslaunch][INFO] 2025-12-04 21:49:59,619: ... selected machine [] for node of type [tf_lookup/tf_lookup]
[roslaunch][INFO] 2025-12-04 21:49:59,619: ... selected machine [] for node of type [twist_mux/twist_mux]
[roslaunch][INFO] 2025-12-04 21:49:59,619: ... selected machine [] for node of type [twist_mux/twist_marker]
[roslaunch][INFO] 2025-12-04 21:49:59,619: ... selected machine [] for node of type [twist_mux/joystick_relay.py]
[roslaunch][INFO] 2025-12-04 21:49:59,620: ... selected machine [] for node of type [dynamic_footprint/dynamic_footprint_publisher.py]
[roslaunch][INFO] 2025-12-04 21:49:59,620: ... selected machine [] for node of type [topic_tools/relay]
[roslaunch][INFO] 2025-12-04 21:49:59,620: ... selected machine [] for node of type [pal_pcl_points_throttle_and_filter/throttle_filtering_points]
[roslaunch][INFO] 2025-12-04 21:49:59,620: ... selected machine [] for node of type [tiago_gazebo/tuck_arm.py]
[roslaunch][INFO] 2025-12-04 21:49:59,620: ... selected machine [] for node of type [image_proc/image_proc]
[roslaunch.pmon][INFO] 2025-12-04 21:49:59,622: start_process_monitor: creating ProcessMonitor
[roslaunch.pmon][INFO] 2025-12-04 21:49:59,622: created process monitor <ProcessMonitor(ProcessMonitor-1, initial daemon)>
[roslaunch.pmon][INFO] 2025-12-04 21:49:59,623: start_process_monitor: ProcessMonitor started
[roslaunch.parent][INFO] 2025-12-04 21:49:59,623: starting parent XML-RPC server
[roslaunch.server][INFO] 2025-12-04 21:49:59,623: starting roslaunch XML-RPC server
[roslaunch.server][INFO] 2025-12-04 21:49:59,623: waiting for roslaunch XML-RPC server to initialize
[xmlrpc][INFO] 2025-12-04 21:49:59,623: XML-RPC server binding to 127.0.0.1:0
[xmlrpc][INFO] 2025-12-04 21:49:59,624: Started XML-RPC server [http://127.0.0.1:43217/]
[xmlrpc][INFO] 2025-12-04 21:49:59,624: xml rpc node: starting XML-RPC server
[roslaunch][INFO] 2025-12-04 21:49:59,635: started roslaunch server http://127.0.0.1:43217/
[roslaunch.parent][INFO] 2025-12-04 21:49:59,636: ... parent XML-RPC server started
[roslaunch][INFO] 2025-12-04 21:49:59,642: master.is_running[http://localhost:11311/]
[roslaunch][INFO] 2025-12-04 21:49:59,644: master.is_running[http://localhost:11311/]
[roslaunch][INFO] 2025-12-04 21:49:59,647: ROS_MASTER_URI=http://localhost:11311/
[roslaunch][INFO] 2025-12-04 21:49:59,650: setting /roslaunch/uris/host_127_0_0_1__43217' to http://127.0.0.1:43217/
[roslaunch][INFO] 2025-12-04 21:49:59,652: load_parameters starting ...
[roslaunch][INFO] 2025-12-04 21:49:59,883: ... load_parameters complete
[roslaunch][INFO] 2025-12-04 21:49:59,884: launch_nodes: launching local nodes ...
[roslaunch][INFO] 2025-12-04 21:49:59,886: ... preparing to launch node of type [gazebo_ros/gzserver]
[roslaunch][INFO] 2025-12-04 21:49:59,886: create_node_process: package[gazebo_ros] type[gzserver] machine[Machine(name[] env_loader[None] address[localhost] ssh_port[22] user[None] assignable[True] timeout[10.0])] master_uri[http://localhost:11311/]
[roslaunch][INFO] 2025-12-04 21:49:59,887: process[gazebo-1]: env[{'ROS_VERSION': '1', 'DISABLE_ROS1_EOL_WARNINGS': '1', 'PKG_CONFIG_PATH': '/opt/pal/gallium/lib/pkgconfig:/opt/pal/gallium/lib/x86_64-linux-gnu/pkgconfig:/opt/ros/noetic/lib/pkgconfig:/opt/ros/noetic/lib/x86_64-linux-gnu/pkgconfig', 'ROS_PYTHON_VERSION': '3', 'HOSTNAME': 'epan-tiago-noetic-ssh', 'VISP_WS': '/home/pal/visp-ws', 'ROS_PACKAGE_PATH': '/opt/pal/gallium/share:/opt/ros/noetic/share', 'ROSLISP_PACKAGE_DIRECTORIES': '', 'PWD': '/home/pal/ros_ws', 'XAUTHORITY': '', 'TZ': 'Europe/Paris', 'ROS_IP': '127.0.0.1', 'HOME': '/home/pal', 'ROS_ETC_DIR': '/opt/ros/noetic/etc/ros', 'LS_COLORS': 'rs=0:di=01;34:ln=01;36:mh=00:pi=40;33:so=01;35:do=01;35:bd=40;33;01:cd=40;33;01:or=40;31;01:mi=00:su=37;41:sg=30;43:ca=30;41:tw=30;42:ow=34;42:st=37;44:ex=01;32:*.tar=01;31:*.tgz=01;31:*.arc=01;31:*.arj=01;31:*.taz=01;31:*.lha=01;31:*.lz4=01;31:*.lzh=01;31:*.lzma=01;31:*.tlz=01;31:*.txz=01;31:*.tzo=01;31:*.t7z=01;31:*.zip=01;31:*.z=01;31:*.dz=01;31:*.gz=01;31:*.lrz=01;31:*.lz=01;31:*.lzo=01;31:*.xz=01;31:*.zst=01;31:*.tzst=01;31:*.bz2=01;31:*.bz=01;31:*.tbz=01;31:*.tbz2=01;31:*.tz=01;31:*.deb=01;31:*.rpm=01;31:*.jar=01;31:*.war=01;31:*.ear=01;31:*.sar=01;31:*.rar=01;31:*.alz=01;31:*.ace=01;31:*.zoo=01;31:*.cpio=01;31:*.7z=01;31:*.rz=01;31:*.cab=01;31:*.wim=01;31:*.swm=01;31:*.dwm=01;31:*.esd=01;31:*.jpg=01;35:*.jpeg=01;35:*.mjpg=01;35:*.mjpeg=01;35:*.gif=01;35:*.bmp=01;35:*.pbm=01;35:*.pgm=01;35:*.ppm=01;35:*.tga=01;35:*.xbm=01;35:*.xpm=01;35:*.tif=01;35:*.tiff=01;35:*.png=01;35:*.svg=01;35:*.svgz=01;35:*.mng=01;35:*.pcx=01;35:*.mov=01;35:*.mpg=01;35:*.mpeg=01;35:*.m2v=01;35:*.mkv=01;35:*.webm=01;35:*.ogm=01;35:*.mp4=01;35:*.m4v=01;35:*.mp4v=01;35:*.vob=01;35:*.qt=01;35:*.nuv=01;35:*.wmv=01;35:*.asf=01;35:*.rm=01;35:*.rmvb=01;35:*.flc=01;35:*.avi=01;35:*.fli=01;35:*.flv=01;35:*.gl=01;35:*.dl=01;35:*.xcf=01;35:*.xwd=01;35:*.yuv=01;35:*.cgm=01;35:*.emf=01;35:*.ogv=01;35:*.ogx=01;35:*.aac=00;36:*.au=00;36:*.flac=00;36:*.m4a=00;36:*.mid=00;36:*.midi=00;36:*.mka=00;36:*.mp3=00;36:*.mpc=00;36:*.ogg=00;36:*.ra=00;36:*.wav=00;36:*.oga=00;36:*.opus=00;36:*.spx=00;36:*.xspf=00;36:', 'OROCOS_TARGET': 'gnulinux', 'CMAKE_PREFIX_PATH': '/opt/pal/gallium:/opt/ros/noetic', 'GAZEBO_RESOURCE_PATH': '/opt/pal/gallium/share/tiago_gazebo:/opt/pal/gallium/share/pal_gazebo_worlds/../pal_gazebo_worlds_private:/opt/pal/gallium/share/pal_gazebo_worlds/:/home/pal/ros_ws/src/va50:', 'ROS_WORKSPACE': '/home/pal/ros_ws', 'LESSCLOSE': '/usr/bin/lesspipe %s %s', 'PYTHONPATH': '/opt/pal/gallium/lib/python3/dist-packages:/opt/ros/noetic/lib/python3/dist-packages', 'TERM': 'xterm', 'VISP_INPUT_IMAGE_PATH': '/home/pal/visp-ws/visp-images', 'LESSOPEN': '| /usr/bin/lesspipe %s', 'USER': 'pal', 'RTT_COMPONENT_PATH': '/opt/pal/gallium/lib/orocos', 'DISPLAY': ':0', 'SHLVL': '1', 'PAL_DISTRO': 'gallium', 'ROS_MASTER_URI': 'http://localhost:11311/', 'LD_LIBRARY_PATH': '/opt/pal/gallium/lib:/opt/pal/gallium/lib/x86_64-linux-gnu:/opt/ros/noetic/lib:/opt/ros/noetic/lib/x86_64-linux-gnu:/usr/local/lib', 'GAZEBO_MODEL_PATH': '/opt/pal/gallium/share/tiago_gazebo/models:/opt/pal/gallium/share/pal_gazebo_worlds/../pal_gazebo_worlds_private/models:/opt/pal/gallium/share/pal_gazebo_worlds/models:/home/pal/ros_ws/src/va50/models:', 'PATH': '/opt/pal/gallium/bin:/opt/ros/noetic/bin:/opt/pal/gallium/lib/pal_debian_utils/:/usr/local/sbin:/usr/local/bin:/usr/sbin:/usr/bin:/sbin:/bin', 'LUA_PATH': ';;/opt/pal/gallium/share/lua/5.1/?.lua;/opt/pal/gallium/share/lua/5.1/?.lua;/opt/pal/gallium/share/lua/5.1/?.lua;/opt/pal/gallium/share/lua/5.1/?.lua', 'DEBIAN_FRONTEND': 'noninteractive', 'ROS_ROOT': '/opt/ros/noetic/share/ros', 'ROS_DISTRO': 'noetic', 'QT_X11_NO_MITSHM': '1', '_': '/opt/ros/noetic/bin/roslaunch', 'LC_CTYPE': 'C.UTF-8', 'ROS_LOG_FILENAME': '/home/pal/.ros/log/cf7328aa-d14e-11f0-b8b6-9c2f9d99f7eb/roslaunch-epan-tiago-noetic-ssh-7898.log', 'LC_NUMERIC': 'C'}]
[roslaunch][INFO] 2025-12-04 21:49:59,981: process[gazebo-1]: args[['/opt/pal/gallium/lib/gazebo_ros/gzserver', '-e', 'ode', 'worlds/pick_and_place.world', '__name:=gazebo']]
[roslaunch][INFO] 2025-12-04 21:49:59,982: ... created process [gazebo-1]
[roslaunch.pmon][INFO] 2025-12-04 21:49:59,982: ProcessMonitor.register[gazebo-1]
[roslaunch.pmon][INFO] 2025-12-04 21:49:59,982: ProcessMonitor.register[gazebo-1] complete
[roslaunch][INFO] 2025-12-04 21:49:59,982: ... registered process [gazebo-1]
[roslaunch][INFO] 2025-12-04 21:49:59,982: process[gazebo-1]: starting os process
[roslaunch][INFO] 2025-12-04 21:49:59,982: process[gazebo-1]: start w/ args [['/opt/pal/gallium/lib/gazebo_ros/gzserver', '-e', 'ode', 'worlds/pick_and_place.world', '__name:=gazebo', '__log:=/home/pal/.ros/log/cf7328aa-d14e-11f0-b8b6-9c2f9d99f7eb/gazebo-1.log']]
[roslaunch][INFO] 2025-12-04 21:49:59,982: process[gazebo-1]: cwd will be [/home/pal/.ros]
[roslaunch][INFO] 2025-12-04 21:49:59,990: process[gazebo-1]: started with pid [7946]
[roslaunch][INFO] 2025-12-04 21:49:59,991: ... successfully launched [gazebo-1]
[roslaunch][INFO] 2025-12-04 21:49:59,992: ... preparing to launch node of type [gazebo_ros/gzclient]
[roslaunch][INFO] 2025-12-04 21:49:59,992: create_node_process: package[gazebo_ros] type[gzclient] machine[Machine(name[] env_loader[None] address[localhost] ssh_port[22] user[None] assignable[True] timeout[10.0])] master_uri[http://localhost:11311/]
[roslaunch][INFO] 2025-12-04 21:49:59,992: process[gazebo_gui-2]: env[{'ROS_VERSION': '1', 'DISABLE_ROS1_EOL_WARNINGS': '1', 'PKG_CONFIG_PATH': '/opt/pal/gallium/lib/pkgconfig:/opt/pal/gallium/lib/x86_64-linux-gnu/pkgconfig:/opt/ros/noetic/lib/pkgconfig:/opt/ros/noetic/lib/x86_64-linux-gnu/pkgconfig', 'ROS_PYTHON_VERSION': '3', 'HOSTNAME': 'epan-tiago-noetic-ssh', 'VISP_WS': '/home/pal/visp-ws', 'ROS_PACKAGE_PATH': '/opt/pal/gallium/share:/opt/ros/noetic/share', 'ROSLISP_PACKAGE_DIRECTORIES': '', 'PWD': '/home/pal/ros_ws', 'XAUTHORITY': '', 'TZ': 'Europe/Paris', 'ROS_IP': '127.0.0.1', 'HOME': '/home/pal', 'ROS_ETC_DIR': '/opt/ros/noetic/etc/ros', 'LS_COLORS': 'rs=0:di=01;34:ln=01;36:mh=00:pi=40;33:so=01;35:do=01;35:bd=40;33;01:cd=40;33;01:or=40;31;01:mi=00:su=37;41:sg=30;43:ca=30;41:tw=30;42:ow=34;42:st=37;44:ex=01;32:*.tar=01;31:*.tgz=01;31:*.arc=01;31:*.arj=01;31:*.taz=01;31:*.lha=01;31:*.lz4=01;31:*.lzh=01;31:*.lzma=01;31:*.tlz=01;31:*.txz=01;31:*.tzo=01;31:*.t7z=01;31:*.zip=01;31:*.z=01;31:*.dz=01;31:*.gz=01;31:*.lrz=01;31:*.lz=01;31:*.lzo=01;31:*.xz=01;31:*.zst=01;31:*.tzst=01;31:*.bz2=01;31:*.bz=01;31:*.tbz=01;31:*.tbz2=01;31:*.tz=01;31:*.deb=01;31:*.rpm=01;31:*.jar=01;31:*.war=01;31:*.ear=01;31:*.sar=01;31:*.rar=01;31:*.alz=01;31:*.ace=01;31:*.zoo=01;31:*.cpio=01;31:*.7z=01;31:*.rz=01;31:*.cab=01;31:*.wim=01;31:*.swm=01;31:*.dwm=01;31:*.esd=01;31:*.jpg=01;35:*.jpeg=01;35:*.mjpg=01;35:*.mjpeg=01;35:*.gif=01;35:*.bmp=01;35:*.pbm=01;35:*.pgm=01;35:*.ppm=01;35:*.tga=01;35:*.xbm=01;35:*.xpm=01;35:*.tif=01;35:*.tiff=01;35:*.png=01;35:*.svg=01;35:*.svgz=01;35:*.mng=01;35:*.pcx=01;35:*.mov=01;35:*.mpg=01;35:*.mpeg=01;35:*.m2v=01;35:*.mkv=01;35:*.webm=01;35:*.ogm=01;35:*.mp4=01;35:*.m4v=01;35:*.mp4v=01;35:*.vob=01;35:*.qt=01;35:*.nuv=01;35:*.wmv=01;35:*.asf=01;35:*.rm=01;35:*.rmvb=01;35:*.flc=01;35:*.avi=01;35:*.fli=01;35:*.flv=01;35:*.gl=01;35:*.dl=01;35:*.xcf=01;35:*.xwd=01;35:*.yuv=01;35:*.cgm=01;35:*.emf=01;35:*.ogv=01;35:*.ogx=01;35:*.aac=00;36:*.au=00;36:*.flac=00;36:*.m4a=00;36:*.mid=00;36:*.midi=00;36:*.mka=00;36:*.mp3=00;36:*.mpc=00;36:*.ogg=00;36:*.ra=00;36:*.wav=00;36:*.oga=00;36:*.opus=00;36:*.spx=00;36:*.xspf=00;36:', 'OROCOS_TARGET': 'gnulinux', 'CMAKE_PREFIX_PATH': '/opt/pal/gallium:/opt/ros/noetic', 'GAZEBO_RESOURCE_PATH': '/opt/pal/gallium/share/tiago_gazebo:/opt/pal/gallium/share/pal_gazebo_worlds/../pal_gazebo_worlds_private:/opt/pal/gallium/share/pal_gazebo_worlds/:/home/pal/ros_ws/src/va50:', 'ROS_WORKSPACE': '/home/pal/ros_ws', 'LESSCLOSE': '/usr/bin/lesspipe %s %s', 'PYTHONPATH': '/opt/pal/gallium/lib/python3/dist-packages:/opt/ros/noetic/lib/python3/dist-packages', 'TERM': 'xterm', 'VISP_INPUT_IMAGE_PATH': '/home/pal/visp-ws/visp-images', 'LESSOPEN': '| /usr/bin/lesspipe %s', 'USER': 'pal', 'RTT_COMPONENT_PATH': '/opt/pal/gallium/lib/orocos', 'DISPLAY': ':0', 'SHLVL': '1', 'PAL_DISTRO': 'gallium', 'ROS_MASTER_URI': 'http://localhost:11311/', 'LD_LIBRARY_PATH': '/opt/pal/gallium/lib:/opt/pal/gallium/lib/x86_64-linux-gnu:/opt/ros/noetic/lib:/opt/ros/noetic/lib/x86_64-linux-gnu:/usr/local/lib', 'GAZEBO_MODEL_PATH': '/opt/pal/gallium/share/tiago_gazebo/models:/opt/pal/gallium/share/pal_gazebo_worlds/../pal_gazebo_worlds_private/models:/opt/pal/gallium/share/pal_gazebo_worlds/models:/home/pal/ros_ws/src/va50/models:', 'PATH': '/opt/pal/gallium/bin:/opt/ros/noetic/bin:/opt/pal/gallium/lib/pal_debian_utils/:/usr/local/sbin:/usr/local/bin:/usr/sbin:/usr/bin:/sbin:/bin', 'LUA_PATH': ';;/opt/pal/gallium/share/lua/5.1/?.lua;/opt/pal/gallium/share/lua/5.1/?.lua;/opt/pal/gallium/share/lua/5.1/?.lua;/opt/pal/gallium/share/lua/5.1/?.lua', 'DEBIAN_FRONTEND': 'noninteractive', 'ROS_ROOT': '/opt/ros/noetic/share/ros', 'ROS_DISTRO': 'noetic', 'QT_X11_NO_MITSHM': '1', '_': '/opt/ros/noetic/bin/roslaunch', 'LC_CTYPE': 'C.UTF-8', 'ROS_LOG_FILENAME': '/home/pal/.ros/log/cf7328aa-d14e-11f0-b8b6-9c2f9d99f7eb/roslaunch-epan-tiago-noetic-ssh-7898.log', 'LC_NUMERIC': 'C'}]
[roslaunch][INFO] 2025-12-04 21:49:59,994: process[gazebo_gui-2]: args[['/opt/pal/gallium/lib/gazebo_ros/gzclient', '__name:=gazebo_gui']]
[roslaunch][INFO] 2025-12-04 21:49:59,994: ... created process [gazebo_gui-2]
[roslaunch.pmon][INFO] 2025-12-04 21:49:59,994: ProcessMonitor.register[gazebo_gui-2]
[roslaunch.pmon][INFO] 2025-12-04 21:49:59,994: ProcessMonitor.register[gazebo_gui-2] complete
[roslaunch][INFO] 2025-12-04 21:49:59,994: ... registered process [gazebo_gui-2]
[roslaunch][INFO] 2025-12-04 21:49:59,994: process[gazebo_gui-2]: starting os process
[roslaunch][INFO] 2025-12-04 21:49:59,995: process[gazebo_gui-2]: start w/ args [['/opt/pal/gallium/lib/gazebo_ros/gzclient', '__name:=gazebo_gui', '__log:=/home/pal/.ros/log/cf7328aa-d14e-11f0-b8b6-9c2f9d99f7eb/gazebo_gui-2.log']]
[roslaunch][INFO] 2025-12-04 21:49:59,995: process[gazebo_gui-2]: cwd will be [/home/pal/.ros]
[roslaunch][INFO] 2025-12-04 21:50:00,006: process[gazebo_gui-2]: started with pid [7950]
[roslaunch][INFO] 2025-12-04 21:50:00,007: ... successfully launched [gazebo_gui-2]
[roslaunch][INFO] 2025-12-04 21:50:00,007: ... preparing to launch node of type [gazebo_ros/spawn_model]
[roslaunch][INFO] 2025-12-04 21:50:00,007: create_node_process: package[gazebo_ros] type[spawn_model] machine[Machine(name[] env_loader[None] address[localhost] ssh_port[22] user[None] assignable[True] timeout[10.0])] master_uri[http://localhost:11311/]
[roslaunch][INFO] 2025-12-04 21:50:00,007: process[spawn_model-3]: env[{'ROS_VERSION': '1', 'DISABLE_ROS1_EOL_WARNINGS': '1', 'PKG_CONFIG_PATH': '/opt/pal/gallium/lib/pkgconfig:/opt/pal/gallium/lib/x86_64-linux-gnu/pkgconfig:/opt/ros/noetic/lib/pkgconfig:/opt/ros/noetic/lib/x86_64-linux-gnu/pkgconfig', 'ROS_PYTHON_VERSION': '3', 'HOSTNAME': 'epan-tiago-noetic-ssh', 'VISP_WS': '/home/pal/visp-ws', 'ROS_PACKAGE_PATH': '/opt/pal/gallium/share:/opt/ros/noetic/share', 'ROSLISP_PACKAGE_DIRECTORIES': '', 'PWD': '/home/pal/ros_ws', 'XAUTHORITY': '', 'TZ': 'Europe/Paris', 'ROS_IP': '127.0.0.1', 'HOME': '/home/pal', 'ROS_ETC_DIR': '/opt/ros/noetic/etc/ros', 'LS_COLORS': 'rs=0:di=01;34:ln=01;36:mh=00:pi=40;33:so=01;35:do=01;35:bd=40;33;01:cd=40;33;01:or=40;31;01:mi=00:su=37;41:sg=30;43:ca=30;41:tw=30;42:ow=34;42:st=37;44:ex=01;32:*.tar=01;31:*.tgz=01;31:*.arc=01;31:*.arj=01;31:*.taz=01;31:*.lha=01;31:*.lz4=01;31:*.lzh=01;31:*.lzma=01;31:*.tlz=01;31:*.txz=01;31:*.tzo=01;31:*.t7z=01;31:*.zip=01;31:*.z=01;31:*.dz=01;31:*.gz=01;31:*.lrz=01;31:*.lz=01;31:*.lzo=01;31:*.xz=01;31:*.zst=01;31:*.tzst=01;31:*.bz2=01;31:*.bz=01;31:*.tbz=01;31:*.tbz2=01;31:*.tz=01;31:*.deb=01;31:*.rpm=01;31:*.jar=01;31:*.war=01;31:*.ear=01;31:*.sar=01;31:*.rar=01;31:*.alz=01;31:*.ace=01;31:*.zoo=01;31:*.cpio=01;31:*.7z=01;31:*.rz=01;31:*.cab=01;31:*.wim=01;31:*.swm=01;31:*.dwm=01;31:*.esd=01;31:*.jpg=01;35:*.jpeg=01;35:*.mjpg=01;35:*.mjpeg=01;35:*.gif=01;35:*.bmp=01;35:*.pbm=01;35:*.pgm=01;35:*.ppm=01;35:*.tga=01;35:*.xbm=01;35:*.xpm=01;35:*.tif=01;35:*.tiff=01;35:*.png=01;35:*.svg=01;35:*.svgz=01;35:*.mng=01;35:*.pcx=01;35:*.mov=01;35:*.mpg=01;35:*.mpeg=01;35:*.m2v=01;35:*.mkv=01;35:*.webm=01;35:*.ogm=01;35:*.mp4=01;35:*.m4v=01;35:*.mp4v=01;35:*.vob=01;35:*.qt=01;35:*.nuv=01;35:*.wmv=01;35:*.asf=01;35:*.rm=01;35:*.rmvb=01;35:*.flc=01;35:*.avi=01;35:*.fli=01;35:*.flv=01;35:*.gl=01;35:*.dl=01;35:*.xcf=01;35:*.xwd=01;35:*.yuv=01;35:*.cgm=01;35:*.emf=01;35:*.ogv=01;35:*.ogx=01;35:*.aac=00;36:*.au=00;36:*.flac=00;36:*.m4a=00;36:*.mid=00;36:*.midi=00;36:*.mka=00;36:*.mp3=00;36:*.mpc=00;36:*.ogg=00;36:*.ra=00;36:*.wav=00;36:*.oga=00;36:*.opus=00;36:*.spx=00;36:*.xspf=00;36:', 'OROCOS_TARGET': 'gnulinux', 'CMAKE_PREFIX_PATH': '/opt/pal/gallium:/opt/ros/noetic', 'GAZEBO_RESOURCE_PATH': '/home/pal/ros_ws/src/va50:', 'ROS_WORKSPACE': '/home/pal/ros_ws', 'LESSCLOSE': '/usr/bin/lesspipe %s %s', 'PYTHONPATH': '/opt/pal/gallium/lib/python3/dist-packages:/opt/ros/noetic/lib/python3/dist-packages', 'TERM': 'xterm', 'VISP_INPUT_IMAGE_PATH': '/home/pal/visp-ws/visp-images', 'LESSOPEN': '| /usr/bin/lesspipe %s', 'USER': 'pal', 'RTT_COMPONENT_PATH': '/opt/pal/gallium/lib/orocos', 'DISPLAY': ':0', 'SHLVL': '1', 'PAL_DISTRO': 'gallium', 'ROS_MASTER_URI': 'http://localhost:11311/', 'LD_LIBRARY_PATH': '/opt/pal/gallium/lib:/opt/pal/gallium/lib/x86_64-linux-gnu:/opt/ros/noetic/lib:/opt/ros/noetic/lib/x86_64-linux-gnu:/usr/local/lib', 'GAZEBO_MODEL_PATH': '/home/pal/ros_ws/src/va50/models:', 'PATH': '/opt/pal/gallium/bin:/opt/ros/noetic/bin:/opt/pal/gallium/lib/pal_debian_utils/:/usr/local/sbin:/usr/local/bin:/usr/sbin:/usr/bin:/sbin:/bin', 'LUA_PATH': ';;/opt/pal/gallium/share/lua/5.1/?.lua;/opt/pal/gallium/share/lua/5.1/?.lua;/opt/pal/gallium/share/lua/5.1/?.lua;/opt/pal/gallium/share/lua/5.1/?.lua', 'DEBIAN_FRONTEND': 'noninteractive', 'ROS_ROOT': '/opt/ros/noetic/share/ros', 'ROS_DISTRO': 'noetic', 'QT_X11_NO_MITSHM': '1', '_': '/opt/ros/noetic/bin/roslaunch', 'LC_CTYPE': 'C.UTF-8', 'ROS_LOG_FILENAME': '/home/pal/.ros/log/cf7328aa-d14e-11f0-b8b6-9c2f9d99f7eb/roslaunch-epan-tiago-noetic-ssh-7898.log', 'LC_NUMERIC': 'C'}]
[roslaunch][INFO] 2025-12-04 21:50:00,009: process[spawn_model-3]: args[['/opt/pal/gallium/lib/gazebo_ros/spawn_model', '-urdf', '-param', 'robot_description', '-x', '0.0', '-y', '0.0', '-z', '0.0', '-R', '0.0', '-P', '0.0', '-Y', '0.0', '-model', 'tiago', '__name:=spawn_model']]
[roslaunch][INFO] 2025-12-04 21:50:00,009: ... created process [spawn_model-3]
[roslaunch.pmon][INFO] 2025-12-04 21:50:00,009: ProcessMonitor.register[spawn_model-3]
[roslaunch.pmon][INFO] 2025-12-04 21:50:00,009: ProcessMonitor.register[spawn_model-3] complete
[roslaunch][INFO] 2025-12-04 21:50:00,009: ... registered process [spawn_model-3]
[roslaunch][INFO] 2025-12-04 21:50:00,010: process[spawn_model-3]: starting os process
[roslaunch][INFO] 2025-12-04 21:50:00,010: process[spawn_model-3]: start w/ args [['/opt/pal/gallium/lib/gazebo_ros/spawn_model', '-urdf', '-param', 'robot_description', '-x', '0.0', '-y', '0.0', '-z', '0.0', '-R', '0.0', '-P', '0.0', '-Y', '0.0', '-model', 'tiago', '__name:=spawn_model', '__log:=/home/pal/.ros/log/cf7328aa-d14e-11f0-b8b6-9c2f9d99f7eb/spawn_model-3.log']]
[roslaunch][INFO] 2025-12-04 21:50:00,010: process[spawn_model-3]: cwd will be [/home/pal/.ros]
[roslaunch][INFO] 2025-12-04 21:50:00,020: process[spawn_model-3]: started with pid [7955]
[roslaunch][INFO] 2025-12-04 21:50:00,021: ... successfully launched [spawn_model-3]
[roslaunch][INFO] 2025-12-04 21:50:00,021: ... preparing to launch node of type [controller_manager/spawner]
[roslaunch][INFO] 2025-12-04 21:50:00,021: create_node_process: package[controller_manager] type[spawner] machine[Machine(name[] env_loader[None] address[localhost] ssh_port[22] user[None] assignable[True] timeout[10.0])] master_uri[http://localhost:11311/]
[roslaunch][INFO] 2025-12-04 21:50:00,022: process[default_controllers_spawner-4]: env[{'ROS_VERSION': '1', 'DISABLE_ROS1_EOL_WARNINGS': '1', 'PKG_CONFIG_PATH': '/opt/pal/gallium/lib/pkgconfig:/opt/pal/gallium/lib/x86_64-linux-gnu/pkgconfig:/opt/ros/noetic/lib/pkgconfig:/opt/ros/noetic/lib/x86_64-linux-gnu/pkgconfig', 'ROS_PYTHON_VERSION': '3', 'HOSTNAME': 'epan-tiago-noetic-ssh', 'VISP_WS': '/home/pal/visp-ws', 'ROS_PACKAGE_PATH': '/opt/pal/gallium/share:/opt/ros/noetic/share', 'ROSLISP_PACKAGE_DIRECTORIES': '', 'PWD': '/home/pal/ros_ws', 'XAUTHORITY': '', 'TZ': 'Europe/Paris', 'ROS_IP': '127.0.0.1', 'HOME': '/home/pal', 'ROS_ETC_DIR': '/opt/ros/noetic/etc/ros', 'LS_COLORS': 'rs=0:di=01;34:ln=01;36:mh=00:pi=40;33:so=01;35:do=01;35:bd=40;33;01:cd=40;33;01:or=40;31;01:mi=00:su=37;41:sg=30;43:ca=30;41:tw=30;42:ow=34;42:st=37;44:ex=01;32:*.tar=01;31:*.tgz=01;31:*.arc=01;31:*.arj=01;31:*.taz=01;31:*.lha=01;31:*.lz4=01;31:*.lzh=01;31:*.lzma=01;31:*.tlz=01;31:*.txz=01;31:*.tzo=01;31:*.t7z=01;31:*.zip=01;31:*.z=01;31:*.dz=01;31:*.gz=01;31:*.lrz=01;31:*.lz=01;31:*.lzo=01;31:*.xz=01;31:*.zst=01;31:*.tzst=01;31:*.bz2=01;31:*.bz=01;31:*.tbz=01;31:*.tbz2=01;31:*.tz=01;31:*.deb=01;31:*.rpm=01;31:*.jar=01;31:*.war=01;31:*.ear=01;31:*.sar=01;31:*.rar=01;31:*.alz=01;31:*.ace=01;31:*.zoo=01;31:*.cpio=01;31:*.7z=01;31:*.rz=01;31:*.cab=01;31:*.wim=01;31:*.swm=01;31:*.dwm=01;31:*.esd=01;31:*.jpg=01;35:*.jpeg=01;35:*.mjpg=01;35:*.mjpeg=01;35:*.gif=01;35:*.bmp=01;35:*.pbm=01;35:*.pgm=01;35:*.ppm=01;35:*.tga=01;35:*.xbm=01;35:*.xpm=01;35:*.tif=01;35:*.tiff=01;35:*.png=01;35:*.svg=01;35:*.svgz=01;35:*.mng=01;35:*.pcx=01;35:*.mov=01;35:*.mpg=01;35:*.mpeg=01;35:*.m2v=01;35:*.mkv=01;35:*.webm=01;35:*.ogm=01;35:*.mp4=01;35:*.m4v=01;35:*.mp4v=01;35:*.vob=01;35:*.qt=01;35:*.nuv=01;35:*.wmv=01;35:*.asf=01;35:*.rm=01;35:*.rmvb=01;35:*.flc=01;35:*.avi=01;35:*.fli=01;35:*.flv=01;35:*.gl=01;35:*.dl=01;35:*.xcf=01;35:*.xwd=01;35:*.yuv=01;35:*.cgm=01;35:*.emf=01;35:*.ogv=01;35:*.ogx=01;35:*.aac=00;36:*.au=00;36:*.flac=00;36:*.m4a=00;36:*.mid=00;36:*.midi=00;36:*.mka=00;36:*.mp3=00;36:*.mpc=00;36:*.ogg=00;36:*.ra=00;36:*.wav=00;36:*.oga=00;36:*.opus=00;36:*.spx=00;36:*.xspf=00;36:', 'OROCOS_TARGET': 'gnulinux', 'CMAKE_PREFIX_PATH': '/opt/pal/gallium:/opt/ros/noetic', 'GAZEBO_RESOURCE_PATH': '/home/pal/ros_ws/src/va50:', 'ROS_WORKSPACE': '/home/pal/ros_ws', 'LESSCLOSE': '/usr/bin/lesspipe %s %s', 'PYTHONPATH': '/opt/pal/gallium/lib/python3/dist-packages:/opt/ros/noetic/lib/python3/dist-packages', 'TERM': 'xterm', 'VISP_INPUT_IMAGE_PATH': '/home/pal/visp-ws/visp-images', 'LESSOPEN': '| /usr/bin/lesspipe %s', 'USER': 'pal', 'RTT_COMPONENT_PATH': '/opt/pal/gallium/lib/orocos', 'DISPLAY': ':0', 'SHLVL': '1', 'PAL_DISTRO': 'gallium', 'ROS_MASTER_URI': 'http://localhost:11311/', 'LD_LIBRARY_PATH': '/opt/pal/gallium/lib:/opt/pal/gallium/lib/x86_64-linux-gnu:/opt/ros/noetic/lib:/opt/ros/noetic/lib/x86_64-linux-gnu:/usr/local/lib', 'GAZEBO_MODEL_PATH': '/home/pal/ros_ws/src/va50/models:', 'PATH': '/opt/pal/gallium/bin:/opt/ros/noetic/bin:/opt/pal/gallium/lib/pal_debian_utils/:/usr/local/sbin:/usr/local/bin:/usr/sbin:/usr/bin:/sbin:/bin', 'LUA_PATH': ';;/opt/pal/gallium/share/lua/5.1/?.lua;/opt/pal/gallium/share/lua/5.1/?.lua;/opt/pal/gallium/share/lua/5.1/?.lua;/opt/pal/gallium/share/lua/5.1/?.lua', 'DEBIAN_FRONTEND': 'noninteractive', 'ROS_ROOT': '/opt/ros/noetic/share/ros', 'ROS_DISTRO': 'noetic', 'QT_X11_NO_MITSHM': '1', '_': '/opt/ros/noetic/bin/roslaunch', 'LC_CTYPE': 'C.UTF-8', 'ROS_LOG_FILENAME': '/home/pal/.ros/log/cf7328aa-d14e-11f0-b8b6-9c2f9d99f7eb/roslaunch-epan-tiago-noetic-ssh-7898.log', 'LC_NUMERIC': 'C'}]
[roslaunch][INFO] 2025-12-04 21:50:00,023: process[default_controllers_spawner-4]: args[['/opt/pal/gallium/lib/controller_manager/spawner', '--timeout', '120', 'joint_state_controller', 'torso_controller', 'head_controller', 'arm_controller', 'mobile_base_controller', '__name:=default_controllers_spawner']]
[roslaunch][INFO] 2025-12-04 21:50:00,024: ... created process [default_controllers_spawner-4]
[roslaunch.pmon][INFO] 2025-12-04 21:50:00,024: ProcessMonitor.register[default_controllers_spawner-4]
[roslaunch.pmon][INFO] 2025-12-04 21:50:00,024: ProcessMonitor.register[default_controllers_spawner-4] complete
[roslaunch][INFO] 2025-12-04 21:50:00,024: ... registered process [default_controllers_spawner-4]
[roslaunch][INFO] 2025-12-04 21:50:00,024: process[default_controllers_spawner-4]: starting os process
[roslaunch][INFO] 2025-12-04 21:50:00,024: process[default_controllers_spawner-4]: start w/ args [['/opt/pal/gallium/lib/controller_manager/spawner', '--timeout', '120', 'joint_state_controller', 'torso_controller', 'head_controller', 'arm_controller', 'mobile_base_controller', '__name:=default_controllers_spawner', '__log:=/home/pal/.ros/log/cf7328aa-d14e-11f0-b8b6-9c2f9d99f7eb/default_controllers_spawner-4.log']]
[roslaunch][INFO] 2025-12-04 21:50:00,024: process[default_controllers_spawner-4]: cwd will be [/home/pal/.ros]
[roslaunch][INFO] 2025-12-04 21:50:00,035: process[default_controllers_spawner-4]: started with pid [7957]
[roslaunch][INFO] 2025-12-04 21:50:00,036: ... successfully launched [default_controllers_spawner-4]
[roslaunch][INFO] 2025-12-04 21:50:00,036: ... preparing to launch node of type [head_action/head_action]
[roslaunch][INFO] 2025-12-04 21:50:00,036: create_node_process: package[head_action] type[head_action] machine[Machine(name[] env_loader[None] address[localhost] ssh_port[22] user[None] assignable[True] timeout[10.0])] master_uri[http://localhost:11311/]
[roslaunch][INFO] 2025-12-04 21:50:00,037: process[head_controller/point_head_action-5]: env[{'ROS_VERSION': '1', 'DISABLE_ROS1_EOL_WARNINGS': '1', 'PKG_CONFIG_PATH': '/opt/pal/gallium/lib/pkgconfig:/opt/pal/gallium/lib/x86_64-linux-gnu/pkgconfig:/opt/ros/noetic/lib/pkgconfig:/opt/ros/noetic/lib/x86_64-linux-gnu/pkgconfig', 'ROS_PYTHON_VERSION': '3', 'HOSTNAME': 'epan-tiago-noetic-ssh', 'VISP_WS': '/home/pal/visp-ws', 'ROS_PACKAGE_PATH': '/opt/pal/gallium/share:/opt/ros/noetic/share', 'ROSLISP_PACKAGE_DIRECTORIES': '', 'PWD': '/home/pal/ros_ws', 'XAUTHORITY': '', 'TZ': 'Europe/Paris', 'ROS_IP': '127.0.0.1', 'HOME': '/home/pal', 'ROS_ETC_DIR': '/opt/ros/noetic/etc/ros', 'LS_COLORS': 'rs=0:di=01;34:ln=01;36:mh=00:pi=40;33:so=01;35:do=01;35:bd=40;33;01:cd=40;33;01:or=40;31;01:mi=00:su=37;41:sg=30;43:ca=30;41:tw=30;42:ow=34;42:st=37;44:ex=01;32:*.tar=01;31:*.tgz=01;31:*.arc=01;31:*.arj=01;31:*.taz=01;31:*.lha=01;31:*.lz4=01;31:*.lzh=01;31:*.lzma=01;31:*.tlz=01;31:*.txz=01;31:*.tzo=01;31:*.t7z=01;31:*.zip=01;31:*.z=01;31:*.dz=01;31:*.gz=01;31:*.lrz=01;31:*.lz=01;31:*.lzo=01;31:*.xz=01;31:*.zst=01;31:*.tzst=01;31:*.bz2=01;31:*.bz=01;31:*.tbz=01;31:*.tbz2=01;31:*.tz=01;31:*.deb=01;31:*.rpm=01;31:*.jar=01;31:*.war=01;31:*.ear=01;31:*.sar=01;31:*.rar=01;31:*.alz=01;31:*.ace=01;31:*.zoo=01;31:*.cpio=01;31:*.7z=01;31:*.rz=01;31:*.cab=01;31:*.wim=01;31:*.swm=01;31:*.dwm=01;31:*.esd=01;31:*.jpg=01;35:*.jpeg=01;35:*.mjpg=01;35:*.mjpeg=01;35:*.gif=01;35:*.bmp=01;35:*.pbm=01;35:*.pgm=01;35:*.ppm=01;35:*.tga=01;35:*.xbm=01;35:*.xpm=01;35:*.tif=01;35:*.tiff=01;35:*.png=01;35:*.svg=01;35:*.svgz=01;35:*.mng=01;35:*.pcx=01;35:*.mov=01;35:*.mpg=01;35:*.mpeg=01;35:*.m2v=01;35:*.mkv=01;35:*.webm=01;35:*.ogm=01;35:*.mp4=01;35:*.m4v=01;35:*.mp4v=01;35:*.vob=01;35:*.qt=01;35:*.nuv=01;35:*.wmv=01;35:*.asf=01;35:*.rm=01;35:*.rmvb=01;35:*.flc=01;35:*.avi=01;35:*.fli=01;35:*.flv=01;35:*.gl=01;35:*.dl=01;35:*.xcf=01;35:*.xwd=01;35:*.yuv=01;35:*.cgm=01;35:*.emf=01;35:*.ogv=01;35:*.ogx=01;35:*.aac=00;36:*.au=00;36:*.flac=00;36:*.m4a=00;36:*.mid=00;36:*.midi=00;36:*.mka=00;36:*.mp3=00;36:*.mpc=00;36:*.ogg=00;36:*.ra=00;36:*.wav=00;36:*.oga=00;36:*.opus=00;36:*.spx=00;36:*.xspf=00;36:', 'OROCOS_TARGET': 'gnulinux', 'CMAKE_PREFIX_PATH': '/opt/pal/gallium:/opt/ros/noetic', 'GAZEBO_RESOURCE_PATH': '/home/pal/ros_ws/src/va50:', 'ROS_WORKSPACE': '/home/pal/ros_ws', 'LESSCLOSE': '/usr/bin/lesspipe %s %s', 'PYTHONPATH': '/opt/pal/gallium/lib/python3/dist-packages:/opt/ros/noetic/lib/python3/dist-packages', 'TERM': 'xterm', 'VISP_INPUT_IMAGE_PATH': '/home/pal/visp-ws/visp-images', 'LESSOPEN': '| /usr/bin/lesspipe %s', 'USER': 'pal', 'RTT_COMPONENT_PATH': '/opt/pal/gallium/lib/orocos', 'DISPLAY': ':0', 'SHLVL': '1', 'PAL_DISTRO': 'gallium', 'ROS_MASTER_URI': 'http://localhost:11311/', 'LD_LIBRARY_PATH': '/opt/pal/gallium/lib:/opt/pal/gallium/lib/x86_64-linux-gnu:/opt/ros/noetic/lib:/opt/ros/noetic/lib/x86_64-linux-gnu:/usr/local/lib', 'GAZEBO_MODEL_PATH': '/home/pal/ros_ws/src/va50/models:', 'PATH': '/opt/pal/gallium/bin:/opt/ros/noetic/bin:/opt/pal/gallium/lib/pal_debian_utils/:/usr/local/sbin:/usr/local/bin:/usr/sbin:/usr/bin:/sbin:/bin', 'LUA_PATH': ';;/opt/pal/gallium/share/lua/5.1/?.lua;/opt/pal/gallium/share/lua/5.1/?.lua;/opt/pal/gallium/share/lua/5.1/?.lua;/opt/pal/gallium/share/lua/5.1/?.lua', 'DEBIAN_FRONTEND': 'noninteractive', 'ROS_ROOT': '/opt/ros/noetic/share/ros', 'ROS_DISTRO': 'noetic', 'QT_X11_NO_MITSHM': '1', '_': '/opt/ros/noetic/bin/roslaunch', 'LC_CTYPE': 'C.UTF-8', 'ROS_LOG_FILENAME': '/home/pal/.ros/log/cf7328aa-d14e-11f0-b8b6-9c2f9d99f7eb/roslaunch-epan-tiago-noetic-ssh-7898.log', 'ROS_NAMESPACE': '/head_controller', 'LC_NUMERIC': 'C'}]
[roslaunch][INFO] 2025-12-04 21:50:00,040: process[head_controller/point_head_action-5]: args[['/opt/pal/gallium/lib/head_action/head_action', '__name:=point_head_action']]
[roslaunch][INFO] 2025-12-04 21:50:00,040: ... created process [head_controller/point_head_action-5]
[roslaunch.pmon][INFO] 2025-12-04 21:50:00,041: ProcessMonitor.register[head_controller/point_head_action-5]
[roslaunch.pmon][INFO] 2025-12-04 21:50:00,041: ProcessMonitor.register[head_controller/point_head_action-5] complete
[roslaunch][INFO] 2025-12-04 21:50:00,042: ... registered process [head_controller/point_head_action-5]
[roslaunch][INFO] 2025-12-04 21:50:00,043: process[head_controller/point_head_action-5]: starting os process
[roslaunch][INFO] 2025-12-04 21:50:00,043: process[head_controller/point_head_action-5]: start w/ args [['/opt/pal/gallium/lib/head_action/head_action', '__name:=point_head_action', '__log:=/home/pal/.ros/log/cf7328aa-d14e-11f0-b8b6-9c2f9d99f7eb/head_controller-point_head_action-5.log']]
[roslaunch][INFO] 2025-12-04 21:50:00,043: process[head_controller/point_head_action-5]: cwd will be [/home/pal/.ros]
[roslaunch][INFO] 2025-12-04 21:50:00,056: process[head_controller/point_head_action-5]: started with pid [7958]
[roslaunch][INFO] 2025-12-04 21:50:00,056: ... successfully launched [head_controller/point_head_action-5]
[roslaunch][INFO] 2025-12-04 21:50:00,057: ... preparing to launch node of type [controller_manager/spawner]
[roslaunch][INFO] 2025-12-04 21:50:00,057: create_node_process: package[controller_manager] type[spawner] machine[Machine(name[] env_loader[None] address[localhost] ssh_port[22] user[None] assignable[True] timeout[10.0])] master_uri[http://localhost:11311/]
[roslaunch][INFO] 2025-12-04 21:50:00,058: process[bringup_controllers_spawner_imu-6]: env[{'ROS_VERSION': '1', 'DISABLE_ROS1_EOL_WARNINGS': '1', 'PKG_CONFIG_PATH': '/opt/pal/gallium/lib/pkgconfig:/opt/pal/gallium/lib/x86_64-linux-gnu/pkgconfig:/opt/ros/noetic/lib/pkgconfig:/opt/ros/noetic/lib/x86_64-linux-gnu/pkgconfig', 'ROS_PYTHON_VERSION': '3', 'HOSTNAME': 'epan-tiago-noetic-ssh', 'VISP_WS': '/home/pal/visp-ws', 'ROS_PACKAGE_PATH': '/opt/pal/gallium/share:/opt/ros/noetic/share', 'ROSLISP_PACKAGE_DIRECTORIES': '', 'PWD': '/home/pal/ros_ws', 'XAUTHORITY': '', 'TZ': 'Europe/Paris', 'ROS_IP': '127.0.0.1', 'HOME': '/home/pal', 'ROS_ETC_DIR': '/opt/ros/noetic/etc/ros', 'LS_COLORS': 'rs=0:di=01;34:ln=01;36:mh=00:pi=40;33:so=01;35:do=01;35:bd=40;33;01:cd=40;33;01:or=40;31;01:mi=00:su=37;41:sg=30;43:ca=30;41:tw=30;42:ow=34;42:st=37;44:ex=01;32:*.tar=01;31:*.tgz=01;31:*.arc=01;31:*.arj=01;31:*.taz=01;31:*.lha=01;31:*.lz4=01;31:*.lzh=01;31:*.lzma=01;31:*.tlz=01;31:*.txz=01;31:*.tzo=01;31:*.t7z=01;31:*.zip=01;31:*.z=01;31:*.dz=01;31:*.gz=01;31:*.lrz=01;31:*.lz=01;31:*.lzo=01;31:*.xz=01;31:*.zst=01;31:*.tzst=01;31:*.bz2=01;31:*.bz=01;31:*.tbz=01;31:*.tbz2=01;31:*.tz=01;31:*.deb=01;31:*.rpm=01;31:*.jar=01;31:*.war=01;31:*.ear=01;31:*.sar=01;31:*.rar=01;31:*.alz=01;31:*.ace=01;31:*.zoo=01;31:*.cpio=01;31:*.7z=01;31:*.rz=01;31:*.cab=01;31:*.wim=01;31:*.swm=01;31:*.dwm=01;31:*.esd=01;31:*.jpg=01;35:*.jpeg=01;35:*.mjpg=01;35:*.mjpeg=01;35:*.gif=01;35:*.bmp=01;35:*.pbm=01;35:*.pgm=01;35:*.ppm=01;35:*.tga=01;35:*.xbm=01;35:*.xpm=01;35:*.tif=01;35:*.tiff=01;35:*.png=01;35:*.svg=01;35:*.svgz=01;35:*.mng=01;35:*.pcx=01;35:*.mov=01;35:*.mpg=01;35:*.mpeg=01;35:*.m2v=01;35:*.mkv=01;35:*.webm=01;35:*.ogm=01;35:*.mp4=01;35:*.m4v=01;35:*.mp4v=01;35:*.vob=01;35:*.qt=01;35:*.nuv=01;35:*.wmv=01;35:*.asf=01;35:*.rm=01;35:*.rmvb=01;35:*.flc=01;35:*.avi=01;35:*.fli=01;35:*.flv=01;35:*.gl=01;35:*.dl=01;35:*.xcf=01;35:*.xwd=01;35:*.yuv=01;35:*.cgm=01;35:*.emf=01;35:*.ogv=01;35:*.ogx=01;35:*.aac=00;36:*.au=00;36:*.flac=00;36:*.m4a=00;36:*.mid=00;36:*.midi=00;36:*.mka=00;36:*.mp3=00;36:*.mpc=00;36:*.ogg=00;36:*.ra=00;36:*.wav=00;36:*.oga=00;36:*.opus=00;36:*.spx=00;36:*.xspf=00;36:', 'OROCOS_TARGET': 'gnulinux', 'CMAKE_PREFIX_PATH': '/opt/pal/gallium:/opt/ros/noetic', 'GAZEBO_RESOURCE_PATH': '/home/pal/ros_ws/src/va50:', 'ROS_WORKSPACE': '/home/pal/ros_ws', 'LESSCLOSE': '/usr/bin/lesspipe %s %s', 'PYTHONPATH': '/opt/pal/gallium/lib/python3/dist-packages:/opt/ros/noetic/lib/python3/dist-packages', 'TERM': 'xterm', 'VISP_INPUT_IMAGE_PATH': '/home/pal/visp-ws/visp-images', 'LESSOPEN': '| /usr/bin/lesspipe %s', 'USER': 'pal', 'RTT_COMPONENT_PATH': '/opt/pal/gallium/lib/orocos', 'DISPLAY': ':0', 'SHLVL': '1', 'PAL_DISTRO': 'gallium', 'ROS_MASTER_URI': 'http://localhost:11311/', 'LD_LIBRARY_PATH': '/opt/pal/gallium/lib:/opt/pal/gallium/lib/x86_64-linux-gnu:/opt/ros/noetic/lib:/opt/ros/noetic/lib/x86_64-linux-gnu:/usr/local/lib', 'GAZEBO_MODEL_PATH': '/home/pal/ros_ws/src/va50/models:', 'PATH': '/opt/pal/gallium/bin:/opt/ros/noetic/bin:/opt/pal/gallium/lib/pal_debian_utils/:/usr/local/sbin:/usr/local/bin:/usr/sbin:/usr/bin:/sbin:/bin', 'LUA_PATH': ';;/opt/pal/gallium/share/lua/5.1/?.lua;/opt/pal/gallium/share/lua/5.1/?.lua;/opt/pal/gallium/share/lua/5.1/?.lua;/opt/pal/gallium/share/lua/5.1/?.lua', 'DEBIAN_FRONTEND': 'noninteractive', 'ROS_ROOT': '/opt/ros/noetic/share/ros', 'ROS_DISTRO': 'noetic', 'QT_X11_NO_MITSHM': '1', '_': '/opt/ros/noetic/bin/roslaunch', 'LC_CTYPE': 'C.UTF-8', 'ROS_LOG_FILENAME': '/home/pal/.ros/log/cf7328aa-d14e-11f0-b8b6-9c2f9d99f7eb/roslaunch-epan-tiago-noetic-ssh-7898.log', 'LC_NUMERIC': 'C'}]
[roslaunch][INFO] 2025-12-04 21:50:00,060: process[bringup_controllers_spawner_imu-6]: args[['/opt/pal/gallium/lib/controller_manager/spawner', 'imu_sensor_controller', '__name:=bringup_controllers_spawner_imu']]
[roslaunch][INFO] 2025-12-04 21:50:00,061: ... created process [bringup_controllers_spawner_imu-6]
[roslaunch.pmon][INFO] 2025-12-04 21:50:00,061: ProcessMonitor.register[bringup_controllers_spawner_imu-6]
[roslaunch.pmon][INFO] 2025-12-04 21:50:00,061: ProcessMonitor.register[bringup_controllers_spawner_imu-6] complete
[roslaunch][INFO] 2025-12-04 21:50:00,061: ... registered process [bringup_controllers_spawner_imu-6]
[roslaunch][INFO] 2025-12-04 21:50:00,061: process[bringup_controllers_spawner_imu-6]: starting os process
[roslaunch][INFO] 2025-12-04 21:50:00,062: process[bringup_controllers_spawner_imu-6]: start w/ args [['/opt/pal/gallium/lib/controller_manager/spawner', 'imu_sensor_controller', '__name:=bringup_controllers_spawner_imu', '__log:=/home/pal/.ros/log/cf7328aa-d14e-11f0-b8b6-9c2f9d99f7eb/bringup_controllers_spawner_imu-6.log']]
[roslaunch][INFO] 2025-12-04 21:50:00,062: process[bringup_controllers_spawner_imu-6]: cwd will be [/home/pal/.ros]
[roslaunch][INFO] 2025-12-04 21:50:00,074: process[bringup_controllers_spawner_imu-6]: started with pid [7959]
[roslaunch][INFO] 2025-12-04 21:50:00,076: ... successfully launched [bringup_controllers_spawner_imu-6]
[roslaunch][INFO] 2025-12-04 21:50:00,076: ... preparing to launch node of type [controller_manager/spawner]
[roslaunch][INFO] 2025-12-04 21:50:00,076: create_node_process: package[controller_manager] type[spawner] machine[Machine(name[] env_loader[None] address[localhost] ssh_port[22] user[None] assignable[True] timeout[10.0])] master_uri[http://localhost:11311/]
[roslaunch][INFO] 2025-12-04 21:50:00,078: process[bringup_controllers_spawner_ft-7]: env[{'ROS_VERSION': '1', 'DISABLE_ROS1_EOL_WARNINGS': '1', 'PKG_CONFIG_PATH': '/opt/pal/gallium/lib/pkgconfig:/opt/pal/gallium/lib/x86_64-linux-gnu/pkgconfig:/opt/ros/noetic/lib/pkgconfig:/opt/ros/noetic/lib/x86_64-linux-gnu/pkgconfig', 'ROS_PYTHON_VERSION': '3', 'HOSTNAME': 'epan-tiago-noetic-ssh', 'VISP_WS': '/home/pal/visp-ws', 'ROS_PACKAGE_PATH': '/opt/pal/gallium/share:/opt/ros/noetic/share', 'ROSLISP_PACKAGE_DIRECTORIES': '', 'PWD': '/home/pal/ros_ws', 'XAUTHORITY': '', 'TZ': 'Europe/Paris', 'ROS_IP': '127.0.0.1', 'HOME': '/home/pal', 'ROS_ETC_DIR': '/opt/ros/noetic/etc/ros', 'LS_COLORS': 'rs=0:di=01;34:ln=01;36:mh=00:pi=40;33:so=01;35:do=01;35:bd=40;33;01:cd=40;33;01:or=40;31;01:mi=00:su=37;41:sg=30;43:ca=30;41:tw=30;42:ow=34;42:st=37;44:ex=01;32:*.tar=01;31:*.tgz=01;31:*.arc=01;31:*.arj=01;31:*.taz=01;31:*.lha=01;31:*.lz4=01;31:*.lzh=01;31:*.lzma=01;31:*.tlz=01;31:*.txz=01;31:*.tzo=01;31:*.t7z=01;31:*.zip=01;31:*.z=01;31:*.dz=01;31:*.gz=01;31:*.lrz=01;31:*.lz=01;31:*.lzo=01;31:*.xz=01;31:*.zst=01;31:*.tzst=01;31:*.bz2=01;31:*.bz=01;31:*.tbz=01;31:*.tbz2=01;31:*.tz=01;31:*.deb=01;31:*.rpm=01;31:*.jar=01;31:*.war=01;31:*.ear=01;31:*.sar=01;31:*.rar=01;31:*.alz=01;31:*.ace=01;31:*.zoo=01;31:*.cpio=01;31:*.7z=01;31:*.rz=01;31:*.cab=01;31:*.wim=01;31:*.swm=01;31:*.dwm=01;31:*.esd=01;31:*.jpg=01;35:*.jpeg=01;35:*.mjpg=01;35:*.mjpeg=01;35:*.gif=01;35:*.bmp=01;35:*.pbm=01;35:*.pgm=01;35:*.ppm=01;35:*.tga=01;35:*.xbm=01;35:*.xpm=01;35:*.tif=01;35:*.tiff=01;35:*.png=01;35:*.svg=01;35:*.svgz=01;35:*.mng=01;35:*.pcx=01;35:*.mov=01;35:*.mpg=01;35:*.mpeg=01;35:*.m2v=01;35:*.mkv=01;35:*.webm=01;35:*.ogm=01;35:*.mp4=01;35:*.m4v=01;35:*.mp4v=01;35:*.vob=01;35:*.qt=01;35:*.nuv=01;35:*.wmv=01;35:*.asf=01;35:*.rm=01;35:*.rmvb=01;35:*.flc=01;35:*.avi=01;35:*.fli=01;35:*.flv=01;35:*.gl=01;35:*.dl=01;35:*.xcf=01;35:*.xwd=01;35:*.yuv=01;35:*.cgm=01;35:*.emf=01;35:*.ogv=01;35:*.ogx=01;35:*.aac=00;36:*.au=00;36:*.flac=00;36:*.m4a=00;36:*.mid=00;36:*.midi=00;36:*.mka=00;36:*.mp3=00;36:*.mpc=00;36:*.ogg=00;36:*.ra=00;36:*.wav=00;36:*.oga=00;36:*.opus=00;36:*.spx=00;36:*.xspf=00;36:', 'OROCOS_TARGET': 'gnulinux', 'CMAKE_PREFIX_PATH': '/opt/pal/gallium:/opt/ros/noetic', 'GAZEBO_RESOURCE_PATH': '/home/pal/ros_ws/src/va50:', 'ROS_WORKSPACE': '/home/pal/ros_ws', 'LESSCLOSE': '/usr/bin/lesspipe %s %s', 'PYTHONPATH': '/opt/pal/gallium/lib/python3/dist-packages:/opt/ros/noetic/lib/python3/dist-packages', 'TERM': 'xterm', 'VISP_INPUT_IMAGE_PATH': '/home/pal/visp-ws/visp-images', 'LESSOPEN': '| /usr/bin/lesspipe %s', 'USER': 'pal', 'RTT_COMPONENT_PATH': '/opt/pal/gallium/lib/orocos', 'DISPLAY': ':0', 'SHLVL': '1', 'PAL_DISTRO': 'gallium', 'ROS_MASTER_URI': 'http://localhost:11311/', 'LD_LIBRARY_PATH': '/opt/pal/gallium/lib:/opt/pal/gallium/lib/x86_64-linux-gnu:/opt/ros/noetic/lib:/opt/ros/noetic/lib/x86_64-linux-gnu:/usr/local/lib', 'GAZEBO_MODEL_PATH': '/home/pal/ros_ws/src/va50/models:', 'PATH': '/opt/pal/gallium/bin:/opt/ros/noetic/bin:/opt/pal/gallium/lib/pal_debian_utils/:/usr/local/sbin:/usr/local/bin:/usr/sbin:/usr/bin:/sbin:/bin', 'LUA_PATH': ';;/opt/pal/gallium/share/lua/5.1/?.lua;/opt/pal/gallium/share/lua/5.1/?.lua;/opt/pal/gallium/share/lua/5.1/?.lua;/opt/pal/gallium/share/lua/5.1/?.lua', 'DEBIAN_FRONTEND': 'noninteractive', 'ROS_ROOT': '/opt/ros/noetic/share/ros', 'ROS_DISTRO': 'noetic', 'QT_X11_NO_MITSHM': '1', '_': '/opt/ros/noetic/bin/roslaunch', 'LC_CTYPE': 'C.UTF-8', 'ROS_LOG_FILENAME': '/home/pal/.ros/log/cf7328aa-d14e-11f0-b8b6-9c2f9d99f7eb/roslaunch-epan-tiago-noetic-ssh-7898.log', 'LC_NUMERIC': 'C'}]
[roslaunch][INFO] 2025-12-04 21:50:00,081: process[bringup_controllers_spawner_ft-7]: args[['/opt/pal/gallium/lib/controller_manager/spawner', 'force_torque_sensor_controller', '__name:=bringup_controllers_spawner_ft']]
[roslaunch][INFO] 2025-12-04 21:50:00,081: ... created process [bringup_controllers_spawner_ft-7]
[roslaunch.pmon][INFO] 2025-12-04 21:50:00,081: ProcessMonitor.register[bringup_controllers_spawner_ft-7]
[roslaunch.pmon][INFO] 2025-12-04 21:50:00,081: ProcessMonitor.register[bringup_controllers_spawner_ft-7] complete
[roslaunch][INFO] 2025-12-04 21:50:00,081: ... registered process [bringup_controllers_spawner_ft-7]
[roslaunch][INFO] 2025-12-04 21:50:00,082: process[bringup_controllers_spawner_ft-7]: starting os process
[roslaunch][INFO] 2025-12-04 21:50:00,082: process[bringup_controllers_spawner_ft-7]: start w/ args [['/opt/pal/gallium/lib/controller_manager/spawner', 'force_torque_sensor_controller', '__name:=bringup_controllers_spawner_ft', '__log:=/home/pal/.ros/log/cf7328aa-d14e-11f0-b8b6-9c2f9d99f7eb/bringup_controllers_spawner_ft-7.log']]
[roslaunch][INFO] 2025-12-04 21:50:00,082: process[bringup_controllers_spawner_ft-7]: cwd will be [/home/pal/.ros]
[roslaunch][INFO] 2025-12-04 21:50:00,099: process[bringup_controllers_spawner_ft-7]: started with pid [7960]
[roslaunch][INFO] 2025-12-04 21:50:00,103: ... successfully launched [bringup_controllers_spawner_ft-7]
[roslaunch][INFO] 2025-12-04 21:50:00,106: ... preparing to launch node of type [controller_manager/spawner]
[roslaunch][INFO] 2025-12-04 21:50:00,106: create_node_process: package[controller_manager] type[spawner] machine[Machine(name[] env_loader[None] address[localhost] ssh_port[22] user[None] assignable[True] timeout[10.0])] master_uri[http://localhost:11311/]
[roslaunch][INFO] 2025-12-04 21:50:00,107: process[hand_controller_spawner-8]: env[{'ROS_VERSION': '1', 'DISABLE_ROS1_EOL_WARNINGS': '1', 'PKG_CONFIG_PATH': '/opt/pal/gallium/lib/pkgconfig:/opt/pal/gallium/lib/x86_64-linux-gnu/pkgconfig:/opt/ros/noetic/lib/pkgconfig:/opt/ros/noetic/lib/x86_64-linux-gnu/pkgconfig', 'ROS_PYTHON_VERSION': '3', 'HOSTNAME': 'epan-tiago-noetic-ssh', 'VISP_WS': '/home/pal/visp-ws', 'ROS_PACKAGE_PATH': '/opt/pal/gallium/share:/opt/ros/noetic/share', 'ROSLISP_PACKAGE_DIRECTORIES': '', 'PWD': '/home/pal/ros_ws', 'XAUTHORITY': '', 'TZ': 'Europe/Paris', 'ROS_IP': '127.0.0.1', 'HOME': '/home/pal', 'ROS_ETC_DIR': '/opt/ros/noetic/etc/ros', 'LS_COLORS': 'rs=0:di=01;34:ln=01;36:mh=00:pi=40;33:so=01;35:do=01;35:bd=40;33;01:cd=40;33;01:or=40;31;01:mi=00:su=37;41:sg=30;43:ca=30;41:tw=30;42:ow=34;42:st=37;44:ex=01;32:*.tar=01;31:*.tgz=01;31:*.arc=01;31:*.arj=01;31:*.taz=01;31:*.lha=01;31:*.lz4=01;31:*.lzh=01;31:*.lzma=01;31:*.tlz=01;31:*.txz=01;31:*.tzo=01;31:*.t7z=01;31:*.zip=01;31:*.z=01;31:*.dz=01;31:*.gz=01;31:*.lrz=01;31:*.lz=01;31:*.lzo=01;31:*.xz=01;31:*.zst=01;31:*.tzst=01;31:*.bz2=01;31:*.bz=01;31:*.tbz=01;31:*.tbz2=01;31:*.tz=01;31:*.deb=01;31:*.rpm=01;31:*.jar=01;31:*.war=01;31:*.ear=01;31:*.sar=01;31:*.rar=01;31:*.alz=01;31:*.ace=01;31:*.zoo=01;31:*.cpio=01;31:*.7z=01;31:*.rz=01;31:*.cab=01;31:*.wim=01;31:*.swm=01;31:*.dwm=01;31:*.esd=01;31:*.jpg=01;35:*.jpeg=01;35:*.mjpg=01;35:*.mjpeg=01;35:*.gif=01;35:*.bmp=01;35:*.pbm=01;35:*.pgm=01;35:*.ppm=01;35:*.tga=01;35:*.xbm=01;35:*.xpm=01;35:*.tif=01;35:*.tiff=01;35:*.png=01;35:*.svg=01;35:*.svgz=01;35:*.mng=01;35:*.pcx=01;35:*.mov=01;35:*.mpg=01;35:*.mpeg=01;35:*.m2v=01;35:*.mkv=01;35:*.webm=01;35:*.ogm=01;35:*.mp4=01;35:*.m4v=01;35:*.mp4v=01;35:*.vob=01;35:*.qt=01;35:*.nuv=01;35:*.wmv=01;35:*.asf=01;35:*.rm=01;35:*.rmvb=01;35:*.flc=01;35:*.avi=01;35:*.fli=01;35:*.flv=01;35:*.gl=01;35:*.dl=01;35:*.xcf=01;35:*.xwd=01;35:*.yuv=01;35:*.cgm=01;35:*.emf=01;35:*.ogv=01;35:*.ogx=01;35:*.aac=00;36:*.au=00;36:*.flac=00;36:*.m4a=00;36:*.mid=00;36:*.midi=00;36:*.mka=00;36:*.mp3=00;36:*.mpc=00;36:*.ogg=00;36:*.ra=00;36:*.wav=00;36:*.oga=00;36:*.opus=00;36:*.spx=00;36:*.xspf=00;36:', 'OROCOS_TARGET': 'gnulinux', 'CMAKE_PREFIX_PATH': '/opt/pal/gallium:/opt/ros/noetic', 'GAZEBO_RESOURCE_PATH': '/home/pal/ros_ws/src/va50:', 'ROS_WORKSPACE': '/home/pal/ros_ws', 'LESSCLOSE': '/usr/bin/lesspipe %s %s', 'PYTHONPATH': '/opt/pal/gallium/lib/python3/dist-packages:/opt/ros/noetic/lib/python3/dist-packages', 'TERM': 'xterm', 'VISP_INPUT_IMAGE_PATH': '/home/pal/visp-ws/visp-images', 'LESSOPEN': '| /usr/bin/lesspipe %s', 'USER': 'pal', 'RTT_COMPONENT_PATH': '/opt/pal/gallium/lib/orocos', 'DISPLAY': ':0', 'SHLVL': '1', 'PAL_DISTRO': 'gallium', 'ROS_MASTER_URI': 'http://localhost:11311/', 'LD_LIBRARY_PATH': '/opt/pal/gallium/lib:/opt/pal/gallium/lib/x86_64-linux-gnu:/opt/ros/noetic/lib:/opt/ros/noetic/lib/x86_64-linux-gnu:/usr/local/lib', 'GAZEBO_MODEL_PATH': '/home/pal/ros_ws/src/va50/models:', 'PATH': '/opt/pal/gallium/bin:/opt/ros/noetic/bin:/opt/pal/gallium/lib/pal_debian_utils/:/usr/local/sbin:/usr/local/bin:/usr/sbin:/usr/bin:/sbin:/bin', 'LUA_PATH': ';;/opt/pal/gallium/share/lua/5.1/?.lua;/opt/pal/gallium/share/lua/5.1/?.lua;/opt/pal/gallium/share/lua/5.1/?.lua;/opt/pal/gallium/share/lua/5.1/?.lua', 'DEBIAN_FRONTEND': 'noninteractive', 'ROS_ROOT': '/opt/ros/noetic/share/ros', 'ROS_DISTRO': 'noetic', 'QT_X11_NO_MITSHM': '1', '_': '/opt/ros/noetic/bin/roslaunch', 'LC_CTYPE': 'C.UTF-8', 'ROS_LOG_FILENAME': '/home/pal/.ros/log/cf7328aa-d14e-11f0-b8b6-9c2f9d99f7eb/roslaunch-epan-tiago-noetic-ssh-7898.log', 'LC_NUMERIC': 'C'}]
[roslaunch][INFO] 2025-12-04 21:50:00,111: process[hand_controller_spawner-8]: args[['/opt/pal/gallium/lib/controller_manager/spawner', '--timeout', '120', 'hand_controller', '__name:=hand_controller_spawner']]
[roslaunch][INFO] 2025-12-04 21:50:00,111: ... created process [hand_controller_spawner-8]
[roslaunch.pmon][INFO] 2025-12-04 21:50:00,111: ProcessMonitor.register[hand_controller_spawner-8]
[roslaunch.pmon][INFO] 2025-12-04 21:50:00,111: ProcessMonitor.register[hand_controller_spawner-8] complete
[roslaunch][INFO] 2025-12-04 21:50:00,111: ... registered process [hand_controller_spawner-8]
[roslaunch][INFO] 2025-12-04 21:50:00,111: process[hand_controller_spawner-8]: starting os process
[roslaunch][INFO] 2025-12-04 21:50:00,112: process[hand_controller_spawner-8]: start w/ args [['/opt/pal/gallium/lib/controller_manager/spawner', '--timeout', '120', 'hand_controller', '__name:=hand_controller_spawner', '__log:=/home/pal/.ros/log/cf7328aa-d14e-11f0-b8b6-9c2f9d99f7eb/hand_controller_spawner-8.log']]
[roslaunch][INFO] 2025-12-04 21:50:00,112: process[hand_controller_spawner-8]: cwd will be [/home/pal/.ros]
[roslaunch][INFO] 2025-12-04 21:50:00,129: process[hand_controller_spawner-8]: started with pid [7965]
[roslaunch][INFO] 2025-12-04 21:50:00,132: ... successfully launched [hand_controller_spawner-8]
[roslaunch][INFO] 2025-12-04 21:50:00,132: ... preparing to launch node of type [simple_grasping_action/simple_grasping_action]
[roslaunch][INFO] 2025-12-04 21:50:00,132: create_node_process: package[simple_grasping_action] type[simple_grasping_action] machine[Machine(name[] env_loader[None] address[localhost] ssh_port[22] user[None] assignable[True] timeout[10.0])] master_uri[http://localhost:11311/]
[roslaunch][INFO] 2025-12-04 21:50:00,134: process[hand_grasping_action-9]: env[{'ROS_VERSION': '1', 'DISABLE_ROS1_EOL_WARNINGS': '1', 'PKG_CONFIG_PATH': '/opt/pal/gallium/lib/pkgconfig:/opt/pal/gallium/lib/x86_64-linux-gnu/pkgconfig:/opt/ros/noetic/lib/pkgconfig:/opt/ros/noetic/lib/x86_64-linux-gnu/pkgconfig', 'ROS_PYTHON_VERSION': '3', 'HOSTNAME': 'epan-tiago-noetic-ssh', 'VISP_WS': '/home/pal/visp-ws', 'ROS_PACKAGE_PATH': '/opt/pal/gallium/share:/opt/ros/noetic/share', 'ROSLISP_PACKAGE_DIRECTORIES': '', 'PWD': '/home/pal/ros_ws', 'XAUTHORITY': '', 'TZ': 'Europe/Paris', 'ROS_IP': '127.0.0.1', 'HOME': '/home/pal', 'ROS_ETC_DIR': '/opt/ros/noetic/etc/ros', 'LS_COLORS': 'rs=0:di=01;34:ln=01;36:mh=00:pi=40;33:so=01;35:do=01;35:bd=40;33;01:cd=40;33;01:or=40;31;01:mi=00:su=37;41:sg=30;43:ca=30;41:tw=30;42:ow=34;42:st=37;44:ex=01;32:*.tar=01;31:*.tgz=01;31:*.arc=01;31:*.arj=01;31:*.taz=01;31:*.lha=01;31:*.lz4=01;31:*.lzh=01;31:*.lzma=01;31:*.tlz=01;31:*.txz=01;31:*.tzo=01;31:*.t7z=01;31:*.zip=01;31:*.z=01;31:*.dz=01;31:*.gz=01;31:*.lrz=01;31:*.lz=01;31:*.lzo=01;31:*.xz=01;31:*.zst=01;31:*.tzst=01;31:*.bz2=01;31:*.bz=01;31:*.tbz=01;31:*.tbz2=01;31:*.tz=01;31:*.deb=01;31:*.rpm=01;31:*.jar=01;31:*.war=01;31:*.ear=01;31:*.sar=01;31:*.rar=01;31:*.alz=01;31:*.ace=01;31:*.zoo=01;31:*.cpio=01;31:*.7z=01;31:*.rz=01;31:*.cab=01;31:*.wim=01;31:*.swm=01;31:*.dwm=01;31:*.esd=01;31:*.jpg=01;35:*.jpeg=01;35:*.mjpg=01;35:*.mjpeg=01;35:*.gif=01;35:*.bmp=01;35:*.pbm=01;35:*.pgm=01;35:*.ppm=01;35:*.tga=01;35:*.xbm=01;35:*.xpm=01;35:*.tif=01;35:*.tiff=01;35:*.png=01;35:*.svg=01;35:*.svgz=01;35:*.mng=01;35:*.pcx=01;35:*.mov=01;35:*.mpg=01;35:*.mpeg=01;35:*.m2v=01;35:*.mkv=01;35:*.webm=01;35:*.ogm=01;35:*.mp4=01;35:*.m4v=01;35:*.mp4v=01;35:*.vob=01;35:*.qt=01;35:*.nuv=01;35:*.wmv=01;35:*.asf=01;35:*.rm=01;35:*.rmvb=01;35:*.flc=01;35:*.avi=01;35:*.fli=01;35:*.flv=01;35:*.gl=01;35:*.dl=01;35:*.xcf=01;35:*.xwd=01;35:*.yuv=01;35:*.cgm=01;35:*.emf=01;35:*.ogv=01;35:*.ogx=01;35:*.aac=00;36:*.au=00;36:*.flac=00;36:*.m4a=00;36:*.mid=00;36:*.midi=00;36:*.mka=00;36:*.mp3=00;36:*.mpc=00;36:*.ogg=00;36:*.ra=00;36:*.wav=00;36:*.oga=00;36:*.opus=00;36:*.spx=00;36:*.xspf=00;36:', 'OROCOS_TARGET': 'gnulinux', 'CMAKE_PREFIX_PATH': '/opt/pal/gallium:/opt/ros/noetic', 'GAZEBO_RESOURCE_PATH': '/home/pal/ros_ws/src/va50:', 'ROS_WORKSPACE': '/home/pal/ros_ws', 'LESSCLOSE': '/usr/bin/lesspipe %s %s', 'PYTHONPATH': '/opt/pal/gallium/lib/python3/dist-packages:/opt/ros/noetic/lib/python3/dist-packages', 'TERM': 'xterm', 'VISP_INPUT_IMAGE_PATH': '/home/pal/visp-ws/visp-images', 'LESSOPEN': '| /usr/bin/lesspipe %s', 'USER': 'pal', 'RTT_COMPONENT_PATH': '/opt/pal/gallium/lib/orocos', 'DISPLAY': ':0', 'SHLVL': '1', 'PAL_DISTRO': 'gallium', 'ROS_MASTER_URI': 'http://localhost:11311/', 'LD_LIBRARY_PATH': '/opt/pal/gallium/lib:/opt/pal/gallium/lib/x86_64-linux-gnu:/opt/ros/noetic/lib:/opt/ros/noetic/lib/x86_64-linux-gnu:/usr/local/lib', 'GAZEBO_MODEL_PATH': '/home/pal/ros_ws/src/va50/models:', 'PATH': '/opt/pal/gallium/bin:/opt/ros/noetic/bin:/opt/pal/gallium/lib/pal_debian_utils/:/usr/local/sbin:/usr/local/bin:/usr/sbin:/usr/bin:/sbin:/bin', 'LUA_PATH': ';;/opt/pal/gallium/share/lua/5.1/?.lua;/opt/pal/gallium/share/lua/5.1/?.lua;/opt/pal/gallium/share/lua/5.1/?.lua;/opt/pal/gallium/share/lua/5.1/?.lua', 'DEBIAN_FRONTEND': 'noninteractive', 'ROS_ROOT': '/opt/ros/noetic/share/ros', 'ROS_DISTRO': 'noetic', 'QT_X11_NO_MITSHM': '1', '_': '/opt/ros/noetic/bin/roslaunch', 'LC_CTYPE': 'C.UTF-8', 'ROS_LOG_FILENAME': '/home/pal/.ros/log/cf7328aa-d14e-11f0-b8b6-9c2f9d99f7eb/roslaunch-epan-tiago-noetic-ssh-7898.log', 'LC_NUMERIC': 'C'}]
[roslaunch][INFO] 2025-12-04 21:50:00,136: process[hand_grasping_action-9]: args[['/opt/pal/gallium/lib/simple_grasping_action/simple_grasping_action', '__name:=hand_grasping_action']]
[roslaunch][INFO] 2025-12-04 21:50:00,137: ... created process [hand_grasping_action-9]
[roslaunch.pmon][INFO] 2025-12-04 21:50:00,137: ProcessMonitor.register[hand_grasping_action-9]
[roslaunch.pmon][INFO] 2025-12-04 21:50:00,137: ProcessMonitor.register[hand_grasping_action-9] complete
[roslaunch][INFO] 2025-12-04 21:50:00,137: ... registered process [hand_grasping_action-9]
[roslaunch][INFO] 2025-12-04 21:50:00,138: process[hand_grasping_action-9]: starting os process
[roslaunch][INFO] 2025-12-04 21:50:00,138: process[hand_grasping_action-9]: start w/ args [['/opt/pal/gallium/lib/simple_grasping_action/simple_grasping_action', '__name:=hand_grasping_action', '__log:=/home/pal/.ros/log/cf7328aa-d14e-11f0-b8b6-9c2f9d99f7eb/hand_grasping_action-9.log']]
[roslaunch][INFO] 2025-12-04 21:50:00,138: process[hand_grasping_action-9]: cwd will be [/home/pal/.ros]
[roslaunch][INFO] 2025-12-04 21:50:00,165: process[hand_grasping_action-9]: started with pid [7966]
[roslaunch][INFO] 2025-12-04 21:50:00,165: ... successfully launched [hand_grasping_action-9]
[roslaunch][INFO] 2025-12-04 21:50:00,166: ... preparing to launch node of type [play_motion/play_motion]
[roslaunch][INFO] 2025-12-04 21:50:00,169: create_node_process: package[play_motion] type[play_motion] machine[Machine(name[] env_loader[None] address[localhost] ssh_port[22] user[None] assignable[True] timeout[10.0])] master_uri[http://localhost:11311/]
[roslaunch][INFO] 2025-12-04 21:50:00,170: process[play_motion-10]: env[{'ROS_VERSION': '1', 'DISABLE_ROS1_EOL_WARNINGS': '1', 'PKG_CONFIG_PATH': '/opt/pal/gallium/lib/pkgconfig:/opt/pal/gallium/lib/x86_64-linux-gnu/pkgconfig:/opt/ros/noetic/lib/pkgconfig:/opt/ros/noetic/lib/x86_64-linux-gnu/pkgconfig', 'ROS_PYTHON_VERSION': '3', 'HOSTNAME': 'epan-tiago-noetic-ssh', 'VISP_WS': '/home/pal/visp-ws', 'ROS_PACKAGE_PATH': '/opt/pal/gallium/share:/opt/ros/noetic/share', 'ROSLISP_PACKAGE_DIRECTORIES': '', 'PWD': '/home/pal/ros_ws', 'XAUTHORITY': '', 'TZ': 'Europe/Paris', 'ROS_IP': '127.0.0.1', 'HOME': '/home/pal', 'ROS_ETC_DIR': '/opt/ros/noetic/etc/ros', 'LS_COLORS': 'rs=0:di=01;34:ln=01;36:mh=00:pi=40;33:so=01;35:do=01;35:bd=40;33;01:cd=40;33;01:or=40;31;01:mi=00:su=37;41:sg=30;43:ca=30;41:tw=30;42:ow=34;42:st=37;44:ex=01;32:*.tar=01;31:*.tgz=01;31:*.arc=01;31:*.arj=01;31:*.taz=01;31:*.lha=01;31:*.lz4=01;31:*.lzh=01;31:*.lzma=01;31:*.tlz=01;31:*.txz=01;31:*.tzo=01;31:*.t7z=01;31:*.zip=01;31:*.z=01;31:*.dz=01;31:*.gz=01;31:*.lrz=01;31:*.lz=01;31:*.lzo=01;31:*.xz=01;31:*.zst=01;31:*.tzst=01;31:*.bz2=01;31:*.bz=01;31:*.tbz=01;31:*.tbz2=01;31:*.tz=01;31:*.deb=01;31:*.rpm=01;31:*.jar=01;31:*.war=01;31:*.ear=01;31:*.sar=01;31:*.rar=01;31:*.alz=01;31:*.ace=01;31:*.zoo=01;31:*.cpio=01;31:*.7z=01;31:*.rz=01;31:*.cab=01;31:*.wim=01;31:*.swm=01;31:*.dwm=01;31:*.esd=01;31:*.jpg=01;35:*.jpeg=01;35:*.mjpg=01;35:*.mjpeg=01;35:*.gif=01;35:*.bmp=01;35:*.pbm=01;35:*.pgm=01;35:*.ppm=01;35:*.tga=01;35:*.xbm=01;35:*.xpm=01;35:*.tif=01;35:*.tiff=01;35:*.png=01;35:*.svg=01;35:*.svgz=01;35:*.mng=01;35:*.pcx=01;35:*.mov=01;35:*.mpg=01;35:*.mpeg=01;35:*.m2v=01;35:*.mkv=01;35:*.webm=01;35:*.ogm=01;35:*.mp4=01;35:*.m4v=01;35:*.mp4v=01;35:*.vob=01;35:*.qt=01;35:*.nuv=01;35:*.wmv=01;35:*.asf=01;35:*.rm=01;35:*.rmvb=01;35:*.flc=01;35:*.avi=01;35:*.fli=01;35:*.flv=01;35:*.gl=01;35:*.dl=01;35:*.xcf=01;35:*.xwd=01;35:*.yuv=01;35:*.cgm=01;35:*.emf=01;35:*.ogv=01;35:*.ogx=01;35:*.aac=00;36:*.au=00;36:*.flac=00;36:*.m4a=00;36:*.mid=00;36:*.midi=00;36:*.mka=00;36:*.mp3=00;36:*.mpc=00;36:*.ogg=00;36:*.ra=00;36:*.wav=00;36:*.oga=00;36:*.opus=00;36:*.spx=00;36:*.xspf=00;36:', 'OROCOS_TARGET': 'gnulinux', 'CMAKE_PREFIX_PATH': '/opt/pal/gallium:/opt/ros/noetic', 'GAZEBO_RESOURCE_PATH': '/home/pal/ros_ws/src/va50:', 'ROS_WORKSPACE': '/home/pal/ros_ws', 'LESSCLOSE': '/usr/bin/lesspipe %s %s', 'PYTHONPATH': '/opt/pal/gallium/lib/python3/dist-packages:/opt/ros/noetic/lib/python3/dist-packages', 'TERM': 'xterm', 'VISP_INPUT_IMAGE_PATH': '/home/pal/visp-ws/visp-images', 'LESSOPEN': '| /usr/bin/lesspipe %s', 'USER': 'pal', 'RTT_COMPONENT_PATH': '/opt/pal/gallium/lib/orocos', 'DISPLAY': ':0', 'SHLVL': '1', 'PAL_DISTRO': 'gallium', 'ROS_MASTER_URI': 'http://localhost:11311/', 'LD_LIBRARY_PATH': '/opt/pal/gallium/lib:/opt/pal/gallium/lib/x86_64-linux-gnu:/opt/ros/noetic/lib:/opt/ros/noetic/lib/x86_64-linux-gnu:/usr/local/lib', 'GAZEBO_MODEL_PATH': '/home/pal/ros_ws/src/va50/models:', 'PATH': '/opt/pal/gallium/bin:/opt/ros/noetic/bin:/opt/pal/gallium/lib/pal_debian_utils/:/usr/local/sbin:/usr/local/bin:/usr/sbin:/usr/bin:/sbin:/bin', 'LUA_PATH': ';;/opt/pal/gallium/share/lua/5.1/?.lua;/opt/pal/gallium/share/lua/5.1/?.lua;/opt/pal/gallium/share/lua/5.1/?.lua;/opt/pal/gallium/share/lua/5.1/?.lua', 'DEBIAN_FRONTEND': 'noninteractive', 'ROS_ROOT': '/opt/ros/noetic/share/ros', 'ROS_DISTRO': 'noetic', 'QT_X11_NO_MITSHM': '1', '_': '/opt/ros/noetic/bin/roslaunch', 'LC_CTYPE': 'C.UTF-8', 'ROS_LOG_FILENAME': '/home/pal/.ros/log/cf7328aa-d14e-11f0-b8b6-9c2f9d99f7eb/roslaunch-epan-tiago-noetic-ssh-7898.log', 'LC_NUMERIC': 'C'}]
[roslaunch][INFO] 2025-12-04 21:50:00,175: process[play_motion-10]: args[['/opt/pal/gallium/lib/play_motion/play_motion', '__name:=play_motion']]
[roslaunch][INFO] 2025-12-04 21:50:00,176: ... created process [play_motion-10]
[roslaunch.pmon][INFO] 2025-12-04 21:50:00,176: ProcessMonitor.register[play_motion-10]
[roslaunch.pmon][INFO] 2025-12-04 21:50:00,176: ProcessMonitor.register[play_motion-10] complete
[roslaunch][INFO] 2025-12-04 21:50:00,176: ... registered process [play_motion-10]
[roslaunch][INFO] 2025-12-04 21:50:00,179: process[play_motion-10]: starting os process
[roslaunch][INFO] 2025-12-04 21:50:00,181: process[play_motion-10]: start w/ args [['/opt/pal/gallium/lib/play_motion/play_motion', '__name:=play_motion', '__log:=/home/pal/.ros/log/cf7328aa-d14e-11f0-b8b6-9c2f9d99f7eb/play_motion-10.log']]
[roslaunch][INFO] 2025-12-04 21:50:00,181: process[play_motion-10]: cwd will be [/home/pal/.ros]
[roslaunch][INFO] 2025-12-04 21:50:00,213: process[play_motion-10]: started with pid [7967]
[roslaunch][INFO] 2025-12-04 21:50:00,219: ... successfully launched [play_motion-10]
[roslaunch][INFO] 2025-12-04 21:50:00,221: ... preparing to launch node of type [play_motion/is_already_there.py]
[roslaunch][INFO] 2025-12-04 21:50:00,223: create_node_process: package[play_motion] type[is_already_there.py] machine[Machine(name[] env_loader[None] address[localhost] ssh_port[22] user[None] assignable[True] timeout[10.0])] master_uri[http://localhost:11311/]
[roslaunch][INFO] 2025-12-04 21:50:00,227: process[is_already_there-11]: env[{'ROS_VERSION': '1', 'DISABLE_ROS1_EOL_WARNINGS': '1', 'PKG_CONFIG_PATH': '/opt/pal/gallium/lib/pkgconfig:/opt/pal/gallium/lib/x86_64-linux-gnu/pkgconfig:/opt/ros/noetic/lib/pkgconfig:/opt/ros/noetic/lib/x86_64-linux-gnu/pkgconfig', 'ROS_PYTHON_VERSION': '3', 'HOSTNAME': 'epan-tiago-noetic-ssh', 'VISP_WS': '/home/pal/visp-ws', 'ROS_PACKAGE_PATH': '/opt/pal/gallium/share:/opt/ros/noetic/share', 'ROSLISP_PACKAGE_DIRECTORIES': '', 'PWD': '/home/pal/ros_ws', 'XAUTHORITY': '', 'TZ': 'Europe/Paris', 'ROS_IP': '127.0.0.1', 'HOME': '/home/pal', 'ROS_ETC_DIR': '/opt/ros/noetic/etc/ros', 'LS_COLORS': 'rs=0:di=01;34:ln=01;36:mh=00:pi=40;33:so=01;35:do=01;35:bd=40;33;01:cd=40;33;01:or=40;31;01:mi=00:su=37;41:sg=30;43:ca=30;41:tw=30;42:ow=34;42:st=37;44:ex=01;32:*.tar=01;31:*.tgz=01;31:*.arc=01;31:*.arj=01;31:*.taz=01;31:*.lha=01;31:*.lz4=01;31:*.lzh=01;31:*.lzma=01;31:*.tlz=01;31:*.txz=01;31:*.tzo=01;31:*.t7z=01;31:*.zip=01;31:*.z=01;31:*.dz=01;31:*.gz=01;31:*.lrz=01;31:*.lz=01;31:*.lzo=01;31:*.xz=01;31:*.zst=01;31:*.tzst=01;31:*.bz2=01;31:*.bz=01;31:*.tbz=01;31:*.tbz2=01;31:*.tz=01;31:*.deb=01;31:*.rpm=01;31:*.jar=01;31:*.war=01;31:*.ear=01;31:*.sar=01;31:*.rar=01;31:*.alz=01;31:*.ace=01;31:*.zoo=01;31:*.cpio=01;31:*.7z=01;31:*.rz=01;31:*.cab=01;31:*.wim=01;31:*.swm=01;31:*.dwm=01;31:*.esd=01;31:*.jpg=01;35:*.jpeg=01;35:*.mjpg=01;35:*.mjpeg=01;35:*.gif=01;35:*.bmp=01;35:*.pbm=01;35:*.pgm=01;35:*.ppm=01;35:*.tga=01;35:*.xbm=01;35:*.xpm=01;35:*.tif=01;35:*.tiff=01;35:*.png=01;35:*.svg=01;35:*.svgz=01;35:*.mng=01;35:*.pcx=01;35:*.mov=01;35:*.mpg=01;35:*.mpeg=01;35:*.m2v=01;35:*.mkv=01;35:*.webm=01;35:*.ogm=01;35:*.mp4=01;35:*.m4v=01;35:*.mp4v=01;35:*.vob=01;35:*.qt=01;35:*.nuv=01;35:*.wmv=01;35:*.asf=01;35:*.rm=01;35:*.rmvb=01;35:*.flc=01;35:*.avi=01;35:*.fli=01;35:*.flv=01;35:*.gl=01;35:*.dl=01;35:*.xcf=01;35:*.xwd=01;35:*.yuv=01;35:*.cgm=01;35:*.emf=01;35:*.ogv=01;35:*.ogx=01;35:*.aac=00;36:*.au=00;36:*.flac=00;36:*.m4a=00;36:*.mid=00;36:*.midi=00;36:*.mka=00;36:*.mp3=00;36:*.mpc=00;36:*.ogg=00;36:*.ra=00;36:*.wav=00;36:*.oga=00;36:*.opus=00;36:*.spx=00;36:*.xspf=00;36:', 'OROCOS_TARGET': 'gnulinux', 'CMAKE_PREFIX_PATH': '/opt/pal/gallium:/opt/ros/noetic', 'GAZEBO_RESOURCE_PATH': '/home/pal/ros_ws/src/va50:', 'ROS_WORKSPACE': '/home/pal/ros_ws', 'LESSCLOSE': '/usr/bin/lesspipe %s %s', 'PYTHONPATH': '/opt/pal/gallium/lib/python3/dist-packages:/opt/ros/noetic/lib/python3/dist-packages', 'TERM': 'xterm', 'VISP_INPUT_IMAGE_PATH': '/home/pal/visp-ws/visp-images', 'LESSOPEN': '| /usr/bin/lesspipe %s', 'USER': 'pal', 'RTT_COMPONENT_PATH': '/opt/pal/gallium/lib/orocos', 'DISPLAY': ':0', 'SHLVL': '1', 'PAL_DISTRO': 'gallium', 'ROS_MASTER_URI': 'http://localhost:11311/', 'LD_LIBRARY_PATH': '/opt/pal/gallium/lib:/opt/pal/gallium/lib/x86_64-linux-gnu:/opt/ros/noetic/lib:/opt/ros/noetic/lib/x86_64-linux-gnu:/usr/local/lib', 'GAZEBO_MODEL_PATH': '/home/pal/ros_ws/src/va50/models:', 'PATH': '/opt/pal/gallium/bin:/opt/ros/noetic/bin:/opt/pal/gallium/lib/pal_debian_utils/:/usr/local/sbin:/usr/local/bin:/usr/sbin:/usr/bin:/sbin:/bin', 'LUA_PATH': ';;/opt/pal/gallium/share/lua/5.1/?.lua;/opt/pal/gallium/share/lua/5.1/?.lua;/opt/pal/gallium/share/lua/5.1/?.lua;/opt/pal/gallium/share/lua/5.1/?.lua', 'DEBIAN_FRONTEND': 'noninteractive', 'ROS_ROOT': '/opt/ros/noetic/share/ros', 'ROS_DISTRO': 'noetic', 'QT_X11_NO_MITSHM': '1', '_': '/opt/ros/noetic/bin/roslaunch', 'LC_CTYPE': 'C.UTF-8', 'ROS_LOG_FILENAME': '/home/pal/.ros/log/cf7328aa-d14e-11f0-b8b6-9c2f9d99f7eb/roslaunch-epan-tiago-noetic-ssh-7898.log', 'LC_NUMERIC': 'C'}]
[roslaunch][INFO] 2025-12-04 21:50:00,239: process[is_already_there-11]: args[['/opt/pal/gallium/lib/play_motion/is_already_there.py', '__name:=is_already_there']]
[roslaunch][INFO] 2025-12-04 21:50:00,240: ... created process [is_already_there-11]
[roslaunch.pmon][INFO] 2025-12-04 21:50:00,243: ProcessMonitor.register[is_already_there-11]
[roslaunch.pmon][INFO] 2025-12-04 21:50:00,245: ProcessMonitor.register[is_already_there-11] complete
[roslaunch][INFO] 2025-12-04 21:50:00,247: ... registered process [is_already_there-11]
[roslaunch][INFO] 2025-12-04 21:50:00,249: process[is_already_there-11]: starting os process
[roslaunch][INFO] 2025-12-04 21:50:00,254: process[is_already_there-11]: start w/ args [['/opt/pal/gallium/lib/play_motion/is_already_there.py', '__name:=is_already_there', '__log:=/home/pal/.ros/log/cf7328aa-d14e-11f0-b8b6-9c2f9d99f7eb/is_already_there-11.log']]
[roslaunch][INFO] 2025-12-04 21:50:00,257: process[is_already_there-11]: cwd will be [/home/pal/.ros]
[roslaunch][INFO] 2025-12-04 21:50:00,302: process[is_already_there-11]: started with pid [7985]
[roslaunch][INFO] 2025-12-04 21:50:00,303: ... successfully launched [is_already_there-11]
[roslaunch][INFO] 2025-12-04 21:50:00,308: ... preparing to launch node of type [moveit_ros_move_group/move_group]
[roslaunch][INFO] 2025-12-04 21:50:00,308: create_node_process: package[moveit_ros_move_group] type[move_group] machine[Machine(name[] env_loader[None] address[localhost] ssh_port[22] user[None] assignable[True] timeout[10.0])] master_uri[http://localhost:11311/]
[roslaunch][INFO] 2025-12-04 21:50:00,313: process[move_group-12]: env[{'ROS_VERSION': '1', 'DISABLE_ROS1_EOL_WARNINGS': '1', 'PKG_CONFIG_PATH': '/opt/pal/gallium/lib/pkgconfig:/opt/pal/gallium/lib/x86_64-linux-gnu/pkgconfig:/opt/ros/noetic/lib/pkgconfig:/opt/ros/noetic/lib/x86_64-linux-gnu/pkgconfig', 'ROS_PYTHON_VERSION': '3', 'HOSTNAME': 'epan-tiago-noetic-ssh', 'VISP_WS': '/home/pal/visp-ws', 'ROS_PACKAGE_PATH': '/opt/pal/gallium/share:/opt/ros/noetic/share', 'ROSLISP_PACKAGE_DIRECTORIES': '', 'PWD': '/home/pal/ros_ws', 'XAUTHORITY': '', 'TZ': 'Europe/Paris', 'ROS_IP': '127.0.0.1', 'HOME': '/home/pal', 'ROS_ETC_DIR': '/opt/ros/noetic/etc/ros', 'LS_COLORS': 'rs=0:di=01;34:ln=01;36:mh=00:pi=40;33:so=01;35:do=01;35:bd=40;33;01:cd=40;33;01:or=40;31;01:mi=00:su=37;41:sg=30;43:ca=30;41:tw=30;42:ow=34;42:st=37;44:ex=01;32:*.tar=01;31:*.tgz=01;31:*.arc=01;31:*.arj=01;31:*.taz=01;31:*.lha=01;31:*.lz4=01;31:*.lzh=01;31:*.lzma=01;31:*.tlz=01;31:*.txz=01;31:*.tzo=01;31:*.t7z=01;31:*.zip=01;31:*.z=01;31:*.dz=01;31:*.gz=01;31:*.lrz=01;31:*.lz=01;31:*.lzo=01;31:*.xz=01;31:*.zst=01;31:*.tzst=01;31:*.bz2=01;31:*.bz=01;31:*.tbz=01;31:*.tbz2=01;31:*.tz=01;31:*.deb=01;31:*.rpm=01;31:*.jar=01;31:*.war=01;31:*.ear=01;31:*.sar=01;31:*.rar=01;31:*.alz=01;31:*.ace=01;31:*.zoo=01;31:*.cpio=01;31:*.7z=01;31:*.rz=01;31:*.cab=01;31:*.wim=01;31:*.swm=01;31:*.dwm=01;31:*.esd=01;31:*.jpg=01;35:*.jpeg=01;35:*.mjpg=01;35:*.mjpeg=01;35:*.gif=01;35:*.bmp=01;35:*.pbm=01;35:*.pgm=01;35:*.ppm=01;35:*.tga=01;35:*.xbm=01;35:*.xpm=01;35:*.tif=01;35:*.tiff=01;35:*.png=01;35:*.svg=01;35:*.svgz=01;35:*.mng=01;35:*.pcx=01;35:*.mov=01;35:*.mpg=01;35:*.mpeg=01;35:*.m2v=01;35:*.mkv=01;35:*.webm=01;35:*.ogm=01;35:*.mp4=01;35:*.m4v=01;35:*.mp4v=01;35:*.vob=01;35:*.qt=01;35:*.nuv=01;35:*.wmv=01;35:*.asf=01;35:*.rm=01;35:*.rmvb=01;35:*.flc=01;35:*.avi=01;35:*.fli=01;35:*.flv=01;35:*.gl=01;35:*.dl=01;35:*.xcf=01;35:*.xwd=01;35:*.yuv=01;35:*.cgm=01;35:*.emf=01;35:*.ogv=01;35:*.ogx=01;35:*.aac=00;36:*.au=00;36:*.flac=00;36:*.m4a=00;36:*.mid=00;36:*.midi=00;36:*.mka=00;36:*.mp3=00;36:*.mpc=00;36:*.ogg=00;36:*.ra=00;36:*.wav=00;36:*.oga=00;36:*.opus=00;36:*.spx=00;36:*.xspf=00;36:', 'OROCOS_TARGET': 'gnulinux', 'CMAKE_PREFIX_PATH': '/opt/pal/gallium:/opt/ros/noetic', 'GAZEBO_RESOURCE_PATH': '/home/pal/ros_ws/src/va50:', 'ROS_WORKSPACE': '/home/pal/ros_ws', 'LESSCLOSE': '/usr/bin/lesspipe %s %s', 'PYTHONPATH': '/opt/pal/gallium/lib/python3/dist-packages:/opt/ros/noetic/lib/python3/dist-packages', 'TERM': 'xterm', 'VISP_INPUT_IMAGE_PATH': '/home/pal/visp-ws/visp-images', 'LESSOPEN': '| /usr/bin/lesspipe %s', 'USER': 'pal', 'RTT_COMPONENT_PATH': '/opt/pal/gallium/lib/orocos', 'DISPLAY': ':0', 'SHLVL': '1', 'PAL_DISTRO': 'gallium', 'ROS_MASTER_URI': 'http://localhost:11311/', 'LD_LIBRARY_PATH': '/opt/pal/gallium/lib:/opt/pal/gallium/lib/x86_64-linux-gnu:/opt/ros/noetic/lib:/opt/ros/noetic/lib/x86_64-linux-gnu:/usr/local/lib', 'GAZEBO_MODEL_PATH': '/home/pal/ros_ws/src/va50/models:', 'PATH': '/opt/pal/gallium/bin:/opt/ros/noetic/bin:/opt/pal/gallium/lib/pal_debian_utils/:/usr/local/sbin:/usr/local/bin:/usr/sbin:/usr/bin:/sbin:/bin', 'LUA_PATH': ';;/opt/pal/gallium/share/lua/5.1/?.lua;/opt/pal/gallium/share/lua/5.1/?.lua;/opt/pal/gallium/share/lua/5.1/?.lua;/opt/pal/gallium/share/lua/5.1/?.lua', 'DEBIAN_FRONTEND': 'noninteractive', 'ROS_ROOT': '/opt/ros/noetic/share/ros', 'ROS_DISTRO': 'noetic', 'QT_X11_NO_MITSHM': '1', '_': '/opt/ros/noetic/bin/roslaunch', 'LC_CTYPE': 'C.UTF-8', 'ROS_LOG_FILENAME': '/home/pal/.ros/log/cf7328aa-d14e-11f0-b8b6-9c2f9d99f7eb/roslaunch-epan-tiago-noetic-ssh-7898.log', 'LC_NUMERIC': 'C'}]
[roslaunch][INFO] 2025-12-04 21:50:00,327: process[move_group-12]: args[['/opt/ros/noetic/lib/moveit_ros_move_group/move_group', '__name:=move_group']]
[roslaunch][INFO] 2025-12-04 21:50:00,331: ... created process [move_group-12]
[roslaunch.pmon][INFO] 2025-12-04 21:50:00,332: ProcessMonitor.register[move_group-12]
[roslaunch.pmon][INFO] 2025-12-04 21:50:00,335: ProcessMonitor.register[move_group-12] complete
[roslaunch][INFO] 2025-12-04 21:50:00,335: ... registered process [move_group-12]
[roslaunch][INFO] 2025-12-04 21:50:00,338: process[move_group-12]: starting os process
[roslaunch][INFO] 2025-12-04 21:50:00,340: process[move_group-12]: start w/ args [['/opt/ros/noetic/lib/moveit_ros_move_group/move_group', '__name:=move_group', '__log:=/home/pal/.ros/log/cf7328aa-d14e-11f0-b8b6-9c2f9d99f7eb/move_group-12.log']]
[roslaunch][INFO] 2025-12-04 21:50:00,342: process[move_group-12]: cwd will be [/home/pal/.ros]
[roslaunch][INFO] 2025-12-04 21:50:00,393: process[move_group-12]: started with pid [7998]
[roslaunch][INFO] 2025-12-04 21:50:00,394: ... successfully launched [move_group-12]
[roslaunch][INFO] 2025-12-04 21:50:00,394: ... preparing to launch node of type [robot_state_publisher/robot_state_publisher]
[roslaunch][INFO] 2025-12-04 21:50:00,394: create_node_process: package[robot_state_publisher] type[robot_state_publisher] machine[Machine(name[] env_loader[None] address[localhost] ssh_port[22] user[None] assignable[True] timeout[10.0])] master_uri[http://localhost:11311/]
[roslaunch][INFO] 2025-12-04 21:50:00,394: process[robot_state_publisher-13]: env[{'ROS_VERSION': '1', 'DISABLE_ROS1_EOL_WARNINGS': '1', 'PKG_CONFIG_PATH': '/opt/pal/gallium/lib/pkgconfig:/opt/pal/gallium/lib/x86_64-linux-gnu/pkgconfig:/opt/ros/noetic/lib/pkgconfig:/opt/ros/noetic/lib/x86_64-linux-gnu/pkgconfig', 'ROS_PYTHON_VERSION': '3', 'HOSTNAME': 'epan-tiago-noetic-ssh', 'VISP_WS': '/home/pal/visp-ws', 'ROS_PACKAGE_PATH': '/opt/pal/gallium/share:/opt/ros/noetic/share', 'ROSLISP_PACKAGE_DIRECTORIES': '', 'PWD': '/home/pal/ros_ws', 'XAUTHORITY': '', 'TZ': 'Europe/Paris', 'ROS_IP': '127.0.0.1', 'HOME': '/home/pal', 'ROS_ETC_DIR': '/opt/ros/noetic/etc/ros', 'LS_COLORS': 'rs=0:di=01;34:ln=01;36:mh=00:pi=40;33:so=01;35:do=01;35:bd=40;33;01:cd=40;33;01:or=40;31;01:mi=00:su=37;41:sg=30;43:ca=30;41:tw=30;42:ow=34;42:st=37;44:ex=01;32:*.tar=01;31:*.tgz=01;31:*.arc=01;31:*.arj=01;31:*.taz=01;31:*.lha=01;31:*.lz4=01;31:*.lzh=01;31:*.lzma=01;31:*.tlz=01;31:*.txz=01;31:*.tzo=01;31:*.t7z=01;31:*.zip=01;31:*.z=01;31:*.dz=01;31:*.gz=01;31:*.lrz=01;31:*.lz=01;31:*.lzo=01;31:*.xz=01;31:*.zst=01;31:*.tzst=01;31:*.bz2=01;31:*.bz=01;31:*.tbz=01;31:*.tbz2=01;31:*.tz=01;31:*.deb=01;31:*.rpm=01;31:*.jar=01;31:*.war=01;31:*.ear=01;31:*.sar=01;31:*.rar=01;31:*.alz=01;31:*.ace=01;31:*.zoo=01;31:*.cpio=01;31:*.7z=01;31:*.rz=01;31:*.cab=01;31:*.wim=01;31:*.swm=01;31:*.dwm=01;31:*.esd=01;31:*.jpg=01;35:*.jpeg=01;35:*.mjpg=01;35:*.mjpeg=01;35:*.gif=01;35:*.bmp=01;35:*.pbm=01;35:*.pgm=01;35:*.ppm=01;35:*.tga=01;35:*.xbm=01;35:*.xpm=01;35:*.tif=01;35:*.tiff=01;35:*.png=01;35:*.svg=01;35:*.svgz=01;35:*.mng=01;35:*.pcx=01;35:*.mov=01;35:*.mpg=01;35:*.mpeg=01;35:*.m2v=01;35:*.mkv=01;35:*.webm=01;35:*.ogm=01;35:*.mp4=01;35:*.m4v=01;35:*.mp4v=01;35:*.vob=01;35:*.qt=01;35:*.nuv=01;35:*.wmv=01;35:*.asf=01;35:*.rm=01;35:*.rmvb=01;35:*.flc=01;35:*.avi=01;35:*.fli=01;35:*.flv=01;35:*.gl=01;35:*.dl=01;35:*.xcf=01;35:*.xwd=01;35:*.yuv=01;35:*.cgm=01;35:*.emf=01;35:*.ogv=01;35:*.ogx=01;35:*.aac=00;36:*.au=00;36:*.flac=00;36:*.m4a=00;36:*.mid=00;36:*.midi=00;36:*.mka=00;36:*.mp3=00;36:*.mpc=00;36:*.ogg=00;36:*.ra=00;36:*.wav=00;36:*.oga=00;36:*.opus=00;36:*.spx=00;36:*.xspf=00;36:', 'OROCOS_TARGET': 'gnulinux', 'CMAKE_PREFIX_PATH': '/opt/pal/gallium:/opt/ros/noetic', 'GAZEBO_RESOURCE_PATH': '/home/pal/ros_ws/src/va50:', 'ROS_WORKSPACE': '/home/pal/ros_ws', 'LESSCLOSE': '/usr/bin/lesspipe %s %s', 'PYTHONPATH': '/opt/pal/gallium/lib/python3/dist-packages:/opt/ros/noetic/lib/python3/dist-packages', 'TERM': 'xterm', 'VISP_INPUT_IMAGE_PATH': '/home/pal/visp-ws/visp-images', 'LESSOPEN': '| /usr/bin/lesspipe %s', 'USER': 'pal', 'RTT_COMPONENT_PATH': '/opt/pal/gallium/lib/orocos', 'DISPLAY': ':0', 'SHLVL': '1', 'PAL_DISTRO': 'gallium', 'ROS_MASTER_URI': 'http://localhost:11311/', 'LD_LIBRARY_PATH': '/opt/pal/gallium/lib:/opt/pal/gallium/lib/x86_64-linux-gnu:/opt/ros/noetic/lib:/opt/ros/noetic/lib/x86_64-linux-gnu:/usr/local/lib', 'GAZEBO_MODEL_PATH': '/home/pal/ros_ws/src/va50/models:', 'PATH': '/opt/pal/gallium/bin:/opt/ros/noetic/bin:/opt/pal/gallium/lib/pal_debian_utils/:/usr/local/sbin:/usr/local/bin:/usr/sbin:/usr/bin:/sbin:/bin', 'LUA_PATH': ';;/opt/pal/gallium/share/lua/5.1/?.lua;/opt/pal/gallium/share/lua/5.1/?.lua;/opt/pal/gallium/share/lua/5.1/?.lua;/opt/pal/gallium/share/lua/5.1/?.lua', 'DEBIAN_FRONTEND': 'noninteractive', 'ROS_ROOT': '/opt/ros/noetic/share/ros', 'ROS_DISTRO': 'noetic', 'QT_X11_NO_MITSHM': '1', '_': '/opt/ros/noetic/bin/roslaunch', 'LC_CTYPE': 'C.UTF-8', 'ROS_LOG_FILENAME': '/home/pal/.ros/log/cf7328aa-d14e-11f0-b8b6-9c2f9d99f7eb/roslaunch-epan-tiago-noetic-ssh-7898.log', 'LC_NUMERIC': 'C'}]
[roslaunch][INFO] 2025-12-04 21:50:00,395: process[robot_state_publisher-13]: args[['/opt/ros/noetic/lib/robot_state_publisher/robot_state_publisher', '__name:=robot_state_publisher']]
[roslaunch][INFO] 2025-12-04 21:50:00,395: ... created process [robot_state_publisher-13]
[roslaunch.pmon][INFO] 2025-12-04 21:50:00,396: ProcessMonitor.register[robot_state_publisher-13]
[roslaunch.pmon][INFO] 2025-12-04 21:50:00,396: ProcessMonitor.register[robot_state_publisher-13] complete
[roslaunch][INFO] 2025-12-04 21:50:00,396: ... registered process [robot_state_publisher-13]
[roslaunch][INFO] 2025-12-04 21:50:00,396: process[robot_state_publisher-13]: starting os process
[roslaunch][INFO] 2025-12-04 21:50:00,396: process[robot_state_publisher-13]: start w/ args [['/opt/ros/noetic/lib/robot_state_publisher/robot_state_publisher', '__name:=robot_state_publisher', '__log:=/home/pal/.ros/log/cf7328aa-d14e-11f0-b8b6-9c2f9d99f7eb/robot_state_publisher-13.log']]
[roslaunch][INFO] 2025-12-04 21:50:00,428: process[robot_state_publisher-13]: cwd will be [/home/pal/.ros]
[roslaunch][INFO] 2025-12-04 21:50:00,502: process[robot_state_publisher-13]: started with pid [8020]
[roslaunch][INFO] 2025-12-04 21:50:00,503: ... successfully launched [robot_state_publisher-13]
[roslaunch][INFO] 2025-12-04 21:50:00,504: ... preparing to launch node of type [tf_lookup/tf_lookup]
[roslaunch][INFO] 2025-12-04 21:50:00,504: create_node_process: package[tf_lookup] type[tf_lookup] machine[Machine(name[] env_loader[None] address[localhost] ssh_port[22] user[None] assignable[True] timeout[10.0])] master_uri[http://localhost:11311/]
[roslaunch][INFO] 2025-12-04 21:50:00,505: process[tf_lookup-14]: env[{'ROS_VERSION': '1', 'DISABLE_ROS1_EOL_WARNINGS': '1', 'PKG_CONFIG_PATH': '/opt/pal/gallium/lib/pkgconfig:/opt/pal/gallium/lib/x86_64-linux-gnu/pkgconfig:/opt/ros/noetic/lib/pkgconfig:/opt/ros/noetic/lib/x86_64-linux-gnu/pkgconfig', 'ROS_PYTHON_VERSION': '3', 'HOSTNAME': 'epan-tiago-noetic-ssh', 'VISP_WS': '/home/pal/visp-ws', 'ROS_PACKAGE_PATH': '/opt/pal/gallium/share:/opt/ros/noetic/share', 'ROSLISP_PACKAGE_DIRECTORIES': '', 'PWD': '/home/pal/ros_ws', 'XAUTHORITY': '', 'TZ': 'Europe/Paris', 'ROS_IP': '127.0.0.1', 'HOME': '/home/pal', 'ROS_ETC_DIR': '/opt/ros/noetic/etc/ros', 'LS_COLORS': 'rs=0:di=01;34:ln=01;36:mh=00:pi=40;33:so=01;35:do=01;35:bd=40;33;01:cd=40;33;01:or=40;31;01:mi=00:su=37;41:sg=30;43:ca=30;41:tw=30;42:ow=34;42:st=37;44:ex=01;32:*.tar=01;31:*.tgz=01;31:*.arc=01;31:*.arj=01;31:*.taz=01;31:*.lha=01;31:*.lz4=01;31:*.lzh=01;31:*.lzma=01;31:*.tlz=01;31:*.txz=01;31:*.tzo=01;31:*.t7z=01;31:*.zip=01;31:*.z=01;31:*.dz=01;31:*.gz=01;31:*.lrz=01;31:*.lz=01;31:*.lzo=01;31:*.xz=01;31:*.zst=01;31:*.tzst=01;31:*.bz2=01;31:*.bz=01;31:*.tbz=01;31:*.tbz2=01;31:*.tz=01;31:*.deb=01;31:*.rpm=01;31:*.jar=01;31:*.war=01;31:*.ear=01;31:*.sar=01;31:*.rar=01;31:*.alz=01;31:*.ace=01;31:*.zoo=01;31:*.cpio=01;31:*.7z=01;31:*.rz=01;31:*.cab=01;31:*.wim=01;31:*.swm=01;31:*.dwm=01;31:*.esd=01;31:*.jpg=01;35:*.jpeg=01;35:*.mjpg=01;35:*.mjpeg=01;35:*.gif=01;35:*.bmp=01;35:*.pbm=01;35:*.pgm=01;35:*.ppm=01;35:*.tga=01;35:*.xbm=01;35:*.xpm=01;35:*.tif=01;35:*.tiff=01;35:*.png=01;35:*.svg=01;35:*.svgz=01;35:*.mng=01;35:*.pcx=01;35:*.mov=01;35:*.mpg=01;35:*.mpeg=01;35:*.m2v=01;35:*.mkv=01;35:*.webm=01;35:*.ogm=01;35:*.mp4=01;35:*.m4v=01;35:*.mp4v=01;35:*.vob=01;35:*.qt=01;35:*.nuv=01;35:*.wmv=01;35:*.asf=01;35:*.rm=01;35:*.rmvb=01;35:*.flc=01;35:*.avi=01;35:*.fli=01;35:*.flv=01;35:*.gl=01;35:*.dl=01;35:*.xcf=01;35:*.xwd=01;35:*.yuv=01;35:*.cgm=01;35:*.emf=01;35:*.ogv=01;35:*.ogx=01;35:*.aac=00;36:*.au=00;36:*.flac=00;36:*.m4a=00;36:*.mid=00;36:*.midi=00;36:*.mka=00;36:*.mp3=00;36:*.mpc=00;36:*.ogg=00;36:*.ra=00;36:*.wav=00;36:*.oga=00;36:*.opus=00;36:*.spx=00;36:*.xspf=00;36:', 'OROCOS_TARGET': 'gnulinux', 'CMAKE_PREFIX_PATH': '/opt/pal/gallium:/opt/ros/noetic', 'GAZEBO_RESOURCE_PATH': '/home/pal/ros_ws/src/va50:', 'ROS_WORKSPACE': '/home/pal/ros_ws', 'LESSCLOSE': '/usr/bin/lesspipe %s %s', 'PYTHONPATH': '/opt/pal/gallium/lib/python3/dist-packages:/opt/ros/noetic/lib/python3/dist-packages', 'TERM': 'xterm', 'VISP_INPUT_IMAGE_PATH': '/home/pal/visp-ws/visp-images', 'LESSOPEN': '| /usr/bin/lesspipe %s', 'USER': 'pal', 'RTT_COMPONENT_PATH': '/opt/pal/gallium/lib/orocos', 'DISPLAY': ':0', 'SHLVL': '1', 'PAL_DISTRO': 'gallium', 'ROS_MASTER_URI': 'http://localhost:11311/', 'LD_LIBRARY_PATH': '/opt/pal/gallium/lib:/opt/pal/gallium/lib/x86_64-linux-gnu:/opt/ros/noetic/lib:/opt/ros/noetic/lib/x86_64-linux-gnu:/usr/local/lib', 'GAZEBO_MODEL_PATH': '/home/pal/ros_ws/src/va50/models:', 'PATH': '/opt/pal/gallium/bin:/opt/ros/noetic/bin:/opt/pal/gallium/lib/pal_debian_utils/:/usr/local/sbin:/usr/local/bin:/usr/sbin:/usr/bin:/sbin:/bin', 'LUA_PATH': ';;/opt/pal/gallium/share/lua/5.1/?.lua;/opt/pal/gallium/share/lua/5.1/?.lua;/opt/pal/gallium/share/lua/5.1/?.lua;/opt/pal/gallium/share/lua/5.1/?.lua', 'DEBIAN_FRONTEND': 'noninteractive', 'ROS_ROOT': '/opt/ros/noetic/share/ros', 'ROS_DISTRO': 'noetic', 'QT_X11_NO_MITSHM': '1', '_': '/opt/ros/noetic/bin/roslaunch', 'LC_CTYPE': 'C.UTF-8', 'ROS_LOG_FILENAME': '/home/pal/.ros/log/cf7328aa-d14e-11f0-b8b6-9c2f9d99f7eb/roslaunch-epan-tiago-noetic-ssh-7898.log', 'LC_NUMERIC': 'C'}]
[roslaunch][INFO] 2025-12-04 21:50:00,508: process[tf_lookup-14]: args[['/opt/pal/gallium/lib/tf_lookup/tf_lookup', '__name:=tf_lookup']]
[roslaunch][INFO] 2025-12-04 21:50:00,513: ... created process [tf_lookup-14]
[roslaunch.pmon][INFO] 2025-12-04 21:50:00,513: ProcessMonitor.register[tf_lookup-14]
[roslaunch.pmon][INFO] 2025-12-04 21:50:00,514: ProcessMonitor.register[tf_lookup-14] complete
[roslaunch][INFO] 2025-12-04 21:50:00,514: ... registered process [tf_lookup-14]
[roslaunch][INFO] 2025-12-04 21:50:00,515: process[tf_lookup-14]: starting os process
[roslaunch][INFO] 2025-12-04 21:50:00,516: process[tf_lookup-14]: start w/ args [['/opt/pal/gallium/lib/tf_lookup/tf_lookup', '__name:=tf_lookup', '__log:=/home/pal/.ros/log/cf7328aa-d14e-11f0-b8b6-9c2f9d99f7eb/tf_lookup-14.log']]
[roslaunch][INFO] 2025-12-04 21:50:00,516: process[tf_lookup-14]: cwd will be [/home/pal/.ros]
[roslaunch][INFO] 2025-12-04 21:50:00,553: process[tf_lookup-14]: started with pid [8027]
[roslaunch][INFO] 2025-12-04 21:50:00,555: ... successfully launched [tf_lookup-14]
[roslaunch][INFO] 2025-12-04 21:50:00,556: ... preparing to launch node of type [twist_mux/twist_mux]
[roslaunch][INFO] 2025-12-04 21:50:00,558: create_node_process: package[twist_mux] type[twist_mux] machine[Machine(name[] env_loader[None] address[localhost] ssh_port[22] user[None] assignable[True] timeout[10.0])] master_uri[http://localhost:11311/]
[roslaunch][INFO] 2025-12-04 21:50:00,560: process[twist_mux-15]: env[{'ROS_VERSION': '1', 'DISABLE_ROS1_EOL_WARNINGS': '1', 'PKG_CONFIG_PATH': '/opt/pal/gallium/lib/pkgconfig:/opt/pal/gallium/lib/x86_64-linux-gnu/pkgconfig:/opt/ros/noetic/lib/pkgconfig:/opt/ros/noetic/lib/x86_64-linux-gnu/pkgconfig', 'ROS_PYTHON_VERSION': '3', 'HOSTNAME': 'epan-tiago-noetic-ssh', 'VISP_WS': '/home/pal/visp-ws', 'ROS_PACKAGE_PATH': '/opt/pal/gallium/share:/opt/ros/noetic/share', 'ROSLISP_PACKAGE_DIRECTORIES': '', 'PWD': '/home/pal/ros_ws', 'XAUTHORITY': '', 'TZ': 'Europe/Paris', 'ROS_IP': '127.0.0.1', 'HOME': '/home/pal', 'ROS_ETC_DIR': '/opt/ros/noetic/etc/ros', 'LS_COLORS': 'rs=0:di=01;34:ln=01;36:mh=00:pi=40;33:so=01;35:do=01;35:bd=40;33;01:cd=40;33;01:or=40;31;01:mi=00:su=37;41:sg=30;43:ca=30;41:tw=30;42:ow=34;42:st=37;44:ex=01;32:*.tar=01;31:*.tgz=01;31:*.arc=01;31:*.arj=01;31:*.taz=01;31:*.lha=01;31:*.lz4=01;31:*.lzh=01;31:*.lzma=01;31:*.tlz=01;31:*.txz=01;31:*.tzo=01;31:*.t7z=01;31:*.zip=01;31:*.z=01;31:*.dz=01;31:*.gz=01;31:*.lrz=01;31:*.lz=01;31:*.lzo=01;31:*.xz=01;31:*.zst=01;31:*.tzst=01;31:*.bz2=01;31:*.bz=01;31:*.tbz=01;31:*.tbz2=01;31:*.tz=01;31:*.deb=01;31:*.rpm=01;31:*.jar=01;31:*.war=01;31:*.ear=01;31:*.sar=01;31:*.rar=01;31:*.alz=01;31:*.ace=01;31:*.zoo=01;31:*.cpio=01;31:*.7z=01;31:*.rz=01;31:*.cab=01;31:*.wim=01;31:*.swm=01;31:*.dwm=01;31:*.esd=01;31:*.jpg=01;35:*.jpeg=01;35:*.mjpg=01;35:*.mjpeg=01;35:*.gif=01;35:*.bmp=01;35:*.pbm=01;35:*.pgm=01;35:*.ppm=01;35:*.tga=01;35:*.xbm=01;35:*.xpm=01;35:*.tif=01;35:*.tiff=01;35:*.png=01;35:*.svg=01;35:*.svgz=01;35:*.mng=01;35:*.pcx=01;35:*.mov=01;35:*.mpg=01;35:*.mpeg=01;35:*.m2v=01;35:*.mkv=01;35:*.webm=01;35:*.ogm=01;35:*.mp4=01;35:*.m4v=01;35:*.mp4v=01;35:*.vob=01;35:*.qt=01;35:*.nuv=01;35:*.wmv=01;35:*.asf=01;35:*.rm=01;35:*.rmvb=01;35:*.flc=01;35:*.avi=01;35:*.fli=01;35:*.flv=01;35:*.gl=01;35:*.dl=01;35:*.xcf=01;35:*.xwd=01;35:*.yuv=01;35:*.cgm=01;35:*.emf=01;35:*.ogv=01;35:*.ogx=01;35:*.aac=00;36:*.au=00;36:*.flac=00;36:*.m4a=00;36:*.mid=00;36:*.midi=00;36:*.mka=00;36:*.mp3=00;36:*.mpc=00;36:*.ogg=00;36:*.ra=00;36:*.wav=00;36:*.oga=00;36:*.opus=00;36:*.spx=00;36:*.xspf=00;36:', 'OROCOS_TARGET': 'gnulinux', 'CMAKE_PREFIX_PATH': '/opt/pal/gallium:/opt/ros/noetic', 'GAZEBO_RESOURCE_PATH': '/home/pal/ros_ws/src/va50:', 'ROS_WORKSPACE': '/home/pal/ros_ws', 'LESSCLOSE': '/usr/bin/lesspipe %s %s', 'PYTHONPATH': '/opt/pal/gallium/lib/python3/dist-packages:/opt/ros/noetic/lib/python3/dist-packages', 'TERM': 'xterm', 'VISP_INPUT_IMAGE_PATH': '/home/pal/visp-ws/visp-images', 'LESSOPEN': '| /usr/bin/lesspipe %s', 'USER': 'pal', 'RTT_COMPONENT_PATH': '/opt/pal/gallium/lib/orocos', 'DISPLAY': ':0', 'SHLVL': '1', 'PAL_DISTRO': 'gallium', 'ROS_MASTER_URI': 'http://localhost:11311/', 'LD_LIBRARY_PATH': '/opt/pal/gallium/lib:/opt/pal/gallium/lib/x86_64-linux-gnu:/opt/ros/noetic/lib:/opt/ros/noetic/lib/x86_64-linux-gnu:/usr/local/lib', 'GAZEBO_MODEL_PATH': '/home/pal/ros_ws/src/va50/models:', 'PATH': '/opt/pal/gallium/bin:/opt/ros/noetic/bin:/opt/pal/gallium/lib/pal_debian_utils/:/usr/local/sbin:/usr/local/bin:/usr/sbin:/usr/bin:/sbin:/bin', 'LUA_PATH': ';;/opt/pal/gallium/share/lua/5.1/?.lua;/opt/pal/gallium/share/lua/5.1/?.lua;/opt/pal/gallium/share/lua/5.1/?.lua;/opt/pal/gallium/share/lua/5.1/?.lua', 'DEBIAN_FRONTEND': 'noninteractive', 'ROS_ROOT': '/opt/ros/noetic/share/ros', 'ROS_DISTRO': 'noetic', 'QT_X11_NO_MITSHM': '1', '_': '/opt/ros/noetic/bin/roslaunch', 'LC_CTYPE': 'C.UTF-8', 'ROS_LOG_FILENAME': '/home/pal/.ros/log/cf7328aa-d14e-11f0-b8b6-9c2f9d99f7eb/roslaunch-epan-tiago-noetic-ssh-7898.log', 'LC_NUMERIC': 'C'}]
[roslaunch][INFO] 2025-12-04 21:50:00,564: process[twist_mux-15]: args[['/opt/ros/noetic/lib/twist_mux/twist_mux', 'cmd_vel_out:=mobile_base_controller/cmd_vel', '__name:=twist_mux']]
[roslaunch][INFO] 2025-12-04 21:50:00,564: ... created process [twist_mux-15]
[roslaunch.pmon][INFO] 2025-12-04 21:50:00,564: ProcessMonitor.register[twist_mux-15]
[roslaunch.pmon][INFO] 2025-12-04 21:50:00,565: ProcessMonitor.register[twist_mux-15] complete
[roslaunch][INFO] 2025-12-04 21:50:00,565: ... registered process [twist_mux-15]
[roslaunch][INFO] 2025-12-04 21:50:00,565: process[twist_mux-15]: starting os process
[roslaunch][INFO] 2025-12-04 21:50:00,565: process[twist_mux-15]: start w/ args [['/opt/ros/noetic/lib/twist_mux/twist_mux', 'cmd_vel_out:=mobile_base_controller/cmd_vel', '__name:=twist_mux', '__log:=/home/pal/.ros/log/cf7328aa-d14e-11f0-b8b6-9c2f9d99f7eb/twist_mux-15.log']]
[roslaunch][INFO] 2025-12-04 21:50:00,565: process[twist_mux-15]: cwd will be [/home/pal/.ros]
[roslaunch][INFO] 2025-12-04 21:50:00,578: process[twist_mux-15]: started with pid [8029]
[roslaunch][INFO] 2025-12-04 21:50:00,581: ... successfully launched [twist_mux-15]
[roslaunch][INFO] 2025-12-04 21:50:00,581: ... preparing to launch node of type [twist_mux/twist_marker]
[roslaunch][INFO] 2025-12-04 21:50:00,582: create_node_process: package[twist_mux] type[twist_marker] machine[Machine(name[] env_loader[None] address[localhost] ssh_port[22] user[None] assignable[True] timeout[10.0])] master_uri[http://localhost:11311/]
[roslaunch][INFO] 2025-12-04 21:50:00,584: process[twist_marker-16]: env[{'ROS_VERSION': '1', 'DISABLE_ROS1_EOL_WARNINGS': '1', 'PKG_CONFIG_PATH': '/opt/pal/gallium/lib/pkgconfig:/opt/pal/gallium/lib/x86_64-linux-gnu/pkgconfig:/opt/ros/noetic/lib/pkgconfig:/opt/ros/noetic/lib/x86_64-linux-gnu/pkgconfig', 'ROS_PYTHON_VERSION': '3', 'HOSTNAME': 'epan-tiago-noetic-ssh', 'VISP_WS': '/home/pal/visp-ws', 'ROS_PACKAGE_PATH': '/opt/pal/gallium/share:/opt/ros/noetic/share', 'ROSLISP_PACKAGE_DIRECTORIES': '', 'PWD': '/home/pal/ros_ws', 'XAUTHORITY': '', 'TZ': 'Europe/Paris', 'ROS_IP': '127.0.0.1', 'HOME': '/home/pal', 'ROS_ETC_DIR': '/opt/ros/noetic/etc/ros', 'LS_COLORS': 'rs=0:di=01;34:ln=01;36:mh=00:pi=40;33:so=01;35:do=01;35:bd=40;33;01:cd=40;33;01:or=40;31;01:mi=00:su=37;41:sg=30;43:ca=30;41:tw=30;42:ow=34;42:st=37;44:ex=01;32:*.tar=01;31:*.tgz=01;31:*.arc=01;31:*.arj=01;31:*.taz=01;31:*.lha=01;31:*.lz4=01;31:*.lzh=01;31:*.lzma=01;31:*.tlz=01;31:*.txz=01;31:*.tzo=01;31:*.t7z=01;31:*.zip=01;31:*.z=01;31:*.dz=01;31:*.gz=01;31:*.lrz=01;31:*.lz=01;31:*.lzo=01;31:*.xz=01;31:*.zst=01;31:*.tzst=01;31:*.bz2=01;31:*.bz=01;31:*.tbz=01;31:*.tbz2=01;31:*.tz=01;31:*.deb=01;31:*.rpm=01;31:*.jar=01;31:*.war=01;31:*.ear=01;31:*.sar=01;31:*.rar=01;31:*.alz=01;31:*.ace=01;31:*.zoo=01;31:*.cpio=01;31:*.7z=01;31:*.rz=01;31:*.cab=01;31:*.wim=01;31:*.swm=01;31:*.dwm=01;31:*.esd=01;31:*.jpg=01;35:*.jpeg=01;35:*.mjpg=01;35:*.mjpeg=01;35:*.gif=01;35:*.bmp=01;35:*.pbm=01;35:*.pgm=01;35:*.ppm=01;35:*.tga=01;35:*.xbm=01;35:*.xpm=01;35:*.tif=01;35:*.tiff=01;35:*.png=01;35:*.svg=01;35:*.svgz=01;35:*.mng=01;35:*.pcx=01;35:*.mov=01;35:*.mpg=01;35:*.mpeg=01;35:*.m2v=01;35:*.mkv=01;35:*.webm=01;35:*.ogm=01;35:*.mp4=01;35:*.m4v=01;35:*.mp4v=01;35:*.vob=01;35:*.qt=01;35:*.nuv=01;35:*.wmv=01;35:*.asf=01;35:*.rm=01;35:*.rmvb=01;35:*.flc=01;35:*.avi=01;35:*.fli=01;35:*.flv=01;35:*.gl=01;35:*.dl=01;35:*.xcf=01;35:*.xwd=01;35:*.yuv=01;35:*.cgm=01;35:*.emf=01;35:*.ogv=01;35:*.ogx=01;35:*.aac=00;36:*.au=00;36:*.flac=00;36:*.m4a=00;36:*.mid=00;36:*.midi=00;36:*.mka=00;36:*.mp3=00;36:*.mpc=00;36:*.ogg=00;36:*.ra=00;36:*.wav=00;36:*.oga=00;36:*.opus=00;36:*.spx=00;36:*.xspf=00;36:', 'OROCOS_TARGET': 'gnulinux', 'CMAKE_PREFIX_PATH': '/opt/pal/gallium:/opt/ros/noetic', 'GAZEBO_RESOURCE_PATH': '/home/pal/ros_ws/src/va50:', 'ROS_WORKSPACE': '/home/pal/ros_ws', 'LESSCLOSE': '/usr/bin/lesspipe %s %s', 'PYTHONPATH': '/opt/pal/gallium/lib/python3/dist-packages:/opt/ros/noetic/lib/python3/dist-packages', 'TERM': 'xterm', 'VISP_INPUT_IMAGE_PATH': '/home/pal/visp-ws/visp-images', 'LESSOPEN': '| /usr/bin/lesspipe %s', 'USER': 'pal', 'RTT_COMPONENT_PATH': '/opt/pal/gallium/lib/orocos', 'DISPLAY': ':0', 'SHLVL': '1', 'PAL_DISTRO': 'gallium', 'ROS_MASTER_URI': 'http://localhost:11311/', 'LD_LIBRARY_PATH': '/opt/pal/gallium/lib:/opt/pal/gallium/lib/x86_64-linux-gnu:/opt/ros/noetic/lib:/opt/ros/noetic/lib/x86_64-linux-gnu:/usr/local/lib', 'GAZEBO_MODEL_PATH': '/home/pal/ros_ws/src/va50/models:', 'PATH': '/opt/pal/gallium/bin:/opt/ros/noetic/bin:/opt/pal/gallium/lib/pal_debian_utils/:/usr/local/sbin:/usr/local/bin:/usr/sbin:/usr/bin:/sbin:/bin', 'LUA_PATH': ';;/opt/pal/gallium/share/lua/5.1/?.lua;/opt/pal/gallium/share/lua/5.1/?.lua;/opt/pal/gallium/share/lua/5.1/?.lua;/opt/pal/gallium/share/lua/5.1/?.lua', 'DEBIAN_FRONTEND': 'noninteractive', 'ROS_ROOT': '/opt/ros/noetic/share/ros', 'ROS_DISTRO': 'noetic', 'QT_X11_NO_MITSHM': '1', '_': '/opt/ros/noetic/bin/roslaunch', 'LC_CTYPE': 'C.UTF-8', 'ROS_LOG_FILENAME': '/home/pal/.ros/log/cf7328aa-d14e-11f0-b8b6-9c2f9d99f7eb/roslaunch-epan-tiago-noetic-ssh-7898.log', 'LC_NUMERIC': 'C'}]
[roslaunch][INFO] 2025-12-04 21:50:00,588: process[twist_marker-16]: args[['/opt/ros/noetic/lib/twist_mux/twist_marker', 'twist:=mobile_base_controller/cmd_vel', 'marker:=twist_marker', '__name:=twist_marker']]
[roslaunch][INFO] 2025-12-04 21:50:00,589: ... created process [twist_marker-16]
[roslaunch.pmon][INFO] 2025-12-04 21:50:00,589: ProcessMonitor.register[twist_marker-16]
[roslaunch.pmon][INFO] 2025-12-04 21:50:00,591: ProcessMonitor.register[twist_marker-16] complete
[roslaunch][INFO] 2025-12-04 21:50:00,591: ... registered process [twist_marker-16]
[roslaunch][INFO] 2025-12-04 21:50:00,592: process[twist_marker-16]: starting os process
[roslaunch][INFO] 2025-12-04 21:50:00,593: process[twist_marker-16]: start w/ args [['/opt/ros/noetic/lib/twist_mux/twist_marker', 'twist:=mobile_base_controller/cmd_vel', 'marker:=twist_marker', '__name:=twist_marker', '__log:=/home/pal/.ros/log/cf7328aa-d14e-11f0-b8b6-9c2f9d99f7eb/twist_marker-16.log']]
[roslaunch][INFO] 2025-12-04 21:50:00,594: process[twist_marker-16]: cwd will be [/home/pal/.ros]
[roslaunch][INFO] 2025-12-04 21:50:00,698: process[twist_marker-16]: started with pid [8038]
[roslaunch][INFO] 2025-12-04 21:50:00,711: ... successfully launched [twist_marker-16]
[roslaunch][INFO] 2025-12-04 21:50:00,715: ... preparing to launch node of type [twist_mux/joystick_relay.py]
[roslaunch][INFO] 2025-12-04 21:50:00,716: create_node_process: package[twist_mux] type[joystick_relay.py] machine[Machine(name[] env_loader[None] address[localhost] ssh_port[22] user[None] assignable[True] timeout[10.0])] master_uri[http://localhost:11311/]
[roslaunch][INFO] 2025-12-04 21:50:00,719: process[joystick_relay-17]: env[{'ROS_VERSION': '1', 'DISABLE_ROS1_EOL_WARNINGS': '1', 'PKG_CONFIG_PATH': '/opt/pal/gallium/lib/pkgconfig:/opt/pal/gallium/lib/x86_64-linux-gnu/pkgconfig:/opt/ros/noetic/lib/pkgconfig:/opt/ros/noetic/lib/x86_64-linux-gnu/pkgconfig', 'ROS_PYTHON_VERSION': '3', 'HOSTNAME': 'epan-tiago-noetic-ssh', 'VISP_WS': '/home/pal/visp-ws', 'ROS_PACKAGE_PATH': '/opt/pal/gallium/share:/opt/ros/noetic/share', 'ROSLISP_PACKAGE_DIRECTORIES': '', 'PWD': '/home/pal/ros_ws', 'XAUTHORITY': '', 'TZ': 'Europe/Paris', 'ROS_IP': '127.0.0.1', 'HOME': '/home/pal', 'ROS_ETC_DIR': '/opt/ros/noetic/etc/ros', 'LS_COLORS': 'rs=0:di=01;34:ln=01;36:mh=00:pi=40;33:so=01;35:do=01;35:bd=40;33;01:cd=40;33;01:or=40;31;01:mi=00:su=37;41:sg=30;43:ca=30;41:tw=30;42:ow=34;42:st=37;44:ex=01;32:*.tar=01;31:*.tgz=01;31:*.arc=01;31:*.arj=01;31:*.taz=01;31:*.lha=01;31:*.lz4=01;31:*.lzh=01;31:*.lzma=01;31:*.tlz=01;31:*.txz=01;31:*.tzo=01;31:*.t7z=01;31:*.zip=01;31:*.z=01;31:*.dz=01;31:*.gz=01;31:*.lrz=01;31:*.lz=01;31:*.lzo=01;31:*.xz=01;31:*.zst=01;31:*.tzst=01;31:*.bz2=01;31:*.bz=01;31:*.tbz=01;31:*.tbz2=01;31:*.tz=01;31:*.deb=01;31:*.rpm=01;31:*.jar=01;31:*.war=01;31:*.ear=01;31:*.sar=01;31:*.rar=01;31:*.alz=01;31:*.ace=01;31:*.zoo=01;31:*.cpio=01;31:*.7z=01;31:*.rz=01;31:*.cab=01;31:*.wim=01;31:*.swm=01;31:*.dwm=01;31:*.esd=01;31:*.jpg=01;35:*.jpeg=01;35:*.mjpg=01;35:*.mjpeg=01;35:*.gif=01;35:*.bmp=01;35:*.pbm=01;35:*.pgm=01;35:*.ppm=01;35:*.tga=01;35:*.xbm=01;35:*.xpm=01;35:*.tif=01;35:*.tiff=01;35:*.png=01;35:*.svg=01;35:*.svgz=01;35:*.mng=01;35:*.pcx=01;35:*.mov=01;35:*.mpg=01;35:*.mpeg=01;35:*.m2v=01;35:*.mkv=01;35:*.webm=01;35:*.ogm=01;35:*.mp4=01;35:*.m4v=01;35:*.mp4v=01;35:*.vob=01;35:*.qt=01;35:*.nuv=01;35:*.wmv=01;35:*.asf=01;35:*.rm=01;35:*.rmvb=01;35:*.flc=01;35:*.avi=01;35:*.fli=01;35:*.flv=01;35:*.gl=01;35:*.dl=01;35:*.xcf=01;35:*.xwd=01;35:*.yuv=01;35:*.cgm=01;35:*.emf=01;35:*.ogv=01;35:*.ogx=01;35:*.aac=00;36:*.au=00;36:*.flac=00;36:*.m4a=00;36:*.mid=00;36:*.midi=00;36:*.mka=00;36:*.mp3=00;36:*.mpc=00;36:*.ogg=00;36:*.ra=00;36:*.wav=00;36:*.oga=00;36:*.opus=00;36:*.spx=00;36:*.xspf=00;36:', 'OROCOS_TARGET': 'gnulinux', 'CMAKE_PREFIX_PATH': '/opt/pal/gallium:/opt/ros/noetic', 'GAZEBO_RESOURCE_PATH': '/home/pal/ros_ws/src/va50:', 'ROS_WORKSPACE': '/home/pal/ros_ws', 'LESSCLOSE': '/usr/bin/lesspipe %s %s', 'PYTHONPATH': '/opt/pal/gallium/lib/python3/dist-packages:/opt/ros/noetic/lib/python3/dist-packages', 'TERM': 'xterm', 'VISP_INPUT_IMAGE_PATH': '/home/pal/visp-ws/visp-images', 'LESSOPEN': '| /usr/bin/lesspipe %s', 'USER': 'pal', 'RTT_COMPONENT_PATH': '/opt/pal/gallium/lib/orocos', 'DISPLAY': ':0', 'SHLVL': '1', 'PAL_DISTRO': 'gallium', 'ROS_MASTER_URI': 'http://localhost:11311/', 'LD_LIBRARY_PATH': '/opt/pal/gallium/lib:/opt/pal/gallium/lib/x86_64-linux-gnu:/opt/ros/noetic/lib:/opt/ros/noetic/lib/x86_64-linux-gnu:/usr/local/lib', 'GAZEBO_MODEL_PATH': '/home/pal/ros_ws/src/va50/models:', 'PATH': '/opt/pal/gallium/bin:/opt/ros/noetic/bin:/opt/pal/gallium/lib/pal_debian_utils/:/usr/local/sbin:/usr/local/bin:/usr/sbin:/usr/bin:/sbin:/bin', 'LUA_PATH': ';;/opt/pal/gallium/share/lua/5.1/?.lua;/opt/pal/gallium/share/lua/5.1/?.lua;/opt/pal/gallium/share/lua/5.1/?.lua;/opt/pal/gallium/share/lua/5.1/?.lua', 'DEBIAN_FRONTEND': 'noninteractive', 'ROS_ROOT': '/opt/ros/noetic/share/ros', 'ROS_DISTRO': 'noetic', 'QT_X11_NO_MITSHM': '1', '_': '/opt/ros/noetic/bin/roslaunch', 'LC_CTYPE': 'C.UTF-8', 'ROS_LOG_FILENAME': '/home/pal/.ros/log/cf7328aa-d14e-11f0-b8b6-9c2f9d99f7eb/roslaunch-epan-tiago-noetic-ssh-7898.log', 'LC_NUMERIC': 'C'}]
[roslaunch][INFO] 2025-12-04 21:50:00,729: process[joystick_relay-17]: args[['/opt/ros/noetic/lib/twist_mux/joystick_relay.py', 'joy_vel_in:=input_joy/cmd_vel', 'joy_vel_out:=joy_vel', '__name:=joystick_relay']]
[roslaunch][INFO] 2025-12-04 21:50:00,731: ... created process [joystick_relay-17]
[roslaunch.pmon][INFO] 2025-12-04 21:50:00,732: ProcessMonitor.register[joystick_relay-17]
[roslaunch.pmon][INFO] 2025-12-04 21:50:00,734: ProcessMonitor.register[joystick_relay-17] complete
[roslaunch][INFO] 2025-12-04 21:50:00,736: ... registered process [joystick_relay-17]
[roslaunch][INFO] 2025-12-04 21:50:00,737: process[joystick_relay-17]: starting os process
[roslaunch][INFO] 2025-12-04 21:50:00,738: process[joystick_relay-17]: start w/ args [['/opt/ros/noetic/lib/twist_mux/joystick_relay.py', 'joy_vel_in:=input_joy/cmd_vel', 'joy_vel_out:=joy_vel', '__name:=joystick_relay', '__log:=/home/pal/.ros/log/cf7328aa-d14e-11f0-b8b6-9c2f9d99f7eb/joystick_relay-17.log']]
[roslaunch][INFO] 2025-12-04 21:50:00,740: process[joystick_relay-17]: cwd will be [/home/pal/.ros]
[roslaunch][INFO] 2025-12-04 21:50:00,758: process[joystick_relay-17]: started with pid [8054]
[roslaunch][INFO] 2025-12-04 21:50:00,760: ... successfully launched [joystick_relay-17]
[roslaunch][INFO] 2025-12-04 21:50:00,762: ... preparing to launch node of type [dynamic_footprint/dynamic_footprint_publisher.py]
[roslaunch][INFO] 2025-12-04 21:50:00,764: create_node_process: package[dynamic_footprint] type[dynamic_footprint_publisher.py] machine[Machine(name[] env_loader[None] address[localhost] ssh_port[22] user[None] assignable[True] timeout[10.0])] master_uri[http://localhost:11311/]
[roslaunch][INFO] 2025-12-04 21:50:00,765: process[dynamic_footprint_publisher-18]: env[{'ROS_VERSION': '1', 'DISABLE_ROS1_EOL_WARNINGS': '1', 'PKG_CONFIG_PATH': '/opt/pal/gallium/lib/pkgconfig:/opt/pal/gallium/lib/x86_64-linux-gnu/pkgconfig:/opt/ros/noetic/lib/pkgconfig:/opt/ros/noetic/lib/x86_64-linux-gnu/pkgconfig', 'ROS_PYTHON_VERSION': '3', 'HOSTNAME': 'epan-tiago-noetic-ssh', 'VISP_WS': '/home/pal/visp-ws', 'ROS_PACKAGE_PATH': '/opt/pal/gallium/share:/opt/ros/noetic/share', 'ROSLISP_PACKAGE_DIRECTORIES': '', 'PWD': '/home/pal/ros_ws', 'XAUTHORITY': '', 'TZ': 'Europe/Paris', 'ROS_IP': '127.0.0.1', 'HOME': '/home/pal', 'ROS_ETC_DIR': '/opt/ros/noetic/etc/ros', 'LS_COLORS': 'rs=0:di=01;34:ln=01;36:mh=00:pi=40;33:so=01;35:do=01;35:bd=40;33;01:cd=40;33;01:or=40;31;01:mi=00:su=37;41:sg=30;43:ca=30;41:tw=30;42:ow=34;42:st=37;44:ex=01;32:*.tar=01;31:*.tgz=01;31:*.arc=01;31:*.arj=01;31:*.taz=01;31:*.lha=01;31:*.lz4=01;31:*.lzh=01;31:*.lzma=01;31:*.tlz=01;31:*.txz=01;31:*.tzo=01;31:*.t7z=01;31:*.zip=01;31:*.z=01;31:*.dz=01;31:*.gz=01;31:*.lrz=01;31:*.lz=01;31:*.lzo=01;31:*.xz=01;31:*.zst=01;31:*.tzst=01;31:*.bz2=01;31:*.bz=01;31:*.tbz=01;31:*.tbz2=01;31:*.tz=01;31:*.deb=01;31:*.rpm=01;31:*.jar=01;31:*.war=01;31:*.ear=01;31:*.sar=01;31:*.rar=01;31:*.alz=01;31:*.ace=01;31:*.zoo=01;31:*.cpio=01;31:*.7z=01;31:*.rz=01;31:*.cab=01;31:*.wim=01;31:*.swm=01;31:*.dwm=01;31:*.esd=01;31:*.jpg=01;35:*.jpeg=01;35:*.mjpg=01;35:*.mjpeg=01;35:*.gif=01;35:*.bmp=01;35:*.pbm=01;35:*.pgm=01;35:*.ppm=01;35:*.tga=01;35:*.xbm=01;35:*.xpm=01;35:*.tif=01;35:*.tiff=01;35:*.png=01;35:*.svg=01;35:*.svgz=01;35:*.mng=01;35:*.pcx=01;35:*.mov=01;35:*.mpg=01;35:*.mpeg=01;35:*.m2v=01;35:*.mkv=01;35:*.webm=01;35:*.ogm=01;35:*.mp4=01;35:*.m4v=01;35:*.mp4v=01;35:*.vob=01;35:*.qt=01;35:*.nuv=01;35:*.wmv=01;35:*.asf=01;35:*.rm=01;35:*.rmvb=01;35:*.flc=01;35:*.avi=01;35:*.fli=01;35:*.flv=01;35:*.gl=01;35:*.dl=01;35:*.xcf=01;35:*.xwd=01;35:*.yuv=01;35:*.cgm=01;35:*.emf=01;35:*.ogv=01;35:*.ogx=01;35:*.aac=00;36:*.au=00;36:*.flac=00;36:*.m4a=00;36:*.mid=00;36:*.midi=00;36:*.mka=00;36:*.mp3=00;36:*.mpc=00;36:*.ogg=00;36:*.ra=00;36:*.wav=00;36:*.oga=00;36:*.opus=00;36:*.spx=00;36:*.xspf=00;36:', 'OROCOS_TARGET': 'gnulinux', 'CMAKE_PREFIX_PATH': '/opt/pal/gallium:/opt/ros/noetic', 'GAZEBO_RESOURCE_PATH': '/home/pal/ros_ws/src/va50:', 'ROS_WORKSPACE': '/home/pal/ros_ws', 'LESSCLOSE': '/usr/bin/lesspipe %s %s', 'PYTHONPATH': '/opt/pal/gallium/lib/python3/dist-packages:/opt/ros/noetic/lib/python3/dist-packages', 'TERM': 'xterm', 'VISP_INPUT_IMAGE_PATH': '/home/pal/visp-ws/visp-images', 'LESSOPEN': '| /usr/bin/lesspipe %s', 'USER': 'pal', 'RTT_COMPONENT_PATH': '/opt/pal/gallium/lib/orocos', 'DISPLAY': ':0', 'SHLVL': '1', 'PAL_DISTRO': 'gallium', 'ROS_MASTER_URI': 'http://localhost:11311/', 'LD_LIBRARY_PATH': '/opt/pal/gallium/lib:/opt/pal/gallium/lib/x86_64-linux-gnu:/opt/ros/noetic/lib:/opt/ros/noetic/lib/x86_64-linux-gnu:/usr/local/lib', 'GAZEBO_MODEL_PATH': '/home/pal/ros_ws/src/va50/models:', 'PATH': '/opt/pal/gallium/bin:/opt/ros/noetic/bin:/opt/pal/gallium/lib/pal_debian_utils/:/usr/local/sbin:/usr/local/bin:/usr/sbin:/usr/bin:/sbin:/bin', 'LUA_PATH': ';;/opt/pal/gallium/share/lua/5.1/?.lua;/opt/pal/gallium/share/lua/5.1/?.lua;/opt/pal/gallium/share/lua/5.1/?.lua;/opt/pal/gallium/share/lua/5.1/?.lua', 'DEBIAN_FRONTEND': 'noninteractive', 'ROS_ROOT': '/opt/ros/noetic/share/ros', 'ROS_DISTRO': 'noetic', 'QT_X11_NO_MITSHM': '1', '_': '/opt/ros/noetic/bin/roslaunch', 'LC_CTYPE': 'C.UTF-8', 'ROS_LOG_FILENAME': '/home/pal/.ros/log/cf7328aa-d14e-11f0-b8b6-9c2f9d99f7eb/roslaunch-epan-tiago-noetic-ssh-7898.log', 'LC_NUMERIC': 'C'}]
[roslaunch][INFO] 2025-12-04 21:50:00,776: process[dynamic_footprint_publisher-18]: args[['/opt/pal/gallium/lib/dynamic_footprint/dynamic_footprint_publisher.py', '__name:=dynamic_footprint_publisher']]
[roslaunch][INFO] 2025-12-04 21:50:00,779: ... created process [dynamic_footprint_publisher-18]
[roslaunch.pmon][INFO] 2025-12-04 21:50:00,780: ProcessMonitor.register[dynamic_footprint_publisher-18]
[roslaunch.pmon][INFO] 2025-12-04 21:50:00,782: ProcessMonitor.register[dynamic_footprint_publisher-18] complete
[roslaunch][INFO] 2025-12-04 21:50:00,783: ... registered process [dynamic_footprint_publisher-18]
[roslaunch][INFO] 2025-12-04 21:50:00,785: process[dynamic_footprint_publisher-18]: starting os process
[roslaunch][INFO] 2025-12-04 21:50:00,788: process[dynamic_footprint_publisher-18]: start w/ args [['/opt/pal/gallium/lib/dynamic_footprint/dynamic_footprint_publisher.py', '__name:=dynamic_footprint_publisher', '__log:=/home/pal/.ros/log/cf7328aa-d14e-11f0-b8b6-9c2f9d99f7eb/dynamic_footprint_publisher-18.log']]
[roslaunch][INFO] 2025-12-04 21:50:00,789: process[dynamic_footprint_publisher-18]: cwd will be [/home/pal/.ros]
[roslaunch][INFO] 2025-12-04 21:50:00,820: process[dynamic_footprint_publisher-18]: started with pid [8063]
[roslaunch][INFO] 2025-12-04 21:50:00,826: ... successfully launched [dynamic_footprint_publisher-18]
[roslaunch][INFO] 2025-12-04 21:50:00,827: ... preparing to launch node of type [topic_tools/relay]
[roslaunch][INFO] 2025-12-04 21:50:00,829: create_node_process: package[topic_tools] type[relay] machine[Machine(name[] env_loader[None] address[localhost] ssh_port[22] user[None] assignable[True] timeout[10.0])] master_uri[http://localhost:11311/]
[roslaunch][INFO] 2025-12-04 21:50:00,831: process[image_raw_to_rect_color_relay-19]: env[{'ROS_VERSION': '1', 'DISABLE_ROS1_EOL_WARNINGS': '1', 'PKG_CONFIG_PATH': '/opt/pal/gallium/lib/pkgconfig:/opt/pal/gallium/lib/x86_64-linux-gnu/pkgconfig:/opt/ros/noetic/lib/pkgconfig:/opt/ros/noetic/lib/x86_64-linux-gnu/pkgconfig', 'ROS_PYTHON_VERSION': '3', 'HOSTNAME': 'epan-tiago-noetic-ssh', 'VISP_WS': '/home/pal/visp-ws', 'ROS_PACKAGE_PATH': '/opt/pal/gallium/share:/opt/ros/noetic/share', 'ROSLISP_PACKAGE_DIRECTORIES': '', 'PWD': '/home/pal/ros_ws', 'XAUTHORITY': '', 'TZ': 'Europe/Paris', 'ROS_IP': '127.0.0.1', 'HOME': '/home/pal', 'ROS_ETC_DIR': '/opt/ros/noetic/etc/ros', 'LS_COLORS': 'rs=0:di=01;34:ln=01;36:mh=00:pi=40;33:so=01;35:do=01;35:bd=40;33;01:cd=40;33;01:or=40;31;01:mi=00:su=37;41:sg=30;43:ca=30;41:tw=30;42:ow=34;42:st=37;44:ex=01;32:*.tar=01;31:*.tgz=01;31:*.arc=01;31:*.arj=01;31:*.taz=01;31:*.lha=01;31:*.lz4=01;31:*.lzh=01;31:*.lzma=01;31:*.tlz=01;31:*.txz=01;31:*.tzo=01;31:*.t7z=01;31:*.zip=01;31:*.z=01;31:*.dz=01;31:*.gz=01;31:*.lrz=01;31:*.lz=01;31:*.lzo=01;31:*.xz=01;31:*.zst=01;31:*.tzst=01;31:*.bz2=01;31:*.bz=01;31:*.tbz=01;31:*.tbz2=01;31:*.tz=01;31:*.deb=01;31:*.rpm=01;31:*.jar=01;31:*.war=01;31:*.ear=01;31:*.sar=01;31:*.rar=01;31:*.alz=01;31:*.ace=01;31:*.zoo=01;31:*.cpio=01;31:*.7z=01;31:*.rz=01;31:*.cab=01;31:*.wim=01;31:*.swm=01;31:*.dwm=01;31:*.esd=01;31:*.jpg=01;35:*.jpeg=01;35:*.mjpg=01;35:*.mjpeg=01;35:*.gif=01;35:*.bmp=01;35:*.pbm=01;35:*.pgm=01;35:*.ppm=01;35:*.tga=01;35:*.xbm=01;35:*.xpm=01;35:*.tif=01;35:*.tiff=01;35:*.png=01;35:*.svg=01;35:*.svgz=01;35:*.mng=01;35:*.pcx=01;35:*.mov=01;35:*.mpg=01;35:*.mpeg=01;35:*.m2v=01;35:*.mkv=01;35:*.webm=01;35:*.ogm=01;35:*.mp4=01;35:*.m4v=01;35:*.mp4v=01;35:*.vob=01;35:*.qt=01;35:*.nuv=01;35:*.wmv=01;35:*.asf=01;35:*.rm=01;35:*.rmvb=01;35:*.flc=01;35:*.avi=01;35:*.fli=01;35:*.flv=01;35:*.gl=01;35:*.dl=01;35:*.xcf=01;35:*.xwd=01;35:*.yuv=01;35:*.cgm=01;35:*.emf=01;35:*.ogv=01;35:*.ogx=01;35:*.aac=00;36:*.au=00;36:*.flac=00;36:*.m4a=00;36:*.mid=00;36:*.midi=00;36:*.mka=00;36:*.mp3=00;36:*.mpc=00;36:*.ogg=00;36:*.ra=00;36:*.wav=00;36:*.oga=00;36:*.opus=00;36:*.spx=00;36:*.xspf=00;36:', 'OROCOS_TARGET': 'gnulinux', 'CMAKE_PREFIX_PATH': '/opt/pal/gallium:/opt/ros/noetic', 'GAZEBO_RESOURCE_PATH': '/home/pal/ros_ws/src/va50:', 'ROS_WORKSPACE': '/home/pal/ros_ws', 'LESSCLOSE': '/usr/bin/lesspipe %s %s', 'PYTHONPATH': '/opt/pal/gallium/lib/python3/dist-packages:/opt/ros/noetic/lib/python3/dist-packages', 'TERM': 'xterm', 'VISP_INPUT_IMAGE_PATH': '/home/pal/visp-ws/visp-images', 'LESSOPEN': '| /usr/bin/lesspipe %s', 'USER': 'pal', 'RTT_COMPONENT_PATH': '/opt/pal/gallium/lib/orocos', 'DISPLAY': ':0', 'SHLVL': '1', 'PAL_DISTRO': 'gallium', 'ROS_MASTER_URI': 'http://localhost:11311/', 'LD_LIBRARY_PATH': '/opt/pal/gallium/lib:/opt/pal/gallium/lib/x86_64-linux-gnu:/opt/ros/noetic/lib:/opt/ros/noetic/lib/x86_64-linux-gnu:/usr/local/lib', 'GAZEBO_MODEL_PATH': '/home/pal/ros_ws/src/va50/models:', 'PATH': '/opt/pal/gallium/bin:/opt/ros/noetic/bin:/opt/pal/gallium/lib/pal_debian_utils/:/usr/local/sbin:/usr/local/bin:/usr/sbin:/usr/bin:/sbin:/bin', 'LUA_PATH': ';;/opt/pal/gallium/share/lua/5.1/?.lua;/opt/pal/gallium/share/lua/5.1/?.lua;/opt/pal/gallium/share/lua/5.1/?.lua;/opt/pal/gallium/share/lua/5.1/?.lua', 'DEBIAN_FRONTEND': 'noninteractive', 'ROS_ROOT': '/opt/ros/noetic/share/ros', 'ROS_DISTRO': 'noetic', 'QT_X11_NO_MITSHM': '1', '_': '/opt/ros/noetic/bin/roslaunch', 'LC_CTYPE': 'C.UTF-8', 'ROS_LOG_FILENAME': '/home/pal/.ros/log/cf7328aa-d14e-11f0-b8b6-9c2f9d99f7eb/roslaunch-epan-tiago-noetic-ssh-7898.log', 'LC_NUMERIC': 'C'}]
[roslaunch][INFO] 2025-12-04 21:50:00,837: process[image_raw_to_rect_color_relay-19]: args[['/opt/ros/noetic/lib/topic_tools/relay', 'xtion/rgb/image_raw', 'xtion/rgb/image_rect_color', '__name:=image_raw_to_rect_color_relay']]
[roslaunch][INFO] 2025-12-04 21:50:00,842: ... created process [image_raw_to_rect_color_relay-19]
[roslaunch.pmon][INFO] 2025-12-04 21:50:00,844: ProcessMonitor.register[image_raw_to_rect_color_relay-19]
[roslaunch.pmon][INFO] 2025-12-04 21:50:00,847: ProcessMonitor.register[image_raw_to_rect_color_relay-19] complete
[roslaunch][INFO] 2025-12-04 21:50:00,848: ... registered process [image_raw_to_rect_color_relay-19]
[roslaunch][INFO] 2025-12-04 21:50:00,849: process[image_raw_to_rect_color_relay-19]: starting os process
[roslaunch][INFO] 2025-12-04 21:50:00,851: process[image_raw_to_rect_color_relay-19]: start w/ args [['/opt/ros/noetic/lib/topic_tools/relay', 'xtion/rgb/image_raw', 'xtion/rgb/image_rect_color', '__name:=image_raw_to_rect_color_relay', '__log:=/home/pal/.ros/log/cf7328aa-d14e-11f0-b8b6-9c2f9d99f7eb/image_raw_to_rect_color_relay-19.log']]
[roslaunch][INFO] 2025-12-04 21:50:00,852: process[image_raw_to_rect_color_relay-19]: cwd will be [/home/pal/.ros]
[roslaunch][INFO] 2025-12-04 21:50:00,904: process[image_raw_to_rect_color_relay-19]: started with pid [8067]
[roslaunch][INFO] 2025-12-04 21:50:00,907: ... successfully launched [image_raw_to_rect_color_relay-19]
[roslaunch][INFO] 2025-12-04 21:50:00,908: ... preparing to launch node of type [pal_pcl_points_throttle_and_filter/throttle_filtering_points]
[roslaunch][INFO] 2025-12-04 21:50:00,909: create_node_process: package[pal_pcl_points_throttle_and_filter] type[throttle_filtering_points] machine[Machine(name[] env_loader[None] address[localhost] ssh_port[22] user[None] assignable[True] timeout[10.0])] master_uri[http://localhost:11311/]
[roslaunch][INFO] 2025-12-04 21:50:00,910: process[throttle_filtering_points-20]: env[{'ROS_VERSION': '1', 'DISABLE_ROS1_EOL_WARNINGS': '1', 'PKG_CONFIG_PATH': '/opt/pal/gallium/lib/pkgconfig:/opt/pal/gallium/lib/x86_64-linux-gnu/pkgconfig:/opt/ros/noetic/lib/pkgconfig:/opt/ros/noetic/lib/x86_64-linux-gnu/pkgconfig', 'ROS_PYTHON_VERSION': '3', 'HOSTNAME': 'epan-tiago-noetic-ssh', 'VISP_WS': '/home/pal/visp-ws', 'ROS_PACKAGE_PATH': '/opt/pal/gallium/share:/opt/ros/noetic/share', 'ROSLISP_PACKAGE_DIRECTORIES': '', 'PWD': '/home/pal/ros_ws', 'XAUTHORITY': '', 'TZ': 'Europe/Paris', 'ROS_IP': '127.0.0.1', 'HOME': '/home/pal', 'ROS_ETC_DIR': '/opt/ros/noetic/etc/ros', 'LS_COLORS': 'rs=0:di=01;34:ln=01;36:mh=00:pi=40;33:so=01;35:do=01;35:bd=40;33;01:cd=40;33;01:or=40;31;01:mi=00:su=37;41:sg=30;43:ca=30;41:tw=30;42:ow=34;42:st=37;44:ex=01;32:*.tar=01;31:*.tgz=01;31:*.arc=01;31:*.arj=01;31:*.taz=01;31:*.lha=01;31:*.lz4=01;31:*.lzh=01;31:*.lzma=01;31:*.tlz=01;31:*.txz=01;31:*.tzo=01;31:*.t7z=01;31:*.zip=01;31:*.z=01;31:*.dz=01;31:*.gz=01;31:*.lrz=01;31:*.lz=01;31:*.lzo=01;31:*.xz=01;31:*.zst=01;31:*.tzst=01;31:*.bz2=01;31:*.bz=01;31:*.tbz=01;31:*.tbz2=01;31:*.tz=01;31:*.deb=01;31:*.rpm=01;31:*.jar=01;31:*.war=01;31:*.ear=01;31:*.sar=01;31:*.rar=01;31:*.alz=01;31:*.ace=01;31:*.zoo=01;31:*.cpio=01;31:*.7z=01;31:*.rz=01;31:*.cab=01;31:*.wim=01;31:*.swm=01;31:*.dwm=01;31:*.esd=01;31:*.jpg=01;35:*.jpeg=01;35:*.mjpg=01;35:*.mjpeg=01;35:*.gif=01;35:*.bmp=01;35:*.pbm=01;35:*.pgm=01;35:*.ppm=01;35:*.tga=01;35:*.xbm=01;35:*.xpm=01;35:*.tif=01;35:*.tiff=01;35:*.png=01;35:*.svg=01;35:*.svgz=01;35:*.mng=01;35:*.pcx=01;35:*.mov=01;35:*.mpg=01;35:*.mpeg=01;35:*.m2v=01;35:*.mkv=01;35:*.webm=01;35:*.ogm=01;35:*.mp4=01;35:*.m4v=01;35:*.mp4v=01;35:*.vob=01;35:*.qt=01;35:*.nuv=01;35:*.wmv=01;35:*.asf=01;35:*.rm=01;35:*.rmvb=01;35:*.flc=01;35:*.avi=01;35:*.fli=01;35:*.flv=01;35:*.gl=01;35:*.dl=01;35:*.xcf=01;35:*.xwd=01;35:*.yuv=01;35:*.cgm=01;35:*.emf=01;35:*.ogv=01;35:*.ogx=01;35:*.aac=00;36:*.au=00;36:*.flac=00;36:*.m4a=00;36:*.mid=00;36:*.midi=00;36:*.mka=00;36:*.mp3=00;36:*.mpc=00;36:*.ogg=00;36:*.ra=00;36:*.wav=00;36:*.oga=00;36:*.opus=00;36:*.spx=00;36:*.xspf=00;36:', 'OROCOS_TARGET': 'gnulinux', 'CMAKE_PREFIX_PATH': '/opt/pal/gallium:/opt/ros/noetic', 'GAZEBO_RESOURCE_PATH': '/home/pal/ros_ws/src/va50:', 'ROS_WORKSPACE': '/home/pal/ros_ws', 'LESSCLOSE': '/usr/bin/lesspipe %s %s', 'PYTHONPATH': '/opt/pal/gallium/lib/python3/dist-packages:/opt/ros/noetic/lib/python3/dist-packages', 'TERM': 'xterm', 'VISP_INPUT_IMAGE_PATH': '/home/pal/visp-ws/visp-images', 'LESSOPEN': '| /usr/bin/lesspipe %s', 'USER': 'pal', 'RTT_COMPONENT_PATH': '/opt/pal/gallium/lib/orocos', 'DISPLAY': ':0', 'SHLVL': '1', 'PAL_DISTRO': 'gallium', 'ROS_MASTER_URI': 'http://localhost:11311/', 'LD_LIBRARY_PATH': '/opt/pal/gallium/lib:/opt/pal/gallium/lib/x86_64-linux-gnu:/opt/ros/noetic/lib:/opt/ros/noetic/lib/x86_64-linux-gnu:/usr/local/lib', 'GAZEBO_MODEL_PATH': '/home/pal/ros_ws/src/va50/models:', 'PATH': '/opt/pal/gallium/bin:/opt/ros/noetic/bin:/opt/pal/gallium/lib/pal_debian_utils/:/usr/local/sbin:/usr/local/bin:/usr/sbin:/usr/bin:/sbin:/bin', 'LUA_PATH': ';;/opt/pal/gallium/share/lua/5.1/?.lua;/opt/pal/gallium/share/lua/5.1/?.lua;/opt/pal/gallium/share/lua/5.1/?.lua;/opt/pal/gallium/share/lua/5.1/?.lua', 'DEBIAN_FRONTEND': 'noninteractive', 'ROS_ROOT': '/opt/ros/noetic/share/ros', 'ROS_DISTRO': 'noetic', 'QT_X11_NO_MITSHM': '1', '_': '/opt/ros/noetic/bin/roslaunch', 'LC_CTYPE': 'C.UTF-8', 'ROS_LOG_FILENAME': '/home/pal/.ros/log/cf7328aa-d14e-11f0-b8b6-9c2f9d99f7eb/roslaunch-epan-tiago-noetic-ssh-7898.log', 'LC_NUMERIC': 'C'}]
[roslaunch][INFO] 2025-12-04 21:50:00,915: process[throttle_filtering_points-20]: args[['/opt/pal/gallium/lib/pal_pcl_points_throttle_and_filter/throttle_filtering_points', 'cloud:=/xtion/depth_registered/points', '__name:=throttle_filtering_points']]
[roslaunch][INFO] 2025-12-04 21:50:00,916: ... created process [throttle_filtering_points-20]
[roslaunch.pmon][INFO] 2025-12-04 21:50:00,918: ProcessMonitor.register[throttle_filtering_points-20]
[roslaunch.pmon][INFO] 2025-12-04 21:50:00,918: ProcessMonitor.register[throttle_filtering_points-20] complete
[roslaunch][INFO] 2025-12-04 21:50:00,919: ... registered process [throttle_filtering_points-20]
[roslaunch][INFO] 2025-12-04 21:50:00,919: process[throttle_filtering_points-20]: starting os process
[roslaunch][INFO] 2025-12-04 21:50:00,921: process[throttle_filtering_points-20]: start w/ args [['/opt/pal/gallium/lib/pal_pcl_points_throttle_and_filter/throttle_filtering_points', 'cloud:=/xtion/depth_registered/points', '__name:=throttle_filtering_points', '__log:=/home/pal/.ros/log/cf7328aa-d14e-11f0-b8b6-9c2f9d99f7eb/throttle_filtering_points-20.log']]
[roslaunch][INFO] 2025-12-04 21:50:00,921: process[throttle_filtering_points-20]: cwd will be [/home/pal/.ros]
[roslaunch][INFO] 2025-12-04 21:50:01,008: process[throttle_filtering_points-20]: started with pid [8075]
[roslaunch][INFO] 2025-12-04 21:50:01,008: ... successfully launched [throttle_filtering_points-20]
[roslaunch][INFO] 2025-12-04 21:50:01,009: ... preparing to launch node of type [tiago_gazebo/tuck_arm.py]
[roslaunch][INFO] 2025-12-04 21:50:01,009: create_node_process: package[tiago_gazebo] type[tuck_arm.py] machine[Machine(name[] env_loader[None] address[localhost] ssh_port[22] user[None] assignable[True] timeout[10.0])] master_uri[http://localhost:11311/]
[roslaunch][INFO] 2025-12-04 21:50:01,009: process[tuck_arm-21]: env[{'ROS_VERSION': '1', 'DISABLE_ROS1_EOL_WARNINGS': '1', 'PKG_CONFIG_PATH': '/opt/pal/gallium/lib/pkgconfig:/opt/pal/gallium/lib/x86_64-linux-gnu/pkgconfig:/opt/ros/noetic/lib/pkgconfig:/opt/ros/noetic/lib/x86_64-linux-gnu/pkgconfig', 'ROS_PYTHON_VERSION': '3', 'HOSTNAME': 'epan-tiago-noetic-ssh', 'VISP_WS': '/home/pal/visp-ws', 'ROS_PACKAGE_PATH': '/opt/pal/gallium/share:/opt/ros/noetic/share', 'ROSLISP_PACKAGE_DIRECTORIES': '', 'PWD': '/home/pal/ros_ws', 'XAUTHORITY': '', 'TZ': 'Europe/Paris', 'ROS_IP': '127.0.0.1', 'HOME': '/home/pal', 'ROS_ETC_DIR': '/opt/ros/noetic/etc/ros', 'LS_COLORS': 'rs=0:di=01;34:ln=01;36:mh=00:pi=40;33:so=01;35:do=01;35:bd=40;33;01:cd=40;33;01:or=40;31;01:mi=00:su=37;41:sg=30;43:ca=30;41:tw=30;42:ow=34;42:st=37;44:ex=01;32:*.tar=01;31:*.tgz=01;31:*.arc=01;31:*.arj=01;31:*.taz=01;31:*.lha=01;31:*.lz4=01;31:*.lzh=01;31:*.lzma=01;31:*.tlz=01;31:*.txz=01;31:*.tzo=01;31:*.t7z=01;31:*.zip=01;31:*.z=01;31:*.dz=01;31:*.gz=01;31:*.lrz=01;31:*.lz=01;31:*.lzo=01;31:*.xz=01;31:*.zst=01;31:*.tzst=01;31:*.bz2=01;31:*.bz=01;31:*.tbz=01;31:*.tbz2=01;31:*.tz=01;31:*.deb=01;31:*.rpm=01;31:*.jar=01;31:*.war=01;31:*.ear=01;31:*.sar=01;31:*.rar=01;31:*.alz=01;31:*.ace=01;31:*.zoo=01;31:*.cpio=01;31:*.7z=01;31:*.rz=01;31:*.cab=01;31:*.wim=01;31:*.swm=01;31:*.dwm=01;31:*.esd=01;31:*.jpg=01;35:*.jpeg=01;35:*.mjpg=01;35:*.mjpeg=01;35:*.gif=01;35:*.bmp=01;35:*.pbm=01;35:*.pgm=01;35:*.ppm=01;35:*.tga=01;35:*.xbm=01;35:*.xpm=01;35:*.tif=01;35:*.tiff=01;35:*.png=01;35:*.svg=01;35:*.svgz=01;35:*.mng=01;35:*.pcx=01;35:*.mov=01;35:*.mpg=01;35:*.mpeg=01;35:*.m2v=01;35:*.mkv=01;35:*.webm=01;35:*.ogm=01;35:*.mp4=01;35:*.m4v=01;35:*.mp4v=01;35:*.vob=01;35:*.qt=01;35:*.nuv=01;35:*.wmv=01;35:*.asf=01;35:*.rm=01;35:*.rmvb=01;35:*.flc=01;35:*.avi=01;35:*.fli=01;35:*.flv=01;35:*.gl=01;35:*.dl=01;35:*.xcf=01;35:*.xwd=01;35:*.yuv=01;35:*.cgm=01;35:*.emf=01;35:*.ogv=01;35:*.ogx=01;35:*.aac=00;36:*.au=00;36:*.flac=00;36:*.m4a=00;36:*.mid=00;36:*.midi=00;36:*.mka=00;36:*.mp3=00;36:*.mpc=00;36:*.ogg=00;36:*.ra=00;36:*.wav=00;36:*.oga=00;36:*.opus=00;36:*.spx=00;36:*.xspf=00;36:', 'OROCOS_TARGET': 'gnulinux', 'CMAKE_PREFIX_PATH': '/opt/pal/gallium:/opt/ros/noetic', 'GAZEBO_RESOURCE_PATH': '/home/pal/ros_ws/src/va50:', 'ROS_WORKSPACE': '/home/pal/ros_ws', 'LESSCLOSE': '/usr/bin/lesspipe %s %s', 'PYTHONPATH': '/opt/pal/gallium/lib/python3/dist-packages:/opt/ros/noetic/lib/python3/dist-packages', 'TERM': 'xterm', 'VISP_INPUT_IMAGE_PATH': '/home/pal/visp-ws/visp-images', 'LESSOPEN': '| /usr/bin/lesspipe %s', 'USER': 'pal', 'RTT_COMPONENT_PATH': '/opt/pal/gallium/lib/orocos', 'DISPLAY': ':0', 'SHLVL': '1', 'PAL_DISTRO': 'gallium', 'ROS_MASTER_URI': 'http://localhost:11311/', 'LD_LIBRARY_PATH': '/opt/pal/gallium/lib:/opt/pal/gallium/lib/x86_64-linux-gnu:/opt/ros/noetic/lib:/opt/ros/noetic/lib/x86_64-linux-gnu:/usr/local/lib', 'GAZEBO_MODEL_PATH': '/home/pal/ros_ws/src/va50/models:', 'PATH': '/opt/pal/gallium/bin:/opt/ros/noetic/bin:/opt/pal/gallium/lib/pal_debian_utils/:/usr/local/sbin:/usr/local/bin:/usr/sbin:/usr/bin:/sbin:/bin', 'LUA_PATH': ';;/opt/pal/gallium/share/lua/5.1/?.lua;/opt/pal/gallium/share/lua/5.1/?.lua;/opt/pal/gallium/share/lua/5.1/?.lua;/opt/pal/gallium/share/lua/5.1/?.lua', 'DEBIAN_FRONTEND': 'noninteractive', 'ROS_ROOT': '/opt/ros/noetic/share/ros', 'ROS_DISTRO': 'noetic', 'QT_X11_NO_MITSHM': '1', '_': '/opt/ros/noetic/bin/roslaunch', 'LC_CTYPE': 'C.UTF-8', 'ROS_LOG_FILENAME': '/home/pal/.ros/log/cf7328aa-d14e-11f0-b8b6-9c2f9d99f7eb/roslaunch-epan-tiago-noetic-ssh-7898.log', 'LC_NUMERIC': 'C'}]
[roslaunch][INFO] 2025-12-04 21:50:01,252: process[tuck_arm-21]: args[['/opt/pal/gallium/lib/tiago_gazebo/tuck_arm.py', '__name:=tuck_arm']]
[roslaunch][INFO] 2025-12-04 21:50:01,252: ... created process [tuck_arm-21]
[roslaunch.pmon][INFO] 2025-12-04 21:50:01,252: ProcessMonitor.register[tuck_arm-21]
[roslaunch.pmon][INFO] 2025-12-04 21:50:01,252: ProcessMonitor.register[tuck_arm-21] complete
[roslaunch][INFO] 2025-12-04 21:50:01,252: ... registered process [tuck_arm-21]
[roslaunch][INFO] 2025-12-04 21:50:01,252: process[tuck_arm-21]: starting os process
[roslaunch][INFO] 2025-12-04 21:50:01,254: process[tuck_arm-21]: start w/ args [['/opt/pal/gallium/lib/tiago_gazebo/tuck_arm.py', '__name:=tuck_arm', '__log:=/home/pal/.ros/log/cf7328aa-d14e-11f0-b8b6-9c2f9d99f7eb/tuck_arm-21.log']]
[roslaunch][INFO] 2025-12-04 21:50:01,254: process[tuck_arm-21]: cwd will be [/home/pal/.ros]
[roslaunch][INFO] 2025-12-04 21:50:01,327: process[tuck_arm-21]: started with pid [8160]
[roslaunch][INFO] 2025-12-04 21:50:01,328: ... successfully launched [tuck_arm-21]
[roslaunch][INFO] 2025-12-04 21:50:01,336: ... preparing to launch node of type [image_proc/image_proc]
[roslaunch][INFO] 2025-12-04 21:50:01,341: create_node_process: package[image_proc] type[image_proc] machine[Machine(name[] env_loader[None] address[localhost] ssh_port[22] user[None] assignable[True] timeout[10.0])] master_uri[http://localhost:11311/]
[roslaunch][INFO] 2025-12-04 21:50:01,353: process[xtion/rgb/image_proc-22]: env[{'ROS_VERSION': '1', 'DISABLE_ROS1_EOL_WARNINGS': '1', 'PKG_CONFIG_PATH': '/opt/pal/gallium/lib/pkgconfig:/opt/pal/gallium/lib/x86_64-linux-gnu/pkgconfig:/opt/ros/noetic/lib/pkgconfig:/opt/ros/noetic/lib/x86_64-linux-gnu/pkgconfig', 'ROS_PYTHON_VERSION': '3', 'HOSTNAME': 'epan-tiago-noetic-ssh', 'VISP_WS': '/home/pal/visp-ws', 'ROS_PACKAGE_PATH': '/opt/pal/gallium/share:/opt/ros/noetic/share', 'ROSLISP_PACKAGE_DIRECTORIES': '', 'PWD': '/home/pal/ros_ws', 'XAUTHORITY': '', 'TZ': 'Europe/Paris', 'ROS_IP': '127.0.0.1', 'HOME': '/home/pal', 'ROS_ETC_DIR': '/opt/ros/noetic/etc/ros', 'LS_COLORS': 'rs=0:di=01;34:ln=01;36:mh=00:pi=40;33:so=01;35:do=01;35:bd=40;33;01:cd=40;33;01:or=40;31;01:mi=00:su=37;41:sg=30;43:ca=30;41:tw=30;42:ow=34;42:st=37;44:ex=01;32:*.tar=01;31:*.tgz=01;31:*.arc=01;31:*.arj=01;31:*.taz=01;31:*.lha=01;31:*.lz4=01;31:*.lzh=01;31:*.lzma=01;31:*.tlz=01;31:*.txz=01;31:*.tzo=01;31:*.t7z=01;31:*.zip=01;31:*.z=01;31:*.dz=01;31:*.gz=01;31:*.lrz=01;31:*.lz=01;31:*.lzo=01;31:*.xz=01;31:*.zst=01;31:*.tzst=01;31:*.bz2=01;31:*.bz=01;31:*.tbz=01;31:*.tbz2=01;31:*.tz=01;31:*.deb=01;31:*.rpm=01;31:*.jar=01;31:*.war=01;31:*.ear=01;31:*.sar=01;31:*.rar=01;31:*.alz=01;31:*.ace=01;31:*.zoo=01;31:*.cpio=01;31:*.7z=01;31:*.rz=01;31:*.cab=01;31:*.wim=01;31:*.swm=01;31:*.dwm=01;31:*.esd=01;31:*.jpg=01;35:*.jpeg=01;35:*.mjpg=01;35:*.mjpeg=01;35:*.gif=01;35:*.bmp=01;35:*.pbm=01;35:*.pgm=01;35:*.ppm=01;35:*.tga=01;35:*.xbm=01;35:*.xpm=01;35:*.tif=01;35:*.tiff=01;35:*.png=01;35:*.svg=01;35:*.svgz=01;35:*.mng=01;35:*.pcx=01;35:*.mov=01;35:*.mpg=01;35:*.mpeg=01;35:*.m2v=01;35:*.mkv=01;35:*.webm=01;35:*.ogm=01;35:*.mp4=01;35:*.m4v=01;35:*.mp4v=01;35:*.vob=01;35:*.qt=01;35:*.nuv=01;35:*.wmv=01;35:*.asf=01;35:*.rm=01;35:*.rmvb=01;35:*.flc=01;35:*.avi=01;35:*.fli=01;35:*.flv=01;35:*.gl=01;35:*.dl=01;35:*.xcf=01;35:*.xwd=01;35:*.yuv=01;35:*.cgm=01;35:*.emf=01;35:*.ogv=01;35:*.ogx=01;35:*.aac=00;36:*.au=00;36:*.flac=00;36:*.m4a=00;36:*.mid=00;36:*.midi=00;36:*.mka=00;36:*.mp3=00;36:*.mpc=00;36:*.ogg=00;36:*.ra=00;36:*.wav=00;36:*.oga=00;36:*.opus=00;36:*.spx=00;36:*.xspf=00;36:', 'OROCOS_TARGET': 'gnulinux', 'CMAKE_PREFIX_PATH': '/opt/pal/gallium:/opt/ros/noetic', 'GAZEBO_RESOURCE_PATH': '/home/pal/ros_ws/src/va50:', 'ROS_WORKSPACE': '/home/pal/ros_ws', 'LESSCLOSE': '/usr/bin/lesspipe %s %s', 'PYTHONPATH': '/opt/pal/gallium/lib/python3/dist-packages:/opt/ros/noetic/lib/python3/dist-packages', 'TERM': 'xterm', 'VISP_INPUT_IMAGE_PATH': '/home/pal/visp-ws/visp-images', 'LESSOPEN': '| /usr/bin/lesspipe %s', 'USER': 'pal', 'RTT_COMPONENT_PATH': '/opt/pal/gallium/lib/orocos', 'DISPLAY': ':0', 'SHLVL': '1', 'PAL_DISTRO': 'gallium', 'ROS_MASTER_URI': 'http://localhost:11311/', 'LD_LIBRARY_PATH': '/opt/pal/gallium/lib:/opt/pal/gallium/lib/x86_64-linux-gnu:/opt/ros/noetic/lib:/opt/ros/noetic/lib/x86_64-linux-gnu:/usr/local/lib', 'GAZEBO_MODEL_PATH': '/home/pal/ros_ws/src/va50/models:', 'PATH': '/opt/pal/gallium/bin:/opt/ros/noetic/bin:/opt/pal/gallium/lib/pal_debian_utils/:/usr/local/sbin:/usr/local/bin:/usr/sbin:/usr/bin:/sbin:/bin', 'LUA_PATH': ';;/opt/pal/gallium/share/lua/5.1/?.lua;/opt/pal/gallium/share/lua/5.1/?.lua;/opt/pal/gallium/share/lua/5.1/?.lua;/opt/pal/gallium/share/lua/5.1/?.lua', 'DEBIAN_FRONTEND': 'noninteractive', 'ROS_ROOT': '/opt/ros/noetic/share/ros', 'ROS_DISTRO': 'noetic', 'QT_X11_NO_MITSHM': '1', '_': '/opt/ros/noetic/bin/roslaunch', 'LC_CTYPE': 'C.UTF-8', 'ROS_LOG_FILENAME': '/home/pal/.ros/log/cf7328aa-d14e-11f0-b8b6-9c2f9d99f7eb/roslaunch-epan-tiago-noetic-ssh-7898.log', 'ROS_NAMESPACE': '/xtion/rgb', 'LC_NUMERIC': 'C'}]
[roslaunch][INFO] 2025-12-04 21:50:01,371: process[xtion/rgb/image_proc-22]: args[['/opt/ros/noetic/lib/image_proc/image_proc', '__name:=image_proc']]
[roslaunch][INFO] 2025-12-04 21:50:01,373: ... created process [xtion/rgb/image_proc-22]
[roslaunch.pmon][INFO] 2025-12-04 21:50:01,376: ProcessMonitor.register[xtion/rgb/image_proc-22]
[roslaunch.pmon][INFO] 2025-12-04 21:50:01,377: ProcessMonitor.register[xtion/rgb/image_proc-22] complete
[roslaunch][INFO] 2025-12-04 21:50:01,378: ... registered process [xtion/rgb/image_proc-22]
[roslaunch][INFO] 2025-12-04 21:50:01,379: process[xtion/rgb/image_proc-22]: starting os process
[roslaunch][INFO] 2025-12-04 21:50:01,381: process[xtion/rgb/image_proc-22]: start w/ args [['/opt/ros/noetic/lib/image_proc/image_proc', '__name:=image_proc', '__log:=/home/pal/.ros/log/cf7328aa-d14e-11f0-b8b6-9c2f9d99f7eb/xtion-rgb-image_proc-22.log']]
[roslaunch][INFO] 2025-12-04 21:50:01,383: process[xtion/rgb/image_proc-22]: cwd will be [/home/pal/.ros]
[roslaunch][INFO] 2025-12-04 21:50:01,502: process[xtion/rgb/image_proc-22]: started with pid [8163]
[roslaunch][INFO] 2025-12-04 21:50:01,503: ... successfully launched [xtion/rgb/image_proc-22]
[roslaunch][INFO] 2025-12-04 21:50:01,503: ... launch_nodes complete
[roslaunch.pmon][INFO] 2025-12-04 21:50:01,503: registrations completed <ProcessMonitor(ProcessMonitor-1, started daemon 128953188607744)>
[roslaunch.parent][INFO] 2025-12-04 21:50:01,504: ... roslaunch parent running, waiting for process exit
[roslaunch][INFO] 2025-12-04 21:50:01,504: spin
[roslaunch][INFO] 2025-12-04 21:50:01,633: [robot_state_publisher-13] process has finished cleanly
log file: /home/pal/.ros/log/cf7328aa-d14e-11f0-b8b6-9c2f9d99f7eb/robot_state_publisher-13*.log
[roslaunch.pmon][INFO] 2025-12-04 21:50:01,634: ProcessMonitor.unregister[robot_state_publisher-13] starting
[roslaunch.pmon][INFO] 2025-12-04 21:50:01,634: ProcessMonitor.unregister[robot_state_publisher-13] complete
[roslaunch][INFO] 2025-12-04 21:50:02,266: [twist_marker-16] process has finished cleanly
log file: /home/pal/.ros/log/cf7328aa-d14e-11f0-b8b6-9c2f9d99f7eb/twist_marker-16*.log
[roslaunch.pmon][INFO] 2025-12-04 21:50:02,266: ProcessMonitor.unregister[twist_marker-16] starting
[roslaunch.pmon][INFO] 2025-12-04 21:50:02,266: ProcessMonitor.unregister[twist_marker-16] complete
[roslaunch][INFO] 2025-12-04 21:50:03,516: [spawn_model-3] process has finished cleanly
log file: /home/pal/.ros/log/cf7328aa-d14e-11f0-b8b6-9c2f9d99f7eb/spawn_model-3*.log
[roslaunch.pmon][INFO] 2025-12-04 21:50:03,517: ProcessMonitor.unregister[spawn_model-3] starting
[roslaunch.pmon][INFO] 2025-12-04 21:50:03,517: ProcessMonitor.unregister[spawn_model-3] complete
[roslaunch][INFO] 2025-12-04 21:50:03,819: [default_controllers_spawner-4] process has finished cleanly
log file: /home/pal/.ros/log/cf7328aa-d14e-11f0-b8b6-9c2f9d99f7eb/default_controllers_spawner-4*.log
[roslaunch.pmon][INFO] 2025-12-04 21:50:03,820: ProcessMonitor.unregister[default_controllers_spawner-4] starting
[roslaunch.pmon][INFO] 2025-12-04 21:50:03,820: ProcessMonitor.unregister[default_controllers_spawner-4] complete
[roslaunch][ERROR] 2025-12-04 21:50:04,021: ================================================================================REQUIRED process [gazebo-1] has died!
process has died [pid 7946, exit code 255, cmd /opt/pal/gallium/lib/gazebo_ros/gzserver -e ode worlds/pick_and_place.world __name:=gazebo __log:=/home/pal/.ros/log/cf7328aa-d14e-11f0-b8b6-9c2f9d99f7eb/gazebo-1.log].
log file: /home/pal/.ros/log/cf7328aa-d14e-11f0-b8b6-9c2f9d99f7eb/gazebo-1*.log
Initiating shutdown!
================================================================================
[roslaunch.pmon][INFO] 2025-12-04 21:50:04,123: ProcessMonitor._post_run <ProcessMonitor(ProcessMonitor-1, started daemon 128953188607744)>
[roslaunch.pmon][INFO] 2025-12-04 21:50:04,123: ProcessMonitor._post_run <ProcessMonitor(ProcessMonitor-1, started daemon 128953188607744)>: remaining procs are [<roslaunch.nodeprocess.LocalProcess object at 0x754856cb0880>, <roslaunch.nodeprocess.LocalProcess object at 0x754856cb0e50>, <roslaunch.nodeprocess.LocalProcess object at 0x754856cb0400>, <roslaunch.nodeprocess.LocalProcess object at 0x754856cb0d30>, <roslaunch.nodeprocess.LocalProcess object at 0x754856cb0430>, <roslaunch.nodeprocess.LocalProcess object at 0x754856cb4be0>, <roslaunch.nodeprocess.LocalProcess object at 0x754856cb4cd0>, <roslaunch.nodeprocess.LocalProcess object at 0x754856cb4b80>, <roslaunch.nodeprocess.LocalProcess object at 0x754856cb4190>, <roslaunch.nodeprocess.LocalProcess object at 0x754856cb4dc0>, <roslaunch.nodeprocess.LocalProcess object at 0x754856cb41f0>, <roslaunch.nodeprocess.LocalProcess object at 0x754859cddcd0>, <roslaunch.nodeprocess.LocalProcess object at 0x754856dd7b50>, <roslaunch.nodeprocess.LocalProcess object at 0x754856dd7340>, <roslaunch.nodeprocess.LocalProcess object at 0x754856dd7130>, <roslaunch.nodeprocess.LocalProcess object at 0x754856dd7940>, <roslaunch.nodeprocess.LocalProcess object at 0x754856dd7ac0>, <roslaunch.nodeprocess.LocalProcess object at 0x754856dd7730>]
[roslaunch.pmon][INFO] 2025-12-04 21:50:04,124: ProcessMonitor exit: killing xtion/rgb/image_proc-22
[roslaunch][INFO] 2025-12-04 21:50:04,124: [xtion/rgb/image_proc-22] killing on exit
[roslaunch][INFO] 2025-12-04 21:50:04,125: process[xtion/rgb/image_proc-22]: killing os process with pid[8163] pgid[8163]
[roslaunch][INFO] 2025-12-04 21:50:04,125: [xtion/rgb/image_proc-22] sending SIGINT to pgid [8163]
[roslaunch][INFO] 2025-12-04 21:50:04,125: [xtion/rgb/image_proc-22] sent SIGINT to pgid [8163]
[roslaunch.pmon][INFO] 2025-12-04 21:50:04,125: ProcessMonitor exit: killing tuck_arm-21
[roslaunch][INFO] 2025-12-04 21:50:04,126: [tuck_arm-21] killing on exit
[roslaunch.pmon][INFO] 2025-12-04 21:50:04,126: ProcessMonitor exit: killing throttle_filtering_points-20
[roslaunch][INFO] 2025-12-04 21:50:04,126: [throttle_filtering_points-20] killing on exit
[roslaunch.pmon][INFO] 2025-12-04 21:50:04,131: ProcessMonitor exit: killing image_raw_to_rect_color_relay-19
[roslaunch][INFO] 2025-12-04 21:50:04,131: process[tuck_arm-21]: killing os process with pid[8160] pgid[8160]
[roslaunch][INFO] 2025-12-04 21:50:04,132: process[throttle_filtering_points-20]: killing os process with pid[8075] pgid[8075]
[roslaunch][INFO] 2025-12-04 21:50:04,133: [throttle_filtering_points-20] sending SIGINT to pgid [8075]
[roslaunch][INFO] 2025-12-04 21:50:04,133: [throttle_filtering_points-20] sent SIGINT to pgid [8075]
[roslaunch][INFO] 2025-12-04 21:50:04,133: [image_raw_to_rect_color_relay-19] killing on exit
[roslaunch][INFO] 2025-12-04 21:50:04,133: [tuck_arm-21] sending SIGINT to pgid [8160]
[roslaunch.pmon][INFO] 2025-12-04 21:50:04,134: ProcessMonitor exit: killing dynamic_footprint_publisher-18
[roslaunch][INFO] 2025-12-04 21:50:04,138: [dynamic_footprint_publisher-18] killing on exit
[roslaunch][INFO] 2025-12-04 21:50:04,135: process[image_raw_to_rect_color_relay-19]: killing os process with pid[8067] pgid[8067]
[roslaunch][INFO] 2025-12-04 21:50:04,136: [tuck_arm-21] sent SIGINT to pgid [8160]
[roslaunch.pmon][INFO] 2025-12-04 21:50:04,137: ProcessMonitor exit: killing twist_mux-15
[roslaunch][INFO] 2025-12-04 21:50:04,140: [twist_mux-15] killing on exit
[roslaunch.pmon][INFO] 2025-12-04 21:50:04,135: ProcessMonitor exit: killing joystick_relay-17
[roslaunch][INFO] 2025-12-04 21:50:04,139: process[dynamic_footprint_publisher-18]: killing os process with pid[8063] pgid[8063]
[roslaunch][INFO] 2025-12-04 21:50:04,139: [image_raw_to_rect_color_relay-19] sending SIGINT to pgid [8067]
[roslaunch.pmon][INFO] 2025-12-04 21:50:04,140: ProcessMonitor exit: killing move_group-12
[roslaunch.pmon][INFO] 2025-12-04 21:50:04,139: ProcessMonitor exit: killing tf_lookup-14
[roslaunch][INFO] 2025-12-04 21:50:04,146: [tf_lookup-14] killing on exit
[roslaunch.pmon][INFO] 2025-12-04 21:50:04,142: ProcessMonitor exit: killing is_already_there-11
[roslaunch][INFO] 2025-12-04 21:50:04,147: [is_already_there-11] killing on exit
[roslaunch][INFO] 2025-12-04 21:50:04,145: [image_raw_to_rect_color_relay-19] sent SIGINT to pgid [8067]
[roslaunch][INFO] 2025-12-04 21:50:04,145: [dynamic_footprint_publisher-18] sending SIGINT to pgid [8063]
[roslaunch][INFO] 2025-12-04 21:50:04,146: [move_group-12] killing on exit
[roslaunch][INFO] 2025-12-04 21:50:04,142: process[twist_mux-15]: killing os process with pid[8029] pgid[8029]
[roslaunch][INFO] 2025-12-04 21:50:04,148: [twist_mux-15] sending SIGINT to pgid [8029]
[roslaunch][INFO] 2025-12-04 21:50:04,148: [twist_mux-15] sent SIGINT to pgid [8029]
[roslaunch][INFO] 2025-12-04 21:50:04,147: [dynamic_footprint_publisher-18] sent SIGINT to pgid [8063]
[roslaunch][INFO] 2025-12-04 21:50:04,144: [joystick_relay-17] killing on exit
[roslaunch][INFO] 2025-12-04 21:50:04,147: process[tf_lookup-14]: killing os process with pid[8027] pgid[8027]
[roslaunch][INFO] 2025-12-04 21:50:04,147: process[is_already_there-11]: killing os process with pid[7985] pgid[7985]
[roslaunch][INFO] 2025-12-04 21:50:04,152: [is_already_there-11] sending SIGINT to pgid [7985]
[roslaunch][INFO] 2025-12-04 21:50:04,149: process[move_group-12]: killing os process with pid[7998] pgid[7998]
[roslaunch][INFO] 2025-12-04 21:50:04,154: [move_group-12] sending SIGINT to pgid [7998]
[roslaunch][INFO] 2025-12-04 21:50:04,154: [move_group-12] sent SIGINT to pgid [7998]
[roslaunch][INFO] 2025-12-04 21:50:04,151: [tf_lookup-14] sending SIGINT to pgid [8027]
[roslaunch][INFO] 2025-12-04 21:50:04,154: [tf_lookup-14] sent SIGINT to pgid [8027]
[roslaunch][INFO] 2025-12-04 21:50:04,156: process[joystick_relay-17]: killing os process with pid[8054] pgid[8054]
[roslaunch][INFO] 2025-12-04 21:50:04,156: [joystick_relay-17] sending SIGINT to pgid [8054]
[roslaunch][INFO] 2025-12-04 21:50:04,156: [joystick_relay-17] sent SIGINT to pgid [8054]
[roslaunch][INFO] 2025-12-04 21:50:04,154: [is_already_there-11] sent SIGINT to pgid [7985]
[roslaunch][INFO] 2025-12-04 21:50:04,372: process[throttle_filtering_points-20]: SIGINT killed with return value 0
[roslaunch.pmon][INFO] 2025-12-04 21:50:04,372: ProcessMonitor exit: killing play_motion-10
[roslaunch][INFO] 2025-12-04 21:50:04,373: [play_motion-10] killing on exit
[roslaunch][INFO] 2025-12-04 21:50:04,373: process[play_motion-10]: killing os process with pid[7967] pgid[7967]
[roslaunch][INFO] 2025-12-04 21:50:04,373: [play_motion-10] sending SIGINT to pgid [7967]
[roslaunch][INFO] 2025-12-04 21:50:04,374: [play_motion-10] sent SIGINT to pgid [7967]
[roslaunch][INFO] 2025-12-04 21:50:04,456: process[twist_mux-15]: SIGINT killed with return value 0
[roslaunch.pmon][INFO] 2025-12-04 21:50:04,456: ProcessMonitor exit: killing hand_grasping_action-9
[roslaunch][INFO] 2025-12-04 21:50:04,457: [hand_grasping_action-9] killing on exit
[roslaunch][INFO] 2025-12-04 21:50:04,458: process[hand_grasping_action-9]: killing os process with pid[7966] pgid[7966]
[roslaunch][INFO] 2025-12-04 21:50:04,458: [hand_grasping_action-9] sending SIGINT to pgid [7966]
[roslaunch][INFO] 2025-12-04 21:50:04,459: [hand_grasping_action-9] sent SIGINT to pgid [7966]
[roslaunch][INFO] 2025-12-04 21:50:04,472: process[image_raw_to_rect_color_relay-19]: SIGINT killed with return value 0
[roslaunch.pmon][INFO] 2025-12-04 21:50:04,473: ProcessMonitor exit: killing hand_controller_spawner-8
[roslaunch][INFO] 2025-12-04 21:50:04,474: [hand_controller_spawner-8] killing on exit
[roslaunch][INFO] 2025-12-04 21:50:04,475: process[hand_controller_spawner-8]: killing os process with pid[7965] pgid[7965]
[roslaunch][INFO] 2025-12-04 21:50:04,475: [hand_controller_spawner-8] sending SIGINT to pgid [7965]
[roslaunch][INFO] 2025-12-04 21:50:04,475: [hand_controller_spawner-8] sent SIGINT to pgid [7965]
[roslaunch][INFO] 2025-12-04 21:50:04,572: process[xtion/rgb/image_proc-22]: SIGINT killed with return value 0
[roslaunch.pmon][INFO] 2025-12-04 21:50:04,573: ProcessMonitor exit: killing bringup_controllers_spawner_ft-7
[roslaunch][INFO] 2025-12-04 21:50:04,573: [bringup_controllers_spawner_ft-7] killing on exit
[roslaunch][INFO] 2025-12-04 21:50:04,573: process[bringup_controllers_spawner_ft-7]: killing os process with pid[7960] pgid[7960]
[roslaunch][INFO] 2025-12-04 21:50:04,573: [bringup_controllers_spawner_ft-7] sending SIGINT to pgid [7960]
[roslaunch][INFO] 2025-12-04 21:50:04,573: [bringup_controllers_spawner_ft-7] sent SIGINT to pgid [7960]
[roslaunch][INFO] 2025-12-04 21:50:04,670: process[tf_lookup-14]: SIGINT killed with return value 0
[roslaunch.pmon][INFO] 2025-12-04 21:50:04,670: ProcessMonitor exit: killing bringup_controllers_spawner_imu-6
[roslaunch][INFO] 2025-12-04 21:50:04,671: [bringup_controllers_spawner_imu-6] killing on exit
[roslaunch][INFO] 2025-12-04 21:50:04,671: process[bringup_controllers_spawner_imu-6]: killing os process with pid[7959] pgid[7959]
[roslaunch][INFO] 2025-12-04 21:50:04,671: [bringup_controllers_spawner_imu-6] sending SIGINT to pgid [7959]
[roslaunch][INFO] 2025-12-04 21:50:04,671: [bringup_controllers_spawner_imu-6] sent SIGINT to pgid [7959]
[roslaunch][INFO] 2025-12-04 21:50:04,882: process[play_motion-10]: SIGINT killed with return value -6
[roslaunch.pmon][INFO] 2025-12-04 21:50:04,883: ProcessMonitor exit: killing head_controller/point_head_action-5
[roslaunch][INFO] 2025-12-04 21:50:04,883: [head_controller/point_head_action-5] killing on exit
[roslaunch][INFO] 2025-12-04 21:50:04,883: process[head_controller/point_head_action-5]: killing os process with pid[7958] pgid[7958]
[roslaunch][INFO] 2025-12-04 21:50:04,883: [head_controller/point_head_action-5] sending SIGINT to pgid [7958]
[roslaunch][INFO] 2025-12-04 21:50:04,885: [head_controller/point_head_action-5] sent SIGINT to pgid [7958]
[roslaunch][INFO] 2025-12-04 21:50:04,885: process[is_already_there-11]: SIGINT killed with return value 0
[roslaunch.pmon][INFO] 2025-12-04 21:50:04,886: ProcessMonitor exit: killing gazebo_gui-2
[roslaunch][INFO] 2025-12-04 21:50:04,886: [gazebo_gui-2] killing on exit
[roslaunch][INFO] 2025-12-04 21:50:04,886: process[gazebo_gui-2]: killing os process with pid[7950] pgid[7950]
[roslaunch][INFO] 2025-12-04 21:50:04,886: [gazebo_gui-2] sending SIGINT to pgid [7950]
[roslaunch][INFO] 2025-12-04 21:50:04,887: [gazebo_gui-2] sent SIGINT to pgid [7950]
[roslaunch][INFO] 2025-12-04 21:50:04,971: process[joystick_relay-17]: SIGINT killed with return value 0
[roslaunch.pmon][INFO] 2025-12-04 21:50:04,971: ProcessMonitor exit: killing gazebo-1
[roslaunch][INFO] 2025-12-04 21:50:04,971: [gazebo-1] killing on exit
[roslaunch][INFO] 2025-12-04 21:50:04,989: process[gazebo_gui-2]: SIGINT killed with return value -2
[roslaunch][INFO] 2025-12-04 21:50:05,176: process[tuck_arm-21]: SIGINT killed with return value 1
[roslaunch][INFO] 2025-12-04 21:50:05,270: process[move_group-12]: SIGINT killed with return value 0
[roslaunch][INFO] 2025-12-04 21:50:05,275: process[hand_grasping_action-9]: SIGINT killed with return value 0
[roslaunch][INFO] 2025-12-04 21:50:05,281: process[dynamic_footprint_publisher-18]: SIGINT killed with return value 1
[roslaunch][INFO] 2025-12-04 21:50:05,289: process[head_controller/point_head_action-5]: SIGINT killed with return value 0
[roslaunch][INFO] 2025-12-04 21:50:05,383: process[hand_controller_spawner-8]: SIGINT killed with return value 0
[roslaunch][INFO] 2025-12-04 21:50:05,877: process[bringup_controllers_spawner_ft-7]: SIGINT killed with return value 0
[roslaunch][INFO] 2025-12-04 21:50:05,977: process[bringup_controllers_spawner_imu-6]: SIGINT killed with return value 0
[roslaunch.pmon][INFO] 2025-12-04 21:50:05,977: ProcessMonitor exit: cleaning up data structures and signals
[roslaunch.pmon][INFO] 2025-12-04 21:50:05,978: ProcessMonitor exit: pmon has shutdown
[roslaunch][INFO] 2025-12-04 21:50:06,040: process monitor is done spinning, initiating full shutdown
[roslaunch][INFO] 2025-12-04 21:50:06,040: runner.stop()
[roslaunch][INFO] 2025-12-04 21:50:06,040: shutting down processing monitor...
[roslaunch][INFO] 2025-12-04 21:50:06,040: shutting down processing monitor <ProcessMonitor(ProcessMonitor-1, stopped daemon 128953188607744)>
[roslaunch.pmon][INFO] 2025-12-04 21:50:06,040: ProcessMonitor.shutdown <ProcessMonitor(ProcessMonitor-1, stopped daemon 128953188607744)>
[roslaunch][INFO] 2025-12-04 21:50:06,040: ... shutting down processing monitor complete
[roslaunch][INFO] 2025-12-04 21:50:06,040: done
[roslaunch.pmon][INFO] 2025-12-04 21:50:06,040: ProcessMonitor.shutdown <ProcessMonitor(ProcessMonitor-1, stopped daemon 128953188607744)>
[rospy.core][INFO] 2025-12-04 21:50:06,041: signal_shutdown [atexit]
